timestamp,open,high,low,close,volume
2015-06-09,1646.89,1666.06,1637.38,1664.01,0
2015-06-10,1664.03,1667.2,1650.89,1653.09,0
2015-06-11,1653.06,1654.91,1638.13,1652.24,0
2015-06-15,1652.29,1658.32,1629.81,1657.29,0
2015-06-16,1657.37,1674.11,1649.16,1668.82,0
2015-06-17,1668.84,1678.91,1661.75,1664.66,0
2015-06-18,1664.65,1671.88,1658.41,1660.14,0
2015-06-19,1660.56,1665.71,1655.53,1663.03,0
2015-06-22,1664.11,1679.42,1663.35,1671.8,0
2015-06-23,1672.27,1676.22,1656.39,1657.23,0
2015-06-24,1658.03,1664.57,1642.08,1651.85,0
2015-06-25,1651.14,1655.8,1631.99,1631.99,0
2015-06-26,1631.92,1647.81,1626.87,1644.45,0
2015-06-29,1644.45,1644.45,1625.71,1634.93,0
2015-06-30,1634.93,1655.25,1626.02,1654.55,0
2015-07-01,1654.57,1659.97,1638.44,1639.7,0
2015-07-02,1639.78,1646.96,1633.69,1641.05,0
2015-07-03,1641.01,1642.2,1625.42,1631.65,0
2015-07-06,1627.71,1627.71,1613.71,1621.27,0
2015-07-07,1621.35,1629.59,1606.28,1614.14,0
2015-07-08,1614.14,1616.6,1573.95,1595.0,0
2015-07-09,1595.08,1614.85,1595.02,1614.59,0
2015-07-10,1615.11,1625.59,1614.93,1623.99,0
2015-07-13,1618.23,1642.97,1617.17,1642.97,0
2015-07-14,1643.0,1647.01,1626.09,1647.01,0
2015-07-15,1638.3,1644.01,1626.17,1641.22,0
2015-07-16,1640.81,1652.97,1636.99,1652.59,0
2015-07-17,1652.52,1660.0,1646.37,1650.08,0
2015-07-20,1650.09,1652.05,1619.44,1626.76,0
2015-07-21,1627.19,1639.92,1618.58,1635.69,0
2015-07-22,1634.89,1635.63,1620.47,1635.63,0
2015-07-23,1634.79,1634.9,1614.97,1616.14,0
2015-07-24,1615.69,1622.3,1593.07,1595.61,0
2015-07-27,1595.5,1599.25,1570.46,1584.92,0
2015-07-28,1584.92,1610.7,1577.99,1604.5,0
2015-07-29,1604.56,1624.64,1600.31,1622.32,0
2015-07-30,1622.69,1638.51,1620.24,1636.72,0
2015-07-31,1636.72,1669.0,1630.18,1669.0,0
2015-08-03,1668.13,1676.26,1654.45,1663.74,0
2015-08-04,1663.31,1676.58,1659.16,1674.46,0
2015-08-05,1674.63,1696.8,1665.12,1693.07,0
2015-08-06,1693.07,1698.3,1670.57,1675.71,0
2015-08-07,1676.75,1695.39,1676.75,1690.44,0
2015-08-10,1690.47,1702.7,1674.35,1702.02,0
2015-08-11,1702.02,1721.32,1694.61,1697.87,0
2015-08-12,1697.9,1703.59,1683.3,1697.65,0
2015-08-13,1697.59,1713.25,1689.99,1704.11,0
2015-08-14,1704.14,1723.32,1699.32,1712.47,0
2015-08-17,1712.48,1714.94,1694.54,1707.95,0
2015-08-18,1707.95,1707.95,1685.83,1691.24,0
2015-08-19,1691.29,1701.42,1665.62,1673.86,0
2015-08-20,1673.96,1697.7,1668.66,1695.57,0
2015-08-21,1695.48,1695.48,1663.31,1663.31,0
2015-08-24,1659.31,1659.31,1603.72,1634.14,0
2015-08-25,1634.35,1672.38,1634.35,1658.13,0
2015-08-26,1658.32,1675.07,1633.45,1660.95,0
2015-08-27,1661.0,1697.22,1661.0,1695.22,0
2015-08-28,1695.23,1723.18,1690.32,1719.16,0
2015-08-31,1718.06,1733.17,1706.96,1733.17,0
2015-09-01,1732.9,1733.68,1689.24,1697.99,0
2015-09-02,1697.98,1716.97,1687.09,1690.82,0
2015-09-03,1690.83,1717.15,1690.83,1710.57,0
2015-09-04,1710.58,1712.74,1691.69,1698.16,0
2015-09-07,1698.16,1708.58,1695.62,1701.18,0
2015-09-08,1701.82,1732.63,1701.82,1714.18,0
2015-09-09,1715.73,1735.84,1715.73,1722.43,0
2015-09-10,1722.05,1730.1,1710.46,1718.9,0
2015-09-11,1718.88,1727.89,1713.03,1718.06,0
2015-09-14,1717.6,1740.22,1716.12,1729.75,0
2015-09-15,1729.91,1731.49,1708.46,1716.26,0
2015-09-16,1716.27,1734.05,1716.24,1731.81,0
2015-09-17,1731.81,1735.5,1722.44,1729.2,0
2015-09-18,1730.15,1739.55,1703.22,1710.84,0
2015-09-21,1710.87,1719.18,1697.3,1699.72,0
2015-09-22,1699.92,1702.47,1656.18,1664.25,0
2015-09-23,1664.27,1667.03,1638.18,1640.7,0
2015-09-24,1640.7,1641.77,1611.89,1621.43,0
2015-09-25,1621.44,1648.3,1621.43,1639.64,0
2015-09-28,1639.64,1643.94,1614.35,1616.36,0
2015-09-29,1616.36,1635.46,1606.83,1630.51,0
2015-09-30,1630.53,1654.38,1630.53,1642.97,0
2015-10-01,1644.52,1649.57,1616.85,1626.97,0
2015-10-02,1627.07,1630.77,1603.46,1612.56,0
2015-10-05,1612.71,1654.73,1612.71,1652.47,0
2015-10-06,1652.49,1670.69,1649.46,1670.69,0
2015-10-07,1670.68,1679.49,1656.38,1679.49,0
2015-10-08,1679.36,1691.95,1660.37,1689.32,0
2015-10-09,1690.66,1734.75,1690.62,1728.44,0
2015-10-12,1728.43,1739.29,1699.74,1710.6,0
2015-10-13,1710.6,1720.81,1697.54,1720.81,0
2015-10-14,1720.8,1731.57,1704.22,1723.01,0
2015-10-15,1722.84,1746.67,1722.68,1731.91,0
2015-10-16,1731.9,1746.07,1715.01,1717.0,0
2015-10-19,1717.09,1722.49,1702.4,1716.08,0
2015-10-20,1716.15,1722.62,1702.42,1722.62,0
2015-10-21,1722.7,1722.9,1702.14,1709.94,0
2015-10-22,1709.93,1718.82,1702.65,1712.1,0
2015-10-23,1713.65,1734.98,1710.36,1725.45,0
2015-10-26,1725.51,1731.6,1696.77,1712.13,0
2015-10-27,1712.23,1725.89,1692.28,1725.89,0
2015-10-28,1725.91,1727.39,1708.38,1726.61,0
2015-10-29,1725.9,1727.3,1707.12,1708.6,0
2015-10-30,1708.51,1723.04,1699.25,1711.53,0
2015-11-02,1710.9,1737.18,1701.25,1735.75,0
2015-11-03,1735.76,1766.85,1734.22,1763.6,0
2015-11-05,1764.94,1784.42,1762.01,1766.28,0
2015-11-06,1766.18,1778.18,1746.17,1754.36,0
2015-11-09,1754.19,1763.52,1742.36,1751.44,0
2015-11-10,1751.45,1754.61,1734.34,1746.94,0
2015-11-11,1747.02,1756.09,1733.61,1740.56,0
2015-11-12,1739.29,1750.71,1732.5,1739.96,0
2015-11-13,1739.84,1744.12,1723.42,1728.17,0
2015-11-16,1728.12,1751.67,1726.31,1739.8,0
2015-11-17,1740.98,1792.88,1740.82,1787.23,0
2015-11-18,1787.11,1820.38,1785.1,1810.48,0
2015-11-19,1811.89,1842.14,1805.41,1811.2,0
2015-11-20,1810.03,1831.77,1797.93,1826.72,0
2015-11-23,1826.87,1868.66,1811.85,1868.07,0
2015-11-24,1868.08,1873.53,1798.73,1810.05,0
2015-11-25,1810.02,1837.06,1808.88,1833.53,0
2015-11-26,1833.97,1850.39,1816.58,1828.3,0
2015-11-27,1828.32,1828.32,1790.68,1795.7,0
2015-11-30,1794.25,1807.57,1771.05,1771.05,0
2015-12-01,1771.05,1785.29,1763.05,1772.97,0
2015-12-02,1773.49,1793.27,1760.51,1770.13,0
2015-12-03,1770.1,1792.38,1764.86,1787.23,0
2015-12-04,1786.55,1798.91,1741.6,1755.22,0
2015-12-07,1756.11,1767.34,1735.01,1741.14,0
2015-12-08,1740.64,1741.79,1712.87,1718.77,0
2015-12-09,1719.84,1740.47,1719.44,1733.09,0
2015-12-10,1732.65,1747.56,1723.3,1732.89,0
2015-12-11,1732.9,1732.91,1711.81,1720.31,0
2015-12-14,1720.37,1721.48,1698.9,1708.7,0
2015-12-15,1708.89,1749.52,1708.89,1742.46,0
2015-12-16,1743.03,1759.09,1743.03,1754.71,0
2015-12-17,1754.74,1786.18,1754.74,1780.97,0
2015-12-18,1779.42,1779.42,1719.16,1719.16,0
2015-12-21,1719.44,1737.12,1710.32,1716.91,0
2015-12-22,1716.92,1729.08,1715.0,1723.35,0
2015-12-23,1718.65,1747.85,1718.65,1747.85,0
2015-12-24,1747.86,1757.5,1738.72,1742.71,0
2015-12-25,1743.77,1745.96,1728.27,1734.21,0
2015-12-28,1734.21,1736.19,1722.9,1731.2,0
2015-12-29,1728.23,1763.38,1727.05,1763.38,0
2015-12-30,1763.71,1770.79,1751.37,1761.36,0
2016-01-04,1761.42,1762.78,1731.4,1734.56,0
2016-01-05,1734.55,1754.33,1731.63,1754.13,0
2016-01-06,1753.75,1758.76,1738.84,1748.57,0
2016-01-11,1748.04,1748.06,1681.58,1682.54,0
2016-01-12,1682.72,1705.23,1660.15,1690.3,0
2016-01-13,1692.48,1709.08,1682.3,1684.78,0
2016-01-14,1684.77,1685.63,1658.8,1680.77,0
2016-01-15,1680.81,1686.85,1597.62,1608.36,0
2016-01-18,1607.88,1631.58,1583.02,1622.43,0
2016-01-19,1622.53,1675.01,1622.53,1645.56,0
2016-01-20,1641.62,1641.62,1601.64,1630.39,0
2016-01-21,1630.57,1684.08,1630.17,1677.19,0
2016-01-22,1683.75,1730.24,1682.89,1717.98,0
2016-01-25,1718.25,1726.96,1700.35,1716.56,0
2016-01-26,1716.86,1719.09,1695.66,1705.01,0
2016-01-27,1705.1,1747.57,1705.1,1747.57,0
2016-01-28,1747.63,1771.93,1739.8,1771.93,0
2016-01-29,1772.01,1788.29,1758.6,1784.92,0
2016-02-01,1785.01,1785.08,1760.22,1773.21,0
2016-02-02,1771.37,1785.75,1749.87,1758.26,0
2016-02-03,1757.9,1766.28,1744.73,1746.35,0
2016-02-04,1745.21,1792.48,1745.21,1787.93,0
2016-02-05,1786.7,1796.48,1772.26,1780.59,0
2016-02-08,1780.26,1784.56,1737.02,1744.27,0
2016-02-09,1744.17,1752.95,1715.0,1723.36,0
2016-02-10,1722.5,1740.72,1710.21,1730.83,0
2016-02-11,1729.42,1729.42,1688.06,1711.58,0
2016-02-12,1711.6,1733.67,1711.6,1726.04,0
2016-02-15,1726.08,1746.43,1726.08,1738.54,0
2016-02-16,1738.89,1758.19,1738.89,1753.86,0
2016-02-17,1753.86,1776.93,1750.04,1770.31,0
2016-02-18,1770.3,1807.55,1770.3,1807.21,0
2016-02-19,1805.82,1805.82,1778.96,1793.37,0
2016-02-22,1790.46,1825.0,1790.46,1822.38,0
2016-02-24,1811.08,1812.94,1784.54,1797.27,0
2016-02-25,1802.37,1819.19,1777.7,1803.89,0
2016-02-26,1815.99,1831.7,1811.66,1816.73,0
2016-02-29,1811.53,1841.56,1798.51,1840.17,0
2016-03-01,1841.43,1851.88,1838.41,1844.17,0
2016-03-02,1853.32,1856.08,1826.41,1832.84,0
2016-03-03,1836.07,1863.95,1836.07,1858.69,0
2016-03-04,1863.15,1878.29,1853.81,1878.29,0
2016-03-07,1883.38,1909.57,1883.38,1909.57,0
2016-03-09,1899.19,1906.99,1875.51,1883.0,0
2016-03-10,1885.97,1896.06,1875.62,1884.63,0
2016-03-11,1886.85,1888.77,1868.22,1876.54,0
2016-03-14,1877.23,1880.41,1857.19,1865.31,0
2016-03-15,1871.79,1879.0,1851.49,1855.06,0
2016-03-16,1858.01,1871.2,1852.92,1871.2,0
2016-03-17,1876.61,1900.12,1874.39,1890.79,0
2016-03-18,1892.81,1923.5,1885.15,1914.02,0
2016-03-21,1905.96,1906.34,1886.76,1904.5,0
2016-03-22,1905.76,1916.27,1888.59,1903.47,0
2016-03-23,1900.09,1906.38,1869.32,1879.89,0
2016-03-24,1872.88,1875.27,1857.27,1866.67,0
2016-03-25,1869.6,1879.79,1865.37,1866.23,0
2016-03-28,1871.93,1879.47,1844.73,1849.31,0
2016-03-29,1849.11,1850.93,1825.99,1845.2,0
2016-03-30,1853.35,1876.32,1847.78,1868.1,0
2016-03-31,1865.1,1876.55,1851.35,1871.15,0
2016-04-01,1860.53,1861.49,1833.61,1856.77,0
2016-04-04,1854.37,1876.08,1853.54,1866.64,0
2016-04-05,1859.51,1861.39,1847.62,1857.09,0
2016-04-06,1863.3,1867.96,1850.83,1860.17,0
2016-04-07,1865.97,1872.51,1848.19,1858.85,0
2016-04-08,1860.93,1879.64,1857.44,1877.27,0
2016-04-11,1875.74,1907.5,1872.5,1906.9,0
2016-04-12,1907.56,1910.59,1889.02,1899.26,0
2016-04-13,1903.47,1944.32,1903.47,1932.8,0
2016-04-14,1929.87,1948.84,1902.64,1915.85,0
2016-04-15,1914.19,1918.35,1899.29,1907.78,0
2016-04-18,1888.97,1896.36,1867.61,1892.64,0
2016-04-19,1895.28,1930.23,1892.96,1930.14,0
2016-04-20,1923.94,1961.6,1922.41,1960.18,0
2016-04-21,1971.75,1976.69,1931.66,1950.08,0
2016-04-22,1952.33,1967.26,1936.72,1967.26,0
2016-04-25,1962.67,1963.96,1944.94,1955.47,0
2016-04-26,1953.86,1956.54,1931.08,1946.55,0
2016-04-27,1951.51,1954.93,1921.58,1934.77,0
2016-04-28,1936.05,1969.89,1925.27,1969.89,0
2016-04-29,1970.46,1974.42,1941.25,1953.05,0
2016-05-04,1932.92,1957.18,1901.85,1925.58,0
2016-05-05,1924.28,1924.28,1902.66,1906.48,0
2016-05-06,1905.15,1906.34,1889.96,1901.56,0
2016-05-10,1896.02,1909.97,1874.5,1885.34,0
2016-05-11,1890.09,1916.34,1885.67,1909.05,0
2016-05-12,1912.43,1922.51,1900.08,1901.9,0
2016-05-13,1901.51,1907.19,1881.41,1907.19,0
2016-05-16,1912.16,1939.22,1909.18,1915.33,0
2016-05-17,1913.25,1915.19,1876.69,1909.0,0
2016-05-18,1907.15,1921.21,1899.12,1917.24,0
2016-05-19,1907.71,1913.7,1891.52,1891.52,0
2016-05-20,1901.27,1903.58,1882.16,1891.33,0
2016-05-23,1889.11,1889.11,1861.64,1868.43,0
2016-05-24,1868.7,1887.48,1868.7,1884.12,0
2016-05-25,1889.42,1910.7,1889.42,1898.75,0
2016-05-26,1905.81,1931.78,1895.63,1914.31,0
2016-05-27,1913.18,1930.8,1910.11,1927.58,0
2016-05-30,1931.07,1938.14,1918.76,1935.54,0
2016-05-31,1937.13,1939.84,1899.01,1899.01,0
2016-06-01,1899.14,1906.86,1888.88,1893.18,0
2016-06-02,1895.27,1898.9,1876.58,1890.78,0
2016-06-03,1896.95,1913.74,1877.89,1886.84,0
2016-06-06,1893.05,1920.91,1893.05,1915.54,0
2016-06-07,1917.96,1954.49,1914.56,1951.26,0
2016-06-08,1953.75,1960.75,1937.62,1951.55,0
2016-06-09,1951.8,1952.42,1927.72,1934.92,0
2016-06-10,1926.91,1930.26,1903.61,1903.61,0
2016-06-14,1898.21,1903.54,1875.27,1885.92,0
2016-06-15,1883.94,1898.31,1880.55,1889.75,0
2016-06-16,1884.22,1884.91,1853.36,1869.78,0
2016-06-17,1875.96,1896.28,1871.88,1877.07,0
2016-06-20,1889.26,1906.46,1889.26,1902.7,0
2016-06-21,1902.44,1910.25,1884.64,1904.02,0
2016-06-22,1908.06,1912.96,1892.16,1896.7,0
2016-06-23,1894.16,1919.27,1883.18,1919.27,0
2016-06-24,1865.48,1884.94,1846.91,1884.41,0
2016-06-27,1883.76,1887.75,1841.73,1841.73,0
2016-06-28,1850.75,1863.53,1844.8,1857.23,0
2016-06-29,1862.25,1888.15,1862.25,1888.15,0
2016-06-30,1886.47,1897.36,1879.33,1891.09,0
2016-07-01,1891.03,1900.41,1880.63,1896.62,0
2016-07-04,1899.35,1913.48,1896.4,1907.48,0
2016-07-05,1904.03,1904.06,1887.05,1895.64,0
2016-07-06,1892.26,1896.71,1871.47,1879.42,0
2016-07-07,1887.12,1901.57,1878.47,1882.41,0
2016-07-08,1873.49,1896.82,1860.55,1894.35,0
2016-07-11,1891.05,1914.31,1887.1,1913.12,0
2016-07-12,1913.84,1942.69,1911.91,1938.36,0
2016-07-13,1937.35,1945.76,1928.5,1935.88,0
2016-07-14,1938.54,1944.85,1921.75,1942.46,0
2016-07-15,1931.66,1943.63,1928.57,1940.85,0
2016-07-18,1937.77,1948.54,1920.18,1936.07,0
2016-07-19,1921.12,1929.11,1903.1,1915.89,0
2016-07-20,1915.49,1921.23,1896.0,1915.09,0
2016-07-21,1920.01,1930.79,1911.87,1927.7,0
2016-07-22,1923.8,1933.76,1922.85,1926.9,0
2016-07-25,1929.93,1942.98,1922.22,1931.78,0
2016-07-26,1932.54,1940.26,1917.96,1938.52,0
2016-07-27,1938.64,1941.15,1928.32,1938.65,0
2016-07-28,1938.01,1959.86,1932.63,1954.45,0
2016-07-29,1952.82,1955.07,1939.28,1944.62,0
2016-08-01,1950.49,1964.27,1941.58,1947.36,0
2016-08-02,1946.31,1946.65,1908.89,1912.69,0
2016-08-03,1913.14,1922.86,1902.74,1919.15,0
2016-08-04,1924.97,1945.14,1924.97,1944.94,0
2016-08-05,1946.66,1952.35,1931.01,1944.31,0
2016-08-08,1948.51,1956.99,1947.22,1956.99,0
2016-08-09,1954.05,1964.58,1948.89,1956.42,0
2016-08-10,1956.33,1959.99,1940.63,1942.67,0
2016-08-11,1941.32,1952.18,1933.27,1952.18,0
2016-08-12,1955.16,1968.18,1952.56,1967.18,0
2016-08-15,1969.96,1983.1,1964.84,1977.28,0
2016-08-16,1977.76,1994.33,1967.37,1975.8,0
2016-08-17,1971.49,1973.02,1959.44,1969.19,0
2016-08-18,1971.26,1976.71,1961.35,1970.07,0
2016-08-19,1972.89,1974.4,1959.72,1959.72,0
2016-08-22,1956.46,1979.09,1948.35,1979.09,0
2016-08-23,1976.07,1992.55,1973.43,1989.51,0
2016-08-24,1988.08,1989.43,1974.89,1983.59,0
2016-08-25,1983.22,1987.35,1969.53,1985.56,0
2016-08-26,1984.68,1997.1,1976.87,1993.35,0
2016-08-29,1985.99,1986.72,1970.53,1986.72,0
2016-08-30,1989.03,1999.14,1983.84,1985.69,0
2016-08-31,1985.84,1988.56,1966.88,1971.59,0
2016-09-01,1976.26,1982.26,1969.48,1976.91,0
2016-09-02,1978.16,2006.25,1976.62,2003.77,0
2016-09-05,2008.69,2019.65,2005.42,2017.38,0
2016-09-06,2020.77,2040.42,2017.5,2039.53,0
2016-09-07,2042.21,2060.03,2042.12,2053.75,0
2016-09-08,2058.73,2063.13,2041.01,2050.77,0
2016-09-09,2044.93,2045.04,2028.25,2028.25,0
2016-09-12,2017.08,2021.58,2004.43,2019.9,0
2016-09-13,2020.6,2026.57,2001.34,2004.5,0
2016-09-14,2003.74,2010.47,1995.7,2004.48,0
2016-09-15,2003.2,2004.65,1982.95,1996.58,0
2016-09-16,1998.14,2004.37,1967.31,1981.96,0
2016-09-19,1984.46,1993.49,1981.39,1986.97,0
2016-09-20,1984.97,1991.85,1969.41,1991.78,0
2016-09-21,1995.13,2004.1,1988.64,1997.67,0
2016-09-22,2007.12,2025.3,2001.07,2025.3,0
2016-09-23,2022.28,2022.28,1995.14,2011.83,0
2016-09-26,2003.48,2007.25,1993.33,1997.94,0
2016-09-27,1999.93,1999.93,1975.52,1975.52,0
2016-09-28,1977.35,1993.93,1975.84,1980.68,0
2016-09-29,1996.99,2006.59,1994.88,1996.12,0
2016-09-30,1989.43,1989.43,1975.23,1978.0,0
2016-10-03,1981.02,1993.55,1975.74,1986.8,0
2016-10-04,1987.61,1989.32,1975.96,1985.02,0
2016-10-05,1985.05,1985.05,1962.14,1975.85,0
2016-10-06,1975.26,1983.88,1967.75,1983.88,0
2016-10-07,1985.04,1993.65,1974.89,1980.02,0
2016-10-10,1981.11,2002.53,1977.43,2001.1,0
2016-10-11,2000.46,2006.66,1995.93,2001.42,0
2016-10-12,1999.6,2005.17,1986.7,1993.35,0
2016-10-13,1990.39,1990.39,1970.86,1976.37,0
2016-10-14,1976.34,1978.96,1962.35,1966.39,0
2016-10-17,1964.66,1965.83,1954.81,1956.95,0
2016-10-18,1958.28,1974.01,1958.28,1969.11,0
2016-10-19,1971.9,1973.24,1961.39,1967.5,0
2016-10-20,1967.52,1968.11,1956.61,1957.09,0
2016-10-21,1957.63,1960.56,1946.78,1957.7,0
2016-10-24,1960.97,1970.36,1957.65,1962.79,0
2016-10-25,1965.63,1987.07,1962.24,1977.19,0
2016-10-26,1975.36,1979.42,1967.87,1974.81,0
2016-10-27,1975.16,1986.53,1973.27,1979.8,0
2016-10-28,1979.87,1982.51,1975.48,1981.76,0
2016-10-31,1984.24,1992.48,1976.29,1989.64,0
2016-11-01,1991.7,2003.14,1991.7,1996.87,0
2016-11-02,1989.37,1990.22,1966.35,1968.77,0
2016-11-03,1970.97,1971.56,1957.53,1962.71,0
2016-11-07,1964.59,1970.61,1952.69,1952.69,0
2016-11-08,1959.79,1973.07,1959.79,1967.93,0
2016-11-09,1941.89,2011.81,1939.66,2011.58,0
2016-11-10,2017.69,2076.44,2016.96,2044.03,0
2016-11-11,2045.22,2054.42,2031.92,2031.92,0
2016-11-14,2034.97,2047.03,2017.22,2021.99,0
2016-11-15,2025.01,2032.04,2009.34,2017.06,0
2016-11-16,2024.71,2049.01,2022.89,2028.92,0
2016-11-17,2029.85,2045.65,2029.3,2042.76,0
2016-11-18,2042.23,2048.19,2036.29,2038.29,0
2016-11-21,2044.2,2059.67,2044.2,2058.77,0
2016-11-22,2062.98,2074.89,2057.7,2066.18,0
2016-11-23,2069.18,2085.75,2068.61,2085.75,0
2016-11-24,2086.56,2107.96,2086.56,2102.97,0
2016-11-25,2101.47,2106.6,2088.4,2098.15,0
2016-11-28,2098.33,2104.34,2086.36,2094.65,0
2016-11-29,2092.13,2098.0,2082.71,2086.84,0
2016-11-30,2087.81,2116.38,2085.84,2104.91,0
2016-12-01,2110.69,2128.7,2110.69,2121.87,0
2016-12-02,2121.12,2137.82,2114.91,2128.99,0
2016-12-05,2126.93,2163.39,2126.93,2158.33,0
2016-12-06,2159.25,2177.94,2151.07,2152.35,0
2016-12-07,2154.02,2165.21,2148.54,2160.51,0
2016-12-08,2168.4,2207.02,2167.93,2207.02,0
2016-12-09,2211.29,2220.01,2197.49,2208.53,0
2016-12-12,2219.13,2242.17,2210.06,2226.89,0
2016-12-13,2225.74,2247.02,2215.7,2247.02,0
2016-12-14,2248.22,2258.1,2215.11,2229.05,0
2016-12-15,2217.16,2240.14,2202.35,2237.23,0
2016-12-16,2239.08,2251.23,2229.3,2231.41,0
2016-12-19,2233.99,2235.12,2215.69,2215.69,0
2016-12-20,2215.31,2233.84,2207.39,2226.36,0
2016-12-21,2227.31,2237.6,2210.73,2212.33,0
2016-12-22,2203.8,2203.8,2172.37,2174.64,0
2016-12-23,2173.62,2188.99,2159.51,2173.18,0
2016-12-26,2172.86,2186.02,2172.26,2177.86,0
2016-12-27,2173.8,2190.91,2173.8,2189.43,0
2016-12-28,2191.17,2201.21,2182.98,2182.98,0
2016-12-29,2182.3,2210.49,2169.43,2206.33,0
2016-12-30,2206.04,2232.72,2206.04,2232.72,0
2017-01-03,2231.52,2293.99,2231.52,2285.43,0
2017-01-04,2284.61,2284.61,2251.75,2263.9,0
2017-01-05,2265.72,2270.94,2213.45,2220.35,0
2017-01-06,2221.36,2230.41,2195.44,2213.93,0
2017-01-09,2217.74,2227.88,2201.6,2211.25,0
2017-01-10,2209.53,2237.88,2205.87,2237.49,0
2017-01-11,2233.62,2239.87,2211.16,2218.61,0
2017-01-12,2224.02,2228.55,2205.55,2212.0,0
2017-01-13,2214.24,2217.47,2173.39,2195.19,0
2017-01-16,2195.67,2202.39,2180.78,2189.07,0
2017-01-17,2189.95,2195.36,2167.88,2178.73,0
2017-01-18,2180.64,2190.0,2165.32,2170.09,0
2017-01-19,2171.45,2178.22,2151.43,2162.25,0
2017-01-20,2162.71,2165.88,2147.19,2159.96,0
2017-01-23,2160.13,2160.13,2136.35,2146.09,0
2017-01-24,2147.51,2174.59,2147.51,2174.59,0
2017-01-25,2175.4,2178.92,2163.55,2176.0,0
2017-01-26,2179.34,2230.77,2179.34,2229.2,0
2017-01-27,2226.87,2266.05,2219.67,2266.05,0
2017-01-30,2263.63,2263.63,2231.4,2234.14,0
2017-01-31,2233.66,2240.57,2215.79,2217.39,0
2017-02-01,2219.19,2231.68,2214.0,2231.68,0
2017-02-02,2231.66,2236.8,2210.14,2217.56,0
2017-02-03,2219.49,2228.05,2213.22,2226.61,0
2017-02-06,2228.85,2230.86,2202.2,2210.51,0
2017-02-07,2210.87,2218.77,2201.22,2218.77,0
2017-02-08,2215.34,2217.37,2180.21,2189.61,0
2017-02-09,2192.24,2196.08,2160.42,2173.98,0
2017-02-10,2176.79,2182.18,2156.81,2162.19,0
2017-02-13,2165.12,2174.73,2150.52,2161.49,0
2017-02-14,2162.13,2162.13,2135.01,2141.5,0
2017-02-15,2140.2,2156.36,2109.93,2137.08,0
2017-02-16,2138.7,2148.48,2127.04,2148.48,0
2017-02-17,2148.58,2148.84,2125.45,2128.21,0
2017-02-20,2132.47,2136.8,2113.03,2119.09,0
2017-02-21,2118.85,2135.97,2111.55,2127.72,0
2017-02-22,2128.98,2130.8,2094.85,2106.3,0
2017-02-24,2106.96,2106.96,2081.35,2093.09,0
2017-02-27,2095.51,2097.2,2054.93,2056.46,0
2017-02-28,2057.74,2057.77,2027.05,2035.77,0
2017-03-01,2034.28,2063.67,2030.49,2059.87,0
2017-03-02,2062.61,2076.71,2044.25,2049.0,0
2017-03-03,2046.61,2056.89,2032.27,2056.89,0
2017-03-06,2056.63,2071.69,2045.28,2047.42,0
2017-03-07,2047.59,2048.98,2009.0,2024.84,0
2017-03-09,2010.85,2020.04,1971.73,1974.24,0
2017-03-10,1977.75,1989.06,1965.23,1973.96,0
2017-03-13,1972.66,2001.71,1968.61,2000.14,0
2017-03-14,2001.4,2018.42,1990.55,2001.25,0
2017-03-15,2003.09,2018.39,1989.12,1992.59,0
2017-03-16,2001.82,2021.05,1998.24,2014.37,0
2017-03-17,2015.59,2045.85,2013.82,2036.96,0
2017-03-20,2038.99,2051.5,2024.85,2042.72,0
2017-03-21,2045.19,2067.4,2040.55,2048.07,0
2017-03-22,2042.65,2061.53,2030.55,2061.53,0
2017-03-23,2065.37,2072.91,2040.18,2051.04,0
2017-03-24,2047.78,2052.9,2036.3,2039.77,0
2017-03-27,2034.1,2034.1,1997.92,2013.16,0
2017-03-28,2016.95,2032.54,2010.92,2032.54,0
2017-03-29,2032.49,2037.58,2013.13,2023.71,0
2017-03-30,2025.0,2026.94,2012.07,2021.88,0
2017-03-31,2021.16,2022.24,1992.95,1995.9,0
2017-04-03,1998.55,2014.18,1992.67,2008.61,0
2017-04-04,2007.9,2028.01,2005.61,2025.69,0
2017-04-05,2028.71,2057.03,2028.12,2056.32,0
2017-04-06,2052.05,2058.11,2043.42,2054.69,0
2017-04-07,2046.78,2048.63,2010.92,2020.23,0
2017-04-10,2017.75,2018.03,1965.58,1971.23,0
2017-04-11,1969.12,1994.26,1965.8,1977.95,0
2017-04-12,1985.69,1986.56,1942.58,1947.88,0
2017-04-13,1954.39,1954.81,1916.67,1944.7,0
2017-04-14,1943.65,1943.65,1913.71,1916.29,0
2017-04-17,1917.13,1944.93,1902.48,1942.72,0
2017-04-18,1944.28,1949.52,1914.44,1920.29,0
2017-04-19,1920.19,1932.81,1911.35,1916.5,0
2017-04-20,1912.7,1932.25,1900.72,1932.17,0
2017-04-21,1932.82,1955.43,1932.82,1944.72,0
2017-04-24,1954.31,1979.76,1954.31,1979.57,0
2017-04-25,1983.23,2002.37,1969.04,1998.41,0
2017-04-26,2000.8,2031.08,1994.52,2026.92,0
2017-04-27,2024.49,2024.49,2005.35,2011.67,0
2017-04-28,2021.74,2031.06,2011.02,2016.71,0
2017-05-02,2022.19,2044.24,2020.55,2026.85,0
2017-05-03,2024.4,2027.65,1992.33,1993.66,0
2017-05-04,1994.16,2015.61,1989.44,1998.87,0
2017-05-05,1989.88,2002.41,1982.97,2002.41,0
2017-05-10,2012.84,2028.21,2005.4,2028.21,0
2017-05-11,2028.26,2028.58,1991.81,2002.54,0
2017-05-12,2003.92,2004.03,1983.83,1994.58,0
2017-05-15,1995.6,2008.11,1984.06,2003.12,0
2017-05-16,2000.2,2002.25,1987.21,1992.94,0
2017-05-17,1989.02,1999.56,1982.97,1994.35,0
2017-05-18,1989.05,1996.85,1961.2,1967.66,0
2017-05-19,1969.73,1977.03,1954.32,1962.4,0
2017-05-22,1966.66,1966.66,1941.78,1950.51,0
2017-05-23,1950.27,1966.19,1945.5,1960.16,0
2017-05-24,1958.22,1965.95,1936.99,1951.98,0
2017-05-25,1955.83,1960.95,1939.97,1947.26,0
2017-05-26,1944.16,1945.03,1930.76,1934.25,0
2017-05-29,1934.66,1945.82,1931.45,1940.77,0
2017-05-30,1938.06,1939.74,1927.28,1932.91,0
2017-05-31,1934.03,1936.65,1893.39,1900.38,0
2017-06-01,1900.89,1904.82,1862.6,1869.66,0
2017-06-02,1868.75,1881.97,1849.57,1881.87,0
2017-06-05,1882.83,1894.5,1871.29,1877.69,0
2017-06-06,1877.36,1882.94,1867.88,1870.04,0
2017-06-07,1870.69,1889.45,1867.97,1868.42,0
2017-06-08,1869.49,1874.45,1851.63,1874.21,0
2017-06-09,1873.26,1888.92,1866.3,1883.34,0
2017-06-13,1871.07,1871.29,1857.26,1861.27,0
2017-06-14,1861.5,1862.3,1834.51,1838.32,0
2017-06-15,1833.42,1833.42,1774.56,1817.82,0
2017-06-16,1818.87,1833.7,1811.45,1822.91,0
2017-06-19,1820.83,1851.7,1820.11,1849.78,0
2017-06-20,1850.38,1870.56,1846.7,1857.96,0
2017-06-21,1858.24,1861.03,1844.06,1850.81,0
2017-06-22,1842.62,1863.42,1836.02,1860.05,0
2017-06-23,1859.63,1876.36,1850.22,1867.46,0
2017-06-26,1870.33,1880.11,1857.03,1860.39,0
2017-06-27,1857.24,1884.41,1849.42,1878.94,0
2017-06-28,1877.04,1893.65,1864.88,1891.98,0
2017-06-29,1896.12,1902.8,1877.13,1881.04,0
2017-06-30,1879.16,1895.98,1877.57,1879.5,0
2017-07-03,1886.72,1902.59,1881.98,1902.59,0
2017-07-04,1902.64,1919.23,1899.17,1917.4,0
2017-07-05,1917.36,1924.53,1912.31,1921.38,0
2017-07-06,1920.59,1929.43,1911.96,1923.22,0
2017-07-07,1906.72,1914.29,1897.87,1912.48,0
2017-07-10,1912.76,1928.1,1908.99,1925.74,0
2017-07-11,1927.34,1938.11,1919.19,1937.64,0
2017-07-12,1938.36,1957.02,1938.36,1954.39,0
2017-07-13,1951.66,1963.37,1946.61,1959.91,0
2017-07-14,1959.86,1967.6,1955.09,1960.69,0
2017-07-17,1963.29,1972.49,1949.55,1959.11,0
2017-07-18,1956.56,1966.86,1944.81,1947.71,0
2017-07-19,1929.67,1951.89,1925.7,1951.89,0
2017-07-20,1952.1,1959.33,1941.38,1946.51,0
2017-07-21,1946.19,1946.19,1921.0,1925.13,0
2017-07-24,1921.52,1934.25,1914.6,1931.75,0
2017-07-25,1931.92,1936.25,1913.24,1923.73,0
2017-07-26,1928.13,1938.56,1923.9,1933.1,0
2017-07-27,1935.12,1945.12,1935.12,1945.12,0
2017-07-28,1940.79,1940.79,1904.26,1916.75,0
2017-07-31,1917.34,1930.27,1904.56,1919.53,0
2017-08-01,1924.77,1948.62,1924.77,1940.14,0
2017-08-02,1940.95,1966.97,1940.77,1965.48,0
2017-08-03,1965.56,1976.36,1961.38,1965.29,0
2017-08-04,1962.46,1962.46,1950.57,1953.49,0
2017-08-07,1953.62,1970.96,1953.62,1970.37,0
2017-08-08,1970.3,1989.77,1969.75,1989.61,0
2017-08-09,1985.31,1987.95,1973.08,1975.91,0
2017-08-10,1977.15,1983.74,1959.05,1960.23,0
2017-08-11,1953.56,1953.56,1933.69,1944.83,0
2017-08-14,1947.69,1960.38,1946.67,1951.75,0
2017-08-15,1950.42,1952.6,1938.58,1950.28,0
2017-08-16,1952.11,1957.62,1941.07,1942.88,0
2017-08-17,1941.55,1947.95,1936.95,1941.52,0
2017-08-18,1937.51,1937.51,1921.34,1930.71,0
2017-08-21,1932.25,1943.78,1932.25,1937.66,0
2017-08-22,1939.95,1948.28,1938.9,1947.4,0
2017-08-23,1947.77,1958.58,1944.3,1958.52,0
2017-08-24,1958.83,1973.5,1958.83,1973.5,0
2017-08-25,1973.44,1981.79,1973.39,1979.14,0
2017-08-28,1978.79,1987.23,1972.76,1987.15,0
2017-08-29,1986.1,1989.12,1967.11,1989.12,0
2017-08-30,1993.0,2009.29,1988.78,2008.88,0
2017-08-31,2006.07,2030.86,2001.66,2022.22,0
2017-09-01,2021.93,2030.37,2008.49,2010.98,0
2017-09-04,2005.08,2012.29,1999.84,2003.32,0
2017-09-05,2005.23,2014.03,1995.94,2004.02,0
2017-09-06,2001.97,2015.63,1992.68,2014.6,0
2017-09-07,2017.52,2025.37,2010.17,2010.17,0
2017-09-08,2010.55,2037.48,2010.55,2032.75,0
2017-09-11,2038.78,2049.07,2032.92,2044.13,0
2017-09-12,2045.85,2059.96,2044.07,2058.8,0
2017-09-13,2059.4,2072.96,2054.19,2054.19,0
2017-09-14,2054.66,2055.93,2036.22,2052.25,0
2017-09-15,2051.47,2061.6,2041.28,2053.81,0
2017-09-18,2055.41,2062.75,2053.6,2059.08,0
2017-09-19,2057.36,2059.16,2046.61,2048.99,0
2017-09-20,2048.86,2058.08,2044.23,2057.53,0
2017-09-21,2056.27,2066.41,2051.68,2060.24,0
2017-09-22,2059.01,2059.01,2046.35,2051.63,0
2017-09-25,2050.52,2070.82,2046.01,2069.11,0
2017-09-26,2071.62,2086.65,2070.49,2071.13,0
2017-09-27,2072.27,2085.14,2065.79,2081.12,0
2017-09-28,2080.73,2084.39,2068.54,2071.64,0
2017-09-29,2071.33,2077.28,2068.39,2077.19,0
2017-10-02,2077.16,2083.43,2072.72,2075.72,0
2017-10-03,2076.53,2084.03,2072.83,2076.81,0
2017-10-04,2076.5,2080.05,2068.73,2077.09,0
2017-10-05,2076.78,2088.64,2071.19,2088.32,0
2017-10-06,2089.39,2103.05,2089.39,2093.86,0
2017-10-09,2094.16,2100.29,2086.74,2096.29,0
2017-10-10,2096.35,2096.35,2084.49,2086.91,0
2017-10-11,2087.47,2103.29,2087.07,2101.07,0
2017-10-12,2101.33,2101.33,2090.86,2094.96,0
2017-10-13,2094.94,2105.64,2092.4,2098.77,0
2017-10-16,2102.25,2106.39,2098.07,2106.39,0
2017-10-17,2105.74,2106.49,2086.41,2092.57,0
2017-10-18,2091.4,2101.35,2086.45,2094.4,0
2017-10-19,2094.56,2099.66,2071.6,2072.73,0
2017-10-20,2076.29,2079.64,2067.91,2071.83,0
2017-10-23,2073.55,2078.59,2060.43,2063.81,0
2017-10-24,2064.07,2066.21,2057.69,2061.79,0
2017-10-25,2063.2,2073.44,2048.78,2049.48,0
2017-10-26,2049.66,2053.53,2038.26,2046.69,0
2017-10-27,2050.35,2068.76,2050.35,2068.76,0
2017-10-30,2069.45,2076.96,2064.74,2065.25,0
2017-10-31,2066.1,2079.28,2064.31,2064.31,0
2017-11-01,2070.68,2089.83,2068.26,2082.73,0
2017-11-02,2080.53,2080.53,2065.69,2073.04,0
2017-11-03,2073.17,2096.04,2073.17,2081.15,0
2017-11-07,2092.78,2155.55,2092.78,2155.55,0
2017-11-08,2155.21,2178.42,2144.98,2163.01,0
2017-11-09,2162.0,2183.61,2156.48,2183.61,0
2017-11-10,2184.64,2190.56,2166.68,2169.26,0
2017-11-13,2169.85,2191.71,2167.63,2167.63,0
2017-11-14,2166.11,2185.56,2166.11,2166.83,0
2017-11-15,2159.83,2162.41,2131.75,2131.75,0
2017-11-16,2135.18,2147.83,2112.2,2132.65,0
2017-11-17,2135.58,2139.43,2127.95,2131.91,0
2017-11-20,2132.4,2139.91,2123.76,2130.39,0
2017-11-21,2132.5,2155.82,2132.5,2155.82,0
2017-11-22,2158.33,2168.01,2151.3,2160.16,0
2017-11-23,2159.88,2160.64,2143.06,2148.56,0
2017-11-24,2148.59,2163.61,2144.62,2161.17,0
2017-11-27,2159.02,2164.32,2139.12,2145.87,0
2017-11-28,2144.53,2149.45,2126.06,2149.45,0
2017-11-29,2148.95,2150.88,2120.24,2124.08,0
2017-11-30,2121.93,2123.18,2092.2,2100.62,0
2017-12-01,2102.54,2109.33,2091.89,2105.99,0
2017-12-04,2104.9,2123.08,2087.37,2119.42,0
2017-12-05,2117.7,2117.7,2099.77,2113.69,0
2017-12-06,2110.8,2126.16,2102.9,2124.12,0
2017-12-07,2120.8,2120.83,2100.87,2103.15,0
2017-12-08,2106.38,2118.71,2097.29,2104.99,0
2017-12-11,2104.62,2148.6,2104.62,2148.6,0
2017-12-12,2151.96,2160.75,2142.06,2160.75,0
2017-12-13,2152.39,2158.25,2127.1,2131.94,0
2017-12-14,2132.54,2152.41,2127.74,2152.41,0
2017-12-15,2151.23,2151.23,2135.85,2143.99,0
2017-12-18,2144.92,2155.92,2122.05,2134.58,0
2017-12-19,2133.93,2139.27,2112.99,2118.16,0
2017-12-20,2116.97,2120.57,2101.93,2102.97,0
2017-12-21,2101.23,2103.62,2082.29,2093.38,0
2017-12-22,2095.56,2109.44,2089.6,2102.94,0
2017-12-25,2109.38,2115.68,2100.76,2105.06,0
2017-12-26,2105.51,2107.48,2086.61,2097.03,0
2017-12-27,2099.09,2108.74,2091.94,2106.17,0
2017-12-28,2105.98,2106.25,2088.67,2102.89,0
2017-12-29,2102.81,2110.9,2091.93,2109.74,0
2018-01-03,2111.24,2152.97,2111.24,2152.97,0
2018-01-04,2153.87,2197.6,2153.87,2197.6,0
2018-01-05,2196.69,2207.41,2188.35,2207.41,0
2018-01-09,2211.4,2242.87,2211.4,2225.39,0
2018-01-10,2227.33,2233.63,2213.77,2232.27,0
2018-01-11,2232.19,2246.82,2221.61,2246.45,0
2018-01-12,2245.7,2262.38,2234.42,2262.38,0
2018-01-15,2268.01,2280.17,2259.66,2261.53,0
2018-01-16,2262.09,2265.64,2232.92,2257.89,0
2018-01-17,2250.71,2277.89,2231.7,2277.89,0
2018-01-18,2279.34,2299.64,2279.34,2297.47,0
2018-01-19,2298.07,2306.79,2273.24,2286.33,0
2018-01-22,2286.04,2308.61,2285.32,2308.61,0
2018-01-23,2311.99,2315.77,2281.52,2298.95,0
2018-01-24,2297.69,2306.99,2283.2,2306.99,0
2018-01-25,2311.56,2328.48,2307.62,2320.03,0
2018-01-26,2317.15,2317.15,2281.71,2295.26,0
2018-01-29,2295.34,2303.49,2280.92,2284.27,0
2018-01-30,2276.37,2301.98,2264.16,2280.36,0
2018-01-31,2278.83,2295.88,2266.95,2289.99,0
2018-02-01,2292.22,2313.21,2288.31,2302.57,0
2018-02-02,2303.06,2309.6,2272.84,2281.84,0
2018-02-05,2272.67,2281.97,2255.43,2276.85,0
2018-02-06,2233.31,2258.79,2222.85,2238.24,0
2018-02-07,2247.99,2267.35,2247.99,2254.64,0
2018-02-08,2248.98,2259.4,2227.24,2227.24,0
2018-02-09,2209.67,2217.89,2181.96,2197.12,0
2018-02-12,2208.98,2229.81,2206.28,2220.12,0
2018-02-13,2225.71,2250.63,2220.69,2250.63,0
2018-02-14,2252.95,2259.06,2232.96,2257.95,0
2018-02-15,2267.82,2280.27,2265.45,2265.45,0
2018-02-16,2266.42,2283.65,2248.3,2255.27,0
2018-02-19,2255.37,2266.89,2251.18,2254.92,0
2018-02-20,2256.01,2271.37,2254.92,2270.12,0
2018-02-21,2268.27,2320.32,2265.85,2320.32,0
2018-02-22,2316.09,2336.82,2307.28,2336.82,0
2018-02-26,2353.89,2376.96,2346.73,2353.16,0
2018-02-27,2356.75,2357.1,2333.38,2341.89,0
2018-02-28,2338.26,2338.26,2296.8,2296.8,0
2018-03-01,2286.41,2306.51,2281.22,2297.9,0
2018-03-02,2295.15,2301.77,2263.77,2288.84,0
2018-03-05,2291.9,2317.01,2291.9,2309.53,0
2018-03-06,2312.6,2325.16,2302.11,2303.32,0
2018-03-07,2299.38,2299.38,2269.9,2291.23,0
2018-03-09,2290.77,2311.69,2286.23,2311.69,0
2018-03-12,2317.19,2326.41,2309.6,2318.01,0
2018-03-13,2315.24,2326.06,2305.25,2319.38,0
2018-03-14,2316.6,2316.6,2275.24,2275.24,0
2018-03-15,2275.06,2284.79,2262.21,2272.49,0
2018-03-16,2273.51,2294.6,2255.95,2294.6,0
2018-03-19,2299.01,2302.78,2279.5,2281.72,0
2018-03-20,2281.53,2293.85,2263.48,2291.18,0
2018-03-21,2292.74,2316.08,2290.18,2309.36,0
2018-03-22,2311.31,2317.38,2279.63,2285.76,0
2018-03-23,2272.32,2288.15,2259.78,2285.53,0
2018-03-26,2285.15,2285.15,2240.85,2240.85,0
2018-03-27,2248.11,2271.62,2243.08,2262.5,0
2018-03-28,2260.18,2260.18,2241.07,2249.23,0
2018-03-29,2251.61,2274.62,2251.61,2274.62,0
2018-03-30,2278.94,2281.54,2270.98,2270.98,0
2018-04-02,2271.91,2294.08,2256.64,2256.64,0
2018-04-03,2259.8,2264.07,2245.83,2263.85,0
2018-04-04,2264.74,2273.53,2248.48,2265.6,0
2018-04-05,2270.16,2297.69,2270.16,2296.25,0
2018-04-06,2286.35,2293.99,2274.91,2281.23,0
2018-04-09,2272.4,2272.4,2065.32,2090.88,0
2018-04-10,2090.73,2199.44,2083.3,2173.76,0
2018-04-11,2172.45,2231.26,2157.92,2192.15,0
2018-04-12,2206.94,2220.83,2173.6,2210.05,0
2018-04-13,2210.02,2219.1,2167.9,2175.16,0
2018-04-16,2156.28,2179.75,2141.17,2143.67,0
2018-04-17,2173.45,2191.19,2165.21,2191.19,0
2018-04-18,2193.73,2246.6,2191.67,2241.49,0
2018-04-19,2248.08,2265.92,2219.49,2230.55,0
2018-04-20,2231.08,2242.72,2222.81,2232.66,0
2018-04-23,2232.33,2250.99,2212.16,2250.99,0
2018-04-24,2260.17,2270.61,2245.57,2253.77,0
2018-04-25,2245.06,2253.5,2229.66,2253.5,0
2018-04-26,2255.66,2286.73,2253.92,2286.02,0
2018-04-27,2287.95,2302.54,2281.49,2301.49,0
2018-04-30,2296.11,2322.38,2289.33,2307.02,0
2018-05-02,2304.28,2317.43,2298.52,2306.42,0
2018-05-03,2303.34,2313.85,2274.07,2274.07,0
2018-05-04,2278.9,2294.35,2278.9,2289.47,0
2018-05-07,2294.1,2313.73,2292.63,2297.12,0
2018-05-08,2292.78,2301.99,2277.17,2301.99,0
2018-05-10,2315.39,2322.45,2303.15,2312.92,0
2018-05-11,2317.6,2346.98,2317.53,2345.26,0
2018-05-14,2345.93,2358.59,2326.27,2357.62,0
2018-05-15,2353.22,2354.11,2330.59,2337.03,0
2018-05-16,2336.52,2350.49,2328.86,2338.39,0
2018-05-17,2342.22,2346.04,2323.51,2323.51,0
2018-05-18,2323.75,2338.94,2321.93,2326.94,0
2018-05-21,2328.42,2347.93,2328.42,2332.63,0
2018-05-22,2333.89,2336.77,2317.78,2326.87,0
2018-05-23,2317.0,2318.77,2294.98,2295.57,0
2018-05-24,2298.73,2310.08,2289.68,2294.01,0
2018-05-25,2297.91,2316.13,2296.91,2306.57,0
2018-05-28,2306.23,2314.48,2301.82,2311.28,0
2018-05-29,2314.11,2316.59,2285.41,2298.0,0
2018-05-30,2298.52,2307.82,2289.21,2297.6,0
2018-05-31,2303.34,2315.15,2289.65,2302.88,0
2018-06-01,2297.13,2311.95,2292.97,2295.34,0
2018-06-04,2299.65,2324.2,2299.65,2323.64,0
2018-06-05,2322.71,2329.03,2310.82,2318.23,0
2018-06-06,2319.33,2322.05,2302.7,2315.45,0
2018-06-07,2318.28,2326.44,2316.07,2316.07,0
2018-06-08,2313.0,2316.92,2267.92,2267.92,0
2018-06-11,2283.64,2285.14,2260.4,2271.74,0
2018-06-13,2275.69,2283.73,2268.36,2270.73,0
2018-06-14,2268.94,2269.1,2247.96,2253.48,0
2018-06-15,2254.09,2261.74,2235.93,2237.53,0
2018-06-18,2234.53,2241.3,2216.21,2222.56,0
2018-06-19,2216.94,2228.84,2192.63,2221.42,0
2018-06-20,2226.49,2263.76,2226.49,2256.27,0
2018-06-21,2255.51,2268.93,2243.71,2245.94,0
2018-06-22,2250.99,2262.18,2236.44,2249.68,0
2018-06-25,2234.22,2255.69,2232.82,2236.65,0
2018-06-26,2238.35,2253.3,2229.47,2231.03,0
2018-06-27,2239.75,2265.33,2223.28,2253.6,0
2018-06-28,2254.46,2264.76,2246.92,2250.26,0
2018-06-29,2262.16,2295.95,2261.58,2295.95,0
2018-07-02,2294.1,2327.72,2287.85,2319.31,0
2018-07-03,2319.37,2320.41,2296.92,2301.65,0
2018-07-04,2301.68,2309.57,2299.45,2304.06,0
2018-07-05,2299.68,2346.86,2293.78,2346.86,0
2018-07-06,2342.62,2350.97,2319.94,2345.38,0
2018-07-09,2351.69,2375.83,2351.69,2373.17,0
2018-07-10,2368.28,2379.33,2359.16,2365.17,0
2018-07-11,2355.79,2355.79,2326.24,2336.15,0
2018-07-12,2332.23,2336.52,2307.95,2322.06,0
2018-07-13,2326.76,2346.43,2324.9,2346.43,0
2018-07-16,2343.02,2352.3,2321.33,2334.18,0
2018-07-17,2325.28,2325.28,2293.76,2310.92,0
2018-07-18,2294.22,2303.39,2284.45,2294.78,0
2018-07-19,2297.15,2297.15,2262.99,2269.45,0
2018-07-20,2269.97,2274.66,2239.77,2247.82,0
2018-07-23,2250.57,2273.13,2250.57,2261.25,0
2018-07-24,2264.38,2281.62,2263.36,2278.3,0
2018-07-25,2268.11,2285.22,2258.31,2282.84,0
2018-07-26,2287.75,2300.05,2283.01,2293.07,0
2018-07-27,2293.87,2298.07,2275.23,2292.72,0
2018-07-30,2288.29,2298.76,2276.68,2295.72,0
2018-07-31,2290.76,2321.11,2286.84,2321.11,0
2018-08-01,2317.83,2326.36,2307.99,2315.18,0
2018-08-02,2311.78,2321.78,2288.11,2295.15,0
2018-08-03,2294.37,2299.08,2277.3,2297.99,0
2018-08-06,2297.62,2310.96,2286.88,2299.88,0
2018-08-07,2303.47,2320.38,2301.21,2312.19,0
2018-08-08,2308.62,2310.65,2275.15,2293.01,0
2018-08-09,2282.02,2309.58,2257.51,2309.58,0
2018-08-10,2295.59,2308.46,2259.67,2275.05,0
2018-08-13,2264.6,2298.36,2255.75,2285.61,0
2018-08-14,2298.73,2305.88,2268.92,2282.88,0
2018-08-15,2281.4,2282.34,2246.45,2267.13,0
2018-08-16,2269.02,2273.44,2249.77,2261.09,0
2018-08-17,2261.69,2268.89,2247.45,2255.12,0
2018-08-20,2266.06,2279.52,2265.19,2272.49,0
2018-08-21,2274.36,2291.76,2259.81,2291.76,0
2018-08-22,2296.17,2306.1,2278.23,2297.06,0
2018-08-23,2293.98,2303.47,2258.11,2260.04,0
2018-08-24,2258.94,2281.74,2240.71,2279.76,0
2018-08-27,2281.87,2312.93,2281.87,2312.93,0
2018-08-28,2313.85,2323.45,2310.99,2316.28,0
2018-08-29,2316.73,2348.44,2316.66,2348.44,0
2018-08-30,2352.06,2359.58,2325.8,2330.92,0
2018-08-31,2328.52,2345.85,2310.78,2345.85,0
2018-09-03,2344.3,2353.09,2339.39,2346.08,0
2018-09-04,2348.65,2358.88,2332.34,2336.38,0
2018-09-05,2333.04,2341.37,2321.33,2321.33,0
2018-09-06,2320.08,2342.02,2320.08,2320.65,0
2018-09-07,2321.66,2330.84,2305.27,2321.82,0
2018-09-10,2322.67,2335.85,2320.04,2335.85,0
2018-09-11,2336.16,2345.65,2314.8,2335.19,0
2018-09-12,2339.77,2350.0,2328.28,2340.63,0
2018-09-13,2339.4,2373.61,2339.4,2357.32,0
2018-09-14,2359.06,2369.06,2345.51,2360.26,0
2018-09-17,2362.24,2373.76,2350.09,2373.75,0
2018-09-18,2374.09,2402.58,2372.0,2402.58,0
2018-09-19,2405.31,2416.53,2396.18,2404.42,0
2018-09-20,2405.36,2434.94,2400.89,2400.89,0
2018-09-21,2401.35,2426.8,2401.0,2426.8,0
2018-09-24,2426.41,2432.64,2417.45,2430.01,0
2018-09-25,2432.76,2444.65,2420.3,2444.22,0
2018-09-26,2445.35,2449.42,2421.45,2427.29,0
2018-09-27,2423.75,2474.57,2423.14,2474.57,0
2018-09-28,2467.95,2476.86,2446.53,2475.36,0
2018-10-01,2481.45,2493.82,2461.77,2472.22,0
2018-10-02,2475.65,2480.19,2445.51,2449.7,0
2018-10-03,2451.45,2501.78,2451.45,2493.91,0
2018-10-04,2492.54,2498.07,2459.02,2465.03,0
2018-10-05,2458.28,2466.31,2436.98,2450.9,0
2018-10-08,2449.95,2466.17,2436.49,2454.28,0
2018-10-09,2459.63,2478.87,2443.83,2443.83,0
2018-10-10,2445.78,2454.28,2411.06,2417.69,0
2018-10-11,2386.03,2388.63,2351.68,2366.47,0
2018-10-12,2371.68,2407.4,2371.68,2403.02,0
2018-10-15,2405.53,2414.16,2374.8,2389.05,0
2018-10-16,2387.35,2418.65,2377.81,2417.26,0
2018-10-17,2422.45,2433.5,2400.53,2411.42,0
2018-10-18,2408.97,2411.22,2377.37,2378.62,0
2018-10-19,2381.06,2381.83,2342.05,2344.79,0
2018-10-22,2347.29,2361.0,2306.26,2308.56,0
2018-10-23,2302.84,2321.46,2289.23,2305.58,0
2018-10-24,2311.28,2348.87,2307.96,2336.49,0
2018-10-25,2323.03,2336.68,2307.06,2331.59,0
2018-10-26,2328.82,2328.82,2275.58,2293.22,0
2018-10-29,2290.53,2321.77,2287.05,2317.06,0
2018-10-30,2311.54,2316.89,2283.13,2299.98,0
2018-10-31,2306.18,2352.71,2306.18,2352.71,0
2018-11-01,2352.94,2366.37,2333.09,2359.33,0
2018-11-02,2364.36,2385.95,2363.64,2377.95,0
2018-11-06,2381.38,2412.31,2381.38,2412.31,0
2018-11-07,2411.46,2445.34,2392.05,2445.34,0
2018-11-08,2446.23,2454.84,2430.84,2438.62,0
2018-11-09,2431.85,2431.85,2385.23,2403.47,0
2018-11-12,2407.97,2425.08,2391.57,2393.81,0
2018-11-13,2388.27,2398.95,2373.61,2374.94,0
2018-11-14,2368.89,2379.67,2346.68,2378.59,0
2018-11-15,2382.43,2396.93,2377.48,2381.45,0
2018-11-16,2384.76,2398.2,2365.2,2372.67,0
2018-11-19,2375.21,2391.72,2368.45,2373.78,0
2018-11-20,2371.71,2371.71,2323.95,2341.6,0
2018-11-21,2339.29,2362.28,2336.18,2357.97,0
2018-11-22,2358.14,2372.06,2348.04,2369.53,0
2018-11-23,2368.39,2368.39,2334.0,2342.97,0
2018-11-26,2344.38,2346.94,2284.3,2308.5,0
2018-11-27,2311.17,2345.01,2310.32,2338.71,0
2018-11-28,2341.11,2386.82,2341.11,2381.12,0
2018-11-29,2387.45,2410.49,2377.92,2398.56,0
2018-11-30,2394.54,2402.14,2378.74,2392.5,0
2018-12-03,2405.18,2446.15,2405.18,2441.19,0
2018-12-04,2440.63,2449.92,2426.71,2443.38,0
2018-12-05,2425.02,2445.55,2409.32,2445.55,0
2018-12-06,2438.79,2438.79,2391.63,2412.31,0
2018-12-07,2415.04,2440.03,2412.7,2431.29,0
2018-12-10,2426.4,2429.72,2396.69,2396.84,0
2018-12-11,2397.71,2408.07,2382.2,2394.26,0
2018-12-12,2392.84,2395.81,2366.76,2370.35,0
2018-12-13,2368.3,2379.18,2359.83,2378.5,0
2018-12-14,2376.87,2376.87,2351.62,2365.69,0
2018-12-17,2363.55,2379.07,2354.87,2359.13,0
2018-12-18,2353.75,2353.75,2321.57,2350.29,0
2018-12-19,2347.28,2360.36,2330.72,2358.58,0
2018-12-20,2348.79,2352.88,2317.57,2352.88,0
2018-12-21,2351.98,2351.98,2330.86,2347.17,0
2018-12-24,2345.98,2346.36,2315.43,2322.27,0
2018-12-25,2318.43,2318.43,2258.27,2290.86,0
2018-12-26,2291.98,2315.98,2291.98,2308.85,0
2018-12-27,2316.66,2340.63,2316.66,2327.81,0
2018-12-28,2329.96,2369.24,2329.96,2358.5,0
2019-01-03,2370.56,2387.21,2350.41,2375.6,0
2019-01-04,2377.71,2406.5,2377.71,2406.5,0
2019-01-08,2400.96,2403.66,2375.01,2389.69,0
2019-01-09,2393.55,2414.13,2393.55,2414.13,0
2019-01-10,2413.27,2434.15,2398.16,2434.15,0
2019-01-11,2435.71,2448.17,2430.45,2444.45,0
2019-01-14,2438.35,2440.15,2418.65,2440.15,0
2019-01-15,2442.26,2457.35,2423.86,2439.55,0
2019-01-16,2440.34,2446.13,2426.8,2434.6,0
2019-01-17,2436.48,2447.64,2425.51,2447.64,0
2019-01-18,2454.19,2473.61,2451.65,2473.61,0
2019-01-21,2473.67,2481.88,2468.18,2468.25,0
2019-01-22,2466.35,2469.87,2454.19,2468.73,0
2019-01-23,2467.91,2493.06,2466.59,2491.49,0
2019-01-24,2490.05,2494.09,2470.3,2482.71,0
2019-01-25,2485.71,2498.23,2482.99,2498.23,0
2019-01-28,2499.19,2502.73,2467.5,2476.81,0
2019-01-29,2475.68,2501.69,2464.25,2498.35,0
2019-01-30,2497.09,2513.77,2492.52,2511.86,0
2019-01-31,2517.89,2536.28,2515.86,2521.1,0
2019-02-01,2520.08,2531.51,2512.76,2521.7,0
2019-02-04,2523.04,2537.47,2519.79,2523.52,0
2019-02-05,2524.35,2549.62,2523.78,2547.27,0
2019-02-06,2547.53,2551.97,2533.92,2539.73,0
2019-02-07,2537.41,2540.45,2506.6,2509.89,0
2019-02-08,2508.85,2511.21,2495.0,2502.82,0
2019-02-11,2503.88,2521.82,2503.76,2510.22,0
2019-02-12,2510.91,2535.66,2510.91,2533.32,0
2019-02-13,2534.57,2535.96,2483.81,2485.76,0
2019-02-14,2468.31,2475.5,2448.41,2460.82,0
2019-02-15,2465.02,2490.16,2465.02,2490.16,0
2019-02-18,2489.79,2494.43,2456.01,2472.41,0
2019-02-19,2471.17,2480.29,2450.17,2458.55,0
2019-02-20,2462.15,2487.82,2462.15,2487.82,0
2019-02-21,2488.44,2494.05,2462.92,2470.23,0
2019-02-22,2470.75,2490.67,2468.14,2488.63,0
2019-02-25,2491.54,2506.94,2481.73,2494.63,0
2019-02-26,2488.43,2494.02,2470.35,2494.02,0
2019-02-27,2495.52,2502.59,2479.44,2490.65,0
2019-02-28,2489.09,2490.57,2468.06,2485.27,0
2019-03-01,2487.44,2494.89,2476.35,2478.01,0
2019-03-04,2478.91,2483.27,2469.5,2473.79,0
2019-03-05,2472.19,2473.76,2458.07,2466.23,0
2019-03-06,2467.7,2497.08,2467.7,2494.04,0
2019-03-07,2491.83,2492.61,2473.31,2476.64,0
2019-03-11,2474.45,2474.54,2459.78,2465.94,0
2019-03-12,2469.6,2479.4,2461.26,2468.25,0
2019-03-13,2468.26,2470.61,2452.09,2470.61,0
2019-03-14,2469.38,2475.85,2454.74,2457.79,0
2019-03-15,2459.78,2476.73,2457.36,2476.73,0
2019-03-18,2477.03,2488.5,2467.45,2483.7,0
2019-03-19,2485.05,2497.18,2484.48,2493.28,0
2019-03-20,2493.37,2504.23,2484.27,2504.23,0
2019-03-21,2505.06,2514.72,2497.99,2507.81,0
2019-03-22,2507.96,2509.96,2486.01,2492.7,0
2019-03-25,2487.89,2499.41,2473.76,2497.59,0
2019-03-26,2498.6,2520.02,2492.36,2512.63,0
2019-03-27,2510.69,2514.48,2487.48,2487.48,0
2019-03-28,2487.7,2497.65,2482.82,2492.4,0
2019-03-29,2493.77,2509.65,2486.72,2497.1,0
2019-04-01,2498.73,2527.06,2498.73,2521.25,0
2019-04-02,2523.03,2532.34,2514.55,2527.77,0
2019-04-03,2530.9,2549.56,2530.9,2532.32,0
2019-04-04,2530.56,2538.36,2523.69,2535.5,0
2019-04-05,2535.5,2548.52,2534.78,2540.99,0
2019-04-08,2542.61,2560.07,2542.61,2560.07,0
2019-04-09,2563.85,2574.07,2556.37,2570.28,0
2019-04-10,2571.7,2591.69,2565.33,2578.58,0
2019-04-11,2578.37,2587.09,2551.45,2551.45,0
2019-04-12,2550.87,2569.84,2547.0,2559.72,0
2019-04-15,2564.48,2569.92,2539.74,2545.12,0
2019-04-16,2547.17,2567.06,2540.35,2559.84,0
2019-04-17,2563.47,2574.81,2560.04,2568.26,0
2019-04-18,2567.34,2567.34,2547.37,2560.8,0
2019-04-19,2561.11,2566.88,2560.73,2563.9,0
2019-04-22,2567.24,2585.76,2567.24,2584.74,0
2019-04-23,2586.06,2599.58,2576.82,2587.48,0
2019-04-24,2587.07,2587.24,2567.38,2579.05,0
2019-04-25,2578.52,2586.93,2558.75,2560.94,0
2019-04-26,2560.7,2563.72,2547.87,2563.72,0
2019-04-29,2564.09,2577.46,2556.71,2569.83,0
2019-04-30,2570.19,2570.33,2552.86,2559.32,0
2019-05-02,2558.81,2580.92,2557.69,2575.22,0
2019-05-03,2574.11,2587.09,2572.84,2580.95,0
2019-05-06,2569.28,2579.75,2552.34,2579.75,0
2019-05-07,2579.59,2583.18,2556.98,2565.1,0
2019-05-08,2563.66,2564.38,2544.43,2544.43,0
2019-05-10,2538.16,2540.33,2511.16,2514.87,0
2019-05-13,2512.23,2531.54,2506.47,2508.87,0
2019-05-14,2508.93,2566.92,2508.93,2562.33,0
2019-05-15,2569.33,2576.56,2549.17,2554.49,0
2019-05-16,2552.69,2590.46,2552.34,2581.11,0
2019-05-17,2576.45,2587.26,2569.1,2577.48,0
2019-05-20,2582.01,2588.39,2567.11,2571.65,0
2019-05-21,2575.15,2619.77,2572.36,2616.53,0
2019-05-22,2619.66,2645.7,2610.46,2638.71,0
2019-05-23,2634.19,2634.19,2615.7,2618.61,0
2019-05-24,2621.94,2642.4,2616.56,2619.24,0
2019-05-27,2620.0,2632.95,2617.63,2632.95,0
2019-05-28,2634.13,2640.81,2596.3,2609.78,0
2019-05-29,2607.11,2642.23,2600.79,2641.15,0
2019-05-30,2645.0,2665.28,2642.27,2659.52,0
2019-05-31,2655.76,2665.42,2639.19,2665.33,0
2019-06-03,2660.64,2743.81,2649.78,2729.93,0
2019-06-04,2726.06,2731.1,2690.13,2706.29,0
2019-06-05,2706.66,2713.82,2690.43,2701.84,0
2019-06-06,2701.55,2731.73,2700.3,2728.25,0
2019-06-07,2734.94,2743.11,2725.43,2729.61,0
2019-06-10,2734.16,2746.8,2725.65,2742.59,0
2019-06-11,2718.13,2759.57,2717.75,2751.75,0
2019-06-13,2750.42,2759.16,2734.4,2758.36,0
2019-06-14,2757.58,2772.06,2738.62,2739.28,0
2019-06-17,2737.97,2757.89,2728.61,2734.31,0
2019-06-18,2732.47,2761.69,2723.99,2761.69,0
2019-06-19,2763.07,2775.83,2751.58,2759.12,0
2019-06-20,2758.53,2788.19,2758.53,2780.2,0
2019-06-21,2777.54,2779.32,2750.54,2761.23,0
2019-06-24,2762.17,2772.37,2758.18,2762.65,0
2019-06-25,2761.39,2763.88,2738.34,2753.96,0
2019-06-26,2754.91,2778.25,2751.51,2775.14,0
2019-06-27,2774.75,2790.59,2765.61,2779.66,0
2019-06-28,2777.94,2786.66,2761.46,2765.85,0
2019-07-01,2777.08,2813.44,2777.08,2801.47,0
2019-07-02,2802.82,2810.02,2795.36,2809.81,0
2019-07-03,2810.1,2827.76,2799.6,2823.95,0
2019-07-04,2823.33,2842.78,2813.66,2842.78,0
2019-07-05,2842.97,2848.4,2827.96,2835.35,0
2019-07-08,2823.14,2823.67,2806.97,2822.55,0
2019-07-09,2821.89,2835.18,2816.79,2822.66,0
2019-07-10,2824.79,2833.18,2808.76,2822.75,0
2019-07-11,2825.2,2828.72,2779.41,2789.66,0
2019-07-12,2787.09,2788.7,2760.46,2777.58,0
2019-07-15,2783.45,2785.8,2755.43,2756.44,0
2019-07-16,2754.05,2757.35,2736.44,2755.88,0
2019-07-17,2715.67,2726.22,2704.28,2713.17,0
2019-07-18,2705.63,2714.55,2694.74,2702.59,0
2019-07-19,2710.44,2726.89,2700.54,2700.57,0
2019-07-22,2699.31,2705.07,2684.25,2684.25,0
2019-07-23,2686.98,2709.24,2683.39,2701.06,0
2019-07-24,2706.73,2708.5,2677.35,2682.91,0
2019-07-25,2679.38,2723.44,2665.21,2701.02,0
2019-07-26,2697.21,2733.32,2694.84,2715.68,0
2019-07-29,2715.74,2732.86,2714.44,2728.27,0
2019-07-30,2730.38,2735.21,2714.01,2734.68,0
2019-07-31,2737.8,2750.06,2723.54,2739.5,0
2019-08-01,2727.68,2737.91,2722.48,2729.42,0
2019-08-02,2707.65,2716.6,2673.97,2674.9,0
2019-08-05,2666.85,2676.61,2645.12,2649.16,0
2019-08-06,2654.34,2686.86,2654.11,2683.35,0
2019-08-07,2683.11,2696.53,2666.41,2674.98,0
2019-08-08,2693.17,2707.62,2693.17,2696.69,0
2019-08-09,2696.65,2700.95,2678.07,2679.71,0
2019-08-12,2687.12,2698.39,2682.05,2689.93,0
2019-08-13,2688.92,2697.53,2665.35,2680.12,0
2019-08-14,2684.63,2687.93,2630.82,2637.04,0
2019-08-15,2643.53,2651.23,2620.2,2625.58,0
2019-08-16,2636.29,2640.92,2615.2,2615.2,0
2019-08-19,2627.47,2653.31,2619.39,2648.09,0
2019-08-20,2651.1,2675.26,2647.4,2672.84,0
2019-08-21,2677.55,2679.46,2665.1,2673.95,0
2019-08-22,2673.77,2680.65,2662.31,2675.13,0
2019-08-23,2679.23,2682.95,2656.97,2660.74,0
2019-08-26,2651.09,2672.19,2640.05,2658.24,0
2019-08-27,2660.76,2663.14,2636.99,2659.35,0
2019-08-28,2658.17,2677.99,2649.54,2677.31,0
2019-08-29,2679.8,2714.37,2679.11,2714.25,0
2019-08-30,2716.69,2740.04,2715.3,2740.04,0
2019-09-02,2742.3,2774.77,2735.11,2773.01,0
2019-09-03,2770.86,2781.06,2757.85,2774.2,0
2019-09-04,2787.37,2799.84,2784.96,2793.36,0
2019-09-05,2800.97,2815.84,2796.19,2807.06,0
2019-09-06,2805.95,2805.95,2780.76,2797.55,0
2019-09-09,2802.49,2810.91,2777.63,2786.63,0
2019-09-10,2784.8,2791.02,2767.29,2787.52,0
2019-09-11,2788.19,2819.75,2782.95,2817.05,0
2019-09-12,2816.06,2816.06,2789.14,2799.99,0
2019-09-13,2795.85,2801.28,2777.23,2791.74,0
2019-09-16,2810.78,2834.32,2803.89,2834.32,0
2019-09-17,2832.42,2847.01,2807.33,2820.86,0
2019-09-18,2818.93,2824.25,2809.67,2818.6,0
2019-09-19,2815.49,2816.57,2794.17,2794.77,0
2019-09-20,2794.82,2796.41,2777.83,2796.41,0
2019-09-23,2793.03,2793.03,2769.6,2785.46,0
2019-09-24,2785.57,2789.61,2749.86,2754.53,0
2019-09-25,2749.13,2760.29,2739.11,2760.29,0
2019-09-26,2755.6,2779.78,2754.84,2772.7,0
2019-09-27,2772.58,2777.19,2757.98,2757.98,0
2019-09-30,2759.94,2764.31,2744.47,2747.18,0
2019-10-01,2749.83,2781.33,2748.51,2758.83,0
2019-10-02,2756.86,2758.5,2716.73,2719.39,0
2019-10-03,2719.65,2722.74,2696.58,2707.47,0
2019-10-04,2707.9,2717.7,2687.0,2692.55,0
2019-10-07,2695.54,2721.16,2686.15,2719.22,0
2019-10-08,2720.17,2724.62,2700.46,2707.89,0
2019-10-09,2704.71,2724.83,2702.56,2713.02,0
2019-10-10,2709.39,2725.49,2695.82,2721.51,0
2019-10-11,2723.36,2733.78,2703.85,2708.07,0
2019-10-14,2710.56,2716.15,2692.59,2697.46,0
2019-10-15,2696.6,2715.26,2691.29,2715.26,0
2019-10-16,2714.81,2745.0,2714.81,2744.35,0
2019-10-17,2744.43,2754.7,2738.92,2748.64,0
2019-10-18,2747.8,2758.73,2742.24,2752.91,0
2019-10-21,2759.79,2767.76,2751.95,2761.15,0
2019-10-22,2766.21,2802.23,2762.49,2802.23,0
2019-10-23,2797.44,2821.89,2789.75,2821.58,0
2019-10-24,2822.37,2877.05,2822.1,2877.05,0
2019-10-25,2876.1,2879.42,2848.4,2873.41,0
2019-10-28,2879.37,2899.65,2850.32,2856.91,0
2019-10-29,2858.42,2886.48,2845.28,2886.48,0
2019-10-30,2882.07,2913.48,2874.17,2911.15,0
2019-10-31,2917.22,2936.26,2884.3,2893.98,0
2019-11-01,2895.47,2930.4,2886.59,2930.4,0
2019-11-05,2950.78,2965.48,2936.48,2949.55,0
2019-11-06,2949.7,2980.84,2935.15,2980.84,0
2019-11-07,2977.67,3009.11,2966.2,3008.54,0
2019-11-08,2997.85,2997.85,2958.55,2973.19,0
2019-11-11,2965.84,2972.39,2953.23,2961.46,0
2019-11-12,2963.7,2983.48,2944.0,2951.16,0
2019-11-13,2942.4,2942.4,2924.23,2933.89,0
2019-11-14,2938.6,2948.98,2902.91,2922.45,0
2019-11-15,2925.31,2938.15,2914.05,2934.82,0
2019-11-18,2947.39,2956.59,2914.25,2924.48,0
2019-11-19,2928.1,2942.49,2923.1,2941.69,0
2019-11-20,2935.64,2948.89,2914.95,2936.47,0
2019-11-21,2940.78,2947.57,2930.68,2942.6,0
2019-11-22,2939.36,2968.47,2935.21,2947.68,0
2019-11-25,2953.11,2959.76,2945.33,2955.32,0
2019-11-26,2954.84,2963.92,2922.89,2930.62,0
2019-11-27,2932.25,2945.6,2922.48,2929.05,0
2019-11-28,2926.3,2931.48,2911.8,2927.57,0
2019-11-29,2925.76,2936.24,2911.56,2935.37,0
2019-12-02,2937.69,2958.84,2920.33,2921.18,0
2019-12-03,2917.46,2922.81,2882.65,2883.48,0
2019-12-04,2887.39,2909.11,2875.5,2900.66,0
2019-12-05,2903.5,2909.59,2882.8,2899.29,0
2019-12-06,2900.78,2928.76,2897.56,2928.76,0
2019-12-09,2932.08,2947.68,2926.1,2945.03,0
2019-12-10,2943.03,2948.94,2920.93,2932.4,0
2019-12-11,2932.43,2959.12,2932.43,2954.4,0
2019-12-12,2966.24,2996.82,2965.1,2982.86,0
2019-12-13,2990.92,3000.1,2984.92,2996.63,0
2019-12-16,3001.42,3012.21,2994.44,3006.16,0
2019-12-17,3012.49,3019.95,3005.61,3013.29,0
2019-12-18,3011.37,3023.92,3004.27,3023.92,0
2019-12-19,3012.29,3027.88,2998.05,3008.39,0
2019-12-20,3015.64,3021.05,3004.21,3015.93,0
2019-12-23,3009.89,3033.81,3009.07,3033.81,0
2019-12-24,3035.86,3039.92,3025.92,3030.59,0
2019-12-25,3032.41,3036.81,3024.89,3030.84,0
2019-12-26,3025.58,3034.63,3021.62,3031.67,0
2019-12-27,3029.12,3054.03,3029.12,3050.47,0
2019-12-30,3051.41,3060.2,3042.34,3045.87,0
2020-01-03,3059.2,3086.09,3057.36,3076.37,0
2020-01-06,3075.55,3079.42,3059.47,3078.87,0
2020-01-08,3076.63,3112.01,3071.88,3110.06,0
2020-01-09,3105.21,3124.6,3094.85,3118.08,0
2020-01-10,3117.24,3130.92,3101.21,3123.66,0
2020-01-13,3124.96,3151.69,3117.03,3151.69,0
2020-01-14,3155.63,3166.07,3126.0,3129.77,0
2020-01-15,3128.38,3148.29,3106.41,3132.63,0
2020-01-16,3137.52,3163.2,3137.52,3157.23,0
2020-01-17,3161.25,3198.32,3159.23,3196.88,0
2020-01-20,3205.64,3226.89,3204.32,3219.92,0
2020-01-21,3212.72,3213.38,3185.65,3209.22,0
2020-01-22,3212.91,3222.93,3174.62,3174.62,0
2020-01-23,3162.68,3170.41,3135.15,3141.2,0
2020-01-24,3147.28,3165.86,3134.7,3146.2,0
2020-01-27,3123.71,3123.71,3076.68,3085.16,0
2020-01-28,3097.71,3115.62,3068.67,3113.1,0
2020-01-29,3125.91,3140.77,3115.64,3128.8,0
2020-01-30,3108.38,3121.54,3096.31,3108.58,0
2020-01-31,3133.4,3143.29,3076.65,3076.65,0
2020-02-03,3062.27,3085.89,3058.48,3070.84,0
2020-02-04,3082.2,3105.98,3071.79,3097.6,0
2020-02-05,3105.52,3137.97,3083.26,3114.25,0
2020-02-06,3132.84,3145.15,3086.91,3096.68,0
2020-02-07,3101.08,3108.28,3056.85,3087.63,0
2020-02-10,3088.63,3092.93,3049.33,3062.41,0
2020-02-11,3072.39,3109.22,3069.9,3097.58,0
2020-02-12,3103.81,3122.27,3095.7,3122.27,0
2020-02-13,3116.99,3122.19,3096.98,3110.05,0
2020-02-14,3113.72,3120.89,3084.57,3096.88,0
2020-02-17,3097.18,3110.06,3092.45,3110.06,0
2020-02-18,3103.71,3104.42,3064.15,3074.05,0
2020-02-19,3089.09,3117.84,3086.41,3114.57,0
2020-02-20,3120.51,3139.59,3117.5,3125.1,0
2020-02-21,3109.86,3129.24,3098.76,3106.03,0
2020-02-25,3058.33,3073.27,3002.68,3002.68,0
2020-02-26,2994.22,3026.26,2958.46,3017.42,0
2020-02-27,2989.18,3002.2,2910.46,2915.84,0
2020-02-28,2850.11,2855.32,2744.18,2785.08,0
2020-03-02,2829.47,2875.3,2714.36,2765.77,0
2020-03-03,2817.58,2844.04,2789.76,2821.37,0
2020-03-04,2799.18,2841.13,2779.85,2828.01,0
2020-03-05,2852.42,2861.6,2800.43,2816.7,0
2020-03-06,2773.53,2782.77,2680.06,2719.51,0
2020-03-10,2502.7,2661.63,2435.62,2498.94,0
2020-03-11,2532.72,2555.43,2457.36,2492.88,0
2020-03-12,2413.02,2413.02,2277.58,2286.4,0
2020-03-13,2277.66,2418.15,2275.16,2316.38,0
2020-03-16,2297.04,2301.19,2179.12,2266.9,0
2020-03-17,2263.62,2313.34,2172.46,2224.74,0
2020-03-18,2192.79,2205.41,2097.84,2112.64,0
2020-03-19,2134.43,2288.09,2073.87,2275.7,0
2020-03-20,2327.27,2418.74,2314.75,2331.61,0
2020-03-23,2257.88,2321.76,2213.49,2253.35,0
2020-03-24,2349.47,2435.27,2341.21,2415.97,0
2020-03-25,2459.3,2518.38,2372.34,2452.69,0
2020-03-26,2448.76,2514.92,2403.6,2489.97,0
2020-03-27,2491.7,2498.33,2378.88,2401.11,0
2020-03-30,2377.21,2435.53,2357.53,2433.35,0
2020-03-31,2466.28,2526.13,2459.19,2508.81,0
2020-04-01,2465.56,2491.66,2449.01,2473.61,0
2020-04-02,2528.72,2562.54,2470.85,2545.95,0
2020-04-03,2547.15,2609.16,2533.06,2572.23,0
2020-04-06,2597.28,2639.56,2576.28,2622.59,0
2020-04-07,2648.74,2688.67,2612.96,2634.74,0
2020-04-08,2617.66,2670.12,2603.99,2670.12,0
2020-04-09,2693.58,2713.5,2643.98,2701.77,0
2020-04-10,2678.3,2680.89,2656.45,2677.86,0
2020-04-13,2675.73,2677.9,2610.61,2628.85,0
2020-04-14,2649.34,2667.58,2619.91,2631.83,0
2020-04-15,2617.19,2617.19,2489.99,2498.94,0
2020-04-16,2511.55,2550.84,2468.65,2515.05,0
2020-04-17,2550.95,2556.42,2516.87,2534.97,0
2020-04-20,2524.31,2546.14,2502.38,2525.97,0
2020-04-21,2487.63,2500.18,2431.98,2488.02,0
2020-04-22,2474.32,2584.68,2471.23,2573.41,0
2020-04-23,2600.28,2620.24,2558.32,2599.41,0
2020-04-24,2588.29,2596.97,2551.66,2562.03,0
2020-04-27,2570.69,2597.64,2557.81,2570.91,0
2020-04-28,2567.74,2644.79,2566.92,2612.24,0
2020-04-29,2629.24,2669.47,2617.34,2663.14,0
2020-04-30,2683.86,2700.97,2629.57,2650.56,0
2020-05-04,2623.89,2641.03,2599.74,2624.64,0
2020-05-05,2652.92,2666.38,2634.49,2653.51,0
2020-05-06,2659.08,2674.94,2626.68,2632.1,0
2020-05-07,2632.87,2664.99,2627.43,2634.0,0
2020-05-08,2647.8,2648.45,2613.83,2641.55,0
2020-05-12,2635.51,2651.97,2620.35,2642.04,0
2020-05-13,2630.79,2630.79,2601.25,2604.98,0
2020-05-14,2596.13,2606.95,2564.44,2590.31,0
2020-05-15,2616.14,2633.29,2593.91,2593.91,0
2020-05-18,2623.61,2694.25,2623.61,2694.25,0
2020-05-19,2702.34,2720.06,2683.81,2711.72,0
2020-05-20,2706.07,2771.27,2700.64,2770.79,0
2020-05-21,2767.97,2794.6,2702.67,2718.67,0
2020-05-22,2691.58,2718.48,2687.18,2709.38,0
2020-05-25,2718.72,2757.93,2718.72,2757.93,0
2020-05-26,2777.72,2796.85,2750.51,2754.04,0
2020-05-27,2748.25,2780.05,2711.9,2741.02,0
2020-05-28,2748.03,2781.25,2737.94,2779.98,0
2020-05-29,2766.62,2766.62,2717.8,2734.83,0
2020-06-01,2761.23,2773.56,2733.28,2750.24,0
2020-06-02,2760.63,2796.52,2754.85,2796.51,0
2020-06-03,2812.82,2835.06,2792.24,2831.08,0
2020-06-04,2822.59,2825.48,2757.61,2766.26,0
2020-06-05,2780.32,2800.81,2769.51,2792.74,0
2020-06-08,2806.81,2825.31,2782.92,2796.3,0
2020-06-09,2804.36,2813.48,2765.15,2795.9,0
2020-06-10,2795.1,2803.35,2768.3,2785.18,0
2020-06-11,2756.98,2758.83,2726.15,2743.8,0
2020-06-15,2705.64,2720.4,2670.41,2719.06,0
2020-06-16,2745.49,2779.71,2741.84,2748.3,0
2020-06-17,2758.97,2771.26,2733.9,2740.1,0
2020-06-18,2734.84,2738.04,2700.54,2724.33,0
2020-06-19,2739.04,2769.86,2738.45,2758.67,0
2020-06-22,2754.42,2763.29,2726.65,2763.29,0
2020-06-23,2773.33,2794.43,2767.46,2791.97,0
2020-06-25,2750.08,2771.6,2740.02,2760.75,0
2020-06-26,2780.02,2784.89,2746.78,2761.74,0
2020-06-29,2749.54,2767.95,2737.86,2767.95,0
2020-06-30,2770.69,2778.09,2743.2,2743.2,0
2020-07-02,2762.56,2789.92,2758.92,2788.79,0
2020-07-03,2789.27,2803.32,2782.65,2801.66,0
2020-07-06,2825.88,2855.94,2825.51,2835.18,0
2020-07-07,2829.33,2835.76,2814.4,2825.21,0
2020-07-08,2815.52,2823.0,2806.5,2815.83,0
2020-07-09,2805.85,2810.74,2773.48,2782.43,0
2020-07-10,2768.67,2800.94,2765.49,2800.94,0
2020-07-13,2805.52,2818.1,2765.09,2766.79,0
2020-07-14,2751.98,2752.09,2703.35,2744.54,0
2020-07-15,2728.59,2763.2,2724.35,2747.91,0
2020-07-16,2741.68,2762.68,2734.3,2760.01,0
2020-07-17,2757.04,2774.79,2752.51,2774.79,0
2020-07-20,2771.85,2802.24,2758.69,2802.24,0
2020-07-21,2814.99,2849.18,2813.4,2825.71,0
2020-07-22,2824.5,2844.12,2815.03,2834.65,0
2020-07-23,2848.41,2866.78,2843.93,2851.79,0
2020-07-24,2835.15,2863.12,2822.26,2863.12,0
2020-07-27,2869.69,2896.28,2869.69,2884.88,0
2020-07-28,2891.34,2907.03,2877.4,2895.45,0
2020-07-29,2893.54,2918.42,2889.69,2918.42,0
2020-07-30,2915.94,2919.35,2869.99,2882.63,0
2020-07-31,2902.81,2917.69,2899.58,2911.57,0
2020-08-03,2917.68,2942.77,2911.19,2929.97,0
2020-08-04,2934.91,2942.06,2923.36,2940.46,0
2020-08-05,2954.41,2994.08,2952.15,2992.78,0
2020-08-06,2998.53,3004.83,2981.79,2988.5,0
2020-08-07,2992.26,2994.46,2968.48,2972.35,0
2020-08-10,2976.49,2998.78,2960.78,2960.78,0
2020-08-11,2959.29,3012.58,2959.29,3005.63,0
2020-08-12,2990.9,3053.99,2985.25,3053.99,0
2020-08-13,3057.63,3081.15,3047.74,3080.44,0
2020-08-14,3075.96,3075.96,3044.71,3061.99,0
2020-08-17,3070.81,3090.42,3041.99,3052.46,0
2020-08-18,3056.72,3073.85,3048.31,3050.7,0
2020-08-19,3048.22,3073.84,3041.43,3056.54,0
2020-08-20,3044.92,3044.92,2993.69,2993.69,0
2020-08-21,3013.4,3024.71,2973.11,2995.61,0
2020-08-24,3005.86,3036.63,3005.86,3029.42,0
2020-08-25,3042.58,3051.27,3020.46,3029.05,0
2020-08-26,3041.19,3053.9,3024.04,3051.97,0
2020-08-27,3051.2,3056.25,3002.1,3012.01,0
2020-08-28,3015.7,3015.7,2976.34,2980.17,0
2020-08-31,2993.02,3012.44,2962.06,2966.2,0
2020-09-01,2976.07,2993.28,2967.96,2975.0,0
2020-09-02,2989.76,3002.25,2946.29,2956.5,0
2020-09-03,2954.62,2967.61,2917.24,2931.92,0
2020-09-04,2920.22,2944.66,2910.39,2921.55,0
2020-09-07,2929.38,2947.17,2925.55,2932.29,0
2020-09-08,2937.18,2948.88,2875.96,2888.79,0
2020-09-09,2880.83,2899.17,2872.92,2876.07,0
2020-09-10,2888.09,2897.55,2858.65,2897.55,0
2020-09-11,2888.92,2911.71,2874.47,2910.51,0
2020-09-14,2918.29,2938.24,2918.29,2928.38,0
2020-09-15,2936.42,2982.2,2932.36,2980.58,0
2020-09-16,2982.49,2990.74,2960.68,2975.01,0
2020-09-17,2947.54,2974.54,2945.78,2971.74,0
2020-09-18,2976.1,2977.13,2944.22,2951.79,0
2020-09-21,2946.18,2946.18,2857.78,2863.67,0
2020-09-22,2874.0,2907.98,2868.38,2884.66,0
2020-09-23,2933.33,2968.55,2916.27,2916.39,0
2020-09-24,2905.55,2920.46,2880.39,2912.76,0
2020-09-25,2912.83,2912.83,2870.16,2896.83,0
2020-09-28,2909.62,2938.94,2909.62,2927.17,0
2020-09-29,2935.77,2947.75,2889.22,2910.12,0
2020-09-30,2908.55,2920.03,2893.8,2905.81,0
2020-10-01,2911.08,2919.25,2882.81,2889.8,0
2020-10-02,2840.72,2859.01,2824.69,2852.42,0
2020-10-05,2860.53,2882.94,2845.63,2881.98,0
2020-10-06,2885.38,2906.65,2883.69,2892.99,0
2020-10-07,2883.58,2888.2,2838.45,2842.58,0
2020-10-08,2850.65,2859.87,2837.05,2846.39,0
2020-10-09,2842.59,2842.59,2811.05,2834.09,0
2020-10-12,2834.33,2862.36,2827.52,2846.14,0
2020-10-13,2846.04,2859.52,2822.97,2829.23,0
2020-10-14,2829.88,2857.47,2824.12,2856.08,0
2020-10-15,2849.24,2850.11,2803.9,2817.29,0
2020-10-16,2819.04,2819.04,2785.85,2799.54,0
2020-10-19,2797.65,2809.42,2787.5,2794.27,0
2020-10-20,2785.99,2817.73,2774.16,2803.06,0
2020-10-21,2811.87,2816.9,2782.36,2786.23,0
2020-10-22,2784.18,2814.12,2783.37,2803.17,0
2020-10-23,2807.3,2826.53,2799.63,2816.7,0
2020-10-26,2812.48,2819.05,2785.59,2785.59,0
2020-10-27,2784.13,2790.19,2758.0,2763.03,0
2020-10-28,2758.84,2758.84,2680.83,2693.46,0
2020-10-29,2704.5,2728.97,2682.68,2709.04,0
2020-10-30,2698.94,2706.34,2664.44,2690.59,0
2020-11-02,2681.19,2743.98,2658.49,2737.54,0
2020-11-03,2753.97,2791.77,2750.26,2786.42,0
2020-11-05,2824.45,2869.91,2812.67,2861.39,0
2020-11-06,2845.74,2896.07,2832.98,2895.62,0
2020-11-09,2919.08,2988.88,2910.42,2987.75,0
2020-11-10,2965.92,3013.57,2943.43,2998.61,0
2020-11-11,3004.63,3031.69,3004.2,3015.03,0
2020-11-12,2997.79,3028.52,2988.03,3025.83,0
2020-11-13,3007.16,3027.45,2995.17,3025.22,0
2020-11-16,3054.35,3081.28,3046.77,3079.74,0
2020-11-17,3081.05,3087.19,3027.76,3052.22,0
2020-11-18,3046.02,3086.77,3035.57,3080.68,0
2020-11-19,3067.06,3071.25,3040.66,3046.49,0
2020-11-20,3050.81,3060.91,3035.56,3051.04,0
2020-11-23,3066.64,3094.06,3042.61,3047.06,0
2020-11-24,3071.8,3098.83,3053.16,3095.84,0
2020-11-25,3111.75,3134.71,3089.16,3134.52,0
2020-11-26,3141.43,3149.9,3119.46,3138.62,0
2020-11-27,3132.55,3150.78,3112.44,3142.68,0
2020-11-30,3130.88,3134.79,3093.77,3107.58,0
2020-12-01,3113.06,3159.03,3113.06,3147.79,0
2020-12-02,3150.66,3189.61,3139.92,3189.61,0
2020-12-03,3185.78,3192.98,3141.4,3162.67,0
2020-12-04,3171.44,3200.23,3171.44,3184.72,0
2020-12-07,3179.14,3208.53,3172.29,3195.08,0
2020-12-08,3184.93,3198.1,3150.84,3179.61,0
2020-12-09,3184.24,3226.48,3182.54,3211.66,0
2020-12-10,3194.03,3258.31,3189.04,3258.31,0
2020-12-11,3257.47,3278.24,3248.11,3276.58,0
2020-12-14,3293.0,3314.2,3249.36,3254.83,0
2020-12-15,3252.68,3284.84,3237.87,3248.11,0
2020-12-16,3259.89,3275.68,3242.7,3269.95,0
2020-12-17,3277.67,3318.39,3274.45,3282.67,0
2020-12-18,3281.59,3283.32,3245.25,3273.75,0
2020-12-21,3246.9,3246.9,3170.03,3186.38,0
2020-12-22,3179.69,3249.19,3175.51,3236.46,0
2020-12-23,3224.02,3255.4,3218.19,3252.1,0
2020-12-24,3253.73,3264.6,3230.62,3236.88,0
2020-12-25,3236.38,3248.63,3228.74,3246.35,0
2020-12-28,3249.41,3267.61,3249.41,3258.95,0
2020-12-29,3269.71,3282.23,3264.33,3274.67,0
2020-12-30,3276.04,3294.62,3267.39,3289.02,0
2021-01-04,3306.12,3350.81,3304.17,3350.51,0
2021-01-05,3327.94,3365.32,3301.88,3359.15,0
2021-01-06,3373.37,3380.63,3344.43,3371.03,0
2021-01-08,3390.23,3474.66,3390.23,3454.82,0
2021-01-11,3455.67,3516.9,3436.66,3482.48,0
2021-01-12,3494.6,3520.66,3451.87,3471.65,0
2021-01-13,3487.92,3504.56,3448.94,3470.26,0
2021-01-14,3461.83,3507.71,3439.01,3490.85,0
2021-01-15,3486.02,3509.24,3448.54,3450.95,0
2021-01-18,3440.56,3475.18,3426.11,3471.92,0
2021-01-19,3479.53,3491.93,3439.64,3443.23,0
2021-01-20,3453.54,3482.03,3447.81,3466.8,0
2021-01-21,3481.74,3489.07,3407.22,3422.67,0
2021-01-22,3404.36,3404.36,3362.01,3382.92,0
2021-01-25,3399.28,3425.78,3385.74,3397.48,0
2021-01-26,3384.99,3408.13,3374.1,3390.76,0
2021-01-27,3398.38,3408.64,3333.04,3343.62,0
2021-01-28,3319.16,3359.1,3307.42,3342.01,0
2021-01-29,3335.13,3337.01,3272.53,3277.08,0
2021-02-01,3287.96,3305.91,3268.52,3291.14,0
2021-02-02,3324.24,3366.13,3321.7,3360.25,0
2021-02-03,3351.99,3376.83,3332.5,3343.46,0
2021-02-04,3356.23,3384.48,3351.94,3372.0,0
2021-02-05,3396.97,3406.22,3368.58,3392.73,0
2021-02-08,3412.97,3448.79,3412.97,3445.9,0
2021-02-09,3461.15,3466.51,3424.39,3426.86,0
2021-02-10,3437.76,3447.05,3393.98,3399.66,0
2021-02-11,3405.33,3416.4,3390.22,3414.32,0
2021-02-12,3403.07,3427.08,3343.82,3427.08,0
2021-02-15,3461.94,3483.34,3455.95,3481.9,0
2021-02-16,3502.04,3510.77,3475.58,3495.26,0
2021-02-17,3491.81,3505.19,3431.83,3436.8,0
2021-02-18,3451.69,3461.15,3395.98,3400.17,0
2021-02-19,3398.4,3460.85,3380.89,3457.68,0
2021-02-22,3447.57,3456.26,3415.37,3433.93,0
2021-02-24,3426.07,3433.09,3385.01,3385.48,0
2021-02-25,3412.16,3429.2,3391.77,3409.76,0
2021-02-26,3354.45,3385.74,3332.32,3346.64,0
2021-03-01,3369.68,3393.93,3354.09,3386.16,0
2021-03-02,3380.35,3418.11,3375.48,3410.1,0
2021-03-03,3432.88,3450.76,3408.47,3416.04,0
2021-03-04,3403.01,3416.04,3366.76,3397.56,0
2021-03-05,3378.68,3432.98,3367.33,3414.13,0
2021-03-09,3426.48,3491.12,3426.33,3478.72,0
2021-03-10,3476.91,3514.35,3455.42,3463.06,0
2021-03-11,3481.26,3508.51,3472.4,3508.51,0
2021-03-12,3515.44,3539.5,3502.37,3539.5,0
2021-03-15,3562.69,3596.31,3558.62,3584.49,0
2021-03-16,3600.68,3602.18,3544.29,3589.83,0
2021-03-17,3579.06,3587.24,3498.17,3507.91,0
2021-03-18,3533.69,3551.3,3494.99,3504.85,0
2021-03-19,3473.84,3495.98,3448.99,3475.26,0
2021-03-22,3479.06,3498.17,3469.09,3489.07,0
2021-03-23,3481.11,3483.34,3450.98,3467.21,0
2021-03-24,3459.99,3489.96,3445.92,3485.33,0
2021-03-25,3477.87,3479.83,3434.84,3439.3,0
2021-03-26,3476.01,3500.74,3476.01,3489.83,0
2021-03-29,3500.41,3535.21,3498.62,3529.33,0
2021-03-30,3535.72,3549.09,3504.06,3525.23,0
2021-03-31,3525.56,3542.0,3510.4,3541.72,0
2021-04-01,3556.28,3576.79,3526.22,3527.54,0
2021-04-02,3553.89,3564.31,3538.01,3558.22,0
2021-04-05,3555.24,3555.83,3516.22,3524.93,0
2021-04-06,3536.26,3541.04,3484.84,3493.89,0
2021-04-07,3484.22,3518.13,3460.39,3500.34,0
2021-04-08,3513.21,3528.39,3495.34,3507.83,0
2021-04-09,3510.2,3511.27,3480.85,3486.03,0
2021-04-12,3476.51,3541.7,3472.37,3522.65,0
2021-04-13,3533.3,3542.63,3511.23,3526.3,0
2021-04-14,3567.53,3576.89,3546.86,3576.89,0
2021-04-15,3532.13,3578.77,3527.5,3568.51,0
2021-04-16,3578.01,3598.44,3564.97,3598.44,0
2021-04-19,3598.47,3605.49,3565.39,3574.08,0
2021-04-20,3581.37,3596.19,3536.41,3552.41,0
2021-04-21,3554.83,3572.63,3545.15,3561.72,0
2021-04-22,3576.69,3607.75,3557.88,3600.35,0
2021-04-23,3598.76,3600.18,3579.25,3597.17,0
2021-04-26,3603.13,3613.37,3589.27,3610.98,0
2021-04-27,3615.57,3627.91,3586.39,3600.6,0
2021-04-28,3608.89,3613.11,3558.24,3578.12,0
2021-04-29,3609.38,3616.95,3565.58,3571.05,0
2021-04-30,3574.03,3584.64,3536.53,3544.0,0
2021-05-04,3557.62,3594.69,3556.08,3577.21,0
2021-05-05,3602.17,3644.15,3600.88,3643.56,0
2021-05-06,3636.71,3661.28,3634.45,3658.27,0
2021-05-07,3678.19,3688.81,3667.77,3682.69,0
2021-05-10,3684.18,3713.49,3675.13,3694.78,0
2021-05-11,3644.29,3658.81,3625.97,3652.05,0
2021-05-12,3659.63,3674.35,3643.22,3654.14,0
2021-05-13,3634.18,3647.27,3600.8,3637.38,0
2021-05-14,3654.73,3659.34,3623.72,3637.6,0
2021-05-17,3645.13,3658.78,3618.75,3639.61,0
2021-05-18,3670.16,3700.19,3670.1,3687.96,0
2021-05-19,3693.82,3693.82,3619.54,3634.76,0
2021-05-20,3650.07,3658.27,3603.4,3636.16,0
2021-05-21,3637.5,3667.87,3620.6,3660.48,0
2021-05-24,3665.96,3674.77,3651.09,3662.51,0
2021-05-25,3682.42,3693.39,3672.27,3686.76,0
2021-05-26,3695.29,3717.33,3694.13,3711.05,0
2021-05-27,3708.77,3738.68,3694.59,3738.68,0
2021-05-28,3750.46,3752.8,3724.52,3730.55,0
2021-05-31,3713.99,3731.27,3713.99,3721.63,0
2021-06-01,3739.57,3784.59,3739.57,3764.59,0
2021-06-02,3771.32,3817.68,3769.47,3817.68,0
2021-06-03,3833.77,3837.73,3777.98,3805.45,0
2021-06-04,3805.94,3816.24,3766.62,3807.43,0
2021-06-07,3807.96,3827.66,3793.96,3822.21,0
2021-06-08,3819.52,3833.17,3799.07,3807.43,0
2021-06-09,3821.8,3843.41,3805.82,3843.28,0
2021-06-10,3835.21,3847.89,3822.01,3827.71,0
2021-06-11,3838.98,3849.32,3828.62,3841.53,0
2021-06-14,3845.81,3862.39,3842.75,3860.18,0
2021-06-15,3864.36,3865.2,3819.64,3822.4,0
2021-06-16,3821.45,3836.91,3803.54,3829.67,0
2021-06-17,3807.32,3832.61,3801.98,3819.07,0
2021-06-18,3809.99,3813.5,3775.82,3802.95,0
2021-06-21,3797.23,3816.85,3785.49,3813.45,0
2021-06-22,3831.61,3835.86,3809.71,3821.68,0
2021-06-23,3836.12,3847.22,3820.5,3837.15,0
2021-06-24,3833.73,3839.64,3800.5,3823.44,0
2021-06-25,3818.97,3833.32,3805.7,3831.84,0
2021-06-28,3833.72,3852.83,3822.81,3825.57,0
2021-06-29,3817.72,3821.59,3768.24,3790.85,0
2021-06-30,3799.42,3847.3,3779.28,3841.85,0
2021-07-01,3843.28,3879.5,3843.16,3858.32,0
2021-07-02,3853.81,3877.23,3843.9,3865.42,0
2021-07-05,3874.81,3882.59,3863.09,3882.59,0
2021-07-06,3896.82,3915.0,3878.39,3884.3,0
2021-07-07,3881.88,3912.39,3879.72,3895.1,0
2021-07-08,3882.15,3883.47,3839.4,3861.08,0
2021-07-09,3865.62,3874.96,3850.57,3855.31,0
2021-07-12,3864.26,3882.6,3848.45,3875.61,0
2021-07-13,3888.32,3891.54,3852.54,3877.03,0
2021-07-14,3851.16,3862.73,3829.59,3832.85,0
2021-07-15,3826.45,3832.5,3789.31,3799.97,0
2021-07-16,3795.03,3812.49,3756.01,3770.15,0
2021-07-19,3743.97,3744.27,3679.79,3693.42,0
2021-07-20,3707.23,3719.09,3679.44,3704.4,0
2021-07-21,3718.92,3738.33,3701.95,3722.96,0
2021-07-22,3746.35,3758.58,3724.29,3754.44,0
2021-07-23,3760.33,3767.4,3724.74,3734.54,0
2021-07-26,3724.2,3755.52,3710.14,3750.1,0
2021-07-27,3756.79,3762.89,3733.1,3733.1,0
2021-07-28,3747.25,3782.28,3743.46,3782.28,0
2021-07-29,3794.4,3806.83,3789.57,3804.33,0
2021-07-30,3789.33,3793.4,3759.83,3771.58,0
2021-08-02,3791.22,3801.24,3781.43,3788.1,0
2021-08-03,3782.41,3797.3,3771.8,3793.69,0
2021-08-04,3808.44,3814.63,3795.75,3810.62,0
2021-08-05,3803.91,3833.81,3801.16,3833.75,0
2021-08-06,3836.49,3837.35,3802.44,3805.36,0
2021-08-09,3795.48,3839.72,3790.63,3835.11,0
2021-08-10,3847.12,3867.09,3843.42,3862.32,0
2021-08-11,3875.23,3886.78,3856.61,3877.37,0
2021-08-12,3879.01,3897.92,3877.23,3888.86,0
2021-08-13,3882.62,3895.05,3866.67,3873.0,0
2021-08-16,3862.32,3896.96,3855.62,3895.31,0
2021-08-17,3893.85,3944.37,3893.44,3943.01,0
2021-08-18,3948.43,3949.07,3912.24,3925.17,0
2021-08-19,3883.2,3883.42,3841.15,3853.98,0
2021-08-20,3868.79,3871.43,3826.27,3832.7,0
2021-08-23,3861.99,3884.51,3856.21,3883.01,0
2021-08-24,3897.56,3904.99,3864.37,3888.87,0
2021-08-25,3891.8,3895.62,3868.64,3886.64,0
2021-08-26,3876.99,3876.99,3838.63,3851.57,0
2021-08-27,3864.11,3887.38,3844.49,3887.38,0
2021-08-30,3900.96,3928.5,3900.96,3928.5,0
2021-08-31,3934.1,3938.68,3904.72,3918.96,0
2021-09-01,3924.32,3972.68,3924.32,3971.02,0
2021-09-02,3983.68,3994.77,3968.06,3990.77,0
2021-09-03,3976.62,4001.7,3964.22,4001.7,0
2021-09-06,4004.61,4028.25,4003.49,4028.25,0
2021-09-07,4036.41,4043.51,4004.9,4010.16,0
2021-09-08,4015.35,4030.72,3984.64,4017.37,0
2021-09-09,4007.82,4009.66,3982.6,3993.56,0
2021-09-10,3993.53,4008.56,3987.53,4002.66,0
2021-09-13,4012.97,4041.83,4001.63,4041.16,0
2021-09-14,4051.81,4061.99,4037.23,4055.7,0
2021-09-15,4059.08,4081.98,4049.69,4065.53,0
2021-09-16,4069.19,4073.72,4028.08,4045.1,0
2021-09-17,4043.51,4054.38,4013.62,4035.17,0
2021-09-20,3988.45,3991.39,3955.19,3969.61,0
2021-09-21,3980.02,3994.56,3962.05,3970.48,0
2021-09-22,4001.79,4032.38,3999.82,4030.98,0
2021-09-23,4051.36,4058.15,4020.5,4052.14,0
2021-09-24,4055.37,4057.09,4017.2,4038.23,0
2021-09-27,4069.55,4083.61,4061.71,4081.22,0
2021-09-28,4109.66,4112.31,4050.95,4065.46,0
2021-09-29,4045.16,4076.61,4038.06,4058.37,0
2021-09-30,4079.46,4106.72,4064.5,4103.52,0
2021-10-01,4078.59,4104.78,4065.4,4086.99,0
2021-10-04,4106.89,4131.39,4100.85,4112.72,0
2021-10-05,4129.53,4225.16,4129.53,4223.85,0
2021-10-06,4263.87,4267.29,4163.62,4171.71,0
2021-10-07,4222.78,4239.14,4179.39,4228.02,0
2021-10-08,4233.58,4254.36,4216.72,4238.0,0
2021-10-11,4259.38,4284.53,4247.2,4279.87,0
2021-10-12,4259.03,4275.6,4250.03,4263.8,0
2021-10-13,4260.44,4260.44,4189.91,4243.92,0
2021-10-14,4280.76,4292.68,4259.13,4259.13,0
2021-10-15,4278.51,4282.15,4247.79,4261.82,0
2021-10-18,4254.91,4257.83,4225.42,4248.33,0
2021-10-19,4256.24,4279.2,4235.81,4276.26,0
2021-10-20,4284.91,4290.99,4258.14,4287.52,0
2021-10-21,4276.94,4282.46,4214.82,4218.63,0
2021-10-22,4218.5,4246.22,4196.96,4196.96,0
2021-10-25,4216.43,4254.98,4184.74,4254.98,0
2021-10-26,4254.59,4259.83,4233.8,4235.87,0
2021-10-27,4216.76,4234.99,4190.68,4229.53,0
2021-10-28,4210.78,4220.23,4157.39,4189.66,0
2021-10-29,4186.35,4186.7,4116.29,4150.0,0
2021-11-01,4155.24,4224.51,4155.24,4221.49,0
2021-11-02,4235.89,4245.32,4196.75,4207.53,0
2021-11-03,4192.14,4192.14,4158.17,4184.87,0
2021-11-05,4179.03,4181.87,4159.92,4174.76,0
2021-11-08,4203.65,4220.88,4188.59,4218.27,0
2021-11-09,4207.59,4225.82,4181.75,4187.33,0
2021-11-10,4192.62,4196.22,4151.6,4172.47,0
2021-11-11,4141.62,4189.35,4126.52,4189.35,0
2021-11-12,4181.7,4181.7,4089.32,4121.66,0
2021-11-15,4121.5,4162.02,4111.04,4135.14,0
2021-11-16,4147.69,4158.31,4094.15,4120.02,0
2021-11-17,4120.23,4149.02,4101.96,4149.02,0
2021-11-18,4120.81,4150.57,4082.17,4093.85,0
2021-11-19,4121.74,4127.0,4000.26,4016.47,0
2021-11-22,4008.13,4017.02,3872.77,3872.77,0
2021-11-23,3832.33,3974.76,3776.61,3960.33,0
2021-11-24,4001.89,4021.25,3913.39,3950.56,0
2021-11-25,3964.25,3990.95,3932.55,3947.82,0
2021-11-26,3852.99,3876.13,3810.75,3810.98,0
2021-11-29,3872.19,3928.52,3846.12,3879.54,0
2021-11-30,3828.25,3902.72,3827.55,3890.59,0
2021-12-01,3907.17,3962.22,3900.16,3959.29,0
2021-12-02,3940.09,3972.85,3914.43,3947.54,0
2021-12-03,3967.88,3977.16,3905.38,3913.06,0
2021-12-06,3937.15,3938.1,3800.76,3810.1,0
2021-12-07,3860.83,3880.84,3810.03,3873.2,0
2021-12-08,3904.84,3915.65,3773.61,3773.61,0
2021-12-09,3801.67,3847.76,3780.3,3813.29,0
2021-12-10,3806.97,3814.06,3760.23,3760.23,0
2021-12-13,3790.1,3794.52,3613.88,3618.31,0
2021-12-14,3533.82,3638.49,3532.29,3619.39,0
2021-12-15,3653.16,3666.53,3608.6,3621.82,0
2021-12-16,3705.57,3755.07,3701.35,3750.36,0
2021-12-17,3725.04,3739.59,3696.5,3723.27,0
2021-12-20,3657.65,3674.71,3629.61,3669.05,0
2021-12-21,3705.33,3713.68,3670.16,3693.02,0
2021-12-22,3715.2,3759.67,3699.06,3746.75,0
2021-12-23,3745.52,3751.37,3691.04,3704.6,0
2021-12-24,3700.34,3703.72,3653.63,3702.72,0
2021-12-27,3711.77,3742.12,3709.19,3740.63,0
2021-12-28,3766.5,3790.44,3751.0,3777.56,0
2021-12-29,3756.54,3770.09,3727.35,3741.07,0
2021-12-30,3753.92,3789.61,3740.93,3787.26,0
2022-01-03,3825.3,3866.15,3823.5,3852.5,0
2022-01-04,3880.2,3892.33,3846.81,3873.49,0
2022-01-05,3857.9,3875.25,3805.06,3815.05,0
2022-01-06,3758.68,3784.17,3720.17,3753.29,0
2022-01-07,3772.04,3772.04,3772.04,3772.04,0
2022-01-10,3798.43,3806.84,3726.73,3738.68,0
2022-01-11,3764.56,3800.91,3751.45,3785.29,0
2022-01-12,3797.31,3841.72,3783.92,3829.95,0
2022-01-13,3814.98,3818.97,3664.48,3674.73,0
2022-01-14,3703.9,3723.62,3512.03,3596.98,0
2022-01-17,3633.01,3651.36,3501.94,3560.35,0
2022-01-18,3527.77,3534.56,3297.12,3328.94,0
2022-01-19,3290.31,3500.27,3256.6,3436.82,0
2022-01-20,3519.02,3533.61,3403.74,3516.02,0
2022-01-21,3420.12,3503.84,3407.27,3439.25,0
2022-01-24,3426.19,3426.47,3158.46,3235.28,0
2022-01-25,3316.98,3330.9,3229.45,3258.74,0
2022-01-26,3341.71,3412.15,3276.06,3357.66,0
2022-01-27,3296.47,3525.94,3284.49,3455.93,0
2022-01-28,3508.57,3534.4,3446.01,3488.6,0
2022-01-31,3524.11,3566.05,3518.55,3530.38,0
2022-02-01,3564.55,3584.71,3531.35,3548.17,0
2022-02-02,3574.87,3580.22,3516.17,3543.8,0
2022-02-03,3498.76,3519.23,3446.65,3471.18,0
2022-02-04,3499.32,3556.32,3464.14,3471.01,0
2022-02-07,3511.39,3521.26,3437.93,3470.78,0
2022-02-08,3497.18,3551.65,3487.64,3551.65,0
2022-02-09,3593.0,3638.93,3580.45,3638.93,0
2022-02-10,3628.51,3655.76,3592.75,3655.76,0
2022-02-11,3579.69,3596.74,3514.12,3546.62,0
2022-02-14,3442.82,3524.87,3404.35,3481.38,0
2022-02-15,3532.0,3614.15,3514.98,3600.29,0
2022-02-16,3682.94,3683.95,3608.01,3646.41,0
2022-02-17,3588.27,3595.12,3498.2,3511.08,0
2022-02-18,3547.04,3565.52,3371.05,3393.31,0
2022-02-21,3458.73,3460.42,2910.49,3036.88,0
2022-02-22,2909.4,3113.4,2756.46,3084.74,0
2022-02-24,2735.88,2740.31,1681.55,2058.12,0
2022-02-25,2261.33,2552.46,2256.09,2470.48,0
2022-03-24,2474.52,2761.17,2447.68,2578.51,0
2022-03-25,2620.62,2664.74,2470.69,2484.13,0
2022-03-28,2479.49,2484.57,2407.2,2430.7,0
2022-03-29,2442.43,2538.2,2363.62,2408.49,0
2022-03-30,2437.92,2513.03,2437.92,2513.03,0
2022-03-31,2535.32,2703.51,2533.39,2703.51,0
2022-04-01,2714.62,2817.72,2714.62,2759.64,0
2022-04-04,2775.06,2835.46,2682.34,2787.69,0
2022-04-05,2796.56,2808.27,2576.34,2662.79,0
2022-04-06,2641.79,2696.97,2594.95,2611.43,0
2022-04-07,2618.26,2653.85,2618.26,2635.39,0
2022-04-08,2649.16,2656.72,2554.72,2592.72,0
2022-04-11,2596.17,2623.64,2557.16,2557.16,0
2022-04-12,2559.22,2570.78,2472.28,2540.99,0
2022-04-13,2546.64,2558.86,2517.44,2528.42,0
2022-04-14,2530.9,2533.77,2403.86,2404.73,0
2022-04-15,2403.16,2431.91,2353.13,2424.99,0
2022-04-18,2430.91,2447.58,2338.36,2342.63,0
2022-04-19,2342.53,2344.37,2216.61,2317.46,0
2022-04-20,2326.03,2374.87,2271.72,2330.73,0
2022-04-21,2334.97,2341.21,2260.68,2271.05,0
2022-04-22,2271.18,2290.04,2223.73,2232.23,0
2022-04-25,2236.32,2237.45,2168.18,2186.22,0
2022-04-26,2190.97,2347.92,2190.97,2318.46,0
2022-04-27,2326.27,2427.47,2305.47,2424.28,0
2022-04-28,2434.86,2505.94,2379.12,2383.66,0
2022-04-29,2390.83,2448.52,2390.83,2445.17,0
2022-05-04,2444.25,2464.6,2373.16,2373.16,0
2022-05-05,2379.04,2412.81,2379.04,2404.8,0
2022-05-06,2405.17,2406.78,2372.52,2393.03,0
2022-05-11,2391.91,2414.87,2367.48,2387.14,0
2022-05-12,2382.33,2386.16,2283.31,2297.89,0
2022-05-13,2309.98,2321.91,2283.1,2307.5,0
2022-05-16,2308.2,2379.35,2306.06,2364.6,0
2022-05-17,2378.08,2425.17,2371.93,2424.1,0
2022-05-18,2438.0,2490.17,2438.0,2445.3,0
2022-05-19,2454.36,2454.83,2414.63,2436.57,0
2022-05-20,2441.56,2451.02,2365.81,2373.26,0
2022-05-23,2379.66,2389.42,2300.77,2301.85,0
2022-05-24,2300.11,2317.92,2229.22,2293.62,0
2022-05-25,2300.15,2340.18,2291.13,2340.18,0
2022-05-26,2348.44,2415.03,2327.29,2413.06,0
2022-05-27,2424.7,2439.89,2399.92,2407.59,0
2022-05-30,2418.21,2433.04,2376.44,2400.39,0
2022-05-31,2400.75,2400.75,2351.74,2355.75,0
2022-06-01,2349.84,2385.64,2338.9,2374.6,0
2022-06-02,2374.67,2382.23,2337.53,2340.17,0
2022-06-03,2341.55,2348.03,2286.82,2308.03,0
2022-06-06,2308.35,2321.75,2277.21,2282.16,0
2022-06-07,2281.3,2294.4,2239.72,2291.62,0
2022-06-08,2296.62,2342.69,2296.62,2318.85,0
2022-06-09,2321.57,2323.39,2275.22,2293.99,0
2022-06-10,2282.81,2296.1,2273.95,2285.52,0
2022-06-14,2280.02,2308.43,2261.26,2289.75,0
2022-06-15,2290.76,2320.4,2282.79,2318.96,0
2022-06-16,2321.52,2374.24,2317.87,2369.75,0
2022-06-17,2373.07,2382.49,2345.4,2353.98,0
2022-06-20,2358.26,2404.4,2357.33,2404.4,0
2022-06-21,2407.63,2415.59,2357.27,2358.81,0
2022-06-22,2348.04,2373.52,2320.87,2373.52,0
2022-06-23,2375.6,2404.54,2350.1,2404.54,0
2022-06-24,2405.31,2414.02,2372.05,2391.51,0
2022-06-27,2387.55,2417.06,2384.32,2417.06,0
2022-06-28,2419.15,2419.81,2392.26,2408.75,0
2022-06-29,2407.49,2407.49,2370.41,2378.55,0
2022-06-30,2380.03,2407.2,2184.71,2204.85,0
2022-07-01,2197.9,2237.92,2165.13,2206.61,0
2022-07-04,2208.7,2240.83,2197.39,2204.66,0
2022-07-05,2214.39,2238.73,2187.57,2226.64,0
2022-07-06,2227.02,2273.24,2214.04,2221.88,0
2022-07-07,2221.02,2239.59,2206.16,2226.65,0
2022-07-08,2225.02,2234.55,2202.52,2222.51,0
2022-07-11,2213.55,2224.35,2156.36,2162.34,0
2022-07-12,2160.74,2160.74,2105.26,2133.77,0
2022-07-13,2138.14,2142.51,2064.58,2073.68,0
2022-07-14,2073.79,2105.61,2049.44,2063.3,0
2022-07-15,2069.02,2109.52,2056.82,2109.52,0
2022-07-18,2119.02,2127.96,2083.01,2096.42,0
2022-07-19,2089.28,2089.28,2047.33,2071.28,0
2022-07-20,2076.24,2098.92,2067.37,2075.24,0
2022-07-21,2075.99,2075.99,2022.16,2053.64,0
2022-07-22,2056.16,2099.68,2053.2,2096.75,0
2022-07-25,2099.81,2132.75,2090.22,2128.96,0
2022-07-26,2135.89,2192.42,2135.89,2192.42,0
2022-07-27,2198.96,2220.82,2184.71,2196.22,0
2022-07-28,2204.01,2213.21,2169.21,2189.16,0
2022-07-29,2187.67,2213.81,2181.07,2213.81,0
2022-08-01,2213.75,2220.73,2178.98,2180.09,0
2022-08-02,2176.57,2178.81,2137.3,2137.3,0
2022-08-03,2138.76,2156.54,2123.92,2123.92,0
2022-08-04,2126.39,2137.83,2111.87,2116.58,0
2022-08-05,2120.13,2124.6,2052.08,2054.29,0
2022-08-08,2106.5,2119.41,2086.98,2088.4,0
2022-08-09,2090.37,2136.8,2071.72,2136.8,0
2022-08-10,2138.81,2158.87,2128.59,2151.5,0
2022-08-11,2157.17,2174.9,2128.38,2133.11,0
2022-08-12,2133.93,2150.9,2117.08,2147.33,0
2022-08-15,2147.76,2165.75,2139.45,2165.12,0
2022-08-16,2172.4,2208.33,2168.06,2208.33,0
2022-08-17,2213.43,2225.05,2186.86,2188.56,0
2022-08-18,2188.42,2197.92,2176.02,2194.31,0
2022-08-19,2199.6,2199.6,2179.56,2195.16,0
2022-08-22,2193.29,2231.22,2187.04,2228.11,0
2022-08-23,2230.74,2261.59,2230.74,2260.08,0
2022-08-24,2263.57,2273.65,2243.08,2248.22,0
2022-08-25,2249.39,2266.18,2234.87,2246.34,0
2022-08-26,2248.98,2268.89,2239.66,2268.89,0
2022-08-29,2267.43,2296.33,2263.99,2296.33,0
2022-08-30,2299.28,2314.53,2292.44,2306.62,0
2022-08-31,2377.02,2423.12,2368.42,2400.08,0
2022-09-01,2401.98,2448.5,2380.01,2445.77,0
2022-09-02,2443.76,2474.71,2431.54,2471.45,0
2022-09-05,2472.1,2488.44,2440.88,2488.44,0
2022-09-06,2487.76,2492.15,2382.24,2425.33,0
2022-09-07,2422.88,2436.64,2394.56,2401.57,0
2022-09-08,2397.59,2407.39,2378.3,2390.27,0
2022-09-09,2391.69,2426.81,2391.69,2426.06,0
2022-09-12,2419.77,2465.22,2413.55,2449.65,0
2022-09-13,2459.75,2465.55,2438.8,2446.89,0
2022-09-14,2439.96,2439.96,2400.14,2435.89,0
2022-09-15,2434.79,2457.02,2418.3,2446.59,0
2022-09-16,2446.09,2469.02,2427.68,2435.18,0
2022-09-19,2436.48,2453.03,2427.19,2430.54,0
2022-09-20,2430.53,2436.3,2171.92,2215.67,0
2022-09-21,2052.89,2186.43,2002.73,2130.71,0
2022-09-22,2138.39,2216.85,2138.39,2190.87,0
2022-09-23,2192.11,2192.68,2071.37,2089.87,0
2022-09-26,2054.56,2054.56,1841.42,1933.35,0
2022-09-27,1930.58,1975.32,1904.24,1953.46,0
2022-09-28,1978.89,2018.99,1948.25,1963.86,0
2022-09-29,1998.24,2005.8,1917.62,1953.77,0
2022-09-30,1977.75,2005.21,1872.95,1957.31,0
2022-10-03,1991.88,2047.54,1972.43,2041.96,0
2022-10-04,2071.19,2079.67,2016.59,2046.42,0
2022-10-05,2041.5,2045.62,1971.91,2029.88,0
2022-10-06,2027.3,2053.86,2015.09,2020.63,0
2022-10-07,2012.95,2012.95,1939.54,1944.75,0
2022-10-10,1783.66,1917.91,1775.04,1916.97,0
2022-10-11,1928.74,1952.8,1909.11,1949.46,0
2022-10-12,1965.39,1974.59,1937.93,1951.65,0
2022-10-13,1950.24,1975.84,1941.18,1955.2,0
2022-10-14,1963.38,1965.77,1933.29,1950.98,0
2022-10-17,1958.18,2013.61,1955.7,2012.85,0
2022-10-18,2031.56,2039.67,1999.38,2032.4,0
2022-10-19,1986.67,2006.06,1953.74,1978.4,0
2022-10-20,1998.74,2032.58,1991.09,2025.51,0
2022-10-21,2026.44,2049.0,2000.68,2043.71,0
2022-10-24,2070.36,2088.31,2048.37,2063.95,0
2022-10-25,2066.28,2130.65,2058.09,2130.65,0
2022-10-26,2131.18,2144.56,2093.12,2120.58,0
2022-10-27,2133.81,2164.64,2123.57,2164.64,0
2022-10-28,2154.28,2171.88,2130.75,2167.7,0
2022-10-31,2173.0,2184.38,2155.75,2166.61,0
2022-11-01,2179.15,2185.6,2161.18,2174.35,0
2022-11-02,2178.25,2184.89,2160.56,2173.84,0
2022-11-03,2145.54,2156.78,2123.32,2155.92,0
2022-11-07,2176.33,2208.78,2172.34,2208.78,0
2022-11-08,2213.39,2221.13,2188.22,2207.2,0
2022-11-09,2201.06,2205.92,2166.42,2166.56,0
2022-11-10,2167.96,2211.21,2161.57,2210.02,0
2022-11-11,2221.68,2224.97,2204.33,2217.44,0
2022-11-14,2230.8,2245.9,2221.31,2244.77,0
2022-11-15,2249.22,2254.94,2211.19,2223.26,0
2022-11-16,2199.1,2232.83,2191.95,2227.19,0
2022-11-17,2227.54,2235.76,2200.11,2212.93,0
2022-11-18,2208.39,2211.7,2189.93,2206.32,0
2022-11-21,2204.9,2204.9,2161.35,2166.31,0
2022-11-22,2179.76,2200.06,2169.62,2196.04,0
2022-11-23,2196.24,2217.4,2180.64,2211.89,0
2022-11-24,2214.14,2225.92,2206.12,2210.95,0
2022-11-25,2209.31,2211.1,2190.67,2195.17,0
2022-11-28,2180.32,2182.16,2163.44,2177.45,0
2022-11-29,2180.65,2191.44,2178.34,2185.32,0
2022-11-30,2184.27,2184.27,2172.67,2174.53,0
2022-12-01,2189.65,2193.41,2183.57,2187.29,0
2022-12-02,2189.19,2189.35,2173.48,2180.44,0
2022-12-05,2179.79,2210.7,2174.17,2208.28,0
2022-12-06,2204.51,2208.36,2184.65,2196.24,0
2022-12-07,2185.01,2193.71,2166.77,2192.88,0
2022-12-08,2196.17,2197.77,2174.57,2184.43,0
2022-12-09,2178.93,2183.97,2169.04,2177.85,0
2022-12-12,2178.33,2185.49,2163.33,2173.16,0
2022-12-13,2175.29,2177.95,2154.52,2174.38,0
2022-12-14,2171.12,2171.31,2154.65,2159.81,0
2022-12-15,2151.69,2151.69,2115.21,2126.8,0
2022-12-16,2118.43,2135.79,2116.08,2132.75,0
2022-12-19,2131.33,2139.07,2109.56,2129.98,0
2022-12-20,2071.1,2119.37,2070.58,2119.37,0
2022-12-21,2135.41,2139.49,2102.24,2116.13,0
2022-12-22,2124.37,2134.48,2114.91,2122.91,0
2022-12-23,2121.99,2128.27,2110.59,2124.02,0
2022-12-26,2126.4,2139.78,2126.4,2139.21,0
2022-12-27,2142.08,2154.35,2138.11,2150.92,0
2022-12-28,2150.12,2152.47,2136.68,2139.77,0
2022-12-29,2135.91,2149.94,2134.48,2147.06,0
2022-12-30,2149.83,2154.47,2139.79,2154.12,0
2023-01-03,2157.18,2174.23,2157.18,2172.68,0
2023-01-04,2171.54,2179.56,2162.06,2168.42,0
2023-01-05,2170.4,2171.94,2154.16,2156.67,0
2023-01-06,2157.32,2160.08,2153.32,2156.39,0
2023-01-09,2163.43,2169.71,2162.01,2163.5,0
2023-01-10,2162.7,2162.92,2145.14,2159.51,0
2023-01-11,2156.28,2190.4,2153.55,2186.98,0
2023-01-12,2193.53,2194.8,2177.36,2185.93,0
2023-01-13,2188.6,2204.18,2179.82,2199.94,0
2023-01-16,2204.64,2224.9,2204.46,2224.9,0
2023-01-17,2225.26,2226.49,2196.84,2196.84,0
2023-01-18,2188.9,2206.66,2177.65,2196.26,0
2023-01-19,2190.02,2193.93,2162.11,2168.83,0
2023-01-20,2167.61,2173.71,2154.37,2166.69,0
2023-01-23,2167.92,2186.85,2164.89,2185.31,0
2023-01-24,2191.64,2199.29,2172.75,2172.75,0
2023-01-25,2168.48,2176.61,2160.76,2170.15,0
2023-01-26,2181.96,2183.77,2166.92,2166.92,0
2023-01-27,2174.85,2189.35,2167.33,2189.35,0
2023-01-30,2193.99,2204.41,2189.12,2204.41,0
2023-01-31,2203.57,2225.6,2202.76,2225.6,0
2023-02-01,2232.02,2247.12,2224.95,2230.15,0
2023-02-02,2243.04,2249.56,2228.56,2243.54,0
2023-02-03,2239.1,2253.7,2216.63,2248.3,0
2023-02-06,2245.93,2276.5,2243.77,2272.37,0
2023-02-07,2281.69,2290.51,2262.3,2267.69,0
2023-02-08,2273.59,2283.49,2244.52,2251.97,0
2023-02-09,2258.97,2269.96,2241.02,2262.45,0
2023-02-10,2253.51,2264.39,2249.62,2261.58,0
2023-02-13,2262.65,2271.0,2261.37,2264.27,0
2023-02-14,2256.59,2256.96,2225.94,2232.23,0
2023-02-15,2216.69,2216.69,2164.7,2166.46,0
2023-02-16,2169.39,2186.64,2150.17,2153.96,0
2023-02-17,2157.5,2180.96,2147.31,2168.88,0
2023-02-20,2172.53,2186.39,2140.78,2183.57,0
2023-02-21,2184.6,2227.82,2184.51,2212.42,0
2023-02-22,2215.43,2215.58,2194.99,2212.4,0
2023-02-24,2209.1,2223.23,2202.25,2208.03,0
2023-02-27,2194.39,2241.1,2188.95,2241.1,0
2023-02-28,2246.26,2258.68,2239.59,2253.16,0
2023-03-01,2258.89,2287.48,2255.45,2279.65,0
2023-03-02,2284.87,2286.27,2235.43,2254.3,0
2023-03-03,2250.12,2273.52,2249.81,2272.2,0
2023-03-06,2286.2,2297.86,2283.4,2294.12,0
2023-03-07,2294.32,2298.93,2281.46,2295.6,0
2023-03-09,2295.03,2302.1,2278.95,2290.14,0
2023-03-10,2272.61,2283.18,2266.33,2276.25,0
2023-03-13,2279.13,2289.7,2250.14,2269.47,0
2023-03-14,2266.78,2290.32,2261.65,2290.32,0
2023-03-15,2287.16,2295.06,2257.0,2262.07,0
2023-03-16,2262.61,2269.01,2236.77,2258.22,0
2023-03-17,2284.78,2322.78,2275.48,2322.78,0
2023-03-20,2337.83,2397.16,2332.8,2397.16,0
2023-03-21,2417.43,2431.23,2383.08,2398.15,0
2023-03-22,2387.81,2398.76,2374.46,2393.88,0
2023-03-23,2386.7,2396.5,2379.88,2388.35,0
2023-03-24,2386.53,2394.03,2384.29,2391.53,0
2023-03-27,2400.84,2440.68,2400.84,2440.68,0
2023-03-28,2453.26,2458.37,2421.39,2442.19,0
2023-03-29,2449.96,2468.48,2437.52,2460.87,0
2023-03-30,2458.06,2467.97,2450.46,2465.93,0
2023-03-31,2470.12,2472.53,2424.45,2450.67,0
2023-04-03,2474.37,2482.54,2463.0,2473.32,0
2023-04-04,2483.47,2511.49,2479.24,2480.45,0
2023-04-05,2489.18,2500.8,2465.77,2500.8,0
2023-04-06,2504.06,2521.81,2498.3,2498.3,0
2023-04-07,2504.04,2511.95,2491.37,2508.39,0
2023-04-10,2523.2,2548.41,2523.2,2547.35,0
2023-04-11,2560.04,2577.51,2515.83,2533.69,0
2023-04-12,2538.62,2554.77,2520.65,2538.47,0
2023-04-13,2546.98,2557.58,2528.06,2544.28,0
2023-04-14,2546.93,2554.85,2532.39,2554.85,0
2023-04-17,2572.54,2596.45,2572.54,2596.11,0
2023-04-18,2601.34,2615.62,2586.05,2615.62,0
2023-04-19,2617.91,2629.01,2584.96,2606.55,0
2023-04-20,2600.71,2640.78,2565.61,2637.85,0
2023-04-21,2640.99,2648.21,2626.94,2639.95,0
2023-04-24,2636.76,2651.8,2609.4,2635.43,0
2023-04-25,2639.67,2642.12,2619.67,2626.86,0
2023-04-26,2625.62,2631.13,2614.98,2620.33,0
2023-04-27,2620.65,2646.18,2617.04,2646.18,0
2023-04-28,2653.93,2657.9,2608.02,2634.94,0
2023-05-02,2623.29,2635.53,2560.09,2580.51,0
2023-05-03,2585.4,2586.17,2532.42,2532.42,0
2023-05-04,2524.97,2547.2,2524.36,2524.51,0
2023-05-05,2544.47,2555.39,2529.08,2538.24,0
2023-05-08,2528.74,2538.23,2513.84,2527.59,0
2023-05-10,2483.92,2556.67,2483.79,2548.63,0
2023-05-11,2573.41,2610.8,2567.98,2595.12,0
2023-05-12,2570.65,2584.91,2552.05,2565.17,0
2023-05-15,2581.64,2611.71,2581.64,2611.07,0
2023-05-16,2645.94,2655.73,2621.59,2633.71,0
2023-05-17,2637.51,2646.61,2623.15,2634.48,0
2023-05-18,2650.12,2658.57,2624.49,2632.91,0
2023-05-19,2627.59,2635.8,2612.47,2626.16,0
2023-05-22,2648.3,2652.97,2622.35,2633.26,0
2023-05-23,2641.05,2648.69,2607.63,2641.66,0
2023-05-24,2643.73,2659.68,2626.43,2654.99,0
2023-05-25,2662.85,2663.51,2631.03,2649.98,0
2023-05-26,2650.38,2685.14,2645.54,2682.03,0
2023-05-29,2697.46,2732.0,2697.46,2732.0,0
2023-05-30,2712.04,2748.6,2687.81,2698.75,0
2023-05-31,2698.11,2718.27,2676.27,2717.64,0
2023-06-01,2720.21,2729.97,2709.33,2721.73,0
2023-06-02,2684.59,2720.47,2684.59,2719.48,0
2023-06-05,2726.17,2738.82,2679.3,2694.14,0
2023-06-06,2667.76,2687.41,2628.0,2681.25,0
2023-06-07,2690.94,2711.72,2674.11,2694.69,0
2023-06-08,2693.6,2709.69,2688.31,2709.69,0
2023-06-09,2717.2,2721.84,2705.24,2708.04,0
2023-06-13,2715.31,2757.28,2715.15,2757.28,0
2023-06-14,2777.2,2786.06,2758.35,2765.18,0
2023-06-15,2776.77,2809.42,2764.89,2800.17,0
2023-06-16,2809.28,2813.74,2783.71,2800.79,0
2023-06-19,2808.04,2816.57,2783.69,2815.07,0
2023-06-20,2810.14,2814.72,2778.0,2803.69,0
2023-06-21,2808.87,2821.88,2794.68,2819.3,0
2023-06-22,2817.3,2820.43,2805.92,2815.83,0
2023-06-23,2790.04,2795.06,2767.82,2795.06,0
2023-06-26,2771.52,2784.28,2741.33,2757.13,0
2023-06-27,2759.61,2785.33,2743.07,2776.63,0
2023-06-28,2781.1,2787.52,2766.93,2780.92,0
2023-06-29,2790.27,2804.8,2783.53,2796.41,0
2023-06-30,2796.0,2800.12,2779.61,2797.37,0
2023-07-03,2795.58,2804.93,2790.81,2793.93,0
2023-07-04,2798.02,2808.22,2776.79,2808.22,0
2023-07-05,2795.4,2813.76,2795.4,2805.0,0
2023-07-06,2816.74,2837.49,2813.38,2819.6,0
2023-07-07,2823.89,2832.82,2814.38,2832.51,0
2023-07-10,2838.85,2864.32,2838.52,2856.76,0
2023-07-11,2865.64,2867.36,2851.01,2860.33,0
2023-07-12,2870.61,2897.28,2870.61,2896.83,0
2023-07-13,2899.98,2912.15,2873.0,2885.63,0
2023-07-14,2882.96,2902.72,2874.44,2902.72,0
2023-07-17,2889.09,2917.72,2880.11,2917.61,0
2023-07-18,2923.69,2955.81,2922.74,2954.52,0
2023-07-19,2959.41,2966.72,2938.66,2943.43,0
2023-07-20,2947.08,2947.29,2905.02,2917.48,0
2023-07-21,2890.45,2925.54,2889.78,2923.54,0
2023-07-24,2929.23,2947.17,2925.1,2937.47,0
2023-07-25,2948.87,2975.36,2943.74,2975.36,0
2023-07-26,2974.21,2982.47,2954.9,2970.42,0
2023-07-27,2975.52,2992.47,2975.52,2987.85,0
2023-07-28,2986.35,3008.61,2978.12,3008.61,0
2023-07-31,3026.93,3073.5,3026.93,3073.5,0
2023-08-01,3085.97,3114.56,3055.25,3093.64,0
2023-08-02,3096.72,3123.45,3080.63,3106.46,0
2023-08-03,3111.7,3150.28,3094.27,3147.8,0
2023-08-04,3158.53,3194.83,3073.69,3092.44,0
2023-08-07,3120.54,3153.6,3084.08,3084.08,0
2023-08-08,3077.63,3092.54,3026.72,3085.31,0
2023-08-09,3106.03,3120.25,3083.77,3099.52,0
2023-08-10,3122.06,3148.86,3115.85,3148.86,0
2023-08-11,3158.59,3163.47,3138.04,3155.51,0
2023-08-14,3186.47,3225.78,3117.31,3131.0,0
2023-08-15,3083.32,3163.74,3068.66,3115.25,0
2023-08-16,3109.46,3122.34,3015.57,3049.46,0
2023-08-17,3069.81,3076.31,3031.73,3059.02,0
2023-08-18,3077.78,3111.22,3058.01,3111.22,0
2023-08-21,3139.29,3150.61,3122.37,3139.93,0
2023-08-22,3146.42,3172.3,3124.19,3164.25,0
2023-08-23,3180.39,3184.17,3113.24,3146.2,0
2023-08-24,3117.02,3137.37,3108.17,3137.37,0
2023-08-25,3150.03,3158.61,3132.07,3157.33,0
2023-08-28,3161.36,3202.24,3161.36,3198.72,0
2023-08-29,3205.06,3218.4,3191.31,3211.36,0
2023-08-30,3214.11,3220.85,3193.18,3212.68,0
2023-08-31,3218.48,3234.68,3211.94,3227.99,0
2023-09-01,3230.53,3232.92,3214.95,3231.35,0
2023-09-04,3242.49,3268.97,3242.4,3268.97,0
2023-09-05,3273.39,3287.34,3246.46,3264.43,0
2023-09-06,3270.84,3270.84,3236.79,3245.47,0
2023-09-07,3247.9,3262.73,3145.25,3169.07,0
2023-09-08,3178.44,3188.77,3114.39,3142.88,0
2023-09-11,3145.26,3153.61,3106.92,3122.37,0
2023-09-12,3118.14,3165.92,3117.7,3165.92,0
2023-09-13,3189.08,3191.57,3148.32,3148.32,0
2023-09-14,3144.29,3148.5,3072.82,3139.49,0
2023-09-15,3126.57,3155.45,3116.72,3152.53,0
2023-09-18,3165.06,3177.23,3127.37,3135.18,0
2023-09-19,3134.37,3141.38,3054.25,3083.85,0
2023-09-20,3061.18,3091.05,3013.75,3068.15,0
2023-09-21,3058.2,3062.68,3009.89,3019.22,0
2023-09-22,3009.87,3051.69,2988.04,3049.07,0
2023-09-25,3051.85,3056.23,3025.89,3045.39,0
2023-09-26,3034.23,3051.91,3001.92,3051.91,0
2023-09-27,3053.37,3081.41,3052.59,3067.61,0
2023-09-28,3080.81,3108.07,3076.64,3108.07,0
2023-09-29,3121.07,3141.12,3106.97,3133.26,0
2023-10-02,3141.69,3162.53,3125.58,3132.33,0
2023-10-03,3134.45,3146.33,3103.63,3143.88,0
2023-10-04,3138.62,3154.97,3130.03,3134.25,0
2023-10-05,3126.71,3138.5,3112.96,3131.76,0
2023-10-06,3138.87,3145.01,3121.0,3144.89,0
2023-10-09,3166.21,3185.86,3164.63,3174.02,0
2023-10-10,3175.08,3182.08,3162.61,3177.03,0
2023-10-11,3174.99,3196.44,3168.29,3194.12,0
2023-10-12,3130.04,3178.5,3122.58,3174.66,0
2023-10-13,3182.47,3195.23,3176.17,3192.33,0
2023-10-16,3204.81,3235.66,3202.94,3234.78,0
2023-10-17,3239.37,3252.55,3228.11,3247.15,0
2023-10-18,3252.31,3262.54,3225.44,3249.21,0
2023-10-19,3245.26,3260.45,3232.16,3255.16,0
2023-10-20,3257.85,3269.71,3236.31,3269.27,0
2023-10-23,3271.76,3283.8,3248.39,3263.68,0
2023-10-24,3256.29,3266.59,3237.08,3265.01,0
2023-10-25,3265.18,3269.76,3243.25,3265.28,0
2023-10-26,3272.71,3283.49,3221.79,3223.89,0
2023-10-27,3219.49,3241.55,3185.84,3224.18,0
2023-10-30,3232.82,3246.0,3219.7,3227.07,0
2023-10-31,3221.08,3226.88,3176.53,3200.97,0
2023-11-01,3192.96,3214.83,3191.34,3206.52,0
2023-11-02,3216.92,3228.46,3197.22,3197.22,0
2023-11-03,3207.04,3212.81,3182.17,3208.63,0
2023-11-06,3207.47,3237.09,3207.1,3235.11,0
2023-11-07,3239.98,3246.65,3228.46,3246.34,0
2023-11-08,3238.81,3257.32,3233.11,3245.43,0
2023-11-09,3241.5,3245.11,3222.34,3239.92,0
2023-11-10,3236.03,3246.31,3229.1,3242.06,0
2023-11-13,3241.31,3251.74,3235.06,3248.27,0
2023-11-14,3236.48,3236.48,3192.32,3212.39,0
2023-11-15,3195.43,3221.22,3182.78,3215.11,0
2023-11-16,3209.33,3215.93,3184.97,3189.08,0
2023-11-17,3172.78,3208.17,3151.95,3206.34,0
2023-11-20,3205.73,3216.73,3194.4,3207.36,0
2023-11-21,3198.73,3219.11,3193.46,3218.48,0
2023-11-22,3221.9,3239.17,3220.37,3230.65,0
2023-11-23,3233.09,3238.81,3218.72,3221.05,0
2023-11-24,3223.75,3231.77,3203.62,3217.76,0
2023-11-27,3220.25,3224.61,3178.2,3191.05,0
2023-11-28,3189.16,3197.61,3157.55,3196.36,0
2023-11-29,3196.75,3200.33,3173.37,3173.52,0
2023-11-30,3176.5,3176.53,3146.53,3165.79,0
2023-12-01,3155.87,3162.97,3136.56,3142.29,0
2023-12-04,3123.18,3126.55,3096.28,3114.41,0
2023-12-05,3102.3,3134.57,3090.31,3129.33,0
2023-12-06,3139.89,3146.52,3077.94,3079.5,0
2023-12-07,3065.93,3084.5,3041.11,3073.63,0
2023-12-08,3079.88,3100.22,3067.46,3079.99,0
2023-12-11,3081.88,3082.3,3025.74,3026.17,0
2023-12-12,3020.61,3046.81,2992.5,3019.89,0
2023-12-13,3011.99,3043.42,3002.38,3032.22,0
2023-12-14,3046.43,3057.08,3005.94,3008.84,0
2023-12-15,2959.29,3037.29,2959.29,3033.89,0
2023-12-18,3052.14,3090.04,3048.82,3076.26,0
2023-12-19,3084.12,3091.26,3066.34,3083.64,0
2023-12-20,3091.35,3113.92,3088.74,3104.66,0
2023-12-21,3093.46,3095.01,3050.0,3073.57,0
2023-12-22,3076.31,3102.75,3075.56,3092.58,0
2023-12-25,3095.42,3108.14,3086.89,3099.02,0
2023-12-26,3090.39,3098.69,3080.92,3094.72,0
2023-12-27,3100.99,3112.19,3097.31,3097.49,0
2023-12-28,3099.56,3101.99,3081.98,3101.99,0
2023-12-29,3092.66,3102.08,3086.26,3099.11,0
2024-01-03,3099.78,3132.76,3099.1,3130.23,0
2024-01-04,3140.66,3144.25,3133.93,3136.07,0
2024-01-05,3138.27,3142.8,3128.16,3136.37,0
2024-01-08,3140.12,3158.82,3139.37,3158.58,0
2024-01-09,3156.17,3158.72,3143.03,3155.55,0
2024-01-10,3158.35,3174.28,3156.44,3164.7,0
2024-01-11,3158.3,3181.25,3148.5,3181.25,0
2024-01-12,3182.5,3196.98,3176.09,3185.22,0
2024-01-15,3190.62,3200.78,3176.73,3184.88,0
2024-01-16,3186.77,3187.14,3162.98,3179.45,0
2024-01-17,3174.87,3189.26,3169.99,3185.23,0
2024-01-18,3188.71,3193.54,3176.72,3178.85,0
2024-01-19,3176.13,3179.21,3154.46,3166.37,0
2024-01-22,3161.44,3179.11,3157.37,3172.15,0
2024-01-23,3176.19,3179.75,3166.66,3175.74,0
2024-01-24,3176.59,3183.7,3152.96,3162.41,0
2024-01-25,3163.36,3166.95,3143.89,3157.74,0
2024-01-26,3164.55,3171.95,3157.76,3163.21,0
2024-01-29,3169.57,3184.15,3169.57,3176.61,0
2024-01-30,3181.75,3196.15,3178.82,3196.08,0
2024-01-31,3201.48,3219.41,3198.83,3214.19,0
2024-02-01,3220.43,3233.21,3220.38,3229.89,0
2024-02-02,3229.48,3232.35,3215.0,3226.35,0
2024-02-05,3218.91,3232.38,3218.91,3226.79,0
2024-02-06,3234.44,3238.4,3228.78,3238.4,0
2024-02-07,3240.57,3259.24,3240.16,3256.58,0
2024-02-08,3261.18,3266.45,3236.79,3241.81,0
2024-02-09,3231.3,3242.38,3219.56,3242.38,0
2024-02-12,3241.57,3248.5,3227.7,3248.5,0
2024-02-13,3250.3,3259.69,3245.02,3254.6,0
2024-02-14,3261.52,3267.88,3251.76,3258.14,0
2024-02-15,3249.78,3265.83,3238.83,3265.63,0
2024-02-16,3269.84,3275.23,3236.42,3242.48,0
2024-02-19,3247.46,3253.02,3234.1,3244.56,0
2024-02-20,3236.85,3237.34,3206.07,3207.49,0
2024-02-21,3173.01,3185.8,3135.8,3139.5,0
2024-02-22,3152.75,3166.86,3141.88,3142.3,0
2024-02-26,3186.06,3213.17,3186.06,3213.17,0
2024-02-27,3220.26,3224.52,3203.58,3208.99,0
2024-02-28,3215.53,3240.29,3213.36,3227.05,0
2024-02-29,3233.03,3258.14,3224.09,3256.8,0
2024-03-01,3259.0,3269.28,3249.69,3266.66,0
2024-03-04,3278.01,3298.63,3277.85,3296.75,0
2024-03-05,3305.79,3312.41,3283.59,3300.89,0
2024-03-06,3298.86,3318.14,3289.25,3310.58,0
2024-03-07,3309.31,3317.73,3303.93,3315.68,0
2024-03-11,3329.72,3340.37,3318.9,3320.31,0
2024-03-12,3320.18,3335.41,3304.49,3332.6,0
2024-03-13,3337.56,3343.56,3317.19,3320.68,0
2024-03-14,3314.66,3318.49,3287.86,3297.0,0
2024-03-15,3295.15,3313.42,3292.13,3300.07,0
2024-03-18,3305.67,3313.05,3292.0,3296.3,0
2024-03-19,3293.93,3303.52,3254.3,3264.97,0
2024-03-20,3268.87,3286.72,3257.72,3267.1,0
2024-03-21,3286.75,3297.46,3259.03,3286.69,0
2024-03-22,3289.28,3299.19,3260.39,3273.49,0
2024-03-25,3251.24,3281.63,3234.95,3281.63,0
2024-03-26,3286.2,3291.0,3275.8,3285.54,0
2024-03-27,3291.7,3304.09,3280.03,3304.09,0
2024-03-28,3308.26,3313.59,3301.52,3312.77,0
2024-03-29,3313.17,3332.53,3305.22,3332.53,0
2024-04-01,3343.66,3367.34,3343.66,3363.29,0
2024-04-02,3369.32,3375.69,3357.55,3371.29,0
2024-04-03,3381.95,3397.33,3376.63,3395.59,0
2024-04-04,3399.81,3409.62,3392.06,3407.57,0
2024-04-05,3393.2,3401.16,3385.42,3395.37,0
2024-04-08,3400.82,3423.35,3400.82,3417.38,0
2024-04-09,3423.41,3441.18,3408.99,3414.26,0
2024-04-10,3424.75,3440.03,3405.46,3439.11,0
2024-04-11,3442.84,3455.61,3431.18,3439.53,0
2024-04-12,3448.6,3464.0,3446.79,3456.24,0
2024-04-15,3456.38,3476.98,3454.06,3472.19,0
2024-04-16,3478.02,3479.04,3459.45,3462.94,0
2024-04-17,3469.57,3476.72,3443.07,3454.07,0
2024-04-18,3451.37,3457.46,3436.95,3455.82,0
2024-04-19,3458.86,3475.13,3451.48,3470.88,0
2024-04-22,3468.09,3480.21,3460.58,3479.17,0
2024-04-23,3483.26,3487.55,3436.83,3439.42,0
2024-04-24,3438.45,3445.67,3423.17,3428.93,0
2024-04-25,3429.62,3443.74,3427.02,3439.76,0
2024-04-26,3446.39,3459.12,3438.06,3449.77,0
2024-04-29,3468.92,3480.47,3467.25,3478.08,0
2024-04-30,3481.29,3486.3,3464.86,3469.83,0
2024-05-02,3470.87,3477.42,3439.58,3442.83,0
2024-05-03,3443.49,3450.43,3424.63,3441.77,0
2024-05-06,3441.7,3444.11,3418.47,3436.05,0
2024-05-07,3405.82,3428.37,3405.82,3427.61,0
2024-05-08,3431.84,3438.75,3430.1,3432.54,0
2024-05-10,3438.5,3452.33,3438.5,3449.78,0
2024-05-13,3459.05,3465.62,3448.5,3457.11,0
2024-05-14,3465.83,3468.28,3457.31,3463.93,0
2024-05-15,3466.35,3476.49,3462.86,3470.72,0
2024-05-16,3480.48,3490.77,3477.85,3486.26,0
2024-05-17,3495.25,3506.91,3490.17,3501.89,0
2024-05-20,3516.4,3521.72,3468.09,3468.09,0
2024-05-21,3447.25,3460.19,3409.92,3428.38,0
2024-05-22,3433.36,3449.43,3433.36,3444.64,0
2024-05-23,3436.81,3444.79,3407.41,3442.79,0
2024-05-24,3438.65,3442.36,3377.64,3396.5,0
2024-05-27,3384.74,3392.99,3298.21,3299.22,0
2024-05-28,3305.11,3347.85,3277.48,3302.91,0
2024-05-29,3307.76,3323.08,3284.14,3318.03,0
2024-05-30,3332.77,3342.59,3275.54,3282.18,0
2024-05-31,3258.52,3270.01,3211.19,3217.19,0
2024-06-03,3192.3,3217.36,3087.99,3141.42,0
2024-06-04,3160.01,3201.53,3138.25,3186.93,0
2024-06-05,3217.63,3237.53,3194.73,3212.24,0
2024-06-06,3206.74,3215.99,3178.21,3192.38,0
2024-06-07,3199.75,3268.89,3193.57,3233.22,0
2024-06-10,3245.4,3255.49,3180.21,3180.94,0
2024-06-11,3178.71,3191.27,3148.22,3171.1,0
2024-06-13,3050.03,3178.01,3032.05,3171.69,0
2024-06-14,3171.78,3219.65,3160.17,3215.91,0
2024-06-17,3219.29,3221.84,3183.68,3183.68,0
2024-06-18,3171.38,3176.01,3109.09,3114.15,0
2024-06-19,3104.22,3107.39,3015.84,3027.47,0
2024-06-20,3034.39,3123.43,2996.44,3123.43,0
2024-06-21,3126.25,3141.25,3096.63,3114.35,0
2024-06-24,3109.22,3127.64,3092.83,3098.05,0
2024-06-25,3097.98,3112.82,3074.51,3111.39,0
2024-06-26,3129.01,3156.02,3127.65,3151.7,0
2024-06-27,3154.58,3158.4,3122.08,3150.32,0
2024-06-28,3150.22,3165.31,3141.37,3154.36,0
2024-07-01,3160.7,3186.76,3153.93,3186.19,0
2024-07-02,3199.03,3221.5,3190.18,3217.29,0
2024-07-03,3219.11,3226.16,3196.31,3203.07,0
2024-07-04,3190.58,3195.67,3123.92,3133.81,0
2024-07-05,3131.87,3158.83,3103.49,3149.29,0
2024-07-08,3159.18,3174.42,3122.91,3132.58,0
2024-07-09,3123.91,3124.74,3050.05,3054.07,0
2024-07-10,3044.66,3056.98,2967.45,2975.75,0
2024-07-11,2908.02,2996.34,2901.61,2992.21,0
2024-07-12,3004.64,3022.0,2957.91,2973.21,0
2024-07-15,2986.32,2994.45,2910.48,2913.48,0
2024-07-16,2914.0,2962.11,2879.23,2944.86,0
2024-07-17,2963.21,2984.15,2938.47,2947.24,0
2024-07-18,2922.77,2980.62,2908.07,2980.62,0
2024-07-19,2988.27,3024.88,2974.62,3008.24,0
2024-07-22,3023.1,3042.14,3010.15,3024.54,0
2024-07-23,3032.53,3033.18,3003.69,3028.01,0
2024-07-24,3029.12,3054.34,3015.78,3051.76,0
2024-07-25,3044.6,3045.7,3019.61,3041.37,0
2024-07-26,3034.31,3060.68,2972.53,2993.23,0
2024-07-29,2979.43,2979.43,2906.95,2906.95,0
2024-07-30,2906.66,2951.66,2895.25,2944.78,0
2024-07-31,2952.19,2961.7,2927.05,2942.68,0
2024-08-01,2950.86,2966.66,2935.69,2935.69,0
2024-08-02,2927.77,2932.16,2887.3,2899.0,0
2024-08-05,2859.12,2868.46,2807.05,2828.72,0
2024-08-06,2839.41,2863.45,2814.15,2830.75,0
2024-08-07,2840.21,2875.45,2803.47,2874.94,0
2024-08-08,2877.8,2888.1,2846.93,2852.51,0
2024-08-09,2841.82,2867.29,2829.72,2848.29,0
2024-08-12,2840.33,2858.96,2814.58,2844.77,0
2024-08-13,2858.93,2895.28,2858.93,2884.6,0
2024-08-14,2894.3,2908.63,2867.64,2871.11,0
2024-08-15,2865.45,2868.24,2835.69,2838.11,0
2024-08-16,2838.78,2847.32,2825.12,2828.2,0
2024-08-19,2819.72,2826.24,2775.64,2775.64,0
2024-08-20,2780.43,2799.85,2749.26,2768.42,0
2024-08-21,2771.15,2783.44,2744.51,2768.14,0
2024-08-22,2774.49,2786.76,2725.47,2725.75,0
2024-08-23,2718.11,2729.27,2650.19,2662.47,0
2024-08-26,2746.97,2795.47,2726.98,2763.75,0
2024-08-27,2784.24,2800.0,2726.48,2730.38,0
2024-08-28,2729.72,2729.72,2664.3,2699.98,0
2024-08-29,2714.44,2723.5,2679.43,2708.27,0
2024-08-30,2717.68,2724.53,2641.08,2650.32,0
2024-09-02,2622.55,2627.58,2540.49,2545.07,0
2024-09-03,2552.32,2603.01,2512.7,2524.38,0
2024-09-04,2539.4,2605.15,2534.21,2605.15,0
2024-09-05,2631.33,2662.0,2607.52,2621.62,0
2024-09-06,2619.23,2648.38,2604.67,2623.37,0
2024-09-09,2642.31,2703.58,2642.31,2703.17,0
2024-09-10,2722.13,2729.73,2667.06,2671.38,0
2024-09-11,2675.16,2690.58,2657.77,2668.03,0
2024-09-12,2656.31,2656.31,2603.81,2615.0,0
2024-09-13,2629.31,2682.16,2582.79,2678.99,0
2024-09-16,2696.66,2746.11,2685.38,2744.2,0
2024-09-17,2753.2,2780.24,2726.91,2774.04,0
2024-09-18,2776.38,2784.15,2742.48,2751.73,0
2024-09-19,2746.41,2777.93,2735.67,2758.91,0
2024-09-20,2760.12,2795.72,2760.12,2782.35,0
2024-09-23,2797.0,2832.22,2797.0,2819.87,0
2024-09-24,2849.0,2871.96,2822.19,2871.96,0
2024-09-25,2878.59,2887.68,2829.75,2830.11,0
2024-09-26,2819.74,2847.78,2807.3,2829.65,0
2024-09-27,2838.11,2861.95,2826.89,2858.56,0
2024-09-30,2861.37,2889.87,2841.3,2857.56,0
2024-10-01,2831.17,2837.42,2792.21,2814.19,0
2024-10-02,2823.42,2838.77,2766.79,2766.79,0
2024-10-03,2767.51,2790.98,2739.92,2782.39,0
2024-10-04,2799.96,2818.12,2789.94,2804.62,0
2024-10-07,2807.85,2817.45,2779.34,2793.84,0
2024-10-08,2786.58,2799.3,2774.74,2788.37,0
2024-10-09,2787.38,2790.14,2748.81,2748.81,0
2024-10-10,2754.16,2775.86,2752.24,2761.54,0
2024-10-11,2758.11,2763.0,2737.96,2754.52,0
2024-10-14,2744.93,2788.18,2723.3,2773.36,0
2024-10-15,2774.56,2810.13,2766.79,2805.79,0
2024-10-16,2805.98,2827.15,2781.28,2783.46,0
2024-10-17,2786.82,2795.14,2763.53,2763.53,0
2024-10-18,2756.3,2770.45,2744.36,2751.9,0
2024-10-21,2759.58,2779.73,2759.58,2767.71,0
2024-10-22,2772.23,2783.82,2754.08,2755.19,0
2024-10-23,2749.53,2755.22,2730.49,2734.93,0
2024-10-24,2723.04,2730.58,2690.83,2718.42,0
2024-10-25,2723.01,2751.23,2657.31,2660.36,0
2024-10-28,2635.95,2652.12,2570.2,2575.06,0
2024-10-29,2582.29,2612.94,2557.65,2599.66,0
2024-10-30,2608.5,2631.8,2592.15,2615.38,0
2024-10-31,2582.47,2593.11,2551.2,2560.2,0
2024-11-01,2562.49,2581.47,2541.82,2574.71,0
2024-11-05,2614.13,2624.13,2600.48,2616.51,0
2024-11-06,2676.85,2712.29,2650.6,2662.87,0
2024-11-07,2662.87,2693.93,2633.59,2690.63,0
2024-11-08,2721.64,2749.62,2713.5,2734.56,0
2024-11-11,2782.97,2797.94,2765.18,2785.31,0
2024-11-12,2779.92,2779.92,2747.76,2756.76,0
2024-11-13,2748.61,2771.67,2740.17,2763.99,0
2024-11-14,2740.53,2740.53,2694.56,2697.47,0
2024-11-15,2703.67,2740.08,2697.44,2739.21,0
2024-11-18,2703.31,2729.49,2687.45,2720.77,0
2024-11-19,2713.73,2716.38,2623.59,2630.51,0
2024-11-20,2640.09,2665.79,2596.06,2596.89,0
2024-11-21,2596.85,2606.14,2557.54,2568.6,0
2024-11-22,2617.66,2628.5,2577.0,2581.05,0
2024-11-25,2583.42,2592.89,2517.58,2530.69,0
2024-11-26,2521.89,2544.83,2455.47,2464.35,0
2024-11-27,2468.73,2512.59,2426.02,2491.88,0
2024-11-28,2530.87,2560.55,2502.0,2547.88,0
2024-11-29,2546.13,2581.88,2533.99,2578.0,0
2024-12-02,2584.19,2600.28,2578.52,2586.74,0
2024-12-03,2585.34,2588.87,2523.54,2539.64,0
2024-12-04,2538.24,2555.99,2482.37,2485.62,0
2024-12-05,2473.75,2525.45,2438.84,2510.83,0
2024-12-06,2527.04,2552.6,2505.9,2536.23,0
2024-12-09,2548.08,2586.31,2543.94,2572.89,0
2024-12-10,2570.01,2570.01,2515.76,2522.75,0
2024-12-11,2514.78,2531.95,2499.82,2512.54,0
2024-12-12,2526.66,2548.06,2488.08,2492.63,0
2024-12-13,2478.78,2487.42,2466.73,2485.2,0
2024-12-16,2474.62,2474.62,2419.57,2420.3,0
2024-12-17,2391.49,2414.17,2370.28,2377.15,0
2024-12-18,2394.47,2410.19,2380.5,2409.35,0
2024-12-19,2428.56,2468.98,2410.22,2416.45,0
2024-12-20,2420.45,2652.58,2419.65,2638.42,0
2024-12-23,2668.72,2738.7,2658.64,2702.48,0
2024-12-24,2710.92,2722.65,2678.86,2690.96,0
2024-12-25,2680.25,2751.11,2666.38,2732.83,0
2024-12-26,2749.49,2776.33,2738.31,2766.57,0
2024-12-27,2754.56,2766.03,2743.18,2757.45,0
2024-12-30,2809.12,2883.04,2809.12,2883.04,0
2025-01-03,2892.64,2898.71,2815.2,2828.5,0
2025-01-06,2813.32,2822.34,2794.2,2816.26,0
2025-01-08,2814.88,2847.49,2813.39,2840.79,0
2025-01-09,2841.61,2853.96,2768.58,2773.12,0
2025-01-10,2767.27,2843.34,2744.58,2824.59,0
2025-01-13,2852.31,2882.49,2835.12,2866.11,0
2025-01-14,2847.36,2881.79,2828.41,2859.51,0
2025-01-15,2867.93,2879.64,2838.59,2842.96,0
2025-01-16,2893.67,2929.28,2892.47,2911.29,0
2025-01-17,2905.26,2949.7,2893.16,2945.52,0
2025-01-20,2974.56,2983.3,2918.34,2929.55,0
2025-01-21,2918.08,2937.32,2884.94,2934.71,0
2025-01-22,2944.63,2972.83,2924.74,2972.62,0
2025-01-23,2942.62,2944.4,2910.26,2926.1,0
2025-01-24,2953.18,2969.31,2933.71,2947.94,0
2025-01-27,2942.45,2946.36,2885.49,2891.39,0
2025-01-28,2890.62,2934.65,2866.81,2931.97,0
2025-01-29,2930.86,2957.64,2925.49,2950.68,0
2025-01-30,2947.03,2967.47,2940.3,2967.47,0
2025-01-31,2984.99,2995.45,2940.12,2948.1,0
2025-02-03,2933.84,2942.79,2912.51,2926.17,0
2025-02-04,2942.35,2947.7,2907.31,2917.71,0
2025-02-05,2902.15,2936.42,2889.87,2930.56,0
2025-02-06,2962.02,2984.89,2949.69,2970.12,0
2025-02-07,2982.88,2985.36,2958.04,2966.53,0
2025-02-10,2991.99,3020.01,2982.39,3012.39,0
2025-02-11,2992.37,3019.61,2982.61,3018.02,0
2025-02-12,3040.72,3059.35,3020.6,3025.63,0
2025-02-13,3226.02,3247.68,3144.12,3206.97,0
2025-02-14,3265.12,3288.32,3150.82,3185.0,0
2025-02-17,3255.81,3316.76,3244.8,3308.41,0
2025-02-18,3314.88,3333.38,3252.74,3258.76,0
2025-02-19,3273.05,3287.75,3221.53,3270.64,0
2025-02-20,3294.54,3325.5,3277.51,3292.62,0
2025-02-21,3310.03,3320.05,3258.82,3283.29,0
2025-02-24,3310.75,3316.42,3272.99,3303.63,0
2025-02-25,3362.15,3371.06,3320.24,3326.14,0
2025-02-26,3338.4,3339.41,3233.39,3276.0,0
2025-02-27,3249.63,3261.13,3190.72,3232.65,0
2025-02-28,3199.93,3210.07,3149.37,3200.48,0
2025-03-03,3189.81,3191.13,3127.69,3145.73,0
2025-03-04,3201.83,3246.09,3194.28,3241.63,0
2025-03-05,3242.44,3282.15,3231.3,3263.62,0
2025-03-06,3230.89,3234.26,3188.78,3207.7,0
2025-03-07,3229.51,3249.0,3160.45,3166.88,0
2025-03-10,3224.63,3226.58,3195.24,3200.81,0
2025-03-11,3193.02,3215.06,3178.42,3200.95,0
2025-03-12,3185.44,3194.93,3160.01,3183.97,0
2025-03-13,3149.33,3160.37,3100.06,3121.57,0
2025-03-14,3158.4,3200.36,3135.0,3195.08,0
2025-03-17,3249.15,3257.33,3213.42,3245.19,0
2025-03-18,3263.17,3280.09,3227.47,3257.49,0
2025-03-19,3213.51,3236.47,3192.85,3229.79,0
2025-03-20,3238.0,3240.5,3180.46,3223.14,0
2025-03-21,3218.29,3237.19,3191.61,3191.61,0
2025-03-24,3201.66,3202.62,3171.13,3178.66,0
2025-03-25,3186.87,3194.43,3122.61,3164.62,0
2025-03-26,3195.03,3200.02,3143.65,3146.31,0
2025-03-27,3120.47,3124.32,3076.04,3083.99,0
2025-03-28,3055.81,3082.26,3001.62,3025.65,0
2025-03-31,3008.6,3031.6,2970.94,3013.36,0
2025-04-01,3032.41,3044.23,2952.04,2964.43,0
2025-04-02,2919.67,2958.4,2917.94,2926.39,0
2025-04-03,2957.64,2972.49,2853.76,2859.58,0
2025-04-04,2886.61,2902.62,2778.43,2781.97,0
2025-04-07,2648.09,2791.28,2646.7,2729.89,0
2025-04-08,2775.78,2780.46,2727.98,2746.41,0
2025-04-09,2689.77,2707.15,2598.85,2650.69,0
2025-04-10,2790.31,2801.19,2742.48,2764.28,0
2025-04-11,2825.03,2839.28,2800.69,2829.92,0
2025-04-14,2848.99,2856.63,2806.95,2819.69,0
2025-04-15,2824.64,2836.0,2788.26,2805.55,0
2025-04-16,2801.01,2870.39,2790.7,2861.83,0
2025-04-17,2863.2,2884.76,2844.33,2865.32,0
2025-04-18,2881.79,2892.01,2825.41,2872.77,0
2025-04-21,2881.23,2929.91,2880.01,2922.46,0
2025-04-22,2945.13,2954.49,2914.37,2954.49,0
2025-04-23,2929.78,2946.43,2900.32,2943.23,0
2025-04-24,2961.81,2973.99,2934.79,2944.43,0
2025-04-25,2962.11,3009.48,2956.8,3006.14,0
2025-04-28,3009.92,3053.15,2979.14,3034.3,0
2025-04-29,2994.64,2998.68,2955.18,2957.66,0
2025-04-30,2923.86,2954.21,2887.83,2918.47,0
2025-05-02,2872.87,2877.83,2835.04,2836.7,0
2025-05-05,2810.36,2821.54,2731.74,2738.8,0
2025-05-06,2740.17,2826.61,2738.5,2820.07,0
2025-05-07,2807.12,2845.14,2790.14,2833.09,0
2025-05-08,2864.76,2873.66,2834.59,2850.93,0
2025-05-12,2936.83,2947.07,2904.77,2930.17,0
2025-05-13,2941.74,2941.93,2911.05,2935.53,0
2025-05-14,2917.17,2946.37,2909.54,2924.21,0
2025-05-15,2875.03,2877.46,2823.19,2840.05,0
2025-05-16,2848.05,2876.67,2781.0,2840.34,0
2025-05-19,2879.77,2893.56,2862.6,2882.63,0
2025-05-20,2859.26,2862.0,2823.42,2823.42,0
2025-05-21,2833.08,2844.04,2806.38,2809.58,0
2025-05-22,2784.81,2809.47,2756.04,2792.16,0
2025-05-23,2779.56,2790.29,2762.67,2770.1,0
2025-05-26,2735.78,2738.27,2699.84,2699.84,0
2025-05-27,2718.11,2740.05,2705.78,2736.75,0
2025-05-28,2754.0,2799.5,2747.96,2785.2,0
2025-05-29,2811.66,2839.97,2800.93,2809.94,0
2025-05-30,2814.06,2837.85,2793.15,2828.83,0
2025-06-02,2795.02,2830.55,2770.04,2829.67,0
2025-06-03,2817.23,2835.39,2807.63,2834.06,0
2025-06-04,2854.36,2871.78,2825.52,2836.64,0
2025-06-05,2853.2,2858.23,2837.61,2856.61,0
2025-06-06,2856.63,2910.52,2784.0,2786.16,0
2025-06-09,2767.94,2778.4,2733.75,2737.76,0
2025-06-10,2762.46,2767.14,2702.29,2722.37,0
2025-06-11,2719.6,2742.45,2718.98,2733.2,0
2025-06-13,2732.21,2762.76,2732.2,2750.32,0
2025-06-16,2758.97,2767.51,2731.24,2737.83,0
2025-06-17,2737.85,2791.03,2730.27,2788.94,0
2025-06-18,2799.02,2807.34,2779.68,2791.83,0
2025-06-19,2793.74,2800.14,2761.76,2783.81,0
2025-06-20,2776.11,2781.08,2748.57,2751.04,0
2025-06-23,2753.6,2768.93,2736.41,2759.67,0
2025-06-24,2726.43,2747.9,2715.79,2744.95,0
2025-06-25,2762.61,2790.78,2759.92,2790.78,0
2025-06-26,2794.0,2803.45,2780.49,2797.27,0
2025-06-27,2790.67,2814.29,2778.57,2806.11,0
2025-06-30,2818.98,2847.38,2806.49,2847.38,0
2025-07-01,2854.04,2858.55,2837.12,2848.44,0
2025-07-02,2838.45,2840.66,2810.0,2815.26,0
2025-07-03,2821.21,2840.13,2812.07,2823.34,0
2025-07-04,2808.3,2821.15,2788.9,2801.65,0
2025-07-07,2786.06,2788.67,2753.69,2756.14,0
2025-07-08,2748.19,2764.75,2738.75,2755.58,0
2025-07-09,2733.01,2735.07,2684.87,2696.45,0
2025-07-10,2724.64,2735.15,2705.98,2732.45,0
2025-07-11,2705.46,2707.82,2638.08,2642.02,0
2025-07-14,2616.31,2722.53,2616.03,2714.14,0
2025-07-15,2750.37,2761.82,2734.8,2756.95,0
2025-07-16,2758.65,2784.82,2747.82,2777.16,0
2025-07-17,2787.8,2788.3,2754.86,2761.48,0
2025-07-18,2758.28,2789.39,2715.11,2784.63,0
2025-07-21,2816.11,2827.94,2804.14,2821.78,0
2025-07-22,2811.64,2833.84,2801.11,2825.61,0
2025-07-23,2839.41,2849.8,2829.25,2841.16,0
2025-07-24,2837.72,2838.22,2806.64,2807.69,0
2025-07-25,2819.07,2827.03,2767.44,2772.39,0
2025-07-28,2760.9,2783.82,2726.61,2730.98,0
2025-07-29,2739.49,2764.03,2728.97,2758.28,0
2025-07-30,2751.92,2754.35,2718.65,2726.24,0
2025-07-31,2737.13,2741.14,2713.68,2732.12,0
2025-08-01,2749.41,2755.95,2724.54,2727.98,0
2025-08-04,2733.23,2776.99,2727.86,2773.85,0
2025-08-05,2784.71,2792.51,2764.77,2786.37,0
2025-08-06,2791.29,2798.21,2754.51,2764.62,0
2025-08-07,2836.05,2915.43,2824.78,2876.43,0
2025-08-08,2894.58,2926.98,2872.12,2924.63,0
2025-08-11,2991.68,2996.4,2956.94,2964.15,0
2025-08-12,2959.97,2980.01,2952.34,2977.18,0
2025-08-13,2987.6,2988.06,2959.75,2973.02,0
2025-08-14,2945.01,2985.27,2933.82,2977.34,0
2025-08-15,2987.67,3014.21,2978.69,3012.09,0
2025-08-18,2949.46,2972.97,2941.7,2951.26,0
2025-08-19,3000.75,3006.13,2962.37,2965.66,0
2025-08-20,2974.56,2977.26,2928.85,2940.78,0
2025-08-21,2933.1,2935.48,2879.36,2883.5,0
2025-08-22,2882.95,2903.48,2876.26,2896.76,0
2025-08-25,2886.35,2890.83,2857.97,2887.24,0
2025-08-26,2906.96,2915.46,2878.74,2885.87,0
2025-08-27,2892.32,2916.92,2888.1,2911.48,0
2025-08-28,2918.92,2919.01,2900.33,2912.72,0
2025-08-29,2893.99,2904.14,2882.55,2899.38,0
2025-09-01,2923.49,2925.02,2886.97,2886.97,0
2025-09-02,2878.37,2883.35,2842.8,2845.39,0
2025-09-03,2863.12,2875.01,2846.87,2867.55,0
2025-09-04,2883.86,2894.49,2864.62,2873.7,0
2025-09-05,2891.09,2906.7,2885.92,2901.45,0
2025-09-08,2914.28,2921.62,2906.62,2921.62,0
2025-09-09,2926.02,2939.2,2919.84,2935.96,0
2025-09-10,2919.56,2938.36,2912.5,2914.26,0
2025-09-11,2916.27,2916.35,2890.68,2908.14,0
2025-09-12,2904.03,2905.68,2837.01,2839.73,0
2025-09-15,2826.86,2834.6,2801.03,2809.85,0
2025-09-16,2822.85,2831.8,2778.51,2802.77,0
2025-09-17,2793.24,2823.75,2784.37,2814.04,0
2025-09-18,2814.63,2816.84,2776.12,2793.58,0
2025-09-19,2787.39,2794.33,2745.4,2748.06,0
2025-09-22,2735.8,2748.52,2702.52,2741.06,0
2025-09-23,2755.98,2769.88,2733.36,2758.65,0
2025-09-24,2683.53,2745.14,2675.62,2723.58,0
2025-09-25,2733.53,2738.58,2699.42,2708.68,0
2025-09-26,2701.97,2725.97,2686.68,2725.97,0
2025-09-29,2713.14,2744.8,2680.53,2684.09,0
2025-09-30,2681.81,2689.6,2651.13,2684.6,0
2025-10-01,2690.14,2692.19,2640.56,2647.25,0
2025-10-02,2629.36,2648.67,2623.1,2632.07,0
2025-10-03,2639.88,2649.57,2600.85,2604.55,0
2025-10-06,2594.38,2651.14,2579.19,2648.5,0
2025-10-07,2645.04,2673.27,2635.79,2668.6,0
2025-10-08,2669.75,2677.75,2548.37,2562.51,0
2025-10-09,2559.14,2645.81,2521.43,2638.37,0
2025-10-10,2635.45,2640.07,2572.91,2588.56,0
2025-10-13,2602.37,2611.54,2549.77,2576.38,0
2025-10-14,2571.87,2575.76,2530.17,2541.49,0
2025-10-15,2537.12,2564.83,2521.87,2545.22,0
2025-10-16,2534.12,2617.18,2528.86,2607.78,0
2025-10-17,2695.86,2734.79,2688.36,2721.14,0
2025-10-20,2736.9,2757.39,2726.99,2744.83,0
2025-10-21,2694.35,2715.78,2608.42,2632.42,0
2025-10-22,2659.13,2678.25,2636.48,2653.0,0
2025-10-23,2568.42,2582.67,2546.26,2570.67,0
2025-10-24,2580.2,2606.81,2530.37,2543.93,0
2025-10-27,2500.63,2506.3,2457.87,2476.79,0
2025-10-28,2480.3,2515.91,2475.24,2495.09,0
2025-10-29,2502.84,2531.25,2500.89,2523.35,0
2025-10-30,2531.72,2567.79,2528.01,2557.48,0
2025-10-31,2555.63,2556.72,2522.73,2525.2,0
2025-11-03,2566.11,2579.91,2561.91,2570.96,0
2025-11-05,2552.75,2579.16,2537.65,2546.62,0
2025-11-06,2558.87,2560.25,2532.02,2542.7,0
2025-11-07,2545.05,2573.84,2544.48,2566.42,0
2025-11-10,2590.59,2600.19,2552.16,2558.6,0
2025-11-11,2562.13,2576.62,2550.85,2566.17,0
2025-11-12,2573.61,2576.65,2529.06,2536.22,0
2025-11-13,2542.57,2550.96,2528.64,2543.36,0
2025-11-14,2548.74,2550.93,2514.92,2525.68,0
2025-11-17,2509.55,2521.49,2501.71,2510.64,0
2025-11-18,2506.61,2574.49,2492.2,2563.07,0
2025-11-19,2576.51,2669.85,2558.51,2646.02,0
2025-11-20,2635.22,2661.12,2617.57,2628.31,0
2025-11-21,2679.54,2695.26,2650.06,2685.03,0
2025-11-24,2703.18,2713.02,2645.91,2654.84,0
2025-11-25,2672.67,2695.04,2639.72,2685.95,0
2025-11-26,2676.81,2679.97,2660.88,2668.38,0
2025-11-27,2672.82,2674.23,2605.13,2621.37,0
2025-11-28,2627.9,2685.88,2623.38,2676.42,0
2025-12-01,2674.51,2698.41,2662.86,2686.93,0
2025-12-02,2683.76,2692.22,2657.52,2667.2,0
2025-12-03,2640.22,2651.71,2619.88,2651.71,0
2025-12-04,2661.39,2668.09,2653.99,2657.13,0
2025-12-05,2662.05,2718.32,2656.92,2711.3,0
2025-12-08,2727.14,2739.74,2699.79,2705.17,0
2025-12-09,2693.36,2721.82,2686.32,2702.72,0
2025-12-10,2720.42,2730.6,2713.19,2720.66,0
2025-12-11,2733.58,2761.94,2733.29,2748.93,0
2025-12-12,2761.36,2769.35,2731.98,2739.49,0
2025-12-15,2734.06,2751.7,2723.8,2748.93,0
2025-12-16,2749.87,2779.73,2746.77,2774.23,0
2025-12-17,2780.86,2781.97,2740.18,2759.73,0
2025-12-18,2764.09,2772.87,2752.06,2753.07,0
2025-12-19,2779.21,2791.25,2739.55,2743.09,0
2025-12-22,2741.24,2741.34,2712.64,2715.98,0
2025-12-23,2717.92,2733.17,2704.27,2725.38,0
2025-12-24,2723.31,2733.38,2709.96,2720.02,0
2025-12-25,2717.9,2722.91,2708.39,2714.12,0
2025-12-26,2737.19,2760.53,2735.31,2754.89,0
2025-12-29,2775.62,2819.33,2738.95,2742.03,0
2025-12-30,2758.42,2775.2,2749.53,2766.62,0
2026-01-05,2733.01,2760.06,2728.44,2757.09,0
2026-01-06,2765.1,2767.32,2739.37,2745.26,0
2026-01-08,2720.32,2732.75,2714.73,2718.62,0
2026-01-09,2727.47,2730.17,2721.13,2724.85,0
2026-01-12,2731.66,2733.82,2696.37,2701.93,0
2026-01-13,2696.73,2705.25,2687.1,2696.92,0
2026-01-14,2686.1,2716.21,2674.17,2702.69,0
2026-01-15,2700.11,2711.59,2691.25,2701.32,0
2026-01-16,2711.78,2740.26,2708.97,2733.75,0
2026-01-19,2742.41,2757.17,2730.75,2750.25,0
2026-01-20,2745.94,2746.26,2727.65,2738.07,0
2026-01-21,2744.06,2778.68,2734.86,2770.53,0
2026-01-22,2778.87,2790.1,2754.43,2768.02,0
2026-01-23,2767.84,2783.21,2761.64,2777.29,0
2026-01-26,2780.22,2780.22,2760.71,2768.15,0
2026-01-27,2768.0,2783.73,2752.41,2781.39,0
2026-01-28,2793.2,2799.85,2780.66,2788.01,0
2026-01-29,2808.69,2843.63,2786.64,2797.76,0
2026-01-30,2811.73,2813.82,2771.97,2782.74,0
2026-02-02,2758.01,2780.52,2753.96,2768.56,0
2026-02-03,2787.32,2794.19,2777.41,2786.15,0
2026-02-04,2790.73,2803.76,2771.49,2776.31,0
2026-02-05,2754.41,2758.03,2720.7,2737.13,0
2026-02-06,2743.33,2744.98,2729.77,2735.43,0
2026-02-09,2726.55,2728.45,2712.47,2725.64,0
2026-02-10,2728.17,2740.39,2716.33,2717.04,0
2026-02-11,2723.83,2762.5,2719.44,2757.75,0
2026-02-12,2755.94,2771.4,2746.64,2765.66,0
2026-02-13,2753.43,2781.2,2747.67,2776.34,0
2026-02-16,2791.52,2795.9,2779.63,2782.6,0
2026-02-17,2788.45,2791.68,2765.33,2765.33,0
2026-02-18,2769.02,2780.17,2757.98,2779.08,0
2026-02-19,2785.74,2793.07,2770.67,2772.84,0
2026-02-20,2780.28,2786.16,2768.28,2780.6,0
2026-02-24,2794.45,2809.49,2776.25,2777.35,0
2026-02-25,2784.82,2798.35,2781.12,2795.39,0
2026-02-26,2799.71,2803.39,2782.64,2785.58,0
2026-02-27,2786.72,2804.1,2780.93,2799.14,0
2026-03-02,2823.19,2851.0,2818.91,2835.65,0
2026-03-03,2848.66,2850.91,2820.68,2825.14,0
2026-03-04,2824.16,2837.7,2803.8,2809.78,0
2026-03-05,2814.75,2827.56,2811.72,2825.0,0
2026-03-06,2835.37,2862.8,2828.89,2854.11,0
2026-03-09,2912.01,2912.01,2870.98,2888.68,0
2026-03-10,2887.6,2891.54,2853.04,2853.86,0
2026-03-11,2862.67,2873.91,2851.77,2854.05,0
2026-03-12,2869.34,2877.39,2861.97,2872.08,0
2026-03-13,2877.74,2891.29,2866.6,2871.86,0
2026-03-16,2886.58,2889.23,2849.93,2853.72,0
2026-03-17,2859.03,2865.09,2852.05,2853.53,0
2026-03-18,2856.45,2876.49,2853.77,2871.72,0
2026-03-19,2884.76,2892.95,2864.44,2868.99,0
2026-03-20,2879.44,2889.39,2864.15,2864.89,0
2026-03-23,2865.85,2875.22,2804.51,2833.43,0
2026-03-24,2836.6,2843.19,2826.24,2837.9,0
2026-03-25,2840.2,2841.94,2831.9,2840.14,0
2026-03-26,2846.61,2847.76,2814.47,2822.84,0
2026-03-27,2822.09,2829.75,2780.38,2789.61,0
2026-03-30,2796.46,2814.54,2775.8,2800.69,0
2026-03-31,2801.02,2801.1,2766.28,2776.37,0
2026-04-01,2770.81,2787.45,2764.84,2775.24,0
2026-04-02,2787.52,2787.68,2767.99,2774.41,0
2026-04-03,2780.86,2783.05,2751.9,2760.7,0
2026-04-06,2748.51,2788.27,2747.81,2784.87,0
2026-04-07,2785.36,2803.61,2778.6,2797.24,0
2026-04-08,2775.26,2776.9,2758.95,2765.06,0
2026-04-09,2764.78,2770.31,2732.5,2733.4,0
2026-04-10,2741.73,2747.15,2721.54,2725.39,0
2026-04-13,2743.05,2746.8,2709.0,2722.69,0
2026-04-14,2725.53,2730.48,2703.17,2725.51,0
2026-04-15,2718.99,2745.64,2708.0,2740.45,0
2026-04-16,2750.02,2764.32,2737.73,2741.14,0
2026-04-17,2741.81,2758.66,2716.8,2723.94,0
2026-04-20,2742.57,2757.62,2727.88,2753.66,0
2026-04-21,2748.47,2763.71,2737.36,2757.7,0
2026-04-22,2760.12,2769.04,2752.73,2761.64,0
2026-04-23,2770.57,2777.88,2762.99,2771.46,0
2026-04-24,2775.48,2777.89,2729.64,2733.0,0
2026-04-27,2728.45,2744.06,2724.36,2732.41,0
2026-04-28,2736.16,2736.81,2695.36,2696.58,0
2026-04-29,2702.11,2705.69,2628.98,2639.82,0
2026-04-30,2652.56,2674.59,2648.94,2658.21,0
2026-05-04,2653.73,2655.46,2605.24,2620.82,0
2026-05-05,2617.07,2652.25,2590.66,2644.37,0
2026-05-06,2634.93,2647.5,2612.46,2632.5,0
2026-05-07,2622.74,2631.77,2611.09,2615.33,0
2026-05-08,2610.4,2614.03,2597.55,2597.8,0
2026-05-11,2646.25,2659.96,2642.76,2656.91,0
2026-05-12,2655.78,2696.53,2651.61,2689.96,0
2026-05-13,2689.78,2697.04,2680.88,2694.72,0
2026-05-14,2686.1,2688.56,2654.76,2658.84,0
2026-05-15,2656.54,2665.47,2627.36,2633.84,0
2026-05-18,2633.59,2670.93,2617.59,2668.22,0
2026-05-19,2664.37,2675.17,2656.7,2663.48,0
2026-05-20,2654.87,2655.08,2631.14,2640.32,0
2026-05-21,2629.3,2669.72,2611.59,2664.29,0
2026-05-22,2656.38,2679.98,2620.48,2625.69,0
2026-05-25,2629.05,2634.98,2579.76,2598.2,0
2026-05-26,2592.53,2595.96,2573.42,2580.25,0
2026-05-27,2577.97,2594.61,2562.22,2590.24,0
2026-05-28,2589.83,2603.9,2574.14,2583.89,0
2026-05-29,2571.78,2575.03,2556.56,2565.61,0
2026-06-01,2578.46,2589.59,2563.93,2570.04,0
2026-06-02,2580.98,2628.58,2574.47,2620.39,0
2026-06-03,2622.5,2628.33,2595.79,2601.35,0
2026-06-04,2596.21,2606.27,2577.68,2579.9,0
2026-06-05,2577.07,2581.69,2557.52,2561.04,0
2026-06-08,2574.43,2576.72,2511.41,2517.64,0
2026-06-09,2510.29,2535.85,2484.4,2522.77,0
2026-06-10,2506.57,2535.25,2482.29,2520.88,0
2026-06-11,2528.75,2528.77,2506.57,2515.33,0
2026-06-15,2527.63,2548.71,2526.76,2542.84,0
2026-06-16,2546.65,2550.12,2475.95,2490.52,0
2026-06-17,2488.53,2503.63,2479.83,2485.05,0
2026-06-18,2468.35,2468.44,2423.16,2441.24,0
2026-06-19,2447.35,2459.68,2401.64,2420.56,0
2026-06-22,2401.97,2420.01,2300.42,2318.28,0
2026-06-23,2278.53,2341.58,2273.75,2335.94,0
2026-06-24,2321.8,2321.8,2230.47,2243.47,0
2026-06-25,2266.31,2278.28,2217.39,2257.24,0
2026-06-26,2222.56,2323.5,2203.25,2285.61,0
2026-06-29,2275.45,2358.63,2254.6,2349.81,0
2026-06-30,2357.15,2402.41,2341.33,2348.15,0
2026-07-01,2360.9,2374.74,2333.65,2344.55,0
2026-07-02,2334.26,2335.45,2244.36,2256.06,0
2026-07-03,2259.22,2266.14,2210.24,2242.84,0
2026-07-06,2241.37,2259.92,2164.81,2194.14,0
2026-07-07,2168.29,2198.87,2117.5,2190.39,0
2026-07-08,2208.2,2227.73,2165.4,2220.77,0
2026-07-09,2205.93,2219.43,2178.28,2186.75,0
2026-07-10,2171.13,2178.7,2136.92,2145.65,0
2026-07-13,2152.8,2200.99,2144.39,2164.42,0
2026-07-14,2179.56,2194.92,2155.42,2170.78,0
2026-07-15,2143.35,2146.43,2103.04,2111.9,0
2026-07-16,2072.9,2074.72,2018.61,2022.27,0
2026-07-17,2027.83,2035.36,1954.25,1958.43,0
2026-07-20,1899.99,2009.92,1898.51,2000.69,0
2026-07-21,2075.21,2098.7,2014.9,2078.78,0
2026-07-22,2060.6,2144.66,2045.56,2136.11,0
2026-07-23,2144.35,2160.7,2100.34,2144.97,0
2026-07-24,2111.0,2189.51,2085.9,2165.54,0
2026-07-27,2162.7,2224.25,2154.25,2216.92,0
2026-07-28,2218.03,2218.75,2181.12,2191.18,0
2026-07-29,2210.08,2238.92,2203.3,2237.17,0
2026-07-30,2261.3,2281.2,2207.28,2209.84,0
2026-07-31,2202.59,2232.61,2189.3,2226.36,0
2026-08-03,2241.73,2263.52,2240.54,2262.75,0
2026-08-04,2259.53,2273.7,2237.08,2269.23,0
2026-08-05,2278.21,2301.65,2278.21,2301.65,0
2026-08-06,2295.11,2316.85,2266.11,2285.88,0
2026-08-07,2294.24,2310.4,2270.75,2281.31,0
2026-08-10,2296.41,2305.23,2277.56,2293.32,0
2026-08-11,2320.13,2328.18,2309.49,2323.82,0
2026-08-12,2330.92,2331.67,2288.01,2301.43,0
2026-08-13,2293.18,2297.94,2229.16,2232.14,0
2026-08-14,2232.79,2245.57,2130.39,2136.35,0
2026-08-17,2103.39,2138.96,2085.14,2093.22,0
2026-08-18,2115.25,2164.59,2100.17,2148.13,0
2026-08-19,2163.23,2179.83,2133.74,2172.38,0
2026-08-20,2169.68,2189.03,2113.58,2121.53,0
2026-08-21,2125.55,2149.97,2103.9,2134.97,0
2026-08-24,2089.78,2097.03,2051.6,2071.2,0
2026-08-25,2093.16,2146.14,2063.38,2117.15,0
2026-08-26,2098.67,2109.21,2067.32,2071.3,0
2026-08-27,2060.6,2105.95,2054.64,2093.4,0
2026-08-28,2113.27,2121.94,2070.46,2114.93,0
