timestamp,open,high,low,close,volume
2015-06-09,1.153,1.158,1.108,1.11,86297000
2015-06-10,1.115,1.159,1.0765,1.149,99438000
2015-06-11,1.154,1.155,1.1185,1.1185,38431000
2015-06-15,1.1195,1.1355,1.101,1.13,47772000
2015-06-16,1.1295,1.1495,1.121,1.125,27932000
2015-06-17,1.1335,1.187,1.126,1.1845,116337000
2015-06-18,1.183,1.189,1.159,1.1655,64410000
2015-06-19,1.17,1.21,1.1625,1.18,178419000
2015-06-22,1.1895,1.193,1.172,1.1725,27700000
2015-06-23,1.1715,1.1895,1.166,1.177,14579000
2015-06-24,1.1865,1.204,1.1705,1.19,34062000
2015-06-25,1.196,1.196,1.166,1.182,27380000
2015-06-26,1.178,1.21,1.17,1.21,39545000
2015-06-29,1.2005,1.2225,1.193,1.2085,38657000
2015-06-30,1.213,1.23,1.2075,1.225,20722000
2015-07-01,1.222,1.227,1.2105,1.2175,18656000
2015-07-02,1.2145,1.2175,1.195,1.195,17661000
2015-07-03,1.192,1.205,1.1835,1.195,21302000
2015-07-06,1.1905,1.1975,1.1805,1.19,15103000
2015-07-07,1.1805,1.1975,1.1805,1.1875,16813000
2015-07-08,1.1955,1.196,1.1205,1.155,92294000
2015-07-09,1.1645,1.1875,1.1355,1.175,93277000
2015-07-10,1.175,1.18,1.1515,1.158,19461000
2015-07-13,1.17,1.17,1.142,1.148,32916000
2015-07-14,1.1485,1.16,1.14,1.15,28936000
2015-07-15,1.145,1.209,1.145,1.205,90943000
2015-07-16,1.205,1.209,1.1735,1.201,31454000
2015-07-17,1.1975,1.21,1.1925,1.1955,16096000
2015-07-20,1.181,1.2005,1.181,1.19,19562000
2015-07-21,1.185,1.2,1.185,1.1855,48291000
2015-07-22,1.185,1.1865,1.168,1.179,17444000
2015-07-23,1.1745,1.1845,1.152,1.1525,48017000
2015-07-24,1.16,1.171,1.141,1.157,43007000
2015-07-27,1.147,1.159,1.1,1.1115,79435000
2015-07-28,1.119,1.136,1.11,1.135,22781000
2015-07-29,1.1445,1.151,1.121,1.13,53133000
2015-07-30,1.13,1.146,1.125,1.131,26005000
2015-07-31,1.13,1.144,1.1225,1.1335,76840000
2015-08-03,1.133,1.141,1.126,1.132,27837000
2015-08-04,1.134,1.1365,1.1135,1.1135,17300000
2015-08-05,1.118,1.1345,1.111,1.1305,18120000
2015-08-06,1.134,1.134,1.12,1.1315,13106000
2015-08-07,1.1315,1.1365,1.1275,1.129,18926000
2015-08-10,1.13,1.1395,1.1255,1.1295,19175000
2015-08-11,1.13,1.1385,1.124,1.13,12629000
2015-08-12,1.13,1.1315,1.12,1.1295,12121000
2015-08-13,1.136,1.136,1.125,1.13,9760000
2015-08-14,1.135,1.1465,1.126,1.1355,32723000
2015-08-17,1.1325,1.1355,1.125,1.13,8957000
2015-08-18,1.128,1.1315,1.1015,1.116,28559000
2015-08-19,1.12,1.126,1.1,1.108,16516000
2015-08-20,1.103,1.12,1.1005,1.1045,22112000
2015-08-21,1.1,1.108,1.045,1.05,74147000
2015-08-24,1.05,1.05,0.986,1.0115,73816000
2015-08-25,1.0165,1.1,1.0115,1.0545,39304000
2015-08-26,1.0695,1.0745,1.03,1.068,35232000
2015-08-27,1.081,1.1175,1.0745,1.1175,76867000
2015-08-28,1.1225,1.1355,1.1,1.107,34515000
2015-08-31,1.1125,1.1385,1.107,1.138,31709000
2015-09-01,1.137,1.151,1.1,1.13,35255000
2015-09-02,1.1275,1.135,1.102,1.12,25699000
2015-09-03,1.133,1.133,1.102,1.109,18255000
2015-09-04,1.1075,1.1125,1.0725,1.102,48208000
2015-09-07,1.09,1.104,1.08,1.09,11429000
2015-09-08,1.082,1.109,1.081,1.0955,8767000
2015-09-09,1.0995,1.119,1.0905,1.1115,29671000
2015-09-10,1.102,1.1185,1.084,1.095,15385000
2015-09-11,1.102,1.115,1.096,1.1135,22905000
2015-09-14,1.109,1.116,1.099,1.1055,36817000
2015-09-15,1.108,1.108,1.052,1.069,291854000
2015-09-16,1.073,1.0825,1.052,1.0795,81823000
2015-09-17,1.0815,1.0845,1.0605,1.0735,27283000
2015-09-18,1.0735,1.1,1.0505,1.051,308417000
2015-09-21,1.056,1.079,1.056,1.0695,29845000
2015-09-22,1.0695,1.077,1.036,1.049,65482000
2015-09-23,1.0545,1.065,1.047,1.0645,25894000
2015-09-24,1.0695,1.0735,1.045,1.0495,16255000
2015-09-25,1.0545,1.07,1.0495,1.062,12511000
2015-09-28,1.065,1.08,1.0595,1.0645,12985000
2015-09-29,1.068,1.0685,1.054,1.065,11168000
2015-09-30,1.063,1.0795,1.0535,1.0535,8481000
2015-10-01,1.0555,1.0665,1.043,1.0535,12636000
2015-10-02,1.057,1.069,1.0495,1.069,14932000
2015-10-05,1.067,1.101,1.0615,1.1,41488000
2015-10-06,1.1,1.1195,1.0865,1.1115,50707000
2015-10-07,1.11,1.1275,1.1005,1.1005,23194000
2015-10-08,1.1025,1.124,1.08,1.109,49790000
2015-10-09,1.1135,1.1415,1.11,1.136,83086000
2015-10-12,1.136,1.1465,1.1135,1.1155,33346000
2015-10-13,1.11,1.1275,1.102,1.1275,17680000
2015-10-14,1.127,1.134,1.112,1.1215,30273000
2015-10-15,1.128,1.145,1.116,1.143,40167000
2015-10-16,1.1435,1.19,1.141,1.181,95116000
2015-10-19,1.187,1.199,1.172,1.1945,79914000
2015-10-20,1.1925,1.2,1.182,1.195,38696000
2015-10-21,1.192,1.23,1.185,1.215,82210000
2015-10-22,1.2105,1.225,1.195,1.2005,92825000
2015-10-23,1.21,1.224,1.18,1.2,25407000
2015-10-26,1.1975,1.2085,1.1825,1.19,20251000
2015-10-27,1.1905,1.22,1.1705,1.2155,49326000
2015-10-28,1.213,1.2185,1.19,1.203,50549000
2015-10-29,1.203,1.22,1.196,1.217,17059000
2015-10-30,1.2125,1.22,1.2015,1.22,17643000
2015-11-02,1.215,1.2665,1.208,1.2605,74921000
2015-11-03,1.265,1.265,1.2445,1.2595,25094000
2015-11-05,1.259,1.266,1.2385,1.239,18833000
2015-11-06,1.239,1.246,1.206,1.2185,24101000
2015-11-09,1.2285,1.239,1.2135,1.227,14390000
2015-11-10,1.2255,1.25,1.2175,1.2315,17646000
2015-11-11,1.231,1.2455,1.187,1.197,28230000
2015-11-12,1.197,1.2115,1.157,1.204,19104000
2015-11-13,1.2,1.2295,1.193,1.216,24562000
2015-11-16,1.21,1.2275,1.19,1.1955,16300000
2015-11-17,1.192,1.2495,1.192,1.2405,54546000
2015-11-18,1.239,1.2555,1.221,1.221,42285000
2015-11-19,1.226,1.2585,1.226,1.248,109895000
2015-11-20,1.2425,1.2485,1.2,1.205,44499000
2015-11-23,1.2,1.2295,1.186,1.2,65998000
2015-11-24,1.202,1.205,1.1375,1.16,121614000
2015-11-25,1.155,1.1785,1.1505,1.1785,70632000
2015-11-26,1.18,1.2095,1.17,1.1805,70704000
2015-11-27,1.1805,1.195,1.174,1.1825,43824000
2015-11-30,1.1835,1.189,1.1175,1.1745,121649000
2015-12-01,1.1705,1.2,1.1375,1.1435,148410000
2015-12-02,1.1435,1.1665,1.1435,1.15,40592000
2015-12-03,1.1455,1.166,1.1375,1.1375,223450000
2015-12-04,1.148,1.152,1.124,1.125,82809000
2015-12-07,1.1215,1.128,1.1115,1.1205,41012000
2015-12-08,1.121,1.1415,1.1155,1.13,57608000
2015-12-09,1.13,1.1475,1.123,1.13,43331000
2015-12-10,1.1325,1.1325,1.1135,1.115,31275000
2015-12-11,1.115,1.12,1.096,1.097,40571000
2015-12-14,1.1,1.1165,1.0835,1.0945,166341000
2015-12-15,1.0945,1.1295,1.0915,1.112,34002000
2015-12-16,1.1155,1.1255,1.107,1.1135,30908000
2015-12-17,1.114,1.1285,1.0885,1.1,62364000
2015-12-18,1.1,1.1185,1.0685,1.107,62743000
2015-12-21,1.0995,1.1,1.068,1.077,39221000
2015-12-22,1.079,1.0835,1.0525,1.0655,51959000
2015-12-23,1.0675,1.075,1.016,1.0545,311532000
2015-12-24,1.058,1.066,1.0455,1.059,19750000
2015-12-25,1.0575,1.066,1.051,1.0575,9249000
2015-12-28,1.058,1.0785,1.05,1.0785,20880000
2015-12-29,1.0755,1.079,1.0605,1.068,13833000
2015-12-30,1.0735,1.114,1.064,1.106,215223000
2016-01-04,1.1395,1.2295,1.121,1.2295,181307000
2016-01-05,1.23,1.4275,1.211,1.368,519119000
2016-01-06,1.3695,1.4305,1.34,1.42,225757000
2016-01-11,1.396,1.405,1.326,1.364,122536000
2016-01-12,1.3405,1.4125,1.3325,1.354,122001000
2016-01-13,1.358,1.363,1.3205,1.3205,59658000
2016-01-14,1.315,1.3265,1.283,1.3,82051000
2016-01-15,1.2995,1.302,1.238,1.261,104973000
2016-01-18,1.2695,1.2775,1.221,1.27,46943000
2016-01-19,1.2765,1.3435,1.2765,1.303,58076000
2016-01-20,1.281,1.325,1.275,1.32,40706000
2016-01-21,1.321,1.35,1.304,1.32,74156000
2016-01-22,1.3395,1.37,1.3085,1.3155,83396000
2016-01-25,1.3155,1.32,1.2915,1.307,29405000
2016-01-26,1.2965,1.32,1.2905,1.32,15574000
2016-01-27,1.3205,1.339,1.311,1.339,37023000
2016-01-28,1.3395,1.405,1.332,1.39,105834000
2016-01-29,1.395,1.4,1.31,1.34,133837000
2016-02-01,1.349,1.3625,1.321,1.3395,18733000
2016-02-02,1.338,1.3575,1.3165,1.324,25846000
2016-02-03,1.3215,1.441,1.3215,1.4195,151573000
2016-02-04,1.4305,1.44,1.3605,1.419,69472000
2016-02-05,1.425,1.452,1.407,1.425,54448000
2016-02-08,1.433,1.433,1.3725,1.41,69115000
2016-02-09,1.4005,1.42,1.3905,1.4185,26404000
2016-02-10,1.4145,1.4175,1.3965,1.4045,26134000
2016-02-11,1.3985,1.4045,1.356,1.3755,38662000
2016-02-12,1.3755,1.41,1.372,1.3995,24880000
2016-02-15,1.409,1.4235,1.3885,1.395,30498000
2016-02-16,1.4115,1.415,1.383,1.4,49647000
2016-02-17,1.4025,1.4275,1.392,1.411,79053000
2016-02-18,1.4125,1.509,1.4125,1.49,153914000
2016-02-19,1.49,1.539,1.4605,1.47,128902000
2016-02-22,1.4895,1.5145,1.4725,1.477,21947000
2016-02-24,1.4725,1.5,1.436,1.4955,84671000
2016-02-25,1.4995,1.545,1.4965,1.543,120295000
2016-02-26,1.548,1.5585,1.5125,1.5385,106526000
2016-02-29,1.538,1.619,1.525,1.59,172695000
2016-03-01,1.603,1.609,1.5805,1.584,87627000
2016-03-02,1.603,1.6075,1.5635,1.5955,67055000
2016-03-03,1.609,1.614,1.5655,1.584,59271000
2016-03-04,1.585,1.605,1.57,1.605,62176000
2016-03-07,1.605,1.607,1.5775,1.599,53669000
2016-03-09,1.5995,1.65,1.5875,1.65,137514000
2016-03-10,1.655,1.6595,1.619,1.63,64173000
2016-03-11,1.644,1.6485,1.585,1.608,37675000
2016-03-14,1.5905,1.6075,1.5705,1.595,58904000
2016-03-15,1.595,1.643,1.584,1.64,63179000
2016-03-16,1.602,1.6975,1.602,1.675,117417000
2016-03-17,1.6895,1.703,1.643,1.665,49568000
2016-03-18,1.665,1.7,1.617,1.617,69853000
2016-03-21,1.641,1.6965,1.6315,1.6795,44284000
2016-03-22,1.685,1.71,1.671,1.695,60375000
2016-03-23,1.69,1.729,1.6755,1.7005,78800000
2016-03-24,1.69,1.7395,1.678,1.7385,92820000
2016-03-25,1.74,1.77,1.7345,1.77,37431000
2016-03-28,1.781,1.797,1.767,1.774,50489000
2016-03-29,1.78,1.7935,1.732,1.7435,35507000
2016-03-30,1.7515,1.8,1.75,1.7965,74616000
2016-03-31,1.7965,1.845,1.796,1.84,96671000
2016-04-01,1.782,1.8395,1.782,1.83,65755000
2016-04-04,1.83,1.84,1.8175,1.8185,34973000
2016-04-05,1.814,1.8145,1.7725,1.7945,75814000
2016-04-06,1.805,1.818,1.748,1.76,108356000
2016-04-07,1.76,1.777,1.721,1.7765,70198000
2016-04-08,1.776,1.7825,1.745,1.763,67952000
2016-04-11,1.765,1.782,1.7585,1.78,37246000
2016-04-12,1.785,1.7975,1.7695,1.783,49272000
2016-04-13,1.798,1.8365,1.7875,1.818,95059000
2016-04-14,1.82,1.84,1.795,1.802,99264000
2016-04-15,1.8275,1.8285,1.7405,1.766,117580000
2016-04-18,1.7495,1.777,1.7415,1.7645,44909000
2016-04-19,1.765,1.793,1.7025,1.7325,86334000
2016-04-20,1.7325,1.7655,1.725,1.7265,67428000
2016-04-21,1.73,1.734,1.6,1.707,162093000
2016-04-22,1.6965,1.8225,1.6965,1.82,137710000
2016-04-25,1.82,1.84,1.7905,1.839,145192000
2016-04-26,1.836,1.84,1.7975,1.83,52947000
2016-04-27,1.826,1.8495,1.804,1.826,45079000
2016-04-28,1.822,1.8355,1.8185,1.8185,54812000
2016-04-29,1.819,1.8455,1.7975,1.7975,109472000
2016-05-04,1.79,1.806,1.76,1.76,129575000
2016-05-05,1.7655,1.7945,1.765,1.7905,47259000
2016-05-06,1.7825,1.795,1.7645,1.7865,39815000
2016-05-10,1.794,1.809,1.738,1.7545,45824000
2016-05-11,1.755,1.7625,1.74,1.7495,90172000
2016-05-12,1.75,1.755,1.6655,1.68,84828000
2016-05-13,1.69,1.72,1.6635,1.72,135248000
2016-05-16,1.791,1.918,1.778,1.87,509444000
2016-05-17,1.87,1.91,1.852,1.852,136378000
2016-05-18,1.86,1.8795,1.826,1.862,130890000
2016-05-19,1.8615,1.915,1.8445,1.8985,195859000
2016-05-20,1.91,1.9305,1.895,1.92,175798000
2016-05-23,1.9195,1.939,1.9015,1.92,81478000
2016-05-24,1.924,1.936,1.9155,1.926,78775000
2016-05-25,1.93,1.95,1.9245,1.945,87265000
2016-05-26,1.935,1.944,1.9065,1.9145,42144000
2016-05-27,1.9105,1.9445,1.9,1.9445,50870000
2016-05-30,1.945,1.97,1.941,1.9505,50185000
2016-05-31,1.959,1.96,1.9205,1.96,79170000
2016-06-01,1.9455,1.97,1.9455,1.954,67322000
2016-06-02,1.95,1.991,1.95,1.9775,86789000
2016-06-03,1.9995,2.15,1.987,2.15,278333000
2016-06-06,2.159,2.1795,2.1055,2.137,221940000
2016-06-07,2.179,2.2195,2.1395,2.199,261383000
2016-06-08,2.199,2.218,2.16,2.199,76365000
2016-06-09,2.22,2.2395,2.1265,2.15,123150000
2016-06-10,2.15,2.1995,2.1315,2.195,78522000
2016-06-14,2.22,2.339,2.1825,2.339,174336000
2016-06-15,2.337,2.3695,2.299,2.3695,127742000
2016-06-16,2.3705,2.4425,2.3105,2.4,240722000
2016-06-17,2.4095,2.4875,2.394,2.4875,222833000
2016-06-20,2.469,2.544,2.445,2.5415,82119000
2016-06-21,2.547,2.5595,2.457,2.49,119670000
2016-06-22,2.51,2.5885,2.485,2.543,124759000
2016-06-23,2.5495,2.599,2.511,2.599,109134000
2016-06-24,2.51,2.6,2.51,2.58,104587000
2016-06-27,2.602,2.605,2.3755,2.399,244042000
2016-06-28,2.439,2.4495,2.2755,2.2755,283412000
2016-06-29,2.3055,2.4505,2.2835,2.45,198131000
2016-06-30,2.455,2.54,2.45,2.524,157423000
2016-07-01,2.5235,2.5385,2.415,2.47,98219000
2016-07-04,2.49,2.499,2.415,2.44,123165000
2016-07-05,2.4495,2.5755,2.4175,2.551,206753000
2016-07-06,2.564,2.57,2.4965,2.54,88771000
2016-07-07,2.5475,2.5495,2.5185,2.539,22621000
2016-07-08,2.53,2.5855,2.492,2.5605,66354000
2016-07-11,2.576,2.5845,2.5365,2.567,29852000
2016-07-12,2.5655,2.5885,2.55,2.587,101391000
2016-07-13,2.585,2.6385,2.5695,2.633,73567000
2016-07-14,2.64,2.88,2.62,2.7255,124229000
2016-07-15,2.715,2.7465,2.581,2.635,147168000
2016-07-18,2.6175,2.66,2.5555,2.603,50704000
2016-07-19,2.627,2.7295,2.6035,2.6075,85171000
2016-07-20,2.647,2.668,2.5715,2.6425,85067000
2016-07-21,2.6425,2.687,2.6125,2.673,28510000
2016-07-22,2.66,2.6705,2.606,2.633,57369000
2016-07-25,2.6565,2.7295,2.6525,2.672,66296000
2016-07-26,2.6975,2.698,2.6255,2.64,59111000
2016-07-27,2.634,2.6475,2.552,2.597,52074000
2016-07-28,2.5955,2.66,2.571,2.618,47130000
2016-07-29,2.61,2.63,2.5655,2.614,54471000
2016-08-01,2.6195,2.648,2.6115,2.6265,38253000
2016-08-02,2.6135,2.647,2.5825,2.5825,35905000
2016-08-03,2.58,2.6275,2.5755,2.5945,31048000
2016-08-04,2.596,2.63,2.56,2.56,54656000
2016-08-05,2.565,2.583,2.522,2.5225,29361000
2016-08-08,2.53,2.545,2.461,2.521,52730000
2016-08-09,2.516,2.63,2.516,2.612,63395000
2016-08-10,2.6155,2.6155,2.58,2.58,22917000
2016-08-11,2.554,2.6025,2.521,2.6,26691000
2016-08-12,2.6015,2.653,2.5365,2.6,53608000
2016-08-15,2.621,2.652,2.596,2.6055,30850000
2016-08-16,2.6035,2.667,2.6035,2.6225,55364000
2016-08-17,2.6175,2.64,2.561,2.6125,35212000
2016-08-18,2.6165,2.66,2.608,2.614,59329000
2016-08-19,2.614,2.6885,2.61,2.6215,89474000
2016-08-22,2.621,2.659,2.616,2.6345,38630000
2016-08-23,2.627,2.665,2.627,2.648,30845000
2016-08-24,2.6405,2.69,2.624,2.69,90289000
2016-08-25,2.689,2.787,2.6635,2.785,101213000
2016-08-26,2.785,2.901,2.785,2.8895,98938000
2016-08-29,2.88,2.9195,2.7855,2.8305,90059000
2016-08-30,2.8305,2.975,2.7825,2.7835,118155000
2016-08-31,2.808,2.85,2.7835,2.85,91612000
2016-09-01,2.8485,2.898,2.8155,2.8645,72169000
2016-09-02,2.885,2.908,2.86,2.905,68537000
2016-09-05,2.905,2.992,2.898,2.9825,70182000
2016-09-06,3.0,3.0115,2.965,2.975,89223000
2016-09-07,2.9975,3.0345,2.975,3.03,123663000
2016-09-08,3.034,3.1,3.0,3.1,112944000
2016-09-09,3.098,3.2,3.056,3.1645,148929000
2016-09-12,3.25,3.287,3.156,3.245,318402000
2016-09-13,3.248,3.28,3.015,3.163,244738000
2016-09-14,3.179,3.1995,3.1035,3.169,147141000
2016-09-15,3.1625,3.199,3.1625,3.17,85791000
2016-09-16,3.1715,3.2295,2.99,3.069,906585000
2016-09-19,3.099,3.1,2.9245,2.983,143778000
2016-09-20,3.01,3.085,2.9605,3.053,121437000
2016-09-21,3.085,3.1475,3.0605,3.1185,93962000
2016-09-22,3.12,3.188,3.12,3.18,112966000
2016-09-23,3.18,3.22,3.146,3.1995,71884000
2016-09-26,3.2045,3.2095,3.1775,3.2,37856000
2016-09-27,3.1875,3.22,3.1225,3.145,49125000
2016-09-28,3.167,3.18,3.104,3.15,40707000
2016-09-29,3.1995,3.2,3.14,3.1515,26005000
2016-09-30,3.1325,3.1905,3.121,3.1905,62237000
2016-10-03,3.19,3.2695,3.1715,3.223,147950000
2016-10-04,3.223,3.2655,3.1885,3.198,81538000
2016-10-05,3.184,3.254,3.164,3.214,141349000
2016-10-06,3.22,3.31,3.2005,3.2985,197814000
2016-10-07,3.2985,3.403,3.276,3.36,463963000
2016-10-10,3.365,3.419,3.2615,3.268,551001000
2016-10-11,3.28,3.2895,3.1705,3.235,199588000
2016-10-12,3.2105,3.3075,3.2035,3.223,162175000
2016-10-13,3.2395,3.264,3.22,3.22,85094000
2016-10-14,3.2265,3.249,3.1825,3.243,69666000
2016-10-17,3.2275,3.2695,3.227,3.262,40979000
2016-10-18,3.267,3.333,3.227,3.333,172720000
2016-10-19,3.3295,3.356,3.304,3.316,196841000
2016-10-20,3.3325,3.3325,3.2795,3.2795,43657000
2016-10-21,3.2555,3.2785,3.1755,3.181,155862000
2016-10-24,3.17,3.2485,3.0215,3.23,157142000
2016-10-25,3.246,3.29,3.2245,3.25,102461000
2016-10-26,3.29,3.33,3.271,3.2845,109259000
2016-10-27,3.3065,3.3535,3.275,3.3035,596323000
2016-10-28,3.31,3.3695,3.3035,3.36,53643000
2016-10-31,3.37,3.4,3.309,3.4,65965000
2016-11-01,3.3975,3.441,3.3755,3.436,75113000
2016-11-02,3.449,3.486,3.394,3.434,71214000
2016-11-03,3.394,3.4655,3.394,3.435,64505000
2016-11-07,3.45,3.527,3.407,3.465,118145000
2016-11-08,3.495,3.5375,3.411,3.48,64708000
2016-11-09,3.45,3.63,3.394,3.63,97593000
2016-11-10,3.6445,3.7,3.6105,3.6755,153134000
2016-11-11,3.6615,3.697,3.5515,3.6,103677000
2016-11-14,3.639,3.7,3.6045,3.685,73416000
2016-11-15,3.725,3.815,3.725,3.815,332923000
2016-11-16,3.835,3.94,3.833,3.897,272154000
2016-11-17,3.9195,3.9285,3.85,3.926,205150000
2016-11-18,3.945,3.9985,3.88,3.9945,288513000
2016-11-21,3.999,4.0305,3.9575,4.02,215826000
2016-11-22,4.0215,4.075,4.02,4.0435,228852000
2016-11-23,4.04,4.059,3.9655,3.99,200641000
2016-11-24,4.0,4.013,3.7935,3.8695,309775000
2016-11-25,3.88,3.88,3.771,3.7995,343322000
2016-11-28,3.81,3.95,3.7905,3.948,524684000
2016-11-29,3.95,3.95,3.76,3.8105,453295000
2016-11-30,3.85,3.889,3.7155,3.8,2246694000
2016-12-01,3.8,3.835,3.753,3.8,282020000
2016-12-02,3.79,3.8,3.6645,3.671,284142000
2016-12-05,3.6785,3.699,3.4055,3.592,278658000
2016-12-06,3.5735,3.774,3.5735,3.75,339263000
2016-12-07,3.7745,3.7925,3.703,3.734,130132000
2016-12-08,3.731,3.872,3.73,3.87,197447000
2016-12-09,3.87,3.8775,3.77,3.849,149731000
2016-12-12,3.851,3.87,3.7745,3.8345,136699000
2016-12-13,3.8045,3.8655,3.79,3.8655,176722000
2016-12-14,3.859,3.859,3.7955,3.849,172985000
2016-12-15,3.822,3.839,3.79,3.839,145272000
2016-12-16,3.828,3.835,3.7235,3.725,211781000
2016-12-19,3.749,3.85,3.705,3.793,136829000
2016-12-20,3.7815,3.828,3.7345,3.828,119561000
2016-12-21,3.8085,3.812,3.751,3.812,102773000
2016-12-22,3.7995,3.8,3.741,3.755,73576000
2016-12-23,3.751,3.763,3.677,3.76,83115000
2016-12-26,3.75,3.7775,3.725,3.747,23815000
2016-12-27,3.7555,3.798,3.741,3.798,56622000
2016-12-28,3.79,3.809,3.767,3.785,97350000
2016-12-29,3.7895,3.8075,3.757,3.8,99165000
2016-12-30,3.8,3.844,3.773,3.844,75827000
2017-01-03,3.845,3.95,3.8305,3.881,83551000
2017-01-04,3.899,4.1045,3.884,4.0995,179230000
2017-01-05,4.121,4.2995,4.0225,4.13,272569000
2017-01-06,4.1295,4.251,4.0505,4.251,103134000
2017-01-09,4.251,4.28,4.067,4.15,209342000
2017-01-10,4.1405,4.155,4.0445,4.0905,191014000
2017-01-11,4.105,4.1165,4.055,4.1165,164308000
2017-01-12,4.1,4.1195,4.062,4.0955,104929000
2017-01-13,4.0955,4.1,3.98,4.025,287059000
2017-01-16,4.029,4.0485,3.9365,3.945,129552000
2017-01-17,3.95,3.9585,3.882,3.89,113881000
2017-01-18,3.89,3.929,3.843,3.912,228489000
2017-01-19,3.925,4.028,3.799,3.8005,342350000
2017-01-20,3.8225,3.867,3.72,3.747,217798000
2017-01-23,3.747,3.878,3.71,3.845,137115000
2017-01-24,3.845,3.93,3.8225,3.89,144900000
2017-01-25,3.8925,3.965,3.87,3.9585,167611000
2017-01-26,3.9585,3.996,3.9235,3.946,87113000
2017-01-27,3.96,4.0,3.903,3.9505,98626000
2017-01-30,3.9665,4.06,3.934,4.06,116240000
2017-01-31,4.0625,4.148,4.03,4.0735,235927000
2017-02-01,4.0515,4.1285,4.0455,4.07,154365000
2017-02-02,4.099,4.099,3.96,4.025,143892000
2017-02-03,4.005,4.0475,3.9655,4.01,108360000
2017-02-06,4.02,4.078,3.895,3.96,136988000
2017-02-07,3.975,3.975,3.9155,3.9555,75835000
2017-02-08,3.9435,4.1095,3.9415,3.9995,304417000
2017-02-09,4.016,4.026,3.9105,3.9595,101623000
2017-02-10,3.95,3.992,3.9355,3.99,201194000
2017-02-13,4.0,4.021,3.936,4.0195,103812000
2017-02-14,4.018,4.031,3.932,3.932,177101000
2017-02-15,3.9495,3.9965,3.812,3.8165,222973000
2017-02-16,3.8165,3.94,3.8,3.92,99705000
2017-02-17,3.932,3.9475,3.873,3.873,38842000
2017-02-20,3.877,3.8935,3.804,3.854,28631000
2017-02-21,3.8215,3.86,3.7535,3.7995,135130000
2017-02-22,3.804,3.8105,3.765,3.79,82529000
2017-02-24,3.757,3.8035,3.7,3.8,136899000
2017-02-27,3.8,3.8225,3.6695,3.6695,153515000
2017-02-28,3.687,4.0255,3.0435,4.0255,636489000
2017-03-01,3.985,3.995,3.7565,3.824,234398000
2017-03-02,3.8275,3.8495,3.6005,3.64,192791000
2017-03-03,3.64,3.753,3.53,3.71,203380000
2017-03-06,3.72,3.78,3.6525,3.6525,69964000
2017-03-07,3.6905,3.7255,3.6,3.612,100578000
2017-03-09,3.5865,3.693,3.45,3.535,344356000
2017-03-10,3.55,3.689,3.452,3.6,244139000
2017-03-13,3.6,3.748,3.58,3.713,102625000
2017-03-14,3.713,3.94,3.703,3.8565,287132000
2017-03-15,3.883,3.9255,3.84,3.9155,118557000
2017-03-16,3.9105,3.9845,3.8525,3.933,198759000
2017-03-17,3.93,3.9925,3.881,3.9925,128285000
2017-03-20,3.9925,4.077,3.9405,4.06,106118000
2017-03-21,4.0255,4.0925,3.95,4.015,146056000
2017-03-22,3.996,4.069,3.902,4.069,150576000
2017-03-23,4.06,4.1395,4.002,4.139,165710000
2017-03-24,4.14,4.14,4.0775,4.133,65367000
2017-03-27,4.115,4.133,4.0285,4.1,107215000
2017-03-28,4.119,4.138,4.0755,4.105,106297000
2017-03-29,4.129,4.148,4.0625,4.1065,67212000
2017-03-30,4.1195,4.163,4.08,4.139,149429000
2017-03-31,4.1355,4.1485,3.976,4.0125,119867000
2017-04-03,4.01,4.0995,3.961,4.0995,70894000
2017-04-04,4.056,4.147,4.056,4.115,64344000
2017-04-05,4.1015,4.17,4.1015,4.163,117555000
2017-04-06,4.152,4.2085,4.124,4.1835,112562000
2017-04-07,4.164,4.208,4.0615,4.107,112282000
2017-04-10,4.095,4.15,3.8615,3.905,189519000
2017-04-11,3.91,4.12,3.8465,4.092,202496000
2017-04-12,4.112,4.1195,4.05,4.065,172999000
2017-04-13,4.075,4.0965,3.879,4.045,206639000
2017-04-14,4.015,4.056,3.94,3.951,26286000
2017-04-17,3.94,4.025,3.9,3.985,35055000
2017-04-18,3.985,4.032,3.8975,3.9,87353000
2017-04-19,3.899,3.957,3.8605,3.916,102451000
2017-04-20,3.8835,3.9325,3.7665,3.878,326389000
2017-04-21,3.858,3.98,3.858,3.9695,63461000
2017-04-24,3.9695,4.04,3.9075,3.976,108809000
2017-04-25,4.0215,4.03,3.921,3.997,100984000
2017-04-26,3.9905,4.0415,3.9305,4.0305,89796000
2017-04-27,4.021,4.021,3.9425,4.0125,54595000
2017-04-28,3.993,4.07,3.9745,4.05,89520000
2017-05-02,4.0785,4.1605,4.0425,4.154,111184000
2017-05-03,4.1695,4.17,4.067,4.071,69255000
2017-05-04,4.1,4.1195,4.022,4.05,59524000
2017-05-05,3.861,4.036,3.861,3.98,55422000
2017-05-10,4.041,4.1335,4.0075,4.116,114163000
2017-05-11,4.095,4.105,4.035,4.065,78496000
2017-05-12,4.08,4.1135,4.055,4.1,84047000
2017-05-15,4.1,4.138,4.0,4.024,77309000
2017-05-16,3.9845,4.03,3.9105,3.96,68427000
2017-05-17,3.925,3.949,3.876,3.876,57349000
2017-05-18,3.87,3.912,3.82,3.836,51784000
2017-05-19,3.909,3.948,3.832,3.9,56036000
2017-05-22,3.935,3.935,3.7615,3.842,89916000
2017-05-23,3.867,3.973,3.798,3.9515,71849000
2017-05-24,3.9695,4.02,3.9475,4.02,100820000
2017-05-25,4.0005,4.064,3.9875,4.06,62281000
2017-05-26,4.044,4.101,4.0225,4.1,86118000
2017-05-29,4.1,4.1085,3.9335,3.966,61646000
2017-05-30,3.945,4.0215,3.885,4.0,52499000
2017-05-31,3.9795,4.019,3.875,3.989,96118000
2017-06-01,3.98,4.01,3.938,4.01,77662000
2017-06-02,4.0195,4.0195,3.9055,3.945,55837000
2017-06-05,3.97,4.0,3.9,3.9,38154000
2017-06-06,3.9,3.9495,3.88,3.94,31697000
2017-06-07,3.93,3.9535,3.861,3.861,40168000
2017-06-08,3.89,3.939,3.806,3.9365,54382000
2017-06-09,3.9345,3.9875,3.913,3.9875,41152000
2017-06-13,4.0,4.084,3.9705,4.075,205794000
2017-06-14,4.0815,4.0815,3.8,3.8,214935000
2017-06-15,3.7925,3.85,3.7315,3.845,320586000
2017-06-16,3.8505,3.863,3.693,3.693,334741000
2017-06-19,3.588,3.683,3.561,3.6005,165570000
2017-06-20,3.6025,3.7,3.6005,3.677,107156000
2017-06-21,3.661,3.775,3.6155,3.753,158562000
2017-06-22,3.7205,3.859,3.7105,3.803,154137000
2017-06-23,3.8,3.9095,3.7905,3.892,103514000
2017-06-26,3.892,3.973,3.875,3.91,161417000
2017-06-27,3.885,3.95,3.88,3.8995,82415000
2017-06-28,3.88,3.9155,3.817,3.9155,78765000
2017-06-29,3.914,3.94,3.842,3.866,64888000
2017-06-30,3.8405,3.8885,3.791,3.833,114598000
2017-07-03,3.849,3.9,3.7915,3.8,127820000
2017-07-04,3.8295,3.843,3.78,3.81,69609000
2017-07-05,3.81,3.822,3.768,3.7955,62040000
2017-07-06,3.767,3.8055,3.7035,3.7585,95680000
2017-07-07,3.7395,3.775,3.7105,3.75,43236000
2017-07-10,3.74,3.7995,3.7365,3.76,61104000
2017-07-11,3.77,3.783,3.71,3.71,57583000
2017-07-12,3.72,3.864,3.718,3.8245,151057000
2017-07-13,3.8425,3.8535,3.7515,3.8,72370000
2017-07-14,3.7915,3.8275,3.766,3.8195,56143000
2017-07-17,3.8105,3.88,3.7825,3.851,64807000
2017-07-18,3.88,3.915,3.801,3.8175,111872000
2017-07-19,3.83,3.8445,3.785,3.821,64496000
2017-07-20,3.79,3.8225,3.73,3.7505,72660000
2017-07-21,3.7685,3.84,3.732,3.802,64854000
2017-07-24,3.8,3.86,3.794,3.835,77120000
2017-07-25,3.836,3.8585,3.741,3.745,78547000
2017-07-26,3.745,3.838,3.7445,3.814,74628000
2017-07-27,3.828,3.839,3.7705,3.818,40006000
2017-07-28,3.791,3.797,3.727,3.73,37254000
2017-07-31,3.7455,3.797,3.712,3.78,58216000
2017-08-01,3.75,3.794,3.73,3.73,74470000
2017-08-02,3.749,3.87,3.742,3.845,108655000
2017-08-03,3.847,3.86,3.8145,3.825,65556000
2017-08-04,3.838,3.84,3.8155,3.8375,36776000
2017-08-07,3.797,3.882,3.797,3.879,66070000
2017-08-08,3.889,3.8935,3.851,3.889,60469000
2017-08-09,3.8915,3.918,3.7855,3.7915,95399000
2017-08-10,3.791,3.835,3.76,3.7605,69329000
2017-08-11,3.7495,3.815,3.744,3.796,70426000
2017-08-14,3.793,3.874,3.7815,3.86,69716000
2017-08-15,3.8615,3.888,3.82,3.8485,72978000
2017-08-16,3.8355,3.8935,3.8355,3.8615,130417000
2017-08-17,3.86,3.863,3.828,3.829,28765000
2017-08-18,3.8295,3.845,3.806,3.845,38126000
2017-08-21,3.845,3.879,3.827,3.8485,65840000
2017-08-22,3.863,3.867,3.827,3.83,29991000
2017-08-23,3.8435,3.864,3.831,3.844,45032000
2017-08-24,3.8565,3.874,3.8355,3.8715,40475000
2017-08-25,3.87,3.8715,3.85,3.854,22661000
2017-08-28,3.8515,3.88,3.84,3.87,49962000
2017-08-29,3.86,3.908,3.794,3.8575,135110000
2017-08-30,3.8715,3.88,3.85,3.8785,47909000
2017-08-31,3.874,3.93,3.848,3.93,101435000
2017-09-01,3.91,3.93,3.865,3.874,73664000
2017-09-04,3.867,3.898,3.829,3.84,40455000
2017-09-05,3.832,3.8605,3.8035,3.8035,66132000
2017-09-06,3.81,3.85,3.798,3.829,89407000
2017-09-07,3.855,3.8955,3.825,3.825,59478000
2017-09-08,3.8255,3.89,3.8255,3.89,79113000
2017-09-11,3.8905,3.915,3.85,3.85,86732000
2017-09-12,3.875,3.899,3.85,3.895,116298000
2017-09-13,3.899,3.9585,3.8735,3.91,109289000
2017-09-14,3.9005,3.9295,3.871,3.88,61273000
2017-09-15,3.8775,3.94,3.875,3.94,74391000
2017-09-18,3.915,3.9365,3.86,3.8605,63394000
2017-09-19,3.8845,3.909,3.8335,3.8505,50084000
2017-09-20,3.846,3.88,3.816,3.86,65202000
2017-09-21,3.8555,3.873,3.81,3.81,98572000
2017-09-22,3.806,3.85,3.806,3.835,90253000
2017-09-25,3.813,3.84,3.78,3.8095,62504000
2017-09-26,3.8195,3.83,3.7815,3.7815,88704000
2017-09-27,3.8035,3.8035,3.7585,3.786,93027000
2017-09-28,3.787,3.787,3.7405,3.7495,81864000
2017-09-29,3.741,3.7495,3.709,3.712,97824000
2017-10-02,3.724,3.753,3.701,3.722,36007000
2017-10-03,3.722,3.795,3.7145,3.762,67615000
2017-10-04,3.7795,3.7795,3.7185,3.743,38333000
2017-10-05,3.755,3.758,3.7075,3.723,48958000
2017-10-06,3.7295,3.753,3.7145,3.749,50791000
2017-10-09,3.749,3.7595,3.723,3.755,39821000
2017-10-10,3.755,3.7585,3.722,3.731,54668000
2017-10-11,3.74,3.774,3.728,3.735,95853000
2017-10-12,3.745,3.751,3.717,3.725,46280000
2017-10-13,3.721,3.75,3.721,3.744,39472000
2017-10-16,3.733,3.769,3.722,3.769,72756000
2017-10-17,3.769,3.7695,3.73,3.759,71027000
2017-10-18,3.7555,3.7555,3.72,3.726,60546000
2017-10-19,3.74,3.74,3.652,3.665,89289000
2017-10-20,3.6525,3.688,3.6525,3.68,42211000
2017-10-23,3.68,3.708,3.66,3.6625,69162000
2017-10-24,3.6685,3.678,3.621,3.645,68208000
2017-10-25,3.653,3.673,3.606,3.606,50067000
2017-10-26,3.582,3.6195,3.563,3.59,61765000
2017-10-27,3.6,3.6525,3.6,3.6525,54555000
2017-10-30,3.651,3.651,3.604,3.609,47558000
2017-10-31,3.618,3.6265,3.564,3.579,96976000
2017-11-01,3.6055,3.6055,3.5315,3.56,47359000
2017-11-02,3.55,3.55,3.456,3.4565,84699000
2017-11-03,3.461,3.519,3.461,3.4865,50068000
2017-11-07,3.5025,3.5635,3.5025,3.557,78124000
2017-11-08,3.551,3.619,3.55,3.61,71921000
2017-11-09,3.6095,3.67,3.593,3.67,73086000
2017-11-10,3.642,3.66,3.615,3.6235,61520000
2017-11-13,3.6415,3.653,3.598,3.601,51800000
2017-11-14,3.615,3.6455,3.5915,3.6,80738000
2017-11-15,3.5955,3.6155,3.579,3.6,43851000
2017-11-16,3.6005,3.6445,3.5875,3.6225,68568000
2017-11-17,3.6305,3.657,3.522,3.5235,50419000
2017-11-20,3.533,3.6,3.49,3.6,59323000
2017-11-21,3.6,3.6265,3.5605,3.61,33168000
2017-11-22,3.609,3.69,3.5905,3.6895,63049000
2017-11-23,3.697,3.7,3.6425,3.657,25400000
2017-11-24,3.67,3.69,3.5775,3.6055,43853000
2017-11-27,3.61,3.674,3.567,3.674,47399000
2017-11-28,3.675,3.698,3.635,3.698,32655000
2017-11-29,3.7,3.709,3.6545,3.68,35802000
2017-11-30,3.68,3.6865,3.595,3.6855,117480000
2017-12-01,3.654,3.73,3.654,3.73,51433000
2017-12-04,3.7275,3.729,3.631,3.64,73814000
2017-12-05,3.6405,3.6495,3.591,3.62,39200000
2017-12-06,3.646,3.649,3.5905,3.649,42646000
2017-12-07,3.6295,3.6295,3.5755,3.5755,52636000
2017-12-08,3.576,3.5995,3.48,3.508,41217000
2017-12-11,3.514,3.59,3.514,3.58,58955000
2017-12-12,3.5935,3.6035,3.506,3.54,56415000
2017-12-13,3.523,3.6095,3.521,3.6095,46856000
2017-12-14,3.6035,3.619,3.5575,3.619,46137000
2017-12-15,3.6,3.6275,3.592,3.5925,64678000
2017-12-18,3.6,3.62,3.538,3.5755,47024000
2017-12-19,3.5725,3.5945,3.489,3.489,49030000
2017-12-20,3.515,3.533,3.432,3.432,101010000
2017-12-21,3.41,3.467,3.3345,3.357,69475000
2017-12-22,3.3645,3.432,3.271,3.34,65111000
2017-12-25,3.3495,3.417,3.326,3.4095,14130000
2017-12-26,3.4,3.4015,3.3,3.3205,25752000
2017-12-27,3.322,3.393,3.224,3.393,101410000
2017-12-28,3.3965,3.42,3.336,3.368,36371000
2017-12-29,3.3795,3.4,3.317,3.4,45246000
2018-01-03,3.42,3.42,3.3455,3.393,29771000
2018-01-04,3.4,3.568,3.381,3.568,65252000
2018-01-05,3.575,3.585,3.473,3.544,60856000
2018-01-09,3.56,3.561,3.481,3.481,107029000
2018-01-10,3.498,3.5125,3.4305,3.463,88067000
2018-01-11,3.4745,3.4745,3.3805,3.41,128841000
2018-01-12,3.4105,3.44,3.4015,3.44,58800000
2018-01-15,3.456,3.469,3.411,3.4515,40331000
2018-01-16,3.45,3.458,3.4075,3.458,51250000
2018-01-17,3.4235,3.449,3.3885,3.449,50507000
2018-01-18,3.4485,3.5045,3.4425,3.4795,80437000
2018-01-19,3.47,3.555,3.45,3.541,58764000
2018-01-22,3.5595,3.7645,3.546,3.747,183741000
2018-01-23,3.75,3.7605,3.62,3.66,108946000
2018-01-24,3.65,3.711,3.64,3.67,63779000
2018-01-25,3.6785,3.75,3.632,3.75,94293000
2018-01-26,3.7405,3.76,3.683,3.7575,82819000
2018-01-29,3.7575,3.788,3.739,3.788,48940000
2018-01-30,3.78,3.785,3.74,3.77,47549000
2018-01-31,3.7505,3.869,3.7135,3.79,93224000
2018-02-01,3.7905,3.83,3.78,3.8195,52211000
2018-02-02,3.8045,3.857,3.7925,3.8245,66174000
2018-02-05,3.793,3.8185,3.744,3.75,52257000
2018-02-06,3.6905,3.7385,3.6415,3.6675,71553000
2018-02-07,3.7375,3.805,3.672,3.805,82883000
2018-02-08,3.7705,3.8285,3.7575,3.762,71023000
2018-02-09,3.758,3.7645,3.655,3.6975,74809000
2018-02-12,3.7105,3.732,3.6465,3.6825,66979000
2018-02-13,3.675,3.6995,3.62,3.6845,50735000
2018-02-14,3.68,3.7175,3.652,3.7175,47410000
2018-02-15,3.7195,3.8,3.6915,3.7955,71548000
2018-02-16,3.81,3.826,3.78,3.792,52711000
2018-02-19,3.792,3.819,3.7215,3.7215,48548000
2018-02-20,3.722,3.728,3.6725,3.7,40564000
2018-02-21,3.68,3.821,3.6585,3.821,88318000
2018-02-22,3.815,3.815,3.725,3.7875,121957000
2018-02-26,3.8,3.8445,3.75,3.77,167407000
2018-02-27,3.779,3.795,3.6845,3.7105,96214000
2018-02-28,3.7105,3.75,3.6545,3.72,146980000
2018-03-01,3.7085,3.739,3.6715,3.7295,106359000
2018-03-02,3.7295,3.76,3.661,3.7165,65742000
2018-03-05,3.719,3.795,3.692,3.795,80635000
2018-03-06,3.793,3.82,3.7325,3.82,78469000
2018-03-07,3.8,3.801,3.7125,3.7695,119739000
2018-03-09,3.7455,3.818,3.7455,3.818,58897000
2018-03-12,3.787,3.84,3.787,3.83,80295000
2018-03-13,3.836,3.8375,3.8035,3.83,103135000
2018-03-14,3.83,3.83,3.67,3.67,169116000
2018-03-15,3.63,3.788,3.5705,3.616,553504000
2018-03-16,3.62,3.7985,3.6165,3.7985,222225000
2018-03-19,3.747,3.7745,3.687,3.72,133904000
2018-03-20,3.7215,3.795,3.716,3.795,77658000
2018-03-21,3.79,3.839,3.76,3.7795,106064000
2018-03-22,3.8295,3.8295,3.7555,3.7745,96651000
2018-03-23,3.751,3.7965,3.725,3.7345,96993000
2018-03-26,3.735,3.7555,3.68,3.73,94258000
2018-03-27,3.749,3.79,3.6925,3.726,114929000
2018-03-28,3.744,3.75,3.7125,3.737,104768000
2018-03-29,3.75,3.83,3.7155,3.83,181998000
2018-03-30,3.83,3.8305,3.8,3.82,21858000
2018-04-02,3.824,3.897,3.8015,3.86,155955000
2018-04-03,3.8615,3.897,3.82,3.888,134437000
2018-04-04,3.88,3.91,3.842,3.89,127748000
2018-04-05,3.881,3.9885,3.881,3.971,109007000
2018-04-06,3.967,3.97,3.9105,3.93,83723000
2018-04-09,3.925,3.963,3.651,3.66,280301000
2018-04-10,3.65,3.77,3.62,3.68,191700000
2018-04-11,3.7445,3.7445,3.6065,3.73,164274000
2018-04-12,3.76,3.8345,3.676,3.79,147901000
2018-04-13,3.8,3.82,3.7005,3.75,69359000
2018-04-16,3.7565,3.877,3.7355,3.86,125177000
2018-04-17,3.89,3.92,3.8525,3.865,85524000
2018-04-18,3.868,3.979,3.868,3.95,105210000
2018-04-19,3.98,4.0,3.8755,3.922,97390000
2018-04-20,3.91,3.94,3.8685,3.91,82378000
2018-04-23,3.908,3.9395,3.8405,3.85,90282000
2018-04-24,3.8795,3.94,3.865,3.94,63500000
2018-04-25,3.9405,3.9805,3.91,3.9615,71959000
2018-04-26,3.9605,3.9605,3.89,3.92,73491000
2018-04-27,3.9105,3.975,3.9105,3.975,41669000
2018-04-30,3.9495,4.069,3.915,4.0,65422000
2018-05-02,3.9905,4.0265,3.96,4.0155,61307000
2018-05-03,4.0155,4.0155,3.8075,3.82,158515000
2018-05-04,3.8575,3.882,3.82,3.832,66933000
2018-05-07,3.8355,3.927,3.8355,3.915,78153000
2018-05-08,3.9,3.924,3.851,3.924,79934000
2018-05-10,3.94,4.017,3.8975,3.942,143428000
2018-05-11,3.942,3.9845,3.8985,3.9845,69657000
2018-05-14,3.985,3.995,3.925,3.97,65620000
2018-05-15,3.934,3.9515,3.8855,3.8855,101257000
2018-05-16,3.908,3.9885,3.873,3.98,128997000
2018-05-17,4.01,4.1095,4.0,4.0,234076000
2018-05-18,4.005,4.179,3.95,4.145,174808000
2018-05-21,4.104,4.104,3.9875,3.9935,174980000
2018-05-22,3.99,4.0505,3.972,4.0505,106370000
2018-05-23,4.0225,4.0725,3.983,3.99,75022000
2018-05-24,4.019,4.034,3.9875,3.9905,62213000
2018-05-25,3.992,4.06,3.9905,4.05,62888000
2018-05-28,4.05,4.095,4.031,4.0325,34573000
2018-05-29,4.06,4.09,3.9615,4.002,76544000
2018-05-30,4.021,4.073,4.003,4.07,114731000
2018-05-31,3.9615,4.08,3.93,4.08,210314000
2018-06-01,4.05,4.12,4.048,4.048,80400000
2018-06-04,4.056,4.149,4.056,4.1465,77850000
2018-06-05,4.164,4.222,4.147,4.222,95198000
2018-06-06,4.222,4.238,4.155,4.1885,63398000
2018-06-07,4.19,4.225,4.183,4.2,87771000
2018-06-08,4.183,4.204,4.058,4.0905,159583000
2018-06-11,4.13,4.159,4.0105,4.12,47060000
2018-06-13,4.111,4.1495,4.0525,4.1,85063000
2018-06-14,4.1155,4.124,4.0265,4.0295,72963000
2018-06-15,4.048,4.0595,3.98,4.05,132511000
2018-06-18,4.03,4.169,4.0175,4.1065,125195000
2018-06-19,4.09,4.1325,4.0655,4.0965,161371000
2018-06-20,4.07,4.1565,4.07,4.092,112488000
2018-06-21,4.0925,4.1885,4.0675,4.1155,186560000
2018-06-22,4.136,4.1855,4.101,4.131,132039000
2018-06-25,4.14,4.152,4.047,4.088,94222000
2018-06-26,4.0765,4.1255,4.051,4.051,68508000
2018-06-27,4.0805,4.1,4.046,4.07,61414000
2018-06-28,4.065,4.079,4.0,4.0665,80385000
2018-06-29,4.067,4.1,4.0265,4.1,83919000
2018-07-02,4.0625,4.134,4.0625,4.0715,104398000
2018-07-03,4.0755,4.119,4.04,4.049,78869000
2018-07-04,4.051,4.13,4.051,4.12,62805000
2018-07-05,4.1205,4.146,4.09,4.134,58423000
2018-07-06,4.134,4.2345,4.0965,4.208,94698000
2018-07-09,4.2265,4.2995,4.19,4.299,123297000
2018-07-10,4.3,4.434,4.24,4.38,211978000
2018-07-11,4.38,4.43,4.3315,4.3605,105025000
2018-07-12,4.37,4.3945,4.188,4.244,145802000
2018-07-13,4.256,4.359,4.2195,4.3145,96283000
2018-07-16,4.3085,4.3425,4.2175,4.3375,71119000
2018-07-17,4.3365,4.3975,4.2505,4.3625,114939000
2018-07-18,4.351,4.4275,4.3475,4.4065,131417000
2018-07-19,4.4035,4.4035,4.3315,4.3825,90738000
2018-07-20,4.3585,4.359,4.2015,4.24,107647000
2018-07-23,4.263,4.269,4.21,4.2445,90950000
2018-07-24,4.252,4.2855,4.21,4.23,80206000
2018-07-25,4.21,4.2365,4.1315,4.1805,87199000
2018-07-26,4.2085,4.231,4.18,4.2,59331000
2018-07-27,4.1995,4.2,4.141,4.1605,51891000
2018-07-30,4.1595,4.1595,4.082,4.098,65025000
2018-07-31,4.109,4.17,4.058,4.1425,87347000
2018-08-01,4.1495,4.17,4.094,4.152,68495000
2018-08-02,4.146,4.1555,4.07,4.0985,85677000
2018-08-03,4.1075,4.1075,4.0145,4.062,76963000
2018-08-06,4.07,4.074,4.02,4.0235,84315000
2018-08-07,4.07,4.1225,4.022,4.11,81803000
2018-08-08,4.1265,4.128,4.025,4.0715,96287000
2018-08-09,4.045,4.057,3.964,4.057,87807000
2018-08-10,4.057,4.06,3.8225,3.844,150722000
2018-08-13,3.786,4.012,3.77,3.95,141886000
2018-08-14,3.9755,4.0,3.959,3.976,105063000
2018-08-15,3.9795,4.035,3.9575,4.035,140807000
2018-08-16,4.035,4.0635,4.02,4.029,98955000
2018-08-17,4.0255,4.0395,3.9175,3.983,80026000
2018-08-20,4.0195,4.05,3.991,4.026,54947000
2018-08-21,4.0435,4.0595,4.0015,4.0595,86505000
2018-08-22,4.065,4.1195,4.0255,4.057,97929000
2018-08-23,4.047,4.065,3.9515,4.0,96752000
2018-08-24,3.995,4.012,3.86,3.9055,78506000
2018-08-27,3.938,4.04,3.912,4.04,124130000
2018-08-28,4.045,4.0685,3.985,4.024,62338000
2018-08-29,4.022,4.036,3.99,4.01,63637000
2018-08-30,4.025,4.029,3.9505,3.987,100287000
2018-08-31,3.9835,4.04,3.917,4.04,92191000
2018-09-03,4.04,4.04,3.9905,4.013,25242000
2018-09-04,4.034,4.0485,3.965,3.975,43932000
2018-09-05,3.9745,3.9955,3.941,3.95,79956000
2018-09-06,3.9695,3.9895,3.815,3.869,62242000
2018-09-07,3.887,3.915,3.6905,3.76,103714000
2018-09-10,3.7895,3.824,3.6735,3.719,74903000
2018-09-11,3.7005,3.7985,3.679,3.78,144799000
2018-09-12,3.792,3.89,3.761,3.89,78362000
2018-09-13,3.89,3.965,3.8645,3.92,68695000
2018-09-14,3.925,3.983,3.925,3.95,61804000
2018-09-17,3.951,4.135,3.951,4.0775,138705000
2018-09-18,4.084,4.1975,4.0685,4.193,131453000
2018-09-19,4.199,4.1995,4.105,4.12,69661000
2018-09-20,4.1065,4.17,4.0735,4.0865,178392000
2018-09-21,4.1195,4.19,4.012,4.012,251207000
2018-09-24,4.047,4.096,4.02,4.0705,43702000
2018-09-25,4.08,4.1295,4.0405,4.1295,65930000
2018-09-26,4.12,4.169,4.1155,4.13,80029000
2018-09-27,4.13,4.18,4.123,4.1785,80178000
2018-09-28,4.1625,4.1705,4.0155,4.1065,80239000
2018-10-01,4.1115,4.123,4.003,4.0375,66307000
2018-10-02,4.08,4.12,4.041,4.1095,75827000
2018-10-03,4.115,4.134,4.023,4.08,93416000
2018-10-04,4.0985,4.131,4.07,4.09,71197000
2018-10-05,4.0975,4.1005,4.0205,4.0205,89175000
2018-10-08,4.03,4.0585,3.925,3.97,70094000
2018-10-09,4.0,4.04,3.9255,3.9255,55363000
2018-10-10,3.96,4.035,3.948,3.992,71478000
2018-10-11,3.924,3.9895,3.8815,3.958,81979000
2018-10-12,3.968,3.988,3.8705,3.884,60381000
2018-10-15,3.896,3.947,3.8415,3.8555,47367000
2018-10-16,3.8555,3.9805,3.8555,3.9795,68873000
2018-10-17,3.95,4.0735,3.95,4.0735,81065000
2018-10-18,4.026,4.067,3.9645,3.9975,89996000
2018-10-19,3.972,4.0245,3.861,3.886,44459000
2018-10-22,3.89,3.919,3.8575,3.87,39312000
2018-10-23,3.8535,3.871,3.73,3.73,90381000
2018-10-24,3.7495,3.8,3.73,3.73,64459000
2018-10-25,3.73,3.7485,3.656,3.685,85942000
2018-10-26,3.6845,3.72,3.63,3.72,56081000
2018-10-29,3.735,3.839,3.7285,3.827,71939000
2018-10-30,3.829,3.9215,3.7695,3.9215,75434000
2018-10-31,3.94,3.982,3.886,3.982,113782000
2018-11-01,3.982,3.9985,3.922,3.9985,98974000
2018-11-02,3.998,4.0065,3.92,3.9445,66837000
2018-11-06,3.9665,4.0,3.931,4.0,77404000
2018-11-07,4.019,4.0475,3.9455,4.0245,59323000
2018-11-08,4.025,4.063,3.989,3.99,97832000
2018-11-09,3.9895,4.0295,3.8935,4.0295,139818000
2018-11-12,4.0415,4.049,3.9405,3.95,52631000
2018-11-13,3.9475,4.031,3.93,4.03,118447000
2018-11-14,4.03,4.0455,3.9415,3.979,82647000
2018-11-15,3.993,4.018,3.949,3.981,37038000
2018-11-16,3.989,4.002,3.952,3.957,60580000
2018-11-19,3.96,3.973,3.853,3.8575,54862000
2018-11-20,3.855,3.9185,3.806,3.806,52377000
2018-11-21,3.8395,3.919,3.8235,3.8825,61834000
2018-11-22,3.8825,3.961,3.8825,3.961,43364000
2018-11-23,3.95,3.976,3.8945,3.976,46334000
2018-11-26,3.97,3.9855,3.8435,3.8995,88371000
2018-11-27,3.87,3.967,3.8625,3.9555,46022000
2018-11-28,3.944,3.975,3.918,3.94,50386000
2018-11-29,3.948,3.996,3.93,3.9675,78937000
2018-11-30,3.951,4.095,3.951,4.095,118284000
2018-12-03,4.081,4.125,4.0585,4.0905,90699000
2018-12-04,4.061,4.1235,4.0375,4.1235,98634000
2018-12-05,4.1095,4.12,3.991,4.0495,99405000
2018-12-06,4.046,4.117,3.954,4.004,94339000
2018-12-07,4.01,4.0285,3.901,3.942,127255000
2018-12-10,3.94,3.957,3.8825,3.8895,54218000
2018-12-11,3.903,3.9245,3.8525,3.8815,105390000
2018-12-12,3.92,3.92,3.8605,3.8835,53688000
2018-12-13,3.8755,3.9495,3.8755,3.92,93103000
2018-12-14,3.9025,3.9155,3.846,3.884,44728000
2018-12-17,3.867,3.926,3.852,3.9035,57517000
2018-12-18,3.851,3.94,3.851,3.9025,88593000
2018-12-19,3.8905,3.913,3.871,3.8865,74903000
2018-12-20,3.8865,3.9,3.8705,3.9,99662000
2018-12-21,3.875,3.92,3.8675,3.8675,147502000
2018-12-24,3.8705,3.9035,3.8675,3.8915,13106000
2018-12-25,3.8735,3.8735,3.72,3.824,17119000
2018-12-26,3.8295,3.8455,3.8015,3.8455,6752000
2018-12-27,3.8675,3.9165,3.8465,3.9165,53370000
2018-12-28,3.9175,3.9395,3.87,3.8845,37324000
2019-01-03,3.86,3.9985,3.8355,3.976,88279000
2019-01-04,3.976,3.98,3.921,3.97,64049000
2019-01-08,3.969,3.969,3.883,3.91,82983000
2019-01-09,3.92,3.9825,3.907,3.9825,90850000
2019-01-10,3.965,4.0,3.927,3.9425,108931000
2019-01-11,3.9585,3.969,3.913,3.96,94710000
2019-01-14,3.96,3.962,3.9125,3.95,65248000
2019-01-15,3.952,3.9595,3.903,3.9365,95105000
2019-01-16,3.9355,3.956,3.921,3.956,70650000
2019-01-17,3.9555,3.9555,3.92,3.931,65549000
2019-01-18,3.931,3.9425,3.85,3.86,95482000
2019-01-21,3.871,3.9,3.845,3.85,43173000
2019-01-22,3.8475,3.866,3.796,3.81,137099000
2019-01-23,3.81,3.8765,3.81,3.859,133814000
2019-01-24,3.879,3.8945,3.8305,3.8925,104199000
2019-01-25,3.889,3.889,3.851,3.87,89706000
2019-01-28,3.87,3.874,3.834,3.848,31995000
2019-01-29,3.868,3.878,3.824,3.8605,51497000
2019-01-30,3.885,3.885,3.8305,3.85,74813000
2019-01-31,3.867,3.871,3.825,3.825,108277000
2019-02-01,3.84,3.8845,3.8275,3.88,79451000
2019-02-04,3.8845,3.8845,3.848,3.85,55980000
2019-02-05,3.8575,3.875,3.845,3.846,40387000
2019-02-06,3.841,3.855,3.814,3.814,72255000
2019-02-07,3.823,3.823,3.7665,3.767,70915000
2019-02-08,3.774,3.8765,3.768,3.868,102590000
2019-02-11,3.8455,3.874,3.84,3.874,41706000
2019-02-12,3.874,3.907,3.852,3.9,92286000
2019-02-13,3.8975,3.919,3.846,3.892,67552000
2019-02-14,3.8635,3.892,3.807,3.8385,70985000
2019-02-15,3.86,3.889,3.8455,3.885,60328000
2019-02-18,3.8865,3.8975,3.785,3.7955,60733000
2019-02-19,3.8085,3.8635,3.801,3.8635,43974000
2019-02-20,3.8635,3.89,3.852,3.875,92822000
2019-02-21,3.8785,3.887,3.8375,3.875,85404000
2019-02-22,3.863,3.88,3.855,3.865,56616000
2019-02-25,3.8785,3.8985,3.8625,3.88,64495000
2019-02-26,3.88,3.932,3.8655,3.93,84893000
2019-02-27,3.93,3.943,3.9,3.926,92688000
2019-02-28,3.9285,3.9285,3.88,3.915,84191000
2019-03-01,3.912,3.935,3.8895,3.935,81716000
2019-03-04,3.9305,3.97,3.93,3.9425,47154000
2019-03-05,3.93,3.951,3.853,3.853,66176000
2019-03-06,3.8505,3.89,3.8345,3.8635,54414000
2019-03-07,3.8605,3.889,3.83,3.846,43967000
2019-03-11,3.858,3.8595,3.811,3.8435,56136000
2019-03-12,3.8395,3.876,3.8225,3.873,37053000
2019-03-13,3.873,3.8795,3.8355,3.868,38692000
2019-03-14,3.854,3.869,3.833,3.85,32810000
2019-03-15,3.841,3.89,3.8215,3.89,125954000
2019-03-18,3.879,3.88,3.84,3.84,46767000
2019-03-19,3.855,3.8575,3.8135,3.815,47615000
2019-03-20,3.8275,3.845,3.815,3.835,38878000
2019-03-21,3.84,3.8585,3.822,3.85,91854000
2019-03-22,3.854,3.8545,3.8,3.83,60695000
2019-03-25,3.8295,3.84,3.7905,3.821,35170000
2019-03-26,3.825,3.835,3.815,3.8235,33890000
2019-03-27,3.8295,3.83,3.761,3.7795,61406000
2019-03-28,3.7915,3.7915,3.7515,3.78,56653000
2019-03-29,3.78,3.79,3.727,3.737,45754000
2019-04-01,3.7505,3.7565,3.7105,3.725,62473000
2019-04-02,3.734,3.74,3.686,3.7,90047000
2019-04-03,3.72,3.7215,3.671,3.6995,86496000
2019-04-04,3.6995,3.7115,3.6225,3.6275,129480000
2019-04-05,3.629,3.6545,3.609,3.621,73061000
2019-04-08,3.6325,3.7045,3.6205,3.7005,113588000
2019-04-09,3.7,3.73,3.6955,3.721,62190000
2019-04-10,3.7025,3.77,3.7025,3.77,72171000
2019-04-11,3.7645,3.7645,3.7,3.75,65916000
2019-04-12,3.758,3.7595,3.71,3.755,57789000
2019-04-15,3.755,3.7595,3.697,3.74,42137000
2019-04-16,3.744,3.7985,3.711,3.77,105370000
2019-04-17,3.771,3.799,3.7565,3.793,58806000
2019-04-18,3.779,3.8185,3.779,3.8185,30294000
2019-04-19,3.818,3.8375,3.802,3.81,16632000
2019-04-22,3.81,3.919,3.789,3.8375,104702000
2019-04-23,3.8415,3.954,3.84,3.95,160157000
2019-04-24,3.959,3.97,3.892,3.9115,118846000
2019-04-25,3.9295,3.965,3.865,3.965,93017000
2019-04-26,3.9595,3.98,3.9155,3.9775,57262000
2019-04-29,3.9805,3.99,3.9405,3.97,38182000
2019-04-30,3.97,3.971,3.91,3.92,81067000
2019-05-02,3.939,3.939,3.89,3.927,27920000
2019-05-03,3.9425,3.945,3.8985,3.8985,49743000
2019-05-06,3.8995,3.91,3.857,3.896,67278000
2019-05-07,3.9065,3.9065,3.85,3.9,83735000
2019-05-08,3.8945,3.8945,3.821,3.842,90977000
2019-05-10,3.8175,3.86,3.7895,3.7895,79842000
2019-05-13,3.821,3.889,3.7965,3.8505,90146000
2019-05-14,3.8505,3.958,3.8505,3.9505,166594000
2019-05-15,3.96,4.127,3.9005,4.105,266190000
2019-05-16,4.11,4.199,3.9605,4.0175,228395000
2019-05-17,3.9815,4.049,3.89,3.89,184265000
2019-05-20,3.8995,3.9555,3.85,3.8645,120999000
2019-05-21,3.8505,4.047,3.8505,4.02,137870000
2019-05-22,4.04,4.18,3.9905,4.0855,241084000
2019-05-23,4.074,4.1295,3.9875,4.0055,100837000
2019-05-24,4.044,4.1155,4.0,4.075,120046000
2019-05-27,4.0895,4.0895,4.044,4.075,54241000
2019-05-28,4.075,4.1,4.016,4.0985,410251000
2019-05-29,4.07,4.1,4.0565,4.0995,126399000
2019-05-30,3.95,3.9735,3.9315,3.9695,119794000
2019-05-31,3.9595,4.014,3.9515,4.014,80999000
2019-06-03,3.9975,4.0,3.9395,3.9995,104648000
2019-06-04,3.9945,4.002,3.935,3.935,90287000
2019-06-05,3.946,4.0595,3.9425,4.0595,180268000
2019-06-06,4.0595,4.125,4.025,4.125,162426000
2019-06-07,4.1295,4.16,4.0555,4.1,206202000
2019-06-10,4.11,4.127,4.051,4.089,83357000
2019-06-11,4.1105,4.265,4.086,4.265,246294000
2019-06-13,4.2795,4.872,4.278,4.4585,787046000
2019-06-14,4.46,4.649,4.39,4.4645,330829000
2019-06-17,4.507,4.85,4.4655,4.73,440933000
2019-06-18,4.722,4.84,4.662,4.7925,318265000
2019-06-19,4.803,4.9695,4.74,4.9215,240821000
2019-06-20,4.9825,5.1195,4.928,4.9575,307941000
2019-06-21,4.946,4.99,4.9,4.925,345663000
2019-06-24,4.9225,5.12,4.922,5.0515,249186000
2019-06-25,5.031,5.08,4.806,4.8235,258588000
2019-06-26,4.807,4.8295,4.5145,4.54,319645000
2019-06-27,4.52,4.6845,4.452,4.587,281781000
2019-06-28,4.598,4.6185,4.52,4.529,116741000
2019-07-01,4.5555,4.7165,4.5365,4.704,176327000
2019-07-02,4.705,4.745,4.653,4.725,108681000
2019-07-03,4.707,4.826,4.7,4.77,149686000
2019-07-04,4.799,4.799,4.51,4.758,117252000
2019-07-05,4.78,4.78,4.6105,4.663,107336000
2019-07-08,4.621,4.6495,4.5255,4.572,149039000
2019-07-09,4.5755,4.6095,4.535,4.5705,96400000
2019-07-10,4.5705,4.6565,4.539,4.652,111793000
2019-07-11,4.69,4.717,4.5465,4.5835,98090000
2019-07-12,4.543,4.594,4.4325,4.5495,123251000
2019-07-15,4.5885,4.641,4.5595,4.641,65721000
2019-07-16,4.649,4.6675,4.4425,4.545,240539000
2019-07-17,4.518,4.555,4.459,4.551,76268000
2019-07-18,4.5105,4.566,4.491,4.566,59666000
2019-07-19,4.5685,4.641,4.5275,4.538,79689000
2019-07-22,4.53,4.575,4.459,4.465,84898000
2019-07-23,4.4715,4.5685,4.47,4.554,87808000
2019-07-24,4.5445,4.58,4.495,4.58,57957000
2019-07-25,4.55,4.65,4.515,4.6205,89691000
2019-07-26,4.639,4.64,4.5055,4.5055,131246000
2019-07-29,4.536,4.5445,4.5055,4.5435,30377000
2019-07-30,4.55,4.55,4.4985,4.5445,31861000
2019-07-31,4.501,4.544,4.4715,4.4715,81724000
2019-08-01,4.465,4.515,4.4625,4.5,79235000
2019-08-02,4.47,4.489,4.308,4.3365,200329000
2019-08-05,4.3,4.311,4.17,4.17,245273000
2019-08-06,4.173,4.25,4.173,4.191,174571000
2019-08-07,4.2175,4.2845,4.105,4.152,306712000
2019-08-08,4.175,4.259,4.157,4.2415,176629000
2019-08-09,4.2375,4.2665,4.195,4.217,99984000
2019-08-12,4.255,4.276,4.215,4.2575,86482000
2019-08-13,4.2595,4.274,4.2155,4.26,99108000
2019-08-14,4.3,4.32,4.1115,4.15,197178000
2019-08-15,4.15,4.1995,4.112,4.156,139448000
2019-08-16,4.1815,4.1815,4.09,4.116,84259000
2019-08-19,4.16,4.16,4.062,4.131,137113000
2019-08-20,4.135,4.1545,4.086,4.09,81338000
2019-08-21,4.071,4.1265,4.07,4.095,97814000
2019-08-22,4.095,4.103,4.0415,4.0615,84315000
2019-08-23,4.0615,4.088,4.0115,4.0795,106265000
2019-08-26,4.054,4.105,4.05,4.05,49219000
2019-08-27,4.0575,4.1915,4.0545,4.1915,239911000
2019-08-28,4.185,4.253,4.174,4.253,153822000
2019-08-29,4.25,4.38,4.245,4.38,214271000
2019-08-30,4.38,4.389,4.284,4.29,108497000
2019-09-02,4.29,4.332,4.2555,4.2955,68770000
2019-09-03,4.275,4.2915,4.15,4.22,133367000
2019-09-04,4.24,4.259,4.2,4.216,88436000
2019-09-05,4.2495,4.399,4.2355,4.3795,308154000
2019-09-06,4.38,4.408,4.32,4.378,106517000
2019-09-09,4.378,4.406,4.281,4.3105,123342000
2019-09-10,4.2805,4.359,4.2805,4.3485,86721000
2019-09-11,4.3205,4.401,4.3205,4.401,104809000
2019-09-12,4.4,4.6195,4.383,4.6,374946000
2019-09-13,4.607,4.933,4.56,4.93,925232000
2019-09-16,4.95,5.0585,4.86,4.908,541063000
2019-09-17,4.9,4.9,4.664,4.7,691070000
2019-09-18,4.7,4.8195,4.6685,4.7555,381597000
2019-09-19,4.755,4.7795,4.612,4.742,315826000
2019-09-20,4.7685,4.7685,4.6735,4.6735,303469000
2019-09-23,4.687,4.687,4.515,4.58,160377000
2019-09-24,4.6,4.615,4.4725,4.504,164236000
2019-09-25,4.5055,4.545,4.426,4.476,201982000
2019-09-26,4.498,4.62,4.453,4.5495,206312000
2019-09-27,4.5625,4.57,4.501,4.5375,131855000
2019-09-30,4.52,4.5385,4.4315,4.4895,161512000
2019-10-01,4.48,4.4875,4.308,4.3695,210091000
2019-10-02,4.3645,4.373,4.2225,4.2395,305412000
2019-10-03,4.2395,4.3595,4.2,4.3,291148000
2019-10-04,4.313,4.375,4.29,4.356,134131000
2019-10-07,4.364,4.39,4.311,4.361,92337000
2019-10-08,4.375,4.3765,4.2715,4.307,134440000
2019-10-09,4.29,4.3645,4.2775,4.357,120952000
2019-10-10,4.34,4.465,4.3365,4.4285,272989000
2019-10-11,4.459,4.513,4.39,4.3965,221704000
2019-10-14,4.4165,4.43,4.292,4.3105,130533000
2019-10-15,4.288,4.37,4.2835,4.35,128471000
2019-10-16,4.35,4.42,4.304,4.393,130965000
2019-10-17,4.41,4.4945,4.344,4.485,208085000
2019-10-18,4.451,4.484,4.4125,4.472,132358000
2019-10-21,4.491,4.491,4.43,4.4815,94807000
2019-10-22,4.4755,4.6,4.455,4.59,347593000
2019-10-23,4.57,4.632,4.544,4.629,209687000
2019-10-24,4.626,4.6455,4.58,4.6395,200602000
2019-10-25,4.5805,4.609,4.4415,4.5,304387000
2019-10-28,4.5115,4.5295,4.311,4.311,302919000
2019-10-29,4.3195,4.405,4.311,4.404,268408000
2019-10-30,4.4,4.4165,4.342,4.3785,186867000
2019-10-31,4.378,4.477,4.32,4.32,285747000
2019-11-01,4.322,4.395,4.3025,4.395,206895000
2019-11-05,4.4005,4.5,4.397,4.459,291703000
2019-11-06,4.459,4.4995,4.421,4.4995,167257000
2019-11-07,4.489,4.625,4.4745,4.5815,387507000
2019-11-08,4.552,4.595,4.5015,4.544,179370000
2019-11-11,4.55,4.61,4.5215,4.578,145960000
2019-11-12,4.58,4.645,4.571,4.608,213721000
2019-11-13,4.5895,4.65,4.56,4.648,151335000
2019-11-14,4.6525,4.7,4.485,4.548,304668000
2019-11-15,4.5745,4.6195,4.51,4.5245,284399000
2019-11-18,4.543,4.5725,4.5005,4.5725,122105000
2019-11-19,4.56,4.5745,4.48,4.5245,279299000
2019-11-20,4.5205,4.559,4.4635,4.559,161148000
2019-11-21,4.526,4.555,4.487,4.5365,151358000
2019-11-22,4.554,4.557,4.438,4.469,217534000
2019-11-25,4.4705,4.4935,4.4105,4.441,226200000
2019-11-26,4.4435,4.459,4.3665,4.37,371817000
2019-11-27,4.3875,4.448,4.374,4.4455,187365000
2019-11-28,4.4375,4.446,4.382,4.39,97228000
2019-11-29,4.3885,4.4595,4.3865,4.4595,137740000
2019-12-02,4.46,4.577,4.4255,4.5105,274755000
2019-12-03,4.5,4.51,4.3985,4.4,239987000
2019-12-04,4.43,4.4495,4.3515,4.401,154281000
2019-12-05,4.401,4.44,4.4,4.44,114099000
2019-12-06,4.44,4.525,4.4295,4.525,126129000
2019-12-09,4.525,4.565,4.4815,4.53,146145000
2019-12-10,4.53,4.5465,4.48,4.505,131395000
2019-12-11,4.504,4.554,4.5005,4.526,88071000
2019-12-12,4.5505,4.5895,4.531,4.545,174017000
2019-12-13,4.551,4.7135,4.551,4.7135,243731000
2019-12-16,4.708,4.7335,4.5085,4.688,314145000
2019-12-17,4.687,4.75,4.687,4.735,156253000
2019-12-18,4.732,4.8885,4.72,4.8055,391827000
2019-12-19,4.81,4.95,4.81,4.9375,370332000
2019-12-20,4.9495,4.975,4.9,4.9635,182169000
2019-12-23,4.95,4.9975,4.95,4.986,92575000
2019-12-24,4.9975,4.9985,4.935,4.9735,121860000
2019-12-25,4.9795,4.99,4.9515,4.988,33446000
2019-12-26,4.989,4.996,4.9715,4.9905,35031000
2019-12-27,4.9995,5.081,4.96,5.072,162804000
2019-12-30,5.073,5.09,4.994,5.042,89956000
2020-01-03,5.0625,5.145,5.041,5.092,150096000
2020-01-06,5.0745,5.207,5.05,5.174,136335000
2020-01-08,5.15,5.6,5.1425,5.598,287101000
2020-01-09,5.5905,5.917,5.532,5.6465,464976000
2020-01-10,5.6465,5.8485,5.58,5.744,278402000
2020-01-13,5.774,6.0975,5.715,6.0965,318151000
2020-01-14,6.095,6.295,5.727,5.8775,740266000
2020-01-15,5.9545,6.1445,5.75,5.859,385299000
2020-01-16,5.8625,6.0695,5.812,5.8895,384935000
2020-01-17,5.92,6.03,5.824,5.9185,291356000
2020-01-20,5.965,6.04,5.8905,6.03,186929000
2020-01-21,6.0,6.1235,5.905,6.013,140662000
2020-01-22,6.0195,6.13,5.86,5.86,327089000
2020-01-23,5.85,5.946,5.761,5.91,185938000
2020-01-24,5.97,5.9795,5.8515,5.88,135906000
2020-01-27,5.8305,5.847,5.6005,5.667,189330000
2020-01-28,5.67,5.8445,5.5535,5.802,289812000
2020-01-29,5.844,5.926,5.81,5.919,128006000
2020-01-30,5.8335,6.0,5.805,5.94,262590000
2020-01-31,5.9685,6.0255,5.785,5.785,243041000
2020-02-03,5.721,5.8685,5.63,5.8285,199104000
2020-02-04,5.86,5.962,5.827,5.921,160218000
2020-02-05,5.957,6.0195,5.9,5.96,220206000
2020-02-06,5.962,6.0245,5.82,5.899,219418000
2020-02-07,5.92,5.938,5.81,5.879,108845000
2020-02-10,5.873,5.9,5.8315,5.9,143866000
2020-02-11,5.915,5.9895,5.872,5.9505,286043000
2020-02-12,5.9735,6.0895,5.946,6.04,320065000
2020-02-13,6.04,6.3455,5.9875,6.28,555500000
2020-02-14,6.352,6.3635,6.165,6.3095,242698000
2020-02-17,6.33,6.5,6.284,6.5,230532000
2020-02-18,6.5195,6.5205,6.3055,6.3105,246541000
2020-02-19,6.39,6.4195,6.1745,6.31,229342000
2020-02-20,6.377,6.4285,6.262,6.35,228111000
2020-02-21,6.3485,6.3485,6.2065,6.22,154605000
2020-02-25,6.12,6.2635,5.9375,5.9375,374837000
2020-02-26,5.9,5.9815,5.7335,5.91,463788000
2020-02-27,5.9,5.94,5.58,5.7575,412907000
2020-02-28,5.5855,5.695,5.2,5.204,782605000
2020-03-02,5.32,5.5665,5.245,5.4285,665576000
2020-03-03,5.663,5.74,5.48,5.67,328229000
2020-03-04,5.661,5.742,5.5025,5.6325,356207000
2020-03-05,5.69,5.7075,5.532,5.605,233762000
2020-03-06,5.47,5.54,5.1795,5.455,490754000
2020-03-10,4.95,5.4795,4.862,4.94,566733000
2020-03-11,5.0345,5.084,4.925,4.964,390406000
2020-03-12,4.7,4.788,4.45,4.45,557702000
2020-03-13,4.46,4.65,4.3515,4.406,634154000
2020-03-16,4.25,4.571,4.21,4.482,413485000
2020-03-17,4.45,4.5835,4.3335,4.439,362436000
2020-03-18,4.33,4.5,4.165,4.18,401390000
2020-03-19,4.14,4.5305,4.05,4.418,399710000
2020-03-20,4.57,4.865,4.53,4.6365,524922000
2020-03-23,4.5285,4.8,4.371,4.564,293274000
2020-03-24,4.7565,4.97,4.712,4.841,282397000
2020-03-25,4.9,5.058,4.68,4.8665,385297000
2020-03-26,4.83,4.9,4.7425,4.795,366003000
2020-03-27,4.8,4.8295,4.4415,4.55,351711000
2020-03-30,4.42,4.6995,4.36,4.6995,207453000
2020-03-31,4.7545,4.9495,4.72,4.9225,312431000
2020-04-01,4.8,4.95,4.747,4.9055,285282000
2020-04-02,5.0,5.03,4.81,4.9335,227636000
2020-04-03,4.985,5.0455,4.9035,5.045,162722000
2020-04-06,5.1,5.339,5.07,5.2965,233752000
2020-04-07,5.383,5.51,5.17,5.271,415259000
2020-04-08,5.271,5.3315,5.19,5.2865,195778000
2020-04-09,5.32,5.3885,5.201,5.271,247535000
2020-04-10,5.2405,5.28,5.1555,5.25,70293000
2020-04-13,5.306,5.3655,5.1265,5.2345,88699000
2020-04-14,5.3,5.33,5.2205,5.248,109509000
2020-04-15,5.245,5.2475,4.842,4.8895,307555000
2020-04-16,4.9345,4.9895,4.78,4.8455,305774000
2020-04-17,4.94,5.069,4.867,4.97,236820000
2020-04-20,4.957,5.0875,4.941,4.9605,151552000
2020-04-21,4.889,4.925,4.705,4.857,217178000
2020-04-22,4.85,5.185,4.803,4.987,249826000
2020-04-23,5.04,5.0835,4.8755,4.9985,196495000
2020-04-24,4.985,4.993,4.8585,4.914,188534000
2020-04-27,4.93,5.047,4.918,5.0,140564000
2020-04-28,5.0,5.244,4.98,5.1775,301816000
2020-04-29,5.18,5.2545,5.1175,5.234,149979000
2020-04-30,5.3,5.3005,4.95,5.0,543568000
2020-05-04,4.98,4.984,4.8605,4.931,160464000
2020-05-05,4.98,5.017,4.935,4.939,125738000
2020-05-06,4.96,5.028,4.88,4.8805,231183000
2020-05-07,4.882,4.934,4.85,4.8625,169414000
2020-05-08,4.8775,4.9315,4.85,4.878,151003000
2020-05-12,4.8995,4.913,4.7655,4.8235,287770000
2020-05-13,4.7755,4.89,4.68,4.709,396746000
2020-05-14,4.6995,4.71,4.5735,4.656,342973000
2020-05-15,4.71,4.786,4.653,4.653,200724000
2020-05-18,4.73,4.794,4.711,4.745,178933000
2020-05-19,4.7625,4.844,4.7535,4.81,237559000
2020-05-20,4.83,4.93,4.811,4.89,304669000
2020-05-21,4.891,4.982,4.851,4.851,277023000
2020-05-22,4.85,4.985,4.842,4.9695,277502000
2020-05-25,4.99,5.1635,4.9815,5.149,265373000
2020-05-26,5.178,5.243,5.0585,5.11,345413000
2020-05-27,5.11,5.158,4.963,5.078,317177000
2020-05-28,5.079,5.114,5.0205,5.114,285776000
2020-05-29,4.9415,4.99,4.895,4.944,357275000
2020-06-01,4.9575,4.98,4.9,4.9485,177261000
2020-06-02,4.9485,5.07,4.925,5.053,253902000
2020-06-03,5.075,5.09,5.0,5.0895,250352000
2020-06-04,5.0895,5.0895,4.903,4.9985,245515000
2020-06-05,4.9985,5.059,4.95,5.045,132158000
2020-06-08,5.05,5.177,5.0045,5.135,263766000
2020-06-09,5.1405,5.1465,4.9875,5.041,176321000
2020-06-10,5.026,5.087,4.94,4.97,265170000
2020-06-11,4.941,4.941,4.811,4.8435,244420000
2020-06-15,4.8,5.0435,4.721,4.9585,390413000
2020-06-16,4.997,5.068,4.941,5.0,236332000
2020-06-17,5.0155,5.0335,4.9615,5.0,169160000
2020-06-18,5.0,5.0025,4.883,4.9555,216575000
2020-06-19,4.985,5.045,4.94,4.942,257475000
2020-06-22,4.9545,5.0125,4.8705,4.97,203241000
2020-06-23,4.98,4.9985,4.9095,4.938,182752000
2020-06-25,4.872,4.913,4.7905,4.868,368075000
2020-06-26,4.8695,4.957,4.8405,4.898,247314000
2020-06-29,4.88,4.934,4.8165,4.882,190234000
2020-06-30,4.884,4.9,4.841,4.865,139900000
2020-07-02,4.8795,5.0225,4.875,5.009,262137000
2020-07-03,5.02,5.03,4.956,5.018,121494000
2020-07-06,5.057,5.14,5.04,5.0785,195589000
2020-07-07,5.03,5.118,5.01,5.06,298868000
2020-07-08,5.069,5.0935,5.0235,5.0755,146960000
2020-07-09,5.0855,5.09,5.026,5.04,193775000
2020-07-10,5.0225,5.0795,4.951,5.0575,87776000
2020-07-13,5.0995,5.1105,5.0005,5.017,89162000
2020-07-14,5.017,5.0425,4.977,5.02,201972000
2020-07-15,5.032,5.035,4.9845,5.0,164963000
2020-07-16,5.0,5.0245,4.96,4.9945,144071000
2020-07-17,5.0045,5.38,4.977,5.335,954272000
2020-07-20,5.336,5.73,5.22,5.6735,917970000
2020-07-21,5.698,5.9465,5.63,5.66,931372000
2020-07-22,5.67,5.864,5.574,5.8155,367255000
2020-07-23,5.85,5.8725,5.7,5.75,360139000
2020-07-24,5.755,6.063,5.6755,6.0225,533384000
2020-07-27,6.0305,6.1705,5.833,5.9485,460719000
2020-07-28,5.941,5.962,5.705,5.741,341701000
2020-07-29,5.74,5.949,5.6,5.794,465575000
2020-07-30,5.79,5.8875,5.69,5.7625,319755000
2020-07-31,5.7995,5.88,5.74,5.8,356417000
2020-08-03,5.782,5.89,5.772,5.8615,212901000
2020-08-04,5.85,5.854,5.765,5.818,163193000
2020-08-05,5.8605,5.8605,5.767,5.8065,130333000
2020-08-06,5.8235,5.853,5.7515,5.787,109794000
2020-08-07,5.745,5.775,5.5585,5.6245,303454000
2020-08-10,5.635,5.713,5.611,5.642,140891000
2020-08-11,5.6695,5.6695,5.5355,5.5775,287813000
2020-08-12,5.571,5.699,5.52,5.6635,198539000
2020-08-13,5.6675,5.7295,5.58,5.6555,268438000
2020-08-14,5.664,5.7055,5.6085,5.6695,111499000
2020-08-17,5.7,5.7285,5.5225,5.628,211389000
2020-08-18,5.6225,5.6445,5.5355,5.5585,129920000
2020-08-19,5.5395,5.614,5.456,5.554,211288000
2020-08-20,5.535,5.5355,5.363,5.418,285640000
2020-08-21,5.409,5.4785,5.2605,5.3345,326725000
2020-08-24,5.3345,5.422,5.3235,5.3735,157243000
2020-08-25,5.4,5.4,5.2805,5.335,135021000
2020-08-26,5.303,5.36,5.285,5.354,185627000
2020-08-27,5.35,5.374,5.252,5.2905,184780000
2020-08-28,5.31,5.318,5.253,5.298,87168000
2020-08-31,5.32,5.3215,5.161,5.217,352910000
2020-09-01,5.227,5.435,5.152,5.4235,576117000
2020-09-02,5.439,5.6,5.3555,5.38,559213000
2020-09-03,5.41,5.465,5.308,5.3235,246673000
2020-09-04,5.31,5.378,5.28,5.36,144713000
2020-09-07,5.36,5.3765,5.261,5.3215,95260000
2020-09-08,5.333,5.356,5.182,5.223,161119000
2020-09-09,5.2195,5.355,5.158,5.34,187826000
2020-09-10,5.355,5.47,5.3,5.4165,190606000
2020-09-11,5.417,5.647,5.391,5.5885,384820000
2020-09-14,5.629,5.675,5.535,5.576,211243000
2020-09-15,5.599,5.6485,5.5565,5.6205,190767000
2020-09-16,5.6405,5.661,5.54,5.583,189841000
2020-09-17,5.67,5.93,5.565,5.898,800219000
2020-09-18,5.902,6.0095,5.7,5.83,852683000
2020-09-21,5.827,5.9225,5.661,5.7145,381915000
2020-09-22,5.714,5.7675,5.608,5.645,191976000
2020-09-23,5.668,5.702,5.564,5.582,209284000
2020-09-24,5.58,5.619,5.5,5.5985,181500000
2020-09-25,5.61,5.688,5.5705,5.657,146667000
2020-09-28,5.6895,5.86,5.6475,5.8465,253858000
2020-09-29,5.8445,5.8865,5.7,5.79,228765000
2020-09-30,5.7875,5.8,5.5295,5.62,380126000
2020-10-01,5.635,5.6445,5.4,5.464,356015000
2020-10-02,5.436,5.5245,5.35,5.467,248532000
2020-10-05,5.496,5.529,5.43,5.477,187686000
2020-10-06,5.4945,5.505,5.4055,5.43,147973000
2020-10-07,5.4445,5.4495,5.253,5.3395,269295000
2020-10-08,5.33,5.44,5.3125,5.356,190847000
2020-10-09,5.35,5.3795,5.2625,5.32,163669000
2020-10-12,5.33,5.373,5.282,5.3105,193836000
2020-10-13,5.305,5.3235,5.22,5.245,176806000
2020-10-14,5.2205,5.305,5.2205,5.279,122676000
2020-10-15,5.283,5.289,5.2,5.221,140518000
2020-10-16,5.221,5.259,5.1625,5.1655,143806000
2020-10-19,5.189,5.2,5.056,5.113,164017000
2020-10-20,5.11,5.2185,5.0715,5.1965,150987000
2020-10-21,5.1915,5.2845,5.1915,5.264,154226000
2020-10-22,5.26,5.562,5.216,5.3435,127344000
2020-10-23,5.3205,5.3815,5.271,5.316,129734000
2020-10-26,5.275,5.357,5.168,5.2015,186942000
2020-10-27,5.203,5.234,5.151,5.177,116150000
2020-10-28,5.18,5.182,4.96,4.973,367159000
2020-10-29,5.0,5.135,4.955,5.0805,258668000
2020-10-30,5.07,5.153,5.0,5.09,257878000
2020-11-02,5.12,5.141,5.016,5.116,108001000
2020-11-03,5.1215,5.1835,5.0845,5.1645,161296000
2020-11-05,5.206,5.2515,5.153,5.2195,228862000
2020-11-06,5.205,5.224,5.115,5.192,234969000
2020-11-09,5.23,5.3235,5.1615,5.228,389036000
2020-11-10,5.232,5.2975,5.2025,5.277,187617000
2020-11-11,5.2885,5.3635,5.2755,5.283,230983000
2020-11-12,5.279,5.279,5.1635,5.2165,268369000
2020-11-13,5.201,5.246,5.153,5.2355,242380000
2020-11-16,5.25,5.267,5.19,5.2395,327958000
2020-11-17,5.239,5.2395,5.1195,5.1495,305742000
2020-11-18,5.13,5.272,5.088,5.205,488889000
2020-11-19,5.205,5.2395,5.1705,5.21,315343000
2020-11-20,5.219,5.219,5.1565,5.175,159559000
2020-11-23,5.193,5.246,5.173,5.203,165967000
2020-11-24,5.211,5.2155,5.1595,5.19,153403000
2020-11-25,5.1905,5.204,5.12,5.155,278156000
2020-11-26,5.1665,5.25,5.135,5.225,272994000
2020-11-27,5.233,5.2725,5.1805,5.227,368954000
2020-11-30,5.22,5.226,5.136,5.157,468759000
2020-12-01,5.179,5.22,5.155,5.2145,117954000
2020-12-02,5.2065,5.2205,5.185,5.2105,135404000
2020-12-03,5.222,5.2445,5.1805,5.2155,175661000
2020-12-04,5.23,5.241,5.165,5.1925,184791000
2020-12-07,5.19,5.1995,5.149,5.159,169723000
2020-12-08,5.165,5.35,5.151,5.344,582555000
2020-12-09,5.361,5.517,5.3265,5.3735,616329000
2020-12-10,5.37,5.459,5.2875,5.3895,361429000
2020-12-11,5.3935,5.4275,5.2785,5.3015,226088000
2020-12-14,5.3305,5.375,5.1805,5.228,404254000
2020-12-15,5.247,5.2585,5.2,5.2335,223866000
2020-12-16,5.2295,5.3125,5.195,5.285,537222000
2020-12-17,5.2995,5.309,5.2055,5.263,297315000
2020-12-18,5.248,5.267,5.205,5.23,293278000
2020-12-21,5.2,5.2315,5.1,5.16,457438000
2020-12-22,5.1505,5.1955,5.1105,5.18,226976000
2020-12-23,5.1905,5.306,5.1675,5.277,182946000
2020-12-24,5.297,5.314,5.25,5.261,72647000
2020-12-25,5.28,5.31,5.245,5.3,88615000
2020-12-28,5.309,5.3375,5.28,5.319,139482000
2020-12-29,5.32,5.3535,5.282,5.3405,141707000
2020-12-30,5.35,5.359,5.295,5.3,172648000
2021-01-04,5.3495,5.4545,5.3125,5.3485,251458000
2021-01-05,5.3505,5.4935,5.321,5.4745,280799000
2021-01-06,5.4855,5.5055,5.3905,5.401,166427000
2021-01-08,5.43,5.4675,5.4015,5.4305,217979000
2021-01-11,5.406,5.518,5.39,5.4735,295513000
2021-01-12,5.4605,5.545,5.4215,5.495,335853000
2021-01-13,5.5,5.5235,5.3655,5.417,245584000
2021-01-14,5.388,5.465,5.3295,5.44,223017000
2021-01-15,5.419,5.4985,5.4,5.4025,254753000
2021-01-18,5.419,5.4325,5.3565,5.407,150505000
2021-01-19,5.434,5.462,5.3745,5.3905,140187000
2021-01-20,5.405,5.4345,5.384,5.3985,146932000
2021-01-21,5.41,5.4545,5.3,5.3275,289071000
2021-01-22,5.325,5.39,5.2765,5.341,250947000
2021-01-25,5.359,5.4965,5.353,5.4865,427751000
2021-01-26,5.4765,5.5625,5.4345,5.54,251616000
2021-01-27,5.5555,5.61,5.438,5.445,353890000
2021-01-28,5.4325,5.4425,5.3445,5.42,259385000
2021-01-29,5.3945,5.396,5.241,5.252,493481000
2021-02-01,5.2715,5.3265,5.252,5.324,227918000
2021-02-02,5.3415,5.36,5.3,5.311,168608000
2021-02-03,5.3285,5.3365,5.2635,5.2995,258784000
2021-02-04,5.296,5.314,5.2855,5.307,115141000
2021-02-05,5.3105,5.332,5.293,5.314,158486000
2021-02-08,5.325,5.3795,5.3145,5.3615,143202000
2021-02-09,5.3785,5.4,5.3115,5.3895,213435000
2021-02-10,5.394,5.4055,5.331,5.338,114697000
2021-02-11,5.3275,5.3475,5.2855,5.3,135191000
2021-02-12,5.3095,5.31,5.215,5.285,208101000
2021-02-15,5.297,5.3265,5.2455,5.301,161072000
2021-02-16,5.29,5.31,5.268,5.2825,158789000
2021-02-17,5.2825,5.305,5.2545,5.269,159630000
2021-02-18,5.281,5.281,5.18,5.201,270271000
2021-02-19,5.2,5.2405,5.18,5.205,166895000
2021-02-22,5.2195,5.225,5.145,5.1745,157785000
2021-02-24,5.1745,5.1785,5.078,5.146,289436000
2021-02-25,5.1505,5.2,5.136,5.1575,201950000
2021-02-26,5.1175,5.1515,5.086,5.1225,215141000
2021-03-01,5.1655,5.17,5.08,5.102,208631700
2021-03-02,5.0845,5.106,5.0125,5.0975,311701700
2021-03-03,5.0925,5.12,5.041,5.085,202758600
2021-03-04,5.094,5.0995,5.02,5.0615,158255700
2021-03-05,5.06,5.079,5.002,5.049,209980400
2021-03-09,5.033,5.0775,5.005,5.0315,205679200
2021-03-10,5.0315,5.0585,5.02,5.047,160255500
2021-03-11,5.0505,5.092,5.0405,5.07,128618800
2021-03-12,5.0515,5.082,5.03,5.0555,151575400
2021-03-15,5.06,5.2,5.05,5.188,202013600
2021-03-16,5.173,5.283,5.126,5.227,402355600
2021-03-17,5.218,5.218,5.111,5.1545,209830500
2021-03-18,5.178,5.186,5.0675,5.085,209235100
2021-03-19,5.0945,5.1045,5.06,5.0875,220867200
2021-03-22,5.094,5.109,5.067,5.075,104283400
2021-03-23,5.061,5.077,5.01,5.022,166601700
2021-03-24,5.028,5.073,5.005,5.042,137008100
2021-03-25,5.042,5.0605,5.02,5.0445,100513200
2021-03-26,5.0575,5.066,5.016,5.0415,93975100
2021-03-29,5.0435,5.0625,5.024,5.058,98288500
2021-03-30,5.08,5.1415,5.0345,5.079,169324200
2021-03-31,5.09,5.154,5.044,5.12,241776100
2021-04-01,5.132,5.165,5.07,5.092,165162300
2021-04-02,5.103,5.116,5.082,5.101,69235300
2021-04-05,5.101,5.107,5.0245,5.06,110773100
2021-04-06,5.065,5.0785,5.0,5.0125,229070800
2021-04-07,5.0115,5.03,4.9645,5.0115,204264300
2021-04-08,5.02,5.0285,4.951,4.9915,212510100
2021-04-09,4.999,4.999,4.908,4.935,202788500
2021-04-12,4.926,5.012,4.8745,4.994,208038500
2021-04-13,5.0035,5.009,4.94,4.9925,192958100
2021-04-14,5.015,5.0375,4.961,4.986,135794700
2021-04-15,4.962,4.98,4.926,4.9455,141343200
2021-04-16,4.952,4.985,4.927,4.954,127630600
2021-04-19,4.958,4.9875,4.92,4.9405,166930600
2021-04-20,4.9385,4.9555,4.8915,4.91,191595200
2021-04-21,4.915,5.022,4.8955,5.019,176080800
2021-04-22,5.0005,5.032,4.962,4.992,258874400
2021-04-23,5.016,5.078,4.99,5.057,236111100
2021-04-26,5.081,5.2015,5.052,5.1485,455746800
2021-04-27,5.185,5.192,5.086,5.0985,172426500
2021-04-28,5.1,5.108,5.0035,5.0195,167270900
2021-04-29,5.025,5.043,4.9385,4.9595,161412200
2021-04-30,4.962,5.004,4.9,4.941,200084300
2021-05-04,4.9475,4.975,4.923,4.9695,85250300
2021-05-05,4.9775,5.068,4.948,5.0275,184282900
2021-05-06,5.0475,5.073,5.009,5.05,99608700
2021-05-07,5.066,5.1295,5.0455,5.087,178249200
2021-05-10,5.12,5.1235,5.0565,5.0745,133008100
2021-05-11,5.062,5.1075,5.014,5.0705,153695700
2021-05-12,5.1005,5.139,5.0205,5.0235,145605700
2021-05-13,5.0205,5.11,4.964,5.074,307766800
2021-05-14,5.08,5.105,5.0225,5.074,192467400
2021-05-17,5.0565,5.098,5.015,5.068,178870000
2021-05-18,5.088,5.105,5.06,5.0745,153900000
2021-05-19,5.1075,5.11,5.04,5.0735,195722700
2021-05-20,5.0985,5.0985,5.008,5.032,144202400
2021-05-21,5.0435,5.049,4.9895,5.0255,146335100
2021-05-24,5.0255,5.045,4.9805,5.0005,156508000
2021-05-25,5.0195,5.0205,4.981,5.009,94609300
2021-05-26,5.005,5.049,4.99,5.015,137489000
2021-05-27,5.01,5.066,5.0005,5.0585,256680500
2021-05-28,5.0585,5.089,5.0345,5.05,164892800
2021-05-31,5.056,5.071,5.03,5.0655,120095300
2021-06-01,5.07,5.168,5.0455,5.1675,398176300
2021-06-02,5.1675,5.182,5.1515,5.164,192619200
2021-06-03,5.17,5.183,5.1215,5.174,314912900
2021-06-04,5.008,5.039,4.97,5.0215,346514200
2021-06-07,5.036,5.036,4.9955,5.0125,110821900
2021-06-08,5.01,5.02,4.9815,4.997,134848300
2021-06-09,5.009,5.013,4.9825,4.9905,111739800
2021-06-10,4.99,5.0295,4.984,5.0095,112535100
2021-06-11,5.01,5.0575,5.0075,5.043,130475100
2021-06-14,5.043,5.058,5.0035,5.0195,54642100
2021-06-15,5.05,5.0555,4.99,5.0035,134276500
2021-06-16,5.0035,5.05,4.9405,4.983,271036500
2021-06-17,4.95,4.993,4.945,4.9655,159611200
2021-06-18,4.965,4.965,4.8445,4.9175,376454600
2021-06-21,4.91,4.943,4.7675,4.844,308056100
2021-06-22,4.85,4.8745,4.8345,4.873,148757500
2021-06-23,4.873,4.895,4.8255,4.845,137817000
2021-06-24,4.831,4.865,4.7765,4.838,208685900
2021-06-25,4.838,4.865,4.793,4.848,158690400
2021-06-28,4.848,4.8675,4.7995,4.8135,173015700
2021-06-29,4.7965,4.8095,4.7015,4.7455,252844200
2021-06-30,4.77,4.7745,4.681,4.7165,248558700
2021-07-01,4.6975,4.752,4.67,4.684,208436800
2021-07-02,4.67,4.7475,4.651,4.7075,253118500
2021-07-05,4.701,4.797,4.7,4.795,213199600
2021-07-06,4.8,4.8,4.662,4.682,369633200
2021-07-07,4.689,4.745,4.665,4.7055,163791300
2021-07-08,4.7025,4.71,4.6685,4.6815,112406600
2021-07-09,4.684,4.7065,4.6785,4.6995,122293700
2021-07-12,4.7065,4.7295,4.685,4.7075,87148800
2021-07-13,4.714,4.714,4.6555,4.679,152651700
2021-07-14,4.673,4.687,4.632,4.6435,128226600
2021-07-15,4.6435,4.645,4.592,4.611,151195900
2021-07-16,4.6165,4.6585,4.57,4.577,153867500
2021-07-19,4.58,4.586,4.3925,4.43,391725100
2021-07-20,4.4215,4.443,4.35,4.409,198139200
2021-07-21,4.42,4.4775,4.3535,4.3745,217220500
2021-07-22,4.37,4.44,4.36,4.4075,124697800
2021-07-23,4.41,4.425,4.375,4.394,74010400
2021-07-26,4.398,4.401,4.3515,4.3805,91449300
2021-07-27,4.397,4.397,4.3145,4.3475,178434300
2021-07-28,4.35,4.408,4.3415,4.4005,121997800
2021-07-29,4.4,4.4685,4.365,4.4155,196505300
2021-07-30,4.401,4.42,4.35,4.373,294757400
2021-08-02,4.387,4.4035,4.3675,4.382,142819700
2021-08-03,4.378,4.4085,4.346,4.395,188348900
2021-08-04,4.413,4.4195,4.354,4.36,155462100
2021-08-05,4.384,4.384,4.35,4.3775,138845200
2021-08-06,4.385,4.385,4.3055,4.324,144887700
2021-08-09,4.32,4.325,4.2585,4.296,130942600
2021-08-10,4.296,4.31,4.274,4.3035,83230200
2021-08-11,4.3095,4.369,4.286,4.364,174715600
2021-08-12,4.359,4.3635,4.29,4.3045,170278200
2021-08-13,4.3,4.323,4.2905,4.3105,94544100
2021-08-16,4.304,4.315,4.2755,4.3005,103754800
2021-08-17,4.29,4.3095,4.253,4.2795,138534200
2021-08-18,4.272,4.292,4.2455,4.26,85348100
2021-08-19,4.251,4.255,4.1785,4.192,144897200
2021-08-20,4.1915,4.213,4.158,4.1785,112454800
2021-08-23,4.1995,4.34,4.192,4.3335,169666000
2021-08-24,4.33,4.3605,4.2725,4.35,220905300
2021-08-25,4.36,4.506,4.3305,4.47,330525200
2021-08-26,4.47,4.496,4.404,4.4395,179142600
2021-08-27,4.463,4.5985,4.463,4.5385,461880300
2021-08-30,4.54,4.6945,4.537,4.671,332862800
2021-08-31,4.672,4.694,4.585,4.5975,232628100
2021-09-01,4.61,4.804,4.6025,4.767,535890300
2021-09-02,4.774,4.813,4.712,4.762,224844100
2021-09-03,4.762,4.8,4.744,4.7905,134199900
2021-09-06,4.8,4.843,4.7735,4.8235,235306800
2021-09-07,4.8115,4.8485,4.7,4.725,239187200
2021-09-08,4.7095,4.96,4.62,4.8685,890325900
2021-09-09,4.8665,4.8665,4.6955,4.7025,298488600
2021-09-10,4.74,4.857,4.715,4.724,350018200
2021-09-13,4.7745,4.7745,4.692,4.7365,196240800
2021-09-14,4.74,4.747,4.6745,4.6795,227431800
2021-09-15,4.6715,4.7175,4.6715,4.681,113480400
2021-09-16,4.675,4.71,4.632,4.648,175354800
2021-09-17,4.65,4.7,4.6,4.651,344174500
2021-09-20,4.616,4.6395,4.5,4.504,182218500
2021-09-21,4.526,4.645,4.49,4.5195,197644800
2021-09-22,4.53,4.639,4.505,4.633,164305800
2021-09-23,4.6395,4.6495,4.543,4.6195,142117200
2021-09-24,4.6155,4.625,4.54,4.588,103590600
2021-09-27,4.6,4.619,4.5495,4.5625,90690500
2021-09-28,4.5745,4.575,4.401,4.4245,250854000
2021-09-29,4.4205,4.708,4.4205,4.687,329817600
2021-09-30,4.6825,4.76,4.5645,4.6315,478381800
2021-10-01,4.648,4.793,4.62,4.758,423975000
2021-10-04,4.777,4.7985,4.623,4.7985,425262600
2021-10-05,4.7695,5.03,4.7545,5.025,755640600
2021-10-06,5.0005,5.04,4.8595,4.915,529685700
2021-10-07,4.944,5.0495,4.94,5.0065,304239800
2021-10-08,5.046,5.046,4.93,4.9725,152198400
2021-10-11,5.02,5.0215,4.9415,4.9915,106774200
2021-10-12,4.9515,5.0285,4.9355,4.979,178462800
2021-10-13,4.979,5.0005,4.901,4.9545,139081900
2021-10-14,4.9885,5.12,4.9605,5.1195,474838600
2021-10-15,5.14,5.155,5.02,5.0485,247295100
2021-10-18,5.0745,5.0745,5.0,5.0455,153775100
2021-10-19,5.0515,5.07,5.0,5.037,141669300
2021-10-20,5.035,5.095,5.035,5.078,180795900
2021-10-21,5.09,5.097,4.938,4.971,217093600
2021-10-22,4.96,5.0655,4.9205,4.958,192748600
2021-10-25,4.96,5.01,4.93,4.987,144324100
2021-10-26,5.0,5.027,4.925,4.939,124183100
2021-10-27,4.9685,4.979,4.8605,4.884,249464500
2021-10-28,4.8945,4.8945,4.763,4.849,216536300
2021-10-29,4.8585,4.8585,4.717,4.776,204606200
2021-11-01,4.761,4.848,4.7575,4.825,134003200
2021-11-02,4.83,4.8375,4.725,4.7285,129844800
2021-11-03,4.733,4.805,4.663,4.771,265260900
2021-11-05,4.75,4.793,4.695,4.7425,184568500
2021-11-08,4.7445,4.7935,4.7155,4.731,159028700
2021-11-09,4.7255,4.8795,4.6915,4.812,244659300
2021-11-10,4.8295,4.8295,4.694,4.7105,164591000
2021-11-11,4.6895,4.7975,4.675,4.7795,145847500
2021-11-12,4.765,4.8195,4.68,4.7385,180245500
2021-11-15,4.751,4.802,4.7235,4.748,103516000
2021-11-16,4.75,4.7845,4.705,4.736,138697000
2021-11-17,4.7625,4.7625,4.6775,4.701,130992700
2021-11-18,4.7,4.7,4.5385,4.599,252394100
2021-11-19,4.6115,4.652,4.4475,4.492,375641000
2021-11-22,4.501,4.527,4.35,4.375,403667700
2021-11-23,4.349,4.436,4.275,4.425,355700800
2021-11-24,4.4695,4.58,4.401,4.5575,294672400
2021-11-25,4.533,4.595,4.48,4.537,174881700
2021-11-26,4.449,4.4845,4.3005,4.3025,382829100
2021-11-29,4.351,4.396,4.255,4.35,322209600
2021-11-30,4.2825,4.374,4.2435,4.2915,584800900
2021-12-01,4.3,4.4665,4.3,4.386,286601100
2021-12-02,4.4065,4.511,4.3945,4.485,258914200
2021-12-03,4.519,4.5315,4.3905,4.4375,185950500
2021-12-06,4.44,4.485,4.3265,4.378,168823700
2021-12-07,4.39,4.4325,4.35,4.408,196904300
2021-12-08,4.43,4.49,4.365,4.38,177732600
2021-12-09,4.3805,4.4265,4.35,4.4135,193902700
2021-12-10,4.406,4.419,4.35,4.3715,115682100
2021-12-13,4.377,4.407,4.1725,4.2095,351071200
2021-12-14,4.205,4.361,3.91,4.3,366625100
2021-12-15,4.318,4.3395,4.2325,4.3395,172630900
2021-12-16,4.3425,4.373,4.279,4.297,362170900
2021-12-17,4.297,4.3025,4.212,4.253,313299500
2021-12-20,4.235,4.236,4.06,4.1125,369442900
2021-12-21,4.124,4.181,4.122,4.156,298959400
2021-12-22,4.16,4.2375,4.146,4.186,272803300
2021-12-23,4.2055,4.2165,4.1635,4.175,162258100
2021-12-24,4.1945,4.1945,4.121,4.159,141294900
2021-12-27,4.159,4.216,4.1325,4.2145,191493200
2021-12-28,4.2175,4.28,4.2075,4.235,309222200
2021-12-29,4.2355,4.26,4.215,4.231,113846100
2021-12-30,4.235,4.2865,4.22,4.26,243360900
2022-01-03,4.273,4.413,4.26,4.385,156131800
2022-01-04,4.38,4.449,4.38,4.4135,180807300
2022-01-05,4.416,4.433,4.2325,4.234,126101200
2022-01-06,4.25,4.335,4.1835,4.2475,306761700
2022-01-10,4.269,4.3485,4.2045,4.294,258412700
2022-01-11,4.294,4.4085,4.267,4.3895,293100200
2022-01-12,4.3805,4.431,4.3175,4.3795,230848400
2022-01-13,4.371,4.4,4.2505,4.294,360238500
2022-01-14,4.307,4.332,4.1515,4.296,532939100
2022-01-17,4.296,4.3295,4.1425,4.2065,223581300
2022-01-18,4.216,4.219,3.882,4.007,695991800
2022-01-19,4.0225,4.22,3.8915,4.1515,340377100
2022-01-20,4.1515,4.224,4.056,4.129,287045000
2022-01-21,4.1295,4.153,4.0295,4.0425,331481900
2022-01-24,4.0425,4.075,3.604,3.85,530953300
2022-01-25,3.85,3.912,3.71,3.897,275647000
2022-01-26,3.899,3.9025,3.78,3.8105,279520700
2022-01-27,3.8,3.992,3.7105,3.865,337618800
2022-01-28,3.865,3.98,3.791,3.862,264849200
2022-01-31,3.82,3.931,3.82,3.8975,132010000
2022-02-01,3.91,3.93,3.785,3.836,209850000
2022-02-02,3.848,3.881,3.786,3.809,135908400
2022-02-03,3.8065,3.809,3.711,3.753,163518500
2022-02-04,3.78,3.833,3.7535,3.825,176072000
2022-02-07,3.825,3.843,3.7615,3.802,92688000
2022-02-08,3.806,3.897,3.78,3.8525,190997900
2022-02-09,3.856,3.9395,3.856,3.935,361315900
2022-02-10,3.94,3.9485,3.731,3.7925,619587700
2022-02-11,3.7925,3.8085,3.625,3.635,461514200
2022-02-14,3.6325,3.6795,3.556,3.6315,477137300
2022-02-15,3.6325,3.798,3.6325,3.7905,373501400
2022-02-16,3.7905,3.852,3.771,3.83,268241800
2022-02-17,3.85,3.85,3.661,3.6695,351288900
2022-02-18,3.6845,3.7365,3.4815,3.49,398355500
2022-02-21,3.509,3.6075,2.833,2.952,1575858200
2022-02-22,2.905,3.349,2.672,3.2735,1048708900
2022-02-24,2.9365,2.9365,1.255,2.043,1012241000
2022-02-25,1.8615,2.85,1.8615,2.579,662436400
2022-03-24,2.7,2.8935,2.4,2.4,250562500
2022-03-25,2.49,2.5,2.21,2.2325,110817000
2022-03-28,2.292,2.292,2.08,2.082,89157800
2022-03-29,2.082,2.23,1.91,1.989,141192600
2022-03-30,2.1875,2.786,2.1875,2.497,314368300
2022-03-31,2.585,2.749,2.459,2.7255,291985400
2022-04-01,2.7785,2.998,2.71,2.88,402401300
2022-04-04,2.9445,2.969,2.79,2.8625,181934100
2022-04-05,2.8665,2.895,2.6205,2.705,164375900
2022-04-06,2.65,2.76,2.63,2.6385,93112300
2022-04-07,2.6795,2.6985,2.638,2.675,53092900
2022-04-08,2.685,2.6995,2.6385,2.6955,52982000
2022-04-11,2.6865,2.7555,2.6605,2.68,58951900
2022-04-12,2.68,2.7195,2.6045,2.687,43400200
2022-04-13,2.693,2.71,2.6515,2.6725,34079300
2022-04-14,2.6775,2.69,2.41,2.4955,149178000
2022-04-15,2.51,2.55,2.41,2.55,106701300
2022-04-18,2.5415,2.5945,2.45,2.45,58595100
2022-04-19,2.45,2.453,2.33,2.4145,84566700
2022-04-20,2.415,2.549,2.412,2.48,88533700
2022-04-21,2.495,2.495,2.4345,2.4345,32884800
2022-04-22,2.43,2.4785,2.401,2.43,32508300
2022-04-25,2.43,2.43,2.35,2.375,42406700
2022-04-26,2.388,2.476,2.375,2.46,67489000
2022-04-27,2.4605,2.547,2.454,2.51,97947800
2022-04-28,2.53,2.75,2.512,2.612,282546700
2022-04-29,2.612,2.72,2.606,2.6995,97352000
2022-05-04,2.7125,2.7795,2.65,2.7005,82528900
2022-05-05,2.73,2.7985,2.7,2.79,121913200
2022-05-06,2.7925,2.845,2.728,2.754,98883400
2022-05-11,2.7685,2.819,2.742,2.778,65042100
2022-05-12,2.81,2.815,2.691,2.723,67736700
2022-05-13,2.76,2.7985,2.7045,2.7595,109048800
2022-05-16,2.7595,2.8,2.7505,2.769,78138700
2022-05-17,2.77,2.8,2.765,2.785,86072600
2022-05-18,2.8,2.8955,2.75,2.77,169135700
2022-05-19,2.78,2.874,2.765,2.845,89878700
2022-05-20,2.853,2.9,2.82,2.881,109904300
2022-05-23,2.89,2.9,2.8105,2.825,87452900
2022-05-24,2.84,2.89,2.762,2.8585,172261900
2022-05-25,2.8705,2.924,2.851,2.867,55899200
2022-05-26,2.861,2.97,2.857,2.9435,114304700
2022-05-27,2.958,3.1645,2.95,3.16,220211400
2022-05-30,3.1795,3.2965,3.171,3.2565,198131800
2022-05-31,3.27,3.27,3.132,3.16,107039000
2022-06-01,3.15,3.232,3.0435,3.17,117481300
2022-06-02,3.189,3.31,3.165,3.3,157816000
2022-06-03,3.2895,3.35,3.164,3.2525,204493600
2022-06-06,3.255,3.2795,3.2,3.26,96412500
2022-06-07,3.2595,3.279,3.195,3.25,120659100
2022-06-08,3.218,3.248,3.2,3.2385,167406400
2022-06-09,2.994,3.03,2.953,3.005,215138700
2022-06-10,2.994,3.147,2.95,3.14,105236500
2022-06-14,3.15,3.23,3.0905,3.22,167941600
2022-06-15,3.21,3.225,3.166,3.22,88332000
2022-06-16,3.22,3.293,3.2005,3.293,95078500
2022-06-17,3.297,3.446,3.275,3.445,162351700
2022-06-20,3.455,3.64,3.4505,3.638,226637400
2022-06-21,3.64,3.655,3.4915,3.5555,200132200
2022-06-22,3.515,3.62,3.4205,3.617,171234400
2022-06-23,3.6,3.617,3.54,3.596,94167400
2022-06-24,3.5995,3.6385,3.5185,3.63,85438300
2022-06-27,3.629,3.8,3.607,3.8,128592700
2022-06-28,3.8015,3.8685,3.692,3.7065,161739100
2022-06-29,3.7,3.7,3.5265,3.5265,120341700
2022-06-30,3.51,3.595,3.25,3.33,180895400
2022-07-01,3.348,3.567,3.2985,3.4375,123891200
2022-07-04,3.46,3.525,3.4485,3.46,63614100
2022-07-05,3.45,3.46,3.355,3.42,84216700
2022-07-06,3.39,3.49,3.388,3.422,59299100
2022-07-07,3.4115,3.425,3.352,3.4195,57517300
2022-07-08,3.4195,3.47,3.3605,3.399,62235200
2022-07-11,3.3875,3.4455,3.3555,3.4005,54560700
2022-07-12,3.375,3.397,3.2215,3.275,116270000
2022-07-13,3.2735,3.2745,3.163,3.2005,80292900
2022-07-14,3.2,3.3,3.182,3.29,59567500
2022-07-15,3.3,3.405,3.242,3.404,103735500
2022-07-18,3.41,3.4225,3.255,3.255,107926400
2022-07-19,3.255,3.321,3.211,3.258,101785300
2022-07-20,3.287,3.3165,3.2595,3.3165,57234200
2022-07-21,3.3045,3.3045,3.25,3.2755,54337100
2022-07-22,3.27,3.31,3.265,3.283,38780500
2022-07-25,3.284,3.294,3.2635,3.2665,32030100
2022-07-26,3.2765,3.34,3.268,3.304,63597700
2022-07-27,3.304,3.314,3.231,3.2585,83369100
2022-07-28,3.264,3.2885,3.1925,3.2345,80785300
2022-07-29,3.235,3.248,3.21,3.233,46231100
2022-08-01,3.233,3.28,3.21,3.25,48265100
2022-08-02,3.25,3.28,3.2225,3.245,39256200
2022-08-03,3.2645,3.266,3.206,3.2205,41106500
2022-08-04,3.225,3.229,3.062,3.09,72875200
2022-08-05,3.09,3.1205,3.0,3.042,72382800
2022-08-08,3.09,3.148,3.08,3.115,68977600
2022-08-09,3.11,3.12,3.0485,3.055,67637100
2022-08-10,3.0555,3.0785,3.01,3.049,104515400
2022-08-11,3.05,3.06,2.9905,3.001,114252300
2022-08-12,2.99,2.9955,2.956,2.9655,73965000
2022-08-15,2.9635,3.0745,2.9405,3.055,110158400
2022-08-16,3.075,3.085,2.999,2.9995,87933500
2022-08-17,2.999,3.0395,2.997,2.997,61521300
2022-08-18,3.0,3.0255,2.9995,3.0025,33437300
2022-08-19,3.003,3.006,2.961,3.0,46731100
2022-08-22,3.0,3.04,2.9765,3.039,47583000
2022-08-23,3.039,3.072,3.0335,3.064,49318600
2022-08-24,3.075,3.077,2.9945,3.03,41329800
2022-08-25,3.042,3.15,3.0305,3.14,135857600
2022-08-26,3.145,3.198,3.1105,3.186,76046400
2022-08-29,3.186,3.196,3.157,3.1685,36821000
2022-08-30,3.1695,3.19,3.13,3.1675,73504100
2022-08-31,3.145,3.21,3.145,3.21,78522900
2022-09-01,3.217,3.2355,3.152,3.1895,77582100
2022-09-02,3.1755,3.242,3.1755,3.242,67376600
2022-09-05,3.233,3.3385,3.2115,3.3125,77132000
2022-09-06,3.3125,3.389,3.107,3.25,166375700
2022-09-07,3.245,3.31,3.216,3.2555,65506400
2022-09-08,3.2565,3.28,3.2,3.2,76607400
2022-09-09,3.21,3.2475,3.18,3.245,33454500
2022-09-12,3.231,3.29,3.222,3.256,39621700
2022-09-13,3.257,3.27,3.203,3.218,35165100
2022-09-14,3.218,3.265,3.168,3.251,56601800
2022-09-15,3.26,3.3,3.2075,3.253,60180900
2022-09-16,3.253,3.2735,3.211,3.242,33285900
2022-09-19,3.2475,3.28,3.223,3.2725,43755500
2022-09-20,3.275,3.29,2.9005,3.0755,185384100
2022-09-21,2.75,2.9995,2.711,2.887,103644000
2022-09-22,2.899,2.966,2.8625,2.903,67230400
2022-09-23,2.919,2.9285,2.661,2.775,124633200
2022-09-26,2.74,2.74,2.334,2.5,255734900
2022-09-27,2.53,2.641,2.5,2.6375,102798700
2022-09-28,2.62,2.69,2.512,2.5665,138731000
2022-09-29,2.575,2.591,2.403,2.549,102883600
2022-09-30,2.568,2.618,2.4345,2.583,115239500
2022-10-03,2.6,2.708,2.5115,2.699,104187500
2022-10-04,2.7005,2.795,2.6915,2.7715,196587800
2022-10-05,2.759,2.759,2.6365,2.718,151256400
2022-10-06,2.7005,2.7865,2.7005,2.7465,52948000
2022-10-07,2.76,2.7885,2.5685,2.609,89847600
2022-10-10,2.45,2.69,2.45,2.669,113260100
2022-10-11,2.691,2.789,2.617,2.7675,80902300
2022-10-12,2.7825,2.829,2.76,2.785,86863600
2022-10-13,2.7765,2.82,2.732,2.79,42596200
2022-10-14,2.7985,2.8765,2.7615,2.8365,143578700
2022-10-17,2.858,2.888,2.81,2.886,90780500
2022-10-18,2.887,2.91,2.8055,2.806,80257400
2022-10-19,2.81,2.828,2.763,2.808,108726800
2022-10-20,2.8085,2.88,2.8085,2.8495,82715800
2022-10-21,2.84,2.884,2.772,2.8655,63008900
2022-10-24,2.889,2.9425,2.871,2.9275,86958100
2022-10-25,2.925,3.0,2.915,2.969,65556000
2022-10-26,2.971,3.017,2.931,2.969,64624600
2022-10-27,2.9745,3.097,2.9655,3.0695,83943100
2022-10-28,3.062,3.0985,3.01,3.0695,88628700
2022-10-31,3.079,3.115,3.04,3.088,55976700
2022-11-01,3.095,3.098,3.021,3.045,58867400
2022-11-02,3.045,3.08,3.0035,3.039,48241100
2022-11-03,3.034,3.064,2.9685,3.029,70252500
2022-11-07,3.0385,3.1795,3.022,3.1585,93474500
2022-11-08,3.1585,3.186,3.1355,3.1655,141868000
2022-11-09,3.1655,3.2,3.114,3.128,93222100
2022-11-10,3.128,3.159,3.1,3.1535,71025500
2022-11-11,3.17,3.2245,3.1365,3.198,86988200
2022-11-14,3.198,3.22,3.1515,3.182,58067200
2022-11-15,3.181,3.189,2.93,3.069,97938100
2022-11-16,3.099,3.1795,3.0775,3.128,63586700
2022-11-17,3.1405,3.1695,3.11,3.136,33455100
2022-11-18,3.136,3.153,3.0875,3.115,42120100
2022-11-21,3.123,3.145,3.079,3.129,49966600
2022-11-22,3.1195,3.1685,3.116,3.163,48900200
2022-11-23,3.164,3.249,3.135,3.232,105948400
2022-11-24,3.232,3.2865,3.2105,3.2425,57812000
2022-11-25,3.234,3.284,3.22,3.2685,67309700
2022-11-28,3.2195,3.2685,3.2195,3.2525,44848200
2022-11-29,3.2615,3.324,3.26,3.2945,62119300
2022-11-30,3.2975,3.3145,3.2605,3.287,38709800
2022-12-01,3.29,3.3115,3.281,3.293,28409000
2022-12-02,3.3,3.3,3.279,3.2915,18769200
2022-12-05,3.2915,3.335,3.27,3.3035,45750600
2022-12-06,3.32,3.32,3.2535,3.259,25497100
2022-12-07,3.249,3.2575,3.185,3.223,89258000
2022-12-08,3.223,3.268,3.1915,3.239,38164900
2022-12-09,3.241,3.255,3.2,3.223,21939500
2022-12-12,3.223,3.2465,3.17,3.2025,22636600
2022-12-13,3.203,3.219,3.175,3.1985,22178400
2022-12-14,3.1905,3.1985,3.046,3.087,116467800
2022-12-15,3.0805,3.107,3.01,3.0745,58500900
2022-12-16,3.0685,3.183,3.0505,3.1185,80836200
2022-12-19,3.119,3.1225,3.0665,3.0825,49963800
2022-12-20,3.092,3.1575,3.08,3.15,60601500
2022-12-21,3.16,3.2,3.1305,3.149,62293700
2022-12-22,3.145,3.219,3.145,3.1865,83136100
2022-12-23,3.1965,3.21,3.17,3.175,33642600
2022-12-26,3.2,3.2285,3.182,3.2,64969000
2022-12-27,3.21,3.252,3.188,3.24,89015900
2022-12-28,3.23,3.323,3.224,3.3025,92520700
2022-12-29,3.3235,3.477,3.29,3.4245,147485000
2022-12-30,3.42,3.423,3.36,3.3945,64297100
2023-01-03,3.415,3.443,3.391,3.4295,31077800
2023-01-04,3.44,3.448,3.3855,3.421,26402800
2023-01-05,3.419,3.4475,3.3855,3.4335,27378100
2023-01-06,3.44,3.5085,3.4335,3.5035,64530700
2023-01-09,3.515,3.588,3.5,3.565,99804100
2023-01-10,3.57,3.578,3.46,3.473,93004000
2023-01-11,3.4695,3.539,3.438,3.521,66086400
2023-01-12,3.52,3.523,3.47,3.4885,32122700
2023-01-13,3.499,3.5165,3.457,3.4855,46743500
2023-01-16,3.486,3.53,3.4705,3.512,45765700
2023-01-17,3.51,3.526,3.421,3.4405,38917500
2023-01-18,3.44,3.48,3.43,3.4605,41917200
2023-01-19,3.4605,3.463,3.3915,3.4135,41987200
2023-01-20,3.406,3.43,3.395,3.4225,26394800
2023-01-23,3.4485,3.4485,3.415,3.4295,31663000
2023-01-24,3.429,3.4415,3.395,3.408,40179700
2023-01-25,3.407,3.437,3.396,3.4295,59601900
2023-01-26,3.4395,3.491,3.4205,3.476,59263200
2023-01-27,3.482,3.538,3.4765,3.5085,62968400
2023-01-30,3.5105,3.525,3.47,3.492,40888000
2023-01-31,3.483,3.5085,3.4525,3.4985,67300100
2023-02-01,3.51,3.522,3.4735,3.5035,48878700
2023-02-02,3.52,3.549,3.475,3.5075,66468600
2023-02-03,3.519,3.519,3.48,3.4965,38856000
2023-02-06,3.5,3.5225,3.492,3.5095,38986100
2023-02-07,3.51,3.522,3.492,3.5065,33858300
2023-02-08,3.5075,3.531,3.48,3.489,61732500
2023-02-09,3.49,3.499,3.43,3.479,47930300
2023-02-10,3.485,3.4885,3.4605,3.4785,22679600
2023-02-13,3.4985,3.5595,3.48,3.501,68104400
2023-02-14,3.513,3.513,3.415,3.4185,69941300
2023-02-15,3.4165,3.418,3.28,3.315,99229800
2023-02-16,3.327,3.36,3.281,3.307,66698700
2023-02-17,3.305,3.3365,3.2555,3.329,74038100
2023-02-20,3.33,3.3335,3.2635,3.3015,39060100
2023-02-21,3.3065,3.3725,3.2925,3.372,63234600
2023-02-22,3.38,3.385,3.338,3.364,20874100
2023-02-24,3.364,3.384,3.3495,3.365,14323700
2023-02-27,3.365,3.432,3.3545,3.422,44457800
2023-02-28,3.43,3.4695,3.402,3.4215,47169300
2023-03-01,3.428,3.4585,3.4205,3.447,34154300
2023-03-02,3.4555,3.4555,3.352,3.3985,41755800
2023-03-03,3.3985,3.4475,3.389,3.441,23876200
2023-03-06,3.441,3.5055,3.427,3.437,147190300
2023-03-07,3.4575,3.4575,3.3935,3.4155,127905200
2023-03-09,3.426,3.426,3.382,3.4005,83487300
2023-03-10,3.3875,3.39,3.359,3.378,77669500
2023-03-13,3.378,3.4045,3.3445,3.3625,68927700
2023-03-14,3.36,3.3825,3.3475,3.3745,38292900
2023-03-15,3.3805,3.3865,3.3415,3.3485,39893700
2023-03-16,3.3485,3.377,3.316,3.353,68054200
2023-03-17,3.3635,3.425,3.3405,3.412,86241400
2023-03-20,3.417,3.598,3.401,3.5825,303101400
2023-03-21,3.62,3.66,3.52,3.54,177589400
2023-03-22,3.55,3.576,3.5275,3.553,38740800
2023-03-23,3.56,3.5705,3.544,3.559,30337500
2023-03-24,3.565,3.618,3.564,3.5875,76254200
2023-03-27,3.595,3.625,3.592,3.6185,74673800
2023-03-28,3.625,3.64,3.5795,3.63,69159000
2023-03-29,3.6365,3.77,3.62,3.747,195309000
2023-03-30,3.7615,3.7615,3.715,3.7405,69856700
2023-03-31,3.734,3.7355,3.6605,3.705,76254900
2023-04-03,3.72,3.794,3.705,3.7775,113728000
2023-04-04,3.789,3.858,3.782,3.8235,119119700
2023-04-05,3.8365,3.8365,3.765,3.8235,67816500
2023-04-06,3.8155,3.8385,3.807,3.834,69067200
2023-04-07,3.835,3.854,3.8,3.827,51582600
2023-04-10,3.83,3.987,3.82,3.923,208728300
2023-04-11,3.92,3.94,3.828,3.857,111021600
2023-04-12,3.854,3.8695,3.803,3.8455,70521300
2023-04-13,3.856,3.9,3.83,3.898,58745300
2023-04-14,3.9,3.913,3.868,3.902,40435600
2023-04-17,3.93,3.978,3.901,3.9565,74089300
2023-04-18,3.964,3.98,3.9515,3.966,57595000
2023-04-19,3.98,4.0,3.903,3.9545,92317100
2023-04-20,3.96,3.992,3.933,3.969,64975800
2023-04-21,3.96,3.9835,3.944,3.968,40247900
2023-04-24,3.9765,4.017,3.968,3.997,68365300
2023-04-25,4.009,4.0115,3.9825,4.008,60570000
2023-04-26,4.0125,4.1,3.992,4.0905,124522600
2023-04-27,4.08,4.1055,4.0505,4.0785,70472900
2023-04-28,4.0915,4.0915,4.0205,4.07,69956900
2023-05-02,4.0885,4.138,3.951,4.0645,155313600
2023-05-03,4.0975,4.0975,3.854,3.878,126902800
2023-05-04,3.88,3.99,3.88,3.989,103476100
2023-05-05,3.997,4.04,3.9465,3.9615,61845400
2023-05-08,3.9645,4.005,3.9405,3.9575,26588100
2023-05-10,3.9755,4.089,3.9515,4.0795,110816600
2023-05-11,4.089,4.23,3.97,4.128,258258800
2023-05-12,4.165,4.1895,4.0775,4.1515,163838000
2023-05-15,4.1885,4.2045,4.1655,4.2,96262200
2023-05-16,4.212,4.232,4.1805,4.199,70318300
2023-05-17,4.199,4.23,4.1805,4.225,70297800
2023-05-18,4.23,4.29,4.227,4.289,117253900
2023-05-19,4.29,4.2975,4.181,4.2605,100234200
2023-05-22,4.2735,4.341,4.202,4.282,158293100
2023-05-23,4.2835,4.293,4.206,4.268,106208100
2023-05-24,4.2795,4.2795,4.22,4.2655,85137000
2023-05-25,4.2755,4.315,4.2465,4.292,137963000
2023-05-26,4.29,4.383,4.2735,4.3665,282255400
2023-05-29,4.0925,4.2,4.0925,4.175,312838900
2023-05-30,4.1595,4.1775,4.0985,4.1225,122137300
2023-05-31,4.105,4.1195,4.05,4.0855,97799000
2023-06-01,4.09,4.145,4.053,4.09,84916300
2023-06-02,4.09,4.098,4.0605,4.076,57926200
2023-06-05,4.083,4.174,4.08,4.0895,138986900
2023-06-06,4.091,4.1085,3.9975,4.0695,104073400
2023-06-07,4.072,4.11,4.051,4.082,58940700
2023-06-08,4.0935,4.094,4.046,4.0675,42575900
2023-06-09,4.0765,4.08,4.046,4.0575,42679500
2023-06-13,4.07,4.11,4.0555,4.1085,67986700
2023-06-14,4.12,4.128,4.086,4.1025,63622900
2023-06-15,4.11,4.17,4.096,4.159,199673000
2023-06-16,4.164,4.2255,4.1555,4.1765,180757900
2023-06-19,4.195,4.1975,4.121,4.1445,121439200
2023-06-20,4.1445,4.152,4.1,4.1115,86658900
2023-06-21,4.12,4.136,4.1005,4.116,61068600
2023-06-22,4.12,4.13,4.0555,4.09,67852400
2023-06-23,4.08,4.121,3.95,4.021,132430800
2023-06-26,4.022,4.077,3.965,4.012,125941700
2023-06-27,4.02,4.0565,3.992,4.02,64158900
2023-06-28,4.0325,4.0495,4.0155,4.0465,40484700
2023-06-29,4.048,4.07,4.027,4.0425,44587500
2023-06-30,4.0545,4.0545,4.0305,4.037,37268200
2023-07-03,4.0305,4.0595,4.007,4.0225,58693800
2023-07-04,4.009,4.0335,3.9825,3.9875,67057000
2023-07-05,3.9885,4.004,3.952,3.994,85899600
2023-07-06,4.004,4.016,3.965,3.971,81326700
2023-07-07,3.983,3.983,3.9295,3.9705,113454000
2023-07-10,3.9795,4.01,3.9505,4.0055,87487600
2023-07-11,4.015,4.015,3.9705,3.996,70442600
2023-07-12,4.0065,4.11,3.998,4.084,225111500
2023-07-13,4.1175,4.1795,4.102,4.157,285707400
2023-07-14,4.1565,4.1715,4.14,4.1515,107413800
2023-07-17,4.142,4.197,4.1405,4.177,101370800
2023-07-18,4.1895,4.203,4.071,4.1735,234165200
2023-07-19,4.178,4.185,4.1385,4.149,71084900
2023-07-20,4.1575,4.1575,4.051,4.0945,119918800
2023-07-21,4.1,4.1495,4.0945,4.139,67001900
2023-07-24,4.1395,4.17,4.106,4.1535,77478300
2023-07-25,4.1645,4.17,4.1475,4.165,78903700
2023-07-26,4.17,4.1745,4.1,4.125,106710900
2023-07-27,4.138,4.1395,4.106,4.1215,109253600
2023-07-28,4.12,4.133,4.072,4.1265,84427400
2023-07-31,4.1405,4.177,4.13,4.1605,168843100
2023-08-01,4.1635,4.229,4.1115,4.2275,226081400
2023-08-02,4.2305,4.265,4.1775,4.2155,192911900
2023-08-03,4.21,4.29,4.162,4.2875,196522300
2023-08-04,4.2905,4.35,3.9785,4.155,444439100
2023-08-07,4.165,4.245,4.08,4.15,172008400
2023-08-08,4.15,4.165,4.08,4.16,123598600
2023-08-09,4.174,4.214,4.1405,4.1665,99786100
2023-08-10,4.167,4.206,4.161,4.192,103431300
2023-08-11,4.203,4.25,4.1605,4.189,117044400
2023-08-14,4.2,4.2345,4.1135,4.118,189302000
2023-08-15,4.0895,4.2065,4.0855,4.131,125902300
2023-08-16,4.131,4.16,4.0,4.055,143721700
2023-08-17,4.099,4.119,4.032,4.107,94641600
2023-08-18,4.107,4.1645,4.05,4.147,87345800
2023-08-21,4.179,4.18,4.12,4.1555,63997700
2023-08-22,4.1555,4.177,4.14,4.1605,74733700
2023-08-23,4.1605,4.174,4.08,4.0955,91167200
2023-08-24,4.101,4.14,4.093,4.1185,36613300
2023-08-25,4.118,4.128,4.1005,4.121,37245800
2023-08-28,4.1285,4.183,4.1235,4.17,94812000
2023-08-29,4.18,4.268,4.1525,4.212,268350800
2023-08-30,4.2245,4.24,4.1535,4.208,109308700
2023-08-31,4.22,4.226,4.136,4.192,190676100
2023-09-01,4.195,4.249,4.163,4.1995,135769800
2023-09-04,4.21,4.379,4.19,4.3335,322251900
2023-09-05,4.3525,4.42,4.272,4.3375,438360600
2023-09-06,4.3525,4.5495,4.3015,4.5435,616565400
2023-09-07,4.55,4.6495,4.3395,4.4405,762625100
2023-09-08,4.417,4.433,4.281,4.365,227659900
2023-09-11,4.375,4.4125,4.23,4.277,226276600
2023-09-12,4.28,4.36,4.27,4.351,172106100
2023-09-13,4.373,4.38,4.282,4.3055,115594500
2023-09-14,4.3055,4.3165,4.1825,4.245,196226700
2023-09-15,4.245,4.337,4.218,4.334,121354600
2023-09-18,4.379,4.379,4.2595,4.2685,116226900
2023-09-19,4.272,4.33,4.213,4.218,178366800
2023-09-20,4.219,4.266,4.101,4.224,165848900
2023-09-21,4.2075,4.2475,4.122,4.1345,137771000
2023-09-22,4.1245,4.258,4.103,4.2195,109129000
2023-09-25,4.219,4.279,4.2015,4.2295,83777500
2023-09-26,4.2395,4.246,4.19,4.2035,68771200
2023-09-27,4.2035,4.2465,4.195,4.23,51194600
2023-09-28,4.23,4.3325,4.218,4.3255,114065800
2023-09-29,4.325,4.3325,4.2685,4.2925,85188900
2023-10-02,4.294,4.532,4.289,4.4455,438708500
2023-10-03,4.46,4.4775,4.3535,4.435,199839700
2023-10-04,4.4305,4.453,4.3505,4.3535,86006100
2023-10-05,4.3505,4.4055,4.3395,4.3675,69361600
2023-10-06,4.384,4.446,4.34,4.4125,81776600
2023-10-09,4.4125,4.4795,4.4,4.437,103015200
2023-10-10,4.4425,4.47,4.41,4.425,40868400
2023-10-11,4.436,4.46,4.3105,4.3365,99840900
2023-10-12,4.3505,4.4285,4.319,4.4035,89333500
2023-10-13,4.42,4.439,4.4005,4.419,72172400
2023-10-16,4.419,4.47,4.4105,4.4695,95367000
2023-10-17,4.48,4.4945,4.441,4.4585,77781000
2023-10-18,4.4585,4.4685,4.3765,4.4195,74097700
2023-10-19,4.411,4.485,4.399,4.4475,87591800
2023-10-20,4.46,4.475,4.405,4.4355,75211300
2023-10-23,4.4355,4.542,4.418,4.519,235217900
2023-10-24,4.53,4.5975,4.4825,4.526,178922900
2023-10-25,4.5285,4.5325,4.4535,4.5,103792000
2023-10-26,4.5135,4.521,4.34,4.3735,268645500
2023-10-27,4.38,4.407,4.3105,4.3785,111038400
2023-10-30,4.3785,4.427,4.36,4.368,56638600
2023-10-31,4.3785,4.3795,4.2405,4.2805,199347700
2023-11-01,4.284,4.3185,4.256,4.2945,115107200
2023-11-02,4.309,4.309,4.2095,4.249,128131300
2023-11-03,4.249,4.28,4.182,4.205,126018500
2023-11-06,4.205,4.272,4.205,4.2705,57503100
2023-11-07,4.265,4.289,4.242,4.254,47259900
2023-11-08,4.254,4.3385,4.2505,4.3105,96300900
2023-11-09,4.3255,4.326,4.2515,4.2855,75219700
2023-11-10,4.287,4.3215,4.2045,4.2485,86384200
2023-11-13,4.234,4.313,4.21,4.274,90360500
2023-11-14,4.2865,4.2965,4.221,4.2425,101749400
2023-11-15,4.2305,4.257,4.164,4.235,107792800
2023-11-16,4.253,4.2695,4.197,4.214,81002600
2023-11-17,4.2135,4.2285,4.1635,4.223,95335200
2023-11-20,4.223,4.26,4.2,4.257,52991000
2023-11-21,4.25,4.3085,4.2375,4.298,74381400
2023-11-22,4.3075,4.328,4.2735,4.2875,62599900
2023-11-23,4.2875,4.3095,4.213,4.237,77900700
2023-11-24,4.249,4.2645,4.1765,4.229,86423400
2023-11-27,4.23,4.254,4.187,4.1995,51549400
2023-11-28,4.1995,4.232,4.1875,4.208,65583100
2023-11-29,4.2215,4.2215,4.12,4.151,77995300
2023-11-30,4.151,4.188,4.101,4.147,77932200
2023-12-01,4.135,4.1835,4.0785,4.0825,80642900
2023-12-04,4.078,4.078,3.99,4.021,122784200
2023-12-05,4.0295,4.0745,4.006,4.0505,95700400
2023-12-06,4.053,4.07,3.925,3.9475,127704600
2023-12-07,3.905,4.025,3.87,3.972,120738300
2023-12-08,3.977,4.05,3.9715,4.0325,49839600
2023-12-11,4.0325,4.0435,3.929,3.944,84638300
2023-12-12,3.944,3.963,3.8805,3.9205,144733900
2023-12-13,3.915,3.9485,3.89,3.916,71971600
2023-12-14,3.916,3.93,3.8865,3.908,62376500
2023-12-15,3.908,3.986,3.908,3.9785,93503800
2023-12-18,4.0095,4.02,3.97,3.9975,89434500
2023-12-19,3.997,4.0195,3.9755,4.0065,69555400
2023-12-20,4.0065,4.04,4.0005,4.037,69544300
2023-12-21,4.0365,4.0365,3.9565,3.99,93990300
2023-12-22,4.0,4.01,3.982,3.991,58470200
2023-12-25,4.0,4.01,3.9655,3.978,84912200
2023-12-26,3.9785,4.0,3.9455,3.997,71640500
2023-12-27,3.997,4.0045,3.97,3.97,69627700
2023-12-28,3.98,4.0,3.95,3.962,80756200
2023-12-29,3.969,3.969,3.933,3.966,60336300
2024-01-03,3.9685,4.0145,3.963,4.0095,35436700
2024-01-04,4.017,4.0345,4.0,4.0195,34521100
2024-01-05,4.0195,4.0255,3.9775,4.0005,24835500
2024-01-08,4.005,4.097,4.003,4.076,79013100
2024-01-09,4.089,4.12,4.059,4.0935,116600500
2024-01-10,4.0995,4.128,4.0805,4.085,63456500
2024-01-11,4.115,4.1175,4.055,4.08,88357500
2024-01-12,4.0805,4.1075,4.067,4.0825,69256600
2024-01-15,4.1015,4.1145,4.08,4.1015,52380100
2024-01-16,4.104,4.1445,4.0825,4.1055,89536500
2024-01-17,4.108,4.128,4.036,4.078,135289300
2024-01-18,4.0795,4.094,4.041,4.0605,108223800
2024-01-19,4.0725,4.0725,4.011,4.0375,54992000
2024-01-22,4.039,4.077,4.025,4.0505,51516500
2024-01-23,4.0505,4.055,4.028,4.038,48250300
2024-01-24,4.04,4.061,4.0325,4.04,43720100
2024-01-25,4.035,4.068,4.0045,4.027,67052400
2024-01-26,4.036,4.065,4.02,4.025,45739200
2024-01-29,4.026,4.068,4.026,4.0555,48840900
2024-01-30,4.064,4.0935,4.0455,4.0865,109960200
2024-01-31,4.1,4.106,4.0755,4.084,72083300
2024-02-01,4.089,4.0915,4.0565,4.063,61242000
2024-02-02,4.0735,4.08,4.0495,4.064,40065200
2024-02-05,4.0675,4.15,4.0675,4.118,246034000
2024-02-06,4.1325,4.14,4.103,4.1265,97448500
2024-02-07,4.134,4.134,4.102,4.102,65208700
2024-02-08,4.116,4.128,4.072,4.0785,68998700
2024-02-09,4.078,4.09,4.05,4.077,54264600
2024-02-12,4.0875,4.0965,4.062,4.089,51175500
2024-02-13,4.0995,4.106,4.069,4.079,50289000
2024-02-14,4.085,4.092,4.0705,4.0775,32442700
2024-02-15,4.078,4.087,4.0545,4.073,62497600
2024-02-16,4.08,4.0875,4.05,4.061,72209000
2024-02-19,4.055,4.0665,4.022,4.0485,77193600
2024-02-20,4.047,4.0485,3.95,3.9635,111046300
2024-02-21,3.964,4.007,3.945,3.9705,81693700
2024-02-22,3.975,4.004,3.975,3.996,36341100
2024-02-26,4.019,4.05,4.002,4.045,60531600
2024-02-27,4.05,4.05,3.98,3.9935,112030900
2024-02-28,3.9975,4.02,3.986,3.9935,57754300
2024-02-29,3.9935,4.0965,3.9915,4.076,169413000
2024-03-01,4.076,4.093,4.039,4.042,83419100
2024-03-04,4.06,4.0675,4.0295,4.05,74437900
2024-03-05,4.0545,4.077,4.031,4.069,59182700
2024-03-06,4.075,4.1175,4.0405,4.07,127809900
2024-03-07,4.0745,4.1,4.0505,4.065,44211100
2024-03-11,4.087,4.0875,4.041,4.058,58741400
2024-03-12,4.069,4.12,4.0355,4.109,123758400
2024-03-13,4.119,4.125,4.081,4.0975,68632900
2024-03-14,4.0985,4.11,4.073,4.107,82949900
2024-03-15,4.1065,4.13,4.088,4.098,71179100
2024-03-18,4.1105,4.132,4.075,4.0835,71018700
2024-03-19,4.0845,4.1355,4.0245,4.066,172407900
2024-03-20,4.07,4.1295,3.9975,4.083,418886300
2024-03-21,4.084,4.103,4.029,4.059,146364800
2024-03-22,4.075,4.0945,3.998,4.0345,143531200
2024-03-25,4.05,4.0865,4.04,4.0835,122621600
2024-03-26,4.0865,4.0905,4.0495,4.071,104037500
2024-03-27,4.0725,4.094,4.063,4.0835,111569500
2024-03-28,4.09,4.092,4.055,4.0735,93377800
2024-03-29,4.08,4.08,4.051,4.0765,75300600
2024-04-01,4.079,4.213,4.079,4.205,269697800
2024-04-02,4.216,4.327,4.21,4.2805,428981300
2024-04-03,4.293,4.3285,4.23,4.283,160643400
2024-04-04,4.294,4.297,4.25,4.2515,75427500
2024-04-05,4.25,4.284,4.187,4.262,170627600
2024-04-08,4.279,4.298,4.232,4.2615,134704400
2024-04-09,4.2755,4.2905,4.19,4.206,156895000
2024-04-10,4.206,4.252,4.195,4.224,98327100
2024-04-11,4.2245,4.3125,4.22,4.287,177923200
2024-04-12,4.2935,4.306,4.25,4.261,109492300
2024-04-15,4.265,4.284,4.2515,4.264,95952200
2024-04-16,4.266,4.2715,4.244,4.251,83321200
2024-04-17,4.25,4.264,4.2235,4.248,83291000
2024-04-18,4.25,4.285,4.24,4.273,75652300
2024-04-19,4.28,4.28,4.25,4.26,67313900
2024-04-22,4.2725,4.368,4.265,4.3155,263214300
2024-04-23,4.3025,4.35,4.242,4.25,221655300
2024-04-24,4.2505,4.2635,4.1,4.243,224215500
2024-04-25,4.243,4.2745,4.206,4.24,112186300
2024-04-26,4.251,4.2635,4.2115,4.2525,94580400
2024-04-29,4.248,4.293,4.245,4.2835,57472700
2024-04-30,4.286,4.31,4.2555,4.2775,42175400
2024-05-02,4.3,4.304,4.266,4.2735,91734700
2024-05-03,4.2725,4.293,4.2585,4.2795,64033700
2024-05-06,4.282,4.39,4.282,4.371,352895000
2024-05-07,4.382,4.4525,4.3395,4.3825,274251200
2024-05-08,4.393,4.412,4.3335,4.409,154302700
2024-05-10,4.412,4.5395,4.401,4.527,200351100
2024-05-13,4.549,4.57,4.452,4.4725,283787500
2024-05-14,4.4725,4.536,4.408,4.465,212703600
2024-05-15,4.467,4.48,4.381,4.393,256308300
2024-05-16,4.393,4.402,4.344,4.387,132101500
2024-05-17,4.39,4.436,4.3755,4.3835,148891000
2024-05-20,4.4,4.433,4.35,4.3735,138889400
2024-05-21,4.358,4.3835,4.2935,4.361,221713400
2024-05-22,4.361,4.378,4.3025,4.351,127784800
2024-05-23,4.356,4.37,4.3275,4.37,109819500
2024-05-24,4.373,4.394,4.286,4.309,172141100
2024-05-27,4.311,4.37,4.2615,4.2915,292041800
2024-05-28,4.3025,4.32,4.242,4.26,219914300
2024-05-29,4.26,4.294,4.22,4.284,215563700
2024-05-30,4.285,4.32,4.1515,4.182,285185600
2024-05-31,4.184,4.1905,4.015,4.0595,723672600
2024-06-03,3.725,3.803,3.5265,3.794,998746800
2024-06-04,3.7935,3.894,3.6835,3.864,378572500
2024-06-05,3.865,3.8835,3.802,3.813,232404400
2024-06-06,3.823,3.845,3.7515,3.823,221544600
2024-06-07,3.8235,3.8725,3.7815,3.8035,433209000
2024-06-10,3.823,3.899,3.8065,3.844,263791000
2024-06-11,3.856,3.8955,3.805,3.8895,183989300
2024-06-13,3.73,3.8535,3.6225,3.8315,225157200
2024-06-14,3.832,3.93,3.818,3.927,192870200
2024-06-17,3.947,3.971,3.8555,3.8905,204389100
2024-06-18,3.8965,3.917,3.805,3.823,187966400
2024-06-19,3.83,3.9115,3.733,3.82,224972000
2024-06-20,3.835,3.999,3.775,3.9355,397537700
2024-06-21,3.951,3.951,3.8645,3.8925,95320300
2024-06-24,3.89,3.935,3.874,3.919,94189200
2024-06-25,3.919,3.969,3.874,3.959,104293000
2024-06-26,3.959,3.9855,3.937,3.951,93133300
2024-06-27,3.952,3.98,3.907,3.9345,104635600
2024-06-28,3.94,3.954,3.909,3.925,76222200
2024-07-01,3.93,3.95,3.898,3.933,93650800
2024-07-02,3.9405,4.0145,3.8895,4.007,175193200
2024-07-03,4.008,4.0115,3.933,3.936,118327200
2024-07-04,3.94,3.9545,3.85,3.8675,124288400
2024-07-05,3.8675,3.898,3.7635,3.8735,195940000
2024-07-08,3.89,3.9695,3.85,3.8785,222456600
2024-07-09,3.88,3.892,3.811,3.828,116315100
2024-07-10,3.828,3.842,3.65,3.67,162028500
2024-07-11,3.67,3.7885,3.67,3.7795,190295300
2024-07-12,3.7815,3.795,3.708,3.75,116824200
2024-07-15,3.75,3.769,3.68,3.6985,138615200
2024-07-16,3.7,3.7515,3.652,3.745,144388700
2024-07-17,3.745,3.78,3.703,3.731,101911800
2024-07-18,3.731,3.83,3.7,3.816,111335400
2024-07-19,3.816,3.85,3.7925,3.81,119424400
2024-07-22,3.825,3.8545,3.8215,3.8355,107463700
2024-07-23,3.84,3.8615,3.826,3.851,69938300
2024-07-24,3.851,3.8825,3.842,3.864,90251700
2024-07-25,3.875,3.9055,3.8435,3.869,114055000
2024-07-26,3.869,3.895,3.8,3.81,172614600
2024-07-29,3.81,3.8105,3.719,3.7305,101523000
2024-07-30,3.722,3.8035,3.703,3.7955,93053800
2024-07-31,3.8125,3.8695,3.7785,3.859,86757300
2024-08-01,3.859,3.89,3.788,3.8,119391400
2024-08-02,3.77,3.81,3.76,3.77,94628700
2024-08-05,3.75,3.7995,3.6845,3.6905,169225000
2024-08-06,3.702,3.741,3.7,3.71,92646500
2024-08-07,3.7195,3.742,3.663,3.724,104573700
2024-08-08,3.724,3.7625,3.7095,3.711,85666700
2024-08-09,3.705,3.753,3.705,3.729,58747900
2024-08-12,3.728,3.795,3.723,3.7945,96759100
2024-08-13,3.7945,3.83,3.7915,3.82,49374600
2024-08-14,3.817,3.8995,3.8085,3.88,153113200
2024-08-15,3.88,3.889,3.83,3.844,65345900
2024-08-16,3.832,3.87,3.7735,3.7915,113890100
2024-08-19,3.798,3.8495,3.787,3.819,128944500
2024-08-20,3.82,3.888,3.8055,3.887,130466300
2024-08-21,3.888,3.92,3.798,3.862,181448300
2024-08-22,3.871,3.9085,3.7505,3.79,145205000
2024-08-23,3.78,3.8095,3.601,3.654,260837600
2024-08-26,3.705,3.84,3.692,3.833,176856600
2024-08-27,3.844,3.859,3.731,3.733,103336200
2024-08-28,3.733,3.768,3.6825,3.7255,124455000
2024-08-29,3.725,3.781,3.7215,3.775,101301500
2024-08-30,3.774,3.774,3.682,3.695,107079100
2024-09-02,3.691,3.6935,3.545,3.566,169757300
2024-09-03,3.5885,3.659,3.561,3.6,171188300
2024-09-04,3.6,3.699,3.563,3.677,126437900
2024-09-05,3.6945,3.6945,3.6,3.6115,123376600
2024-09-06,3.605,3.655,3.603,3.646,66454600
2024-09-09,3.658,3.721,3.65,3.715,84307600
2024-09-10,3.721,3.721,3.67,3.6895,63122600
2024-09-11,3.6825,3.6975,3.6175,3.6175,91266100
2024-09-12,3.618,3.653,3.6155,3.637,58225100
2024-09-13,3.644,3.709,3.592,3.705,112893400
2024-09-16,3.715,3.8115,3.7115,3.7895,120681000
2024-09-17,3.79,3.81,3.731,3.8075,88671700
2024-09-18,3.815,3.885,3.7735,3.84,141284000
2024-09-19,3.8405,3.8725,3.8005,3.8195,108461000
2024-09-20,3.8,3.88,3.8,3.87,93823100
2024-09-23,3.871,3.95,3.871,3.921,131302100
2024-09-24,3.9215,3.9295,3.8895,3.9005,71330600
2024-09-25,3.917,3.917,3.812,3.829,97854400
2024-09-26,3.829,3.847,3.812,3.832,57216300
2024-09-27,3.8435,3.8535,3.77,3.8095,110146900
2024-09-30,3.815,3.85,3.8,3.818,89901600
2024-10-01,3.818,3.818,3.759,3.803,65365500
2024-10-02,3.804,3.818,3.638,3.689,192107100
2024-10-03,3.688,3.772,3.6555,3.747,89530300
2024-10-04,3.762,3.817,3.7385,3.79,81924400
2024-10-07,3.8,3.816,3.77,3.815,62328500
2024-10-08,3.809,3.908,3.801,3.8635,143905100
2024-10-09,3.86,3.8805,3.8235,3.8515,51287100
2024-10-10,3.8525,3.884,3.8415,3.8615,34348400
2024-10-11,3.8615,3.8805,3.787,3.835,72493500
2024-10-14,3.835,3.88,3.7755,3.8745,62651200
2024-10-15,3.8715,3.8985,3.835,3.879,51653100
2024-10-16,3.89,3.8935,3.8555,3.8645,35146600
2024-10-17,3.864,3.883,3.845,3.8555,49637500
2024-10-18,3.855,3.88,3.8335,3.8735,48164200
2024-10-21,3.8735,3.895,3.8535,3.8665,51044800
2024-10-22,3.867,3.875,3.786,3.809,55831900
2024-10-23,3.815,3.82,3.7175,3.746,47107000
2024-10-24,3.746,3.7805,3.729,3.76,37619800
2024-10-25,3.8105,3.8805,3.704,3.7445,309467800
2024-10-28,3.74,3.79,3.7085,3.7545,148930900
2024-10-29,3.755,3.8185,3.753,3.814,111819800
2024-10-30,3.817,3.8495,3.777,3.7945,108875400
2024-10-31,3.779,3.822,3.765,3.7805,75340800
2024-11-01,3.7805,3.849,3.77,3.837,59620500
2024-11-05,3.8395,3.86,3.816,3.8535,59654500
2024-11-06,3.87,3.923,3.8555,3.8575,147997400
2024-11-07,3.86,3.92,3.8345,3.9195,78439700
2024-11-08,3.9195,3.939,3.888,3.921,120385600
2024-11-11,3.931,3.9915,3.9025,3.988,145932800
2024-11-12,3.9975,3.9975,3.85,3.908,126222600
2024-11-13,3.9125,3.9605,3.877,3.895,74927000
2024-11-14,3.909,3.9765,3.895,3.958,121530100
2024-11-15,3.96,4.0315,3.9595,4.013,128165900
2024-11-18,3.975,4.02,3.927,3.9785,99748500
2024-11-19,3.9895,4.05,3.892,3.933,187531500
2024-11-20,3.9465,3.977,3.832,3.9315,155472700
2024-11-21,3.945,3.9585,3.864,3.9315,99333500
2024-11-22,3.927,3.9615,3.897,3.925,112697400
2024-11-25,3.926,3.9475,3.8395,3.8485,77399100
2024-11-26,3.85,3.8635,3.693,3.7285,187600900
2024-11-27,3.7545,3.7685,3.59,3.767,155663500
2024-11-28,3.78,3.8,3.686,3.787,119317300
2024-11-29,3.787,3.8405,3.767,3.821,110137000
2024-12-02,3.821,3.8815,3.821,3.8605,79389600
2024-12-03,3.86,3.8705,3.7105,3.7215,107303600
2024-12-04,3.7215,3.78,3.5995,3.6265,123281300
2024-12-05,3.634,3.74,3.6,3.718,130277600
2024-12-06,3.72,3.756,3.621,3.705,87218700
2024-12-09,3.71,3.74,3.678,3.71,90411400
2024-12-10,3.71,3.71,3.6115,3.6255,93909600
2024-12-11,3.62,3.6325,3.581,3.625,95085400
2024-12-12,3.63,3.6355,3.57,3.5925,64870000
2024-12-13,3.591,3.618,3.572,3.602,39675400
2024-12-16,3.6,3.606,3.5,3.512,98905800
2024-12-17,3.512,3.575,3.51,3.549,112503400
2024-12-18,3.5615,3.6175,3.5235,3.594,75607700
2024-12-19,3.594,3.68,3.557,3.6545,172060600
2024-12-20,3.6545,3.8,3.6545,3.7865,238095200
2024-12-23,3.8025,3.8135,3.6935,3.738,209612600
2024-12-24,3.739,3.7425,3.6525,3.6745,102918800
2024-12-25,3.673,3.721,3.62,3.7145,136825000
2024-12-26,3.722,3.7275,3.643,3.659,187404100
2024-12-27,3.67,3.673,3.6405,3.667,103723600
2024-12-30,3.68,3.734,3.68,3.729,124263800
2025-01-03,3.745,3.7915,3.7,3.7455,75351600
2025-01-06,3.74,3.75,3.6715,3.7425,54778800
2025-01-08,3.75,3.8265,3.7475,3.8175,80555800
2025-01-09,3.82,3.845,3.7,3.7315,118237400
2025-01-10,3.7315,3.7745,3.641,3.759,209426700
2025-01-13,3.759,3.8,3.7325,3.7745,143983000
2025-01-14,3.7745,3.7745,3.75,3.7635,81360000
2025-01-15,3.767,3.771,3.7225,3.7685,106269900
2025-01-16,3.772,3.7985,3.76,3.767,118620900
2025-01-17,3.7795,3.78,3.75,3.77,162723800
2025-01-20,3.799,3.8,3.755,3.763,186984000
2025-01-21,3.7685,3.7945,3.7525,3.7915,75243900
2025-01-22,3.795,3.836,3.77,3.7985,177452100
2025-01-23,3.8095,3.8095,3.735,3.768,148839900
2025-01-24,3.77,3.7785,3.7355,3.746,138492600
2025-01-27,3.75,3.7585,3.671,3.6915,146586900
2025-01-28,3.6915,3.728,3.661,3.7145,148568700
2025-01-29,3.7145,3.729,3.6895,3.6995,95855200
2025-01-30,3.7005,3.7315,3.6965,3.719,106705100
2025-01-31,3.7195,3.7315,3.68,3.699,102022300
2025-02-03,3.7065,3.7215,3.6855,3.708,94493100
2025-02-04,3.703,3.7235,3.69,3.698,62659500
2025-02-05,3.698,3.7245,3.6605,3.7185,81893500
2025-02-06,3.7195,3.73,3.699,3.715,75796900
2025-02-07,3.7205,3.7265,3.699,3.7,54037600
2025-02-10,3.71,3.7455,3.694,3.7065,171156000
2025-02-11,3.7065,3.736,3.7005,3.729,108601500
2025-02-12,3.729,3.8685,3.701,3.843,403044300
2025-02-13,3.844,3.9995,3.7525,3.854,473293900
2025-02-14,3.8575,3.938,3.7595,3.8205,409961800
2025-02-17,3.8705,3.978,3.854,3.975,482013100
2025-02-18,3.985,3.985,3.83,3.88,355517400
2025-02-19,3.885,3.914,3.85,3.8935,226383100
2025-02-20,3.8935,3.9085,3.878,3.8925,124277000
2025-02-21,3.8925,3.928,3.835,3.8855,207415000
2025-02-24,3.8925,3.97,3.886,3.9395,369021800
2025-02-25,3.96,3.977,3.902,3.94,378473800
2025-02-26,3.95,3.9725,3.79,3.8295,457525000
2025-02-27,3.8295,3.87,3.7615,3.774,337419300
2025-02-28,3.78,3.835,3.73,3.7765,588442700
2025-03-03,3.7885,3.7885,3.695,3.7315,261706400
2025-03-04,3.7345,3.858,3.7275,3.8375,327132300
2025-03-05,3.8375,3.858,3.769,3.779,237679000
2025-03-06,3.7805,3.8165,3.737,3.7585,206758600
2025-03-07,3.751,3.7875,3.699,3.733,163528100
2025-03-10,3.7335,3.7735,3.718,3.726,132062800
2025-03-11,3.726,3.764,3.7115,3.7365,105250200
2025-03-12,3.747,3.748,3.691,3.712,108225400
2025-03-13,3.712,3.728,3.6705,3.7,182625000
2025-03-14,3.698,3.752,3.6805,3.738,130426600
2025-03-17,3.79,3.807,3.731,3.762,183929200
2025-03-18,3.768,3.8,3.74,3.7695,247323700
2025-03-19,3.7785,3.79,3.7505,3.7745,176646100
2025-03-20,3.7745,3.7975,3.7265,3.7615,228698400
2025-03-21,3.7685,3.77,3.732,3.7515,117341100
2025-03-24,3.752,3.759,3.7355,3.7395,106585600
2025-03-25,3.7395,3.755,3.7015,3.7405,115399700
2025-03-26,3.741,3.7515,3.7105,3.719,86710100
2025-03-27,3.719,3.719,3.6775,3.68,125131900
2025-03-28,3.675,3.686,3.623,3.638,173650600
2025-03-31,3.6,3.659,3.556,3.655,147178000
2025-04-01,3.655,3.6765,3.5865,3.597,143288600
2025-04-02,3.6005,3.661,3.59,3.6395,111736800
2025-04-03,3.6395,3.669,3.578,3.611,118568600
2025-04-04,3.613,3.6315,3.505,3.519,242660900
2025-04-07,3.5115,3.542,3.3,3.452,398342500
2025-04-08,3.453,3.499,3.366,3.372,162908200
2025-04-09,3.372,3.4985,3.324,3.4965,250437400
2025-04-10,3.502,3.5385,3.434,3.534,158616000
2025-04-11,3.4995,3.59,3.4935,3.579,155907500
2025-04-14,3.61,3.628,3.4885,3.513,210697200
2025-04-15,3.513,3.5335,3.46,3.498,197935800
2025-04-16,3.5,3.542,3.463,3.5185,98014100
2025-04-17,3.536,3.5365,3.504,3.535,145494700
2025-04-18,3.527,3.531,3.464,3.5045,114925000
2025-04-21,3.5055,3.567,3.5055,3.5395,163031900
2025-04-22,3.54,3.592,3.5285,3.5695,136480600
2025-04-23,3.5695,3.5855,3.5205,3.556,105650600
2025-04-24,3.5575,3.572,3.53,3.5465,89113200
2025-04-25,3.541,3.594,3.5385,3.576,139756600
2025-04-28,3.613,3.643,3.5795,3.608,164955200
2025-04-29,3.607,3.6145,3.522,3.553,92248900
2025-04-30,3.55,3.5695,3.486,3.527,151258600
2025-05-02,3.527,3.5365,3.48,3.4875,71352700
2025-05-05,3.5165,3.5295,3.44,3.4655,138761800
2025-05-06,3.4655,3.5455,3.451,3.52,137976200
2025-05-07,3.52,3.5715,3.4805,3.557,120403000
2025-05-08,3.55,3.5795,3.55,3.56,48105100
2025-05-12,3.59,3.634,3.566,3.6055,146502300
2025-05-13,3.6055,3.6175,3.576,3.597,76542700
2025-05-14,3.597,3.6195,3.5105,3.515,206906900
2025-05-15,3.51,3.559,3.51,3.5135,91363000
2025-05-16,3.5185,3.543,3.47,3.525,116705700
2025-05-19,3.5695,3.575,3.5265,3.5385,76499800
2025-05-20,3.539,3.552,3.5215,3.537,62441400
2025-05-21,3.537,3.55,3.5,3.509,66931600
2025-05-22,3.51,3.5165,3.47,3.49,98331800
2025-05-23,3.4995,3.508,3.4705,3.48,83919800
2025-05-26,3.4815,3.4865,3.432,3.455,112076400
2025-05-27,3.46,3.474,3.4155,3.4685,72651100
2025-05-28,3.4685,3.538,3.4685,3.5235,106485100
2025-05-29,3.5235,3.54,3.495,3.5225,73167500
2025-05-30,3.5235,3.56,3.51,3.548,100691100
2025-06-02,3.5325,3.615,3.5275,3.598,215796400
2025-06-03,3.5985,3.7,3.5775,3.6845,393947100
2025-06-04,3.6895,3.75,3.648,3.693,378290500
2025-06-05,3.707,3.7185,3.6705,3.703,314922200
2025-06-06,3.705,3.74,3.6505,3.652,764044400
2025-06-09,3.352,3.36,3.247,3.276,744070800
2025-06-10,3.277,3.29,3.156,3.189,450768700
2025-06-11,3.19,3.195,3.1605,3.17,215421600
2025-06-13,3.17,3.1845,3.14,3.1505,140939000
2025-06-16,3.1695,3.1725,3.123,3.128,163510300
2025-06-17,3.129,3.165,3.1145,3.159,135205300
2025-06-18,3.159,3.181,3.141,3.16,164565700
2025-06-19,3.1675,3.1735,3.13,3.147,170935300
2025-06-20,3.147,3.162,3.136,3.1375,84243800
2025-06-23,3.138,3.148,3.117,3.1215,139667100
2025-06-24,3.128,3.134,3.1015,3.1265,118920100
2025-06-25,3.1265,3.139,3.106,3.1325,108482100
2025-06-26,3.1325,3.2,3.1275,3.177,288864900
2025-06-27,3.18,3.194,3.1515,3.186,142207500
2025-06-30,3.21,3.2945,3.2025,3.2805,337776300
2025-07-01,3.288,3.299,3.2445,3.2515,163836800
2025-07-02,3.2515,3.294,3.2045,3.213,144245900
2025-07-03,3.217,3.234,3.18,3.184,152401900
2025-07-04,3.184,3.208,3.1635,3.183,111672300
2025-07-07,3.192,3.1965,3.1505,3.16,115365400
2025-07-08,3.162,3.181,3.1375,3.1465,81519000
2025-07-09,3.1375,3.154,3.1,3.121,129564000
2025-07-10,3.121,3.128,3.092,3.1085,96629100
2025-07-11,3.1085,3.1185,3.06,3.0625,122009700
2025-07-14,3.0405,3.1215,2.995,3.117,297974300
2025-07-15,3.116,3.1255,3.076,3.102,147723400
2025-07-16,3.1005,3.1325,3.0845,3.1175,129790500
2025-07-17,3.1175,3.1575,3.1055,3.115,123575000
2025-07-18,3.1155,3.172,3.1155,3.1685,130589800
2025-07-21,3.187,3.22,3.152,3.173,167183900
2025-07-22,3.173,3.1775,3.12,3.163,143522200
2025-07-23,3.163,3.177,3.1465,3.155,128601100
2025-07-24,3.1555,3.1765,3.1475,3.164,105889500
2025-07-25,3.1645,3.193,3.15,3.154,147856500
2025-07-28,3.1675,3.17,3.1005,3.1155,140251000
2025-07-29,3.129,3.129,3.1,3.1065,86537400
2025-07-30,3.107,3.116,3.078,3.087,98226500
2025-07-31,3.087,3.1005,3.071,3.0935,79299700
2025-08-01,3.095,3.11,3.08,3.1015,90855100
2025-08-04,3.1015,3.1665,3.1015,3.1655,166556700
2025-08-05,3.165,3.1885,3.145,3.184,113481200
2025-08-06,3.185,3.257,3.164,3.253,213449800
2025-08-07,3.253,3.3,3.22,3.2715,261875800
2025-08-08,3.2715,3.292,3.2415,3.2775,159659000
2025-08-11,3.285,3.361,3.273,3.285,238355100
2025-08-12,3.2855,3.312,3.273,3.303,103301200
2025-08-13,3.3055,3.327,3.2915,3.2955,113355900
2025-08-14,3.3,3.3145,3.2755,3.292,170391700
2025-08-15,3.293,3.312,3.2775,3.3085,154281900
2025-08-18,3.265,3.302,3.236,3.2755,169723700
2025-08-19,3.2755,3.3,3.257,3.2615,131391900
2025-08-20,3.27,3.28,3.201,3.22,159246900
2025-08-21,3.22,3.235,3.163,3.1735,175533900
2025-08-22,3.18,3.193,3.15,3.1775,155532300
2025-08-25,3.1765,3.1765,3.135,3.173,120813500
2025-08-26,3.173,3.193,3.1485,3.176,96457800
2025-08-27,3.176,3.191,3.168,3.1875,81402300
2025-08-28,3.1875,3.2105,3.163,3.1695,133975400
2025-08-29,3.17,3.186,3.14,3.1635,112147700
2025-09-01,3.1855,3.192,3.156,3.163,70656300
2025-09-02,3.162,3.1725,3.138,3.162,86476000
2025-09-03,3.162,3.175,3.1425,3.171,64718600
2025-09-04,3.1715,3.197,3.1635,3.1755,76550200
2025-09-05,3.1755,3.196,3.175,3.1885,60450500
2025-09-08,3.201,3.2295,3.1985,3.229,99504000
2025-09-09,3.23,3.2545,3.21,3.2325,90448800
2025-09-10,3.238,3.241,3.1795,3.1905,108679100
2025-09-11,3.1905,3.211,3.18,3.189,79216000
2025-09-12,3.1815,3.2,3.1105,3.1165,199753000
2025-09-15,3.1315,3.135,3.094,3.124,121315800
2025-09-16,3.124,3.146,3.0925,3.1075,112957500
2025-09-17,3.1075,3.13,3.097,3.1235,91096700
2025-09-18,3.1235,3.128,3.0735,3.0825,188403200
2025-09-19,3.09,3.097,3.066,3.0715,130531600
2025-09-22,3.0815,3.105,3.058,3.0895,133409400
2025-09-23,3.09,3.1085,3.04,3.0455,104143400
2025-09-24,3.0505,3.0805,3.0225,3.0785,101736500
2025-09-25,3.08,3.0965,3.0655,3.0705,68879500
2025-09-26,3.0765,3.0845,3.03,3.081,75280700
2025-09-29,3.0905,3.0985,3.011,3.018,112654200
2025-09-30,3.013,3.041,2.992,3.0255,141810700
2025-10-01,3.0255,3.037,3.003,3.005,67409800
2025-10-02,3.0185,3.0185,2.981,3.006,89160100
2025-10-03,2.9975,3.0235,2.9375,2.9455,151649500
2025-10-06,2.9305,2.99,2.893,2.986,200941800
2025-10-07,2.986,2.995,2.957,2.981,112459000
2025-10-08,2.9815,2.9895,2.813,2.8945,265578700
2025-10-09,2.898,2.9285,2.8,2.8805,329337800
2025-10-10,2.871,2.897,2.7585,2.7615,320150600
2025-10-13,2.763,2.7845,2.6875,2.7155,305972400
2025-10-14,2.7155,2.7235,2.6,2.6235,250609800
2025-10-15,2.6235,2.855,2.576,2.795,845047400
2025-10-16,2.795,2.89,2.71,2.885,593330000
2025-10-17,2.913,2.9245,2.814,2.868,239259900
2025-10-20,2.915,2.924,2.8535,2.8805,181225000
2025-10-21,2.87,2.8845,2.7625,2.795,228499400
2025-10-22,2.795,2.819,2.71,2.7485,129885400
2025-10-23,2.71,2.7435,2.684,2.7305,149278900
2025-10-24,2.74,2.84,2.706,2.734,215568600
2025-10-27,2.748,2.7505,2.6715,2.6895,149393517
2025-10-28,2.6965,2.7965,2.664,2.7925,140123300
2025-10-29,2.795,2.809,2.751,2.7715,102510400
2025-10-30,2.7725,2.7935,2.752,2.7745,133734400
2025-10-31,2.774,2.786,2.712,2.7385,91869700
2025-11-03,2.755,2.79,2.7455,2.7825,58383100
2025-11-05,2.7795,2.7965,2.7355,2.7545,107912600
2025-11-06,2.7545,2.792,2.7475,2.784,68642000
2025-11-07,2.784,2.8315,2.768,2.82,105700300
2025-11-10,2.8385,2.845,2.8065,2.831,91797700
2025-11-11,2.828,2.8495,2.8105,2.8485,63399500
2025-11-12,2.85,2.873,2.789,2.813,108698700
2025-11-13,2.81,2.829,2.8015,2.82,57212800
2025-11-14,2.82,2.8275,2.793,2.8125,79564000
2025-11-17,2.811,2.819,2.76,2.7695,129695400
2025-11-18,2.776,2.839,2.761,2.806,143731200
2025-11-19,2.806,2.9065,2.801,2.8735,232936800
2025-11-20,2.8735,2.935,2.8435,2.929,191490200
2025-11-21,2.929,2.946,2.8655,2.903,168227300
2025-11-24,2.91,2.934,2.866,2.885,139516400
2025-11-25,2.897,2.919,2.8545,2.908,124891300
2025-11-26,2.9015,2.915,2.88,2.886,51228500
2025-11-27,2.888,2.896,2.8235,2.836,103229500
2025-11-28,2.84,2.8985,2.834,2.8885,79866100
2025-12-01,2.907,2.91,2.871,2.89,89316700
2025-12-02,2.889,2.908,2.863,2.8875,88696600
2025-12-03,2.87,2.8745,2.835,2.866,93180900
2025-12-04,2.8745,2.897,2.87,2.878,68670100
2025-12-05,2.878,2.9345,2.8725,2.9255,143055100
2025-12-08,2.9325,2.9945,2.921,2.937,213870900
2025-12-09,2.93,3.0175,2.93,3.01,127706200
2025-12-10,3.015,3.1305,3.0,3.106,348134800
2025-12-11,3.1185,3.1725,3.103,3.14,330101900
2025-12-12,3.14,3.192,3.073,3.0795,313998300
2025-12-15,3.1055,3.13,3.076,3.105,163309700
2025-12-16,3.108,3.145,3.1055,3.134,94542200
2025-12-17,3.135,3.15,3.0765,3.108,171505500
2025-12-18,3.108,3.1275,3.068,3.09,162470700
2025-12-19,3.099,3.145,3.075,3.109,185432900
2025-12-22,3.0975,3.1085,3.024,3.0325,171549100
2025-12-23,3.039,3.066,3.0,3.055,113899800
2025-12-24,3.0555,3.0915,3.055,3.0675,97221600
2025-12-25,3.0675,3.0745,3.008,3.0265,130407700
2025-12-26,3.0295,3.081,3.021,3.081,141399800
2025-12-29,3.109,3.1585,3.048,3.081,353321900
2025-12-30,3.081,3.1265,3.08,3.095,143743700
2026-01-05,3.095,3.126,3.0485,3.119,84571400
2026-01-06,3.1125,3.1885,3.1125,3.175,157605600
2026-01-08,3.1525,3.2355,3.1405,3.205,234559900
2026-01-09,3.2055,3.2275,3.1735,3.187,101295700
2026-01-12,3.187,3.2275,3.1795,3.1935,113202700
2026-01-13,3.199,3.208,3.174,3.181,76992400
2026-01-14,3.189,3.2435,3.153,3.2135,146408900
2026-01-15,3.214,3.3545,3.2,3.3195,479607600
2026-01-16,3.3195,3.4695,3.282,3.4465,867814800
2026-01-19,3.433,3.459,3.342,3.38,371891500
2026-01-20,3.3805,3.401,3.3565,3.379,107332700
2026-01-21,3.379,3.449,3.3675,3.4215,225706300
2026-01-22,3.425,3.515,3.422,3.4835,379650400
2026-01-23,3.4835,3.538,3.4775,3.532,245594800
2026-01-26,3.529,3.532,3.4485,3.517,364292500
2026-01-27,3.517,3.6095,3.48,3.568,415868900
2026-01-28,3.5845,3.63,3.5555,3.6115,411658200
2026-01-29,3.6115,3.655,3.5565,3.6055,307355900
2026-01-30,3.5895,3.623,3.467,3.515,277784000
2026-02-02,3.5695,3.5695,3.51,3.548,118501900
2026-02-03,3.55,3.56,3.5055,3.524,114016300
2026-02-04,3.524,3.541,3.426,3.4565,262890600
2026-02-05,3.4685,3.4925,3.386,3.46,211310100
2026-02-06,3.4595,3.48,3.4105,3.437,86824100
2026-02-09,3.4645,3.4665,3.3275,3.3595,197147900
2026-02-10,3.364,3.3955,3.3325,3.358,104193800
2026-02-11,3.358,3.4295,3.357,3.4165,109543700
2026-02-12,3.422,3.452,3.411,3.4405,83502500
2026-02-13,3.4205,3.49,3.363,3.402,257705800
2026-02-16,3.392,3.4135,3.3055,3.3335,291649500
2026-02-17,3.34,3.3655,3.321,3.326,135421000
2026-02-18,3.326,3.3475,3.305,3.3275,114551700
2026-02-19,3.32,3.357,3.28,3.309,215165700
2026-02-20,3.31,3.33,3.295,3.314,97890500
2026-02-23,3.319,3.3345,3.314,3.3325,25629100
2026-02-24,3.34,3.3615,3.3025,3.3195,93817600
2026-02-25,3.3255,3.331,3.2925,3.3135,99733600
2026-02-26,3.3135,3.329,3.2915,3.2995,82060000
2026-02-27,3.307,3.3165,3.2175,3.229,225270800
2026-03-02,3.249,3.2795,3.216,3.2665,188815500
2026-03-03,3.2665,3.2715,3.2205,3.23,146058100
2026-03-04,3.23,3.256,3.22,3.243,111242000
2026-03-05,3.249,3.25,3.2075,3.225,82646500
2026-03-06,3.225,3.226,3.195,3.211,91375600
2026-03-09,3.206,3.225,3.167,3.189,137862900
2026-03-10,3.189,3.245,3.176,3.195,206246100
2026-03-11,3.1995,3.215,3.161,3.181,127858900
2026-03-12,3.182,3.193,3.165,3.183,78944700
2026-03-13,3.179,3.2025,3.1615,3.1715,99622900
2026-03-16,3.181,3.2,3.158,3.1745,120177800
2026-03-17,3.175,3.1965,3.1645,3.1815,70864300
2026-03-18,3.1815,3.247,3.1775,3.202,218932800
2026-03-19,3.216,3.228,3.19,3.207,127476600
2026-03-20,3.207,3.2445,3.204,3.2305,156725500
2026-03-23,3.2305,3.24,3.1695,3.187,143427800
2026-03-24,3.2,3.224,3.19,3.2,80279400
2026-03-25,3.1985,3.217,3.1985,3.213,62906800
2026-03-26,3.212,3.225,3.143,3.156,129667800
2026-03-27,3.16,3.167,3.062,3.0675,225465600
2026-03-30,3.0905,3.1845,3.0705,3.171,247666800
2026-03-31,3.172,3.2145,3.162,3.1915,199346300
2026-04-01,3.1915,3.21,3.162,3.1945,113592400
2026-04-02,3.2,3.2025,3.1675,3.182,78914600
2026-04-03,3.182,3.2335,3.17,3.1845,176943000
2026-04-06,3.209,3.223,3.1715,3.2,88924100
2026-04-07,3.1915,3.2135,3.182,3.1995,78154100
2026-04-08,3.19,3.23,3.1825,3.199,106549300
2026-04-09,3.2095,3.211,3.18,3.193,76172600
2026-04-10,3.197,3.2175,3.17,3.1825,74567500
2026-04-13,3.192,3.21,3.1625,3.1815,95579100
2026-04-14,3.1815,3.2045,3.166,3.1835,64414200
2026-04-15,3.191,3.273,3.18,3.267,167782300
2026-04-16,3.273,3.313,3.2625,3.285,188949100
2026-04-17,3.3035,3.3035,3.235,3.257,115293700
2026-04-20,3.27,3.281,3.226,3.2685,94320000
2026-04-21,3.269,3.27,3.2125,3.235,88012000
2026-04-22,3.235,3.266,3.235,3.2595,69951100
2026-04-23,3.2595,3.2805,3.2345,3.2525,90125700
2026-04-24,3.2525,3.2645,3.22,3.2405,84803400
2026-04-27,3.249,3.25,3.22,3.222,66675500
2026-04-28,3.222,3.23,3.1455,3.171,129959100
2026-04-29,3.17,3.184,3.081,3.14,168047800
2026-04-30,3.141,3.156,3.1,3.1315,115734600
2026-05-01,3.1315,3.161,3.1315,3.151,17927700
2026-05-04,3.1695,3.18,3.133,3.151,63905000
2026-05-05,3.152,3.165,3.118,3.158,77111100
2026-05-06,3.16,3.1745,3.12,3.125,96894800
2026-05-07,3.1385,3.146,3.12,3.1365,47897600
2026-05-08,3.138,3.163,3.125,3.145,86940000
2026-05-11,3.145,3.184,3.145,3.1835,59161200
2026-05-12,3.18,3.234,3.16,3.225,131062600
2026-05-13,3.228,3.2325,3.1925,3.2135,75804600
2026-05-14,3.2135,3.2375,3.194,3.2075,77640300
2026-05-15,3.208,3.2275,3.19,3.207,48525500
2026-05-18,3.2375,3.2605,3.1925,3.236,112914300
2026-05-19,3.236,3.2535,3.226,3.236,50895200
2026-05-20,3.2365,3.248,3.1965,3.225,82405500
2026-05-21,3.22,3.2495,3.2,3.234,76889900
2026-05-22,3.234,3.26,3.212,3.2235,98758500
2026-05-25,3.2275,3.2685,3.2015,3.2225,109617300
2026-05-26,3.2225,3.226,3.162,3.171,165999800
2026-05-27,3.177,3.1915,3.15,3.1805,101594500
2026-05-28,3.1805,3.197,3.161,3.1685,78677700
2026-05-29,3.17,3.1845,3.16,3.1765,68020100
2026-06-01,3.2095,3.243,3.1845,3.208,135949600
2026-06-02,3.2125,3.2375,3.198,3.2375,86071800
2026-06-03,3.239,3.2545,3.221,3.232,94930100
2026-06-04,3.234,3.2465,3.212,3.2235,84169000
2026-06-05,3.2235,3.23,3.1675,3.191,128880300
2026-06-08,3.172,3.185,3.0605,3.065,497499700
2026-06-09,2.779,2.785,2.6675,2.758,728426800
2026-06-10,2.76,2.783,2.7165,2.744,207855200
2026-06-11,2.75,2.7675,2.684,2.707,159612200
2026-06-12,2.709,2.7285,2.7075,2.7175,16110300
2026-06-15,2.736,2.7685,2.727,2.7645,98358600
2026-06-16,2.7685,2.8195,2.731,2.7555,245771700
2026-06-17,2.76,2.7825,2.735,2.759,96615100
2026-06-18,2.774,2.7745,2.641,2.6735,268642600
2026-06-19,2.683,2.7475,2.6525,2.712,308773200
2026-06-22,2.712,2.739,2.577,2.6015,374701200
2026-06-23,2.583,2.644,2.52,2.607,262863100
2026-06-24,2.607,2.636,2.5265,2.592,243246100
2026-06-25,2.595,2.62,2.56,2.594,237027900
2026-06-26,2.595,2.616,2.53,2.588,314986500
2026-06-29,2.5985,2.639,2.54,2.624,211372800
2026-06-30,2.6535,2.6825,2.586,2.6005,194366200
2026-07-01,2.601,2.63,2.5825,2.597,110025900
2026-07-02,2.597,2.6095,2.492,2.5155,207073900
2026-07-03,2.5155,2.535,2.439,2.472,318886200
2026-07-06,2.5,2.5075,2.2265,2.3475,1503773200
2026-07-07,2.3475,2.4,2.267,2.388,577880000
2026-07-08,2.3565,2.447,2.35,2.4375,276634800
2026-07-09,2.442,2.442,2.34,2.355,176199200
2026-07-10,2.355,2.38,2.3255,2.338,122160100
2026-07-13,2.3605,2.399,2.3355,2.3405,131170600
2026-07-14,2.3495,2.374,2.28,2.305,163980900
2026-07-15,2.305,2.32,2.25,2.2505,189901800
2026-07-16,2.2505,2.2695,2.1105,2.12,344008900
2026-07-17,2.118,2.171,2.05,2.0775,343261200
2026-07-20,2.1395,2.2475,2.092,2.245,484763500
2026-07-21,2.247,2.358,2.224,2.3365,414212000
2026-07-22,2.3445,2.3865,2.2775,2.375,240328500
2026-07-23,2.375,2.41,2.3015,2.379,259571900
2026-07-24,2.375,2.5115,2.3345,2.51,373105400
2026-07-27,2.49,2.5855,2.4745,2.5175,325422100
2026-07-28,2.518,2.5645,2.4745,2.489,250534600
2026-07-29,2.49,2.587,2.484,2.58,145319500
2026-07-30,2.58,2.65,2.5405,2.544,247355800
2026-07-31,2.555,2.595,2.5205,2.575,147628700
2026-08-03,2.57,2.6395,2.562,2.63,130384500
2026-08-04,2.63,2.6655,2.592,2.652,184198200
2026-08-05,2.655,2.7105,2.6405,2.671,251614200
2026-08-06,2.6725,2.6995,2.62,2.651,161546600
2026-08-07,2.651,2.669,2.5655,2.5875,129369000
2026-08-10,2.6385,2.657,2.624,2.6455,96119000
2026-08-11,2.65,2.668,2.645,2.662,86926300
2026-08-12,2.6625,2.6735,2.6005,2.602,117321200
2026-08-13,2.61,2.618,2.52,2.5205,174535400
2026-08-14,2.52,2.559,2.39,2.427,206816200
2026-08-17,2.45,2.454,2.2895,2.331,315829800
2026-08-18,2.335,2.449,2.3085,2.4285,251625000
2026-08-19,2.4295,2.496,2.4065,2.49,164758700
2026-08-20,2.49,2.5135,2.382,2.403,174978100
2026-08-21,2.4135,2.4335,2.383,2.413,107334300
2026-08-24,2.38,2.3835,2.2625,2.305,247952100
2026-08-25,2.31,2.3385,2.29,2.314,222634100
2026-08-26,2.307,2.3195,2.22,2.2355,188545500
2026-08-27,2.241,2.266,2.2205,2.2455,187003500
2026-08-28,2.2455,2.2775,2.221,2.2305,115934100
