timestamp,open,high,low,close,volume
2015-01-16,61.7,62.73,61.24,62.5,2641110
2015-01-19,62.5,64.25,62.12,63.45,7990950
2015-01-20,63.45,63.85,61.8,62.0,4327210
2015-01-21,63.21,64.97,62.01,64.5,12706510
2015-01-22,64.57,68.0,64.45,68.0,8596180
2015-01-23,67.0,69.75,66.39,69.11,8624580
2015-01-26,68.25,68.43,66.6,66.6,2596050
2015-01-27,66.56,67.84,66.05,67.84,2774140
2015-01-28,67.84,69.45,67.25,68.0,6399480
2015-01-29,68.0,69.75,67.48,69.3,5588500
2015-01-30,69.15,71.0,68.81,70.0,7564970
2015-02-02,70.28,72.89,68.72,69.66,5263620
2015-02-03,69.99,74.71,69.99,73.5,8532280
2015-02-04,74.34,74.74,72.61,73.3,2921340
2015-02-05,73.01,73.6,71.1,72.0,3818030
2015-02-06,72.39,74.8,72.39,74.8,4637670
2015-02-09,74.65,78.0,74.18,74.2,6518280
2015-02-10,74.6,76.02,71.11,71.26,6396760
2015-02-11,72.23,72.98,70.38,70.5,8507170
2015-02-12,71.5,77.49,68.23,72.5,27257440
2015-02-13,72.65,74.25,72.04,72.5,5858080
2015-02-16,72.51,74.98,71.5,74.88,3721620
2015-02-17,75.0,75.99,73.5,75.45,3621670
2015-02-18,76.1,78.4,75.14,78.4,8026850
2015-02-19,78.2,78.21,75.8,76.75,4816730
2015-02-20,76.9,78.15,75.0,75.69,4846240
2015-02-24,73.08,78.39,72.72,76.5,12989130
2015-02-25,76.05,77.35,75.86,76.6,3290910
2015-02-26,76.99,78.93,76.23,77.45,6501270
2015-02-27,77.11,78.15,75.81,76.9,4453770
2015-03-02,76.21,78.04,76.01,76.01,4461270
2015-03-03,76.0,76.95,73.7,74.88,6766870
2015-03-04,74.88,75.39,69.74,70.67,11731690
2015-03-05,71.0,71.34,69.2,70.0,9169380
2015-03-06,70.93,72.3,68.72,69.0,9556020
2015-03-10,68.1,68.96,64.4,65.0,16713810
2015-03-11,65.14,68.34,65.14,67.9,16696010
2015-03-12,68.67,69.4,66.52,69.2,16209500
2015-03-13,68.98,69.98,65.81,67.3,7373430
2015-03-16,67.0,68.25,66.03,67.26,5010660
2015-03-17,68.0,69.5,66.47,66.5,6321120
2015-03-18,67.0,68.16,66.65,67.7,3291650
2015-03-19,68.1,68.54,66.77,66.99,3648950
2015-03-20,68.35,68.35,65.8,65.8,4340630
2015-03-23,66.5,67.75,64.91,65.98,11283610
2015-03-24,65.58,69.25,65.52,69.0,9213550
2015-03-25,68.4,69.48,68.4,69.25,4384950
2015-03-26,69.5,70.32,68.71,69.43,6836780
2015-03-27,69.49,69.8,66.35,66.65,6329130
2015-03-30,66.2,69.19,66.1,68.99,7038540
2015-03-31,69.0,69.0,67.6,69.0,5809770
2015-04-01,68.65,70.6,68.31,70.26,7839380
2015-04-02,71.0,75.49,70.71,75.49,14998930
2015-04-03,75.75,75.75,73.8,74.75,4631720
2015-04-06,74.71,76.5,74.56,76.49,4821830
2015-04-07,76.49,77.76,76.0,77.01,5603770
2015-04-08,76.85,77.31,74.18,75.2,8874320
2015-04-09,74.45,76.0,71.82,72.3,10837350
2015-04-10,71.66,74.36,71.0,73.5,9454230
2015-04-13,73.5,74.95,73.34,74.5,5234870
2015-04-14,73.55,75.5,72.66,73.4,5174630
2015-04-15,71.44,73.89,71.44,73.3,4671740
2015-04-16,73.35,76.32,73.35,76.0,5485090
2015-04-17,73.65,76.7,73.6,73.6,7524340
2015-04-20,74.01,76.0,74.01,75.59,5118520
2015-04-21,75.14,76.43,75.07,76.1,2826180
2015-04-22,76.11,76.47,74.87,75.8,6886030
2015-04-23,73.86,76.06,73.86,74.01,4298350
2015-04-24,74.8,75.2,73.12,75.2,5664180
2015-04-27,75.22,78.5,74.89,76.65,12327360
2015-04-28,76.58,76.85,73.69,74.35,7951900
2015-04-29,72.27,75.77,72.27,74.03,5481890
2015-04-30,74.0,77.58,73.7,77.0,6808260
2015-05-05,77.0,79.4,76.68,79.4,10912980
2015-05-06,79.77,79.77,77.9,78.8,4581900
2015-05-07,76.38,78.1,75.35,76.0,6915000
2015-05-08,74.0,74.1,72.02,73.49,7161310
2015-05-12,73.52,75.45,73.27,74.5,5335200
2015-05-13,76.32,76.32,73.03,73.5,4696880
2015-05-14,74.34,74.92,71.05,71.4,7216430
2015-05-15,74.59,74.59,71.62,72.25,2705540
2015-05-18,74.69,74.69,72.63,73.54,5068020
2015-05-19,74.97,74.97,72.3,72.63,3525460
2015-05-20,73.88,74.19,71.07,73.18,6208650
2015-05-21,75.14,75.14,73.35,74.82,4830680
2015-05-22,74.3,75.69,74.24,75.15,3059120
2015-05-25,74.43,75.69,74.43,75.47,2138710
2015-05-26,73.17,75.77,73.0,74.3,4570900
2015-05-27,75.02,75.02,72.08,72.89,5960120
2015-05-28,73.11,73.11,70.42,71.23,7378070
2015-05-29,71.5,72.82,70.1,72.0,19697730
2015-06-01,72.34,72.44,71.45,72.23,3820410
2015-06-02,71.64,74.2,70.55,73.5,11410650
2015-06-03,73.8,74.0,71.15,71.15,6129210
2015-06-04,71.2,72.0,69.9,70.55,8785300
2015-06-05,70.6,73.0,70.19,72.8,6105130
2015-06-08,72.9,74.29,72.2,72.2,4838770
2015-06-09,72.2,73.0,71.38,72.25,4999740
2015-06-10,72.4,72.62,71.0,71.5,5220520
2015-06-11,72.09,72.1,71.05,71.65,4304390
2015-06-15,70.5,72.22,70.4,71.55,5349510
2015-06-16,71.5,72.0,71.0,71.0,2563170
2015-06-17,70.79,72.94,70.7,72.77,6709710
2015-06-18,72.85,73.01,71.3,71.31,2838220
2015-06-19,71.35,72.2,71.1,71.15,3628630
2015-06-22,71.0,72.1,70.31,70.64,5014870
2015-06-23,70.7,71.15,69.21,69.21,5154160
2015-06-24,69.37,69.54,67.55,67.85,5999650
2015-06-25,67.76,69.4,67.76,68.21,4830370
2015-06-26,68.4,69.9,68.0,69.59,3991070
2015-06-29,69.2,69.38,68.01,69.38,4402840
2015-06-30,68.33,69.82,68.33,69.82,4766350
2015-07-01,69.65,69.78,68.47,68.8,2625510
2015-07-02,68.89,69.57,68.72,69.57,3150430
2015-07-03,69.45,69.46,68.11,68.53,4148160
2015-07-06,67.95,68.3,66.66,66.99,5038990
2015-07-07,67.29,67.55,65.27,66.49,7890390
2015-07-08,66.3,66.83,65.49,66.59,4645240
2015-07-09,67.0,67.94,66.7,67.01,4942560
2015-07-10,67.23,67.7,65.88,66.1,5276300
2015-07-13,66.35,67.68,66.11,67.57,3902350
2015-07-14,67.9,70.37,67.17,70.24,8330160
2015-07-15,69.8,72.23,69.66,72.23,7423860
2015-07-16,72.08,72.47,71.4,71.98,4978010
2015-07-17,71.75,72.4,71.6,71.89,2449590
2015-07-20,71.95,72.02,70.2,70.2,3178100
2015-07-21,70.22,71.86,70.22,70.45,4065130
2015-07-22,70.3,70.63,69.15,70.0,5687790
2015-07-23,70.17,70.17,68.78,68.95,3743630
2015-07-24,68.95,69.75,68.02,68.11,2967910
2015-07-27,68.3,69.2,66.81,67.75,6169900
2015-07-28,67.76,70.71,67.73,69.91,7512540
2015-07-29,70.17,70.67,69.7,69.7,4530840
2015-07-30,69.84,70.59,69.84,70.59,3159060
2015-07-31,70.37,71.69,69.84,70.5,5766360
2015-08-03,70.75,71.29,70.06,70.5,3033360
2015-08-04,70.0,71.23,70.0,70.5,3139740
2015-08-05,71.16,72.75,71.16,72.2,5210040
2015-08-06,71.73,74.0,71.6,73.31,10019160
2015-08-07,73.03,74.69,73.03,74.4,3954260
2015-08-10,74.41,74.44,72.26,73.6,5192940
2015-08-11,73.45,74.2,73.25,73.6,7657680
2015-08-12,73.75,74.84,73.21,74.0,4151700
2015-08-13,74.16,75.22,73.2,75.2,4775070
2015-08-14,74.66,76.8,74.22,76.18,4107660
2015-08-17,75.0,76.74,74.66,76.0,3103540
2015-08-18,75.51,76.36,74.13,75.2,2691750
2015-08-19,75.11,76.2,74.18,74.3,3457520
2015-08-20,74.19,75.5,74.16,74.52,3089670
2015-08-21,74.51,74.97,71.8,71.8,4117190
2015-08-24,70.0,71.37,66.55,69.5,8789290
2015-08-25,69.52,71.78,69.5,71.4,6647680
2015-08-26,71.2,71.66,70.15,71.1,3720330
2015-08-27,71.6,74.55,71.12,73.42,7768370
2015-08-28,74.3,74.57,72.3,74.0,6328490
2015-08-31,73.71,74.32,73.05,74.31,4311250
2015-09-01,74.19,76.6,73.87,76.6,10677200
2015-09-02,76.05,76.8,74.67,74.91,5656620
2015-09-03,75.39,76.43,75.3,75.43,5014000
2015-09-04,75.35,76.4,74.82,76.1,3493730
2015-09-07,76.23,76.23,73.08,73.99,5077700
2015-09-08,74.01,75.18,73.8,75.0,4540380
2015-09-09,75.38,76.77,74.88,74.88,5181160
2015-09-10,74.9,78.0,74.62,77.61,7760580
2015-09-11,77.8,80.89,77.79,80.59,12483790
2015-09-14,80.57,84.48,80.01,81.97,12431480
2015-09-15,82.58,82.59,78.92,79.99,6551330
2015-09-16,80.32,80.68,79.09,79.31,3772200
2015-09-17,79.31,83.97,79.12,81.88,7784730
2015-09-18,82.47,82.87,80.0,80.0,5270680
2015-09-21,80.69,81.7,80.03,80.89,2860930
2015-09-22,80.65,81.54,79.83,79.99,4043020
2015-09-23,80.3,80.9,79.0,79.0,4539310
2015-09-24,79.59,81.38,78.71,79.4,5448120
2015-09-25,79.95,80.99,78.23,80.48,7728670
2015-09-28,80.51,81.16,77.2,77.5,3456540
2015-09-29,77.5,79.5,77.01,79.5,4416840
2015-09-30,79.66,80.84,79.0,80.0,7234100
2015-10-01,80.47,80.83,78.12,79.15,2635490
2015-10-02,79.02,79.42,76.15,77.6,5421140
2015-10-05,78.0,80.57,77.77,78.79,4909160
2015-10-06,78.92,82.08,78.23,81.5,5875190
2015-10-07,82.49,83.9,79.62,83.68,7258850
2015-10-08,83.32,84.23,82.85,83.05,3126770
2015-10-09,83.5,86.45,82.5,85.4,10381750
2015-10-12,85.4,88.2,85.21,88.2,6676000
2015-10-13,87.98,88.71,85.98,86.95,6496880
2015-10-14,86.5,88.16,84.04,85.7,10920850
2015-10-15,85.01,86.62,83.5,83.54,6903650
2015-10-16,83.98,85.98,83.7,85.9,8179060
2015-10-19,85.72,86.62,84.55,86.3,4029190
2015-10-20,86.3,86.4,84.13,86.25,4448170
2015-10-21,86.0,86.0,84.7,85.99,2018690
2015-10-22,85.95,89.5,85.34,88.29,6357340
2015-10-23,88.49,92.8,87.65,92.0,12943130
2015-10-26,92.0,95.68,90.3,95.1,10123410
2015-10-27,94.25,95.45,89.84,92.05,10679620
2015-10-28,91.97,92.4,90.2,91.7,4243450
2015-10-29,91.7,91.87,90.5,91.31,2570280
2015-10-30,91.29,92.12,89.84,89.84,3011040
2015-11-02,90.0,92.3,90.0,91.99,4346280
2015-11-03,91.97,93.57,91.2,91.5,7649470
2015-11-05,92.48,93.44,90.03,91.3,6261410
2015-11-06,90.95,92.17,90.3,90.81,4655690
2015-11-09,90.12,91.5,89.09,90.19,4845200
2015-11-10,89.88,91.5,89.23,90.5,7298130
2015-11-11,90.02,92.4,89.42,91.0,6778140
2015-11-12,91.0,91.6,86.84,87.28,10768290
2015-11-13,87.02,88.5,85.76,87.24,7639990
2015-11-16,86.98,91.18,86.78,91.0,9613440
2015-11-17,91.09,95.78,91.09,94.4,15236970
2015-11-18,93.9,95.21,93.14,93.5,4929070
2015-11-19,93.94,95.68,92.18,93.09,7069660
2015-11-20,93.05,93.05,91.1,92.89,8195040
2015-11-23,93.0,94.5,92.14,94.01,4082770
2015-11-24,94.15,94.47,91.1,93.94,6836450
2015-11-25,93.87,95.3,93.31,94.05,3582430
2015-11-26,94.39,95.4,94.0,94.8,2426300
2015-11-27,94.6,102.23,92.46,97.0,9102780
2015-11-30,96.8,98.67,93.7,94.5,9493880
2015-12-01,94.51,97.15,93.8,96.0,7696330
2015-12-02,95.41,95.8,94.39,94.69,5199210
2015-12-03,94.35,94.99,93.64,94.02,2151680
2015-12-04,94.35,94.58,92.0,93.8,4996260
2015-12-07,93.51,94.45,92.76,93.59,3425090
2015-12-08,93.24,93.71,89.25,90.25,5765290
2015-12-09,90.75,92.12,87.67,88.3,6260400
2015-12-10,88.4,90.04,88.25,89.27,7062230
2015-12-11,89.37,90.7,86.95,90.7,7227960
2015-12-14,90.22,90.8,88.72,88.8,4429180
2015-12-15,89.3,95.28,89.17,94.9,9290620
2015-12-16,94.9,96.83,92.3,92.3,8444460
2015-12-17,92.76,95.5,92.56,94.21,5938130
2015-12-18,94.0,94.83,92.0,94.82,3825540
2015-12-21,94.5,96.47,93.9,96.0,4445450
2015-12-22,96.22,96.69,94.41,95.75,7659670
2015-12-23,95.98,96.72,95.02,96.5,3829810
2015-12-24,96.6,96.88,95.05,95.57,2536270
2015-12-25,95.56,96.09,94.5,94.72,2382070
2015-12-28,94.79,95.13,93.55,93.55,2036140
2015-12-29,93.69,94.93,92.55,93.62,2496940
2015-12-30,93.65,94.26,91.4,91.4,3871470
2016-01-04,91.32,91.85,90.12,91.85,3233930
2016-01-05,91.83,94.47,91.81,94.3,4923280
2016-01-06,94.34,94.87,93.88,94.44,2463000
2016-01-11,92.25,95.84,91.0,94.5,6253800
2016-01-12,94.4,97.0,93.13,93.75,4788150
2016-01-13,93.89,94.7,91.5,91.6,6294470
2016-01-14,91.87,92.82,90.26,91.65,9268930
2016-01-15,91.65,91.97,86.59,86.59,11268680
2016-01-18,85.9,90.73,85.2,90.15,10141720
2016-01-19,92.11,92.3,88.75,90.45,6618880
2016-01-20,89.58,92.07,88.0,90.21,10939690
2016-01-21,90.67,91.86,89.05,90.0,11980640
2016-01-22,91.12,91.45,88.5,90.28,11764480
2016-01-25,90.77,90.85,89.51,90.0,4015330
2016-01-26,89.9,90.5,89.32,90.0,5473650
2016-01-27,90.27,93.9,89.63,93.65,7702190
2016-01-28,93.4,95.15,91.27,92.7,8984870
2016-01-29,93.0,96.0,92.53,95.99,10697250
2016-02-01,95.25,96.67,94.12,96.5,6225230
2016-02-02,96.15,96.68,94.93,96.2,5459940
2016-02-03,95.8,100.7,95.21,99.6,7427850
2016-02-04,95.0,95.99,92.2,92.3,49644200
2016-02-05,93.19,95.0,92.52,93.03,13103820
2016-02-08,93.39,94.0,90.6,91.14,8197080
2016-02-09,91.25,91.95,90.12,91.09,7257550
2016-02-10,90.8,91.5,90.08,90.95,7570840
2016-02-11,91.0,91.16,87.79,89.0,11399700
2016-02-12,89.81,90.29,88.2,89.58,13073130
2016-02-15,90.3,90.76,88.75,90.4,10593720
2016-02-16,90.75,91.77,90.44,91.0,8382390
2016-02-17,91.05,91.6,90.09,91.0,6054100
2016-02-18,91.3,92.89,91.25,92.47,8046750
2016-02-19,92.11,92.11,89.01,89.95,6003420
2016-02-22,90.6,92.32,90.57,92.09,5295220
2016-02-24,91.4,93.3,91.03,93.2,10649620
2016-02-25,93.26,95.1,93.25,95.09,10637020
2016-02-26,95.16,97.43,94.9,96.81,18613220
2016-02-29,96.08,99.0,95.71,99.0,8978330
2016-03-01,99.0,99.32,97.17,97.8,7203400
2016-03-02,98.25,98.7,97.6,97.6,5425810
2016-03-03,98.5,99.25,96.65,97.7,8820280
2016-03-04,98.6,99.43,97.3,99.0,12210110
2016-03-07,99.41,100.9,98.3,100.5,10635360
2016-03-09,100.0,100.78,98.95,99.9,5938130
2016-03-10,99.76,102.5,99.76,101.92,8893410
2016-03-11,102.38,103.85,101.16,101.4,7683610
2016-03-14,101.02,104.48,100.6,103.85,11641910
2016-03-15,103.95,105.3,102.7,103.7,18696290
2016-03-16,102.85,106.06,102.85,105.7,14866800
2016-03-17,106.11,108.1,105.21,105.78,12597170
2016-03-18,106.03,108.77,105.2,105.2,27158450
2016-03-21,105.88,106.3,104.25,104.25,11262380
2016-03-22,104.44,105.94,102.66,103.49,9396770
2016-03-23,103.0,104.91,102.77,104.49,9353390
2016-03-24,104.2,105.3,103.77,104.6,7442970
2016-03-25,105.1,105.74,104.2,104.88,2486890
2016-03-28,104.88,105.98,102.65,103.18,5015910
2016-03-29,103.0,103.2,99.2,100.91,11986160
2016-03-30,101.35,102.26,99.9,101.81,11994290
2016-03-31,101.81,105.05,101.02,105.05,13657280
2016-04-01,104.7,105.05,103.11,105.05,9261870
2016-04-04,105.0,105.49,103.35,103.52,5315910
2016-04-05,103.06,103.09,101.34,102.4,5765340
2016-04-06,103.0,103.37,102.05,102.67,5904360
2016-04-07,103.19,103.36,101.5,103.0,5048020
2016-04-08,103.2,104.99,102.5,104.2,5994990
2016-04-11,104.48,105.38,103.96,104.55,5345490
2016-04-12,104.21,105.49,103.55,104.9,6140260
2016-04-13,104.9,106.0,104.41,104.9,8661170
2016-04-14,104.31,104.75,102.16,103.47,7795180
2016-04-15,102.59,103.48,101.65,102.05,4081610
2016-04-18,100.87,104.24,100.58,104.0,7968250
2016-04-19,104.2,107.05,103.73,107.05,9860450
2016-04-20,106.7,112.54,106.51,108.84,12724120
2016-04-21,109.75,111.7,107.21,108.7,6631900
2016-04-22,109.0,109.95,107.92,109.95,12188950
2016-04-25,109.95,110.72,107.61,109.25,4937770
2016-04-26,108.5,109.0,103.99,103.99,11687300
2016-04-27,104.0,105.3,102.66,103.36,6540040
2016-04-28,103.6,104.74,101.13,104.71,11305410
2016-04-29,104.49,105.3,101.55,102.15,8985480
2016-05-04,101.7,105.15,101.5,105.15,7098680
2016-05-05,105.63,107.34,103.58,106.23,6770340
2016-05-06,106.22,106.24,103.67,103.93,5413800
2016-05-10,104.0,104.66,101.68,102.8,9611540
2016-05-11,102.8,106.31,102.7,106.04,8577970
2016-05-12,106.27,107.9,105.67,107.0,11683950
2016-05-13,101.7,104.32,101.6,104.32,12284200
2016-05-16,104.77,105.13,103.25,104.36,4367800
2016-05-17,103.75,104.35,102.1,103.71,5144840
2016-05-18,103.85,105.78,103.0,105.22,6488390
2016-05-19,104.8,105.23,103.41,105.2,4487580
2016-05-20,105.0,105.53,104.0,104.0,3575470
2016-05-23,104.39,104.39,102.55,104.0,5288050
2016-05-24,104.0,105.2,103.65,105.1,8813760
2016-05-25,105.5,106.63,104.83,106.17,9002580
2016-05-26,106.15,106.96,105.11,106.47,4057130
2016-05-27,106.47,106.97,104.52,106.94,5962960
2016-05-30,106.4,107.09,105.82,106.75,2362210
2016-05-31,106.82,111.18,105.6,109.4,16830050
2016-06-01,108.9,108.98,106.52,106.72,4282120
2016-06-02,106.98,108.33,106.5,108.0,5778230
2016-06-03,108.28,109.67,107.85,109.1,6119470
2016-06-06,108.83,111.5,108.5,111.2,5727610
2016-06-07,110.5,113.12,110.17,112.4,9596190
2016-06-08,112.02,113.83,109.8,111.65,11357740
2016-06-09,111.46,111.83,110.11,111.0,6995690
2016-06-10,110.0,112.14,107.66,110.81,4161130
2016-06-14,110.8,113.26,110.76,113.1,12661690
2016-06-15,113.27,115.89,113.1,115.74,7503010
2016-06-16,115.94,115.94,113.34,114.9,6587320
2016-06-17,115.0,115.0,113.09,113.09,4570650
2016-06-20,113.6,119.0,113.6,119.0,8869040
2016-06-21,119.01,119.26,115.81,117.06,5431290
2016-06-22,117.0,117.87,115.82,117.01,3104510
2016-06-23,116.5,117.39,115.74,117.05,3797780
2016-06-24,114.0,117.37,112.21,114.1,4435180
2016-06-27,114.14,116.19,112.0,112.0,5469450
2016-06-28,112.49,113.18,111.12,112.99,3191760
2016-06-29,113.18,113.98,112.5,113.75,2747750
2016-06-30,113.55,114.5,112.1,112.52,2990510
2016-07-01,112.0,112.85,110.7,112.44,3483760
2016-07-04,112.47,113.06,111.41,112.9,2402090
2016-07-05,112.47,112.58,109.88,110.78,2982790
2016-07-06,110.15,112.04,110.1,111.0,3438210
2016-07-07,111.47,113.06,111.47,113.06,4971170
2016-07-08,112.93,115.5,112.0,115.22,7498740
2016-07-11,115.2,119.19,115.0,119.19,8473010
2016-07-12,119.39,120.22,117.81,119.98,7988110
2016-07-13,119.79,120.0,118.22,119.7,5076000
2016-07-14,119.8,119.8,117.31,119.61,2729340
2016-07-15,119.0,120.9,118.2,120.0,4861840
2016-07-18,119.31,120.09,117.65,119.2,3172290
2016-07-19,119.19,119.8,117.73,119.0,3343110
2016-07-20,118.55,119.1,112.76,114.73,10283560
2016-07-21,115.51,116.69,113.78,115.39,5194740
2016-07-22,116.5,117.43,115.95,115.95,3221580
2016-07-25,116.08,118.11,116.05,117.35,2659250
2016-07-26,117.3,117.3,114.03,114.5,4276410
2016-07-27,114.86,115.3,113.67,114.0,7927190
2016-07-28,114.53,114.95,113.22,114.95,3407760
2016-07-29,114.71,114.88,112.34,113.51,6081580
2016-08-01,113.54,114.5,112.51,112.7,5074990
2016-08-02,112.7,112.82,110.6,111.27,6978850
2016-08-03,111.0,111.95,110.75,111.63,2861800
2016-08-04,112.0,115.55,112.0,115.19,7096790
2016-08-05,115.58,116.47,113.62,114.87,4490550
2016-08-08,114.9,117.99,114.8,117.94,5138270
2016-08-09,117.64,118.5,117.08,117.52,4015180
2016-08-10,117.65,120.7,117.0,119.0,8685830
2016-08-11,118.5,120.18,117.33,119.48,4360480
2016-08-12,119.5,123.32,119.5,123.0,12349640
2016-08-15,123.49,125.75,122.99,124.99,7909000
2016-08-16,124.5,129.44,124.13,129.44,6710190
2016-08-17,127.0,128.35,125.52,126.61,9699360
2016-08-18,127.0,127.87,126.03,126.6,3247690
2016-08-19,126.9,127.8,125.5,126.0,3840620
2016-08-22,125.74,126.99,124.62,125.55,3284360
2016-08-23,125.43,126.37,124.2,124.9,2988990
2016-08-24,124.27,127.0,124.15,127.0,3312040
2016-08-25,126.99,128.0,126.22,127.01,3617380
2016-08-26,127.01,131.35,126.7,130.75,5793320
2016-08-29,130.3,132.4,129.5,132.34,3023510
2016-08-30,132.29,132.34,130.5,130.63,2753910
2016-08-31,130.6,131.58,126.01,127.07,6749080
2016-09-01,127.05,127.98,126.31,126.8,2826450
2016-09-02,127.29,128.57,126.33,128.45,4634820
2016-09-05,128.44,129.72,128.42,129.29,2871850
2016-09-06,129.5,130.47,127.45,130.47,2654230
2016-09-07,130.4,130.4,128.3,129.3,2811980
2016-09-08,129.5,129.78,128.7,129.2,2629740
2016-09-09,128.73,129.19,126.48,126.55,2904740
2016-09-12,126.1,127.83,126.01,126.67,2372180
2016-09-13,127.17,127.37,121.85,122.19,8530950
2016-09-14,122.55,122.79,120.85,121.5,5163820
2016-09-15,121.5,122.48,120.82,122.39,6582470
2016-09-16,122.0,122.99,121.42,122.99,5830460
2016-09-19,123.0,127.6,122.5,127.3,6097110
2016-09-20,127.3,127.77,125.98,127.5,4980010
2016-09-21,127.99,129.5,126.93,127.31,4866770
2016-09-22,128.49,130.89,128.0,130.89,6072530
2016-09-23,130.89,131.5,128.51,129.6,4115980
2016-09-26,129.0,129.0,126.25,127.45,4392220
2016-09-27,127.7,127.7,123.0,123.0,6789460
2016-09-28,123.0,125.77,122.52,123.89,3685880
2016-09-29,125.88,126.89,124.31,125.18,6508310
2016-09-30,124.81,127.8,123.05,126.6,7825290
2016-10-03,127.29,128.98,126.07,127.67,4693390
2016-10-04,127.35,127.88,120.2,120.2,9196950
2016-10-05,121.95,123.5,120.69,122.6,11137100
2016-10-06,122.52,122.88,121.23,122.25,2671430
2016-10-07,122.5,123.25,120.82,121.67,6537520
2016-10-10,121.94,124.1,121.27,123.29,5527270
2016-10-11,123.33,124.64,122.2,124.0,7064900
2016-10-12,124.21,125.22,123.28,124.05,6923260
2016-10-13,124.0,124.48,122.62,123.55,3119960
2016-10-14,123.95,124.8,123.17,124.27,3486830
2016-10-17,124.49,124.49,123.12,123.5,3597940
2016-10-18,123.79,124.24,122.53,124.24,3448160
2016-10-19,124.07,124.23,122.9,122.91,2739260
2016-10-20,123.08,123.16,118.8,119.06,6495610
2016-10-21,119.25,119.25,115.0,116.0,9387490
2016-10-24,116.39,117.39,111.75,112.83,9218690
2016-10-25,113.42,118.4,112.72,117.65,13329250
2016-10-26,117.65,119.2,116.68,117.31,3588770
2016-10-27,117.5,119.75,117.31,118.8,3385910
2016-10-28,118.95,118.95,116.08,117.39,4121200
2016-10-31,117.5,117.5,115.21,116.71,6534960
2016-11-01,117.3,117.8,114.05,114.7,7973280
2016-11-02,114.7,115.78,113.75,114.91,3864350
2016-11-03,114.61,116.14,114.03,114.91,4152810
2016-11-07,115.0,115.5,110.17,110.17,16963140
2016-11-08,110.61,112.7,110.61,111.2,5232540
2016-11-09,110.0,114.24,108.24,112.99,13590440
2016-11-10,113.7,118.49,113.41,114.0,15000850
2016-11-11,114.69,115.27,112.2,112.2,11657880
2016-11-14,112.73,113.17,109.12,110.0,16301800
2016-11-15,110.59,112.75,109.87,111.21,8405080
2016-11-16,112.0,113.7,110.52,111.3,15559880
2016-11-17,111.46,112.14,108.52,109.0,14633370
2016-11-18,109.05,112.7,108.54,112.62,12234830
2016-11-21,113.25,115.45,112.17,113.03,8819100
2016-11-22,113.89,116.68,113.21,116.68,9831660
2016-11-23,116.95,119.22,116.11,119.0,11125130
2016-11-24,119.0,119.67,117.56,118.67,6972000
2016-11-25,118.14,118.7,116.3,117.5,6857170
2016-11-28,117.5,117.98,115.61,116.3,3907640
2016-11-29,116.2,116.49,114.01,114.01,8871340
2016-11-30,114.3,119.64,113.75,118.35,11654940
2016-12-01,119.88,121.63,119.14,119.6,10325650
2016-12-02,119.55,119.69,116.7,116.7,7563440
2016-12-05,116.49,119.55,116.27,119.45,7403230
2016-12-06,119.0,120.87,118.1,119.81,7840760
2016-12-07,119.94,120.62,118.7,118.7,4215560
2016-12-08,119.44,120.5,118.72,119.7,6760120
2016-12-09,120.04,122.2,119.26,120.55,8831200
2016-12-12,122.49,125.3,120.72,125.0,15721340
2016-12-13,125.0,129.27,123.8,128.46,10524420
2016-12-14,128.46,128.46,122.34,122.5,12054240
2016-12-15,122.3,125.0,121.1,124.9,8952820
2016-12-16,125.3,126.24,122.67,122.73,9646890
2016-12-19,123.8,124.84,122.73,124.0,5262740
2016-12-20,123.64,123.94,121.54,122.5,5441360
2016-12-21,122.49,125.5,120.4,120.4,7584090
2016-12-22,120.2,120.37,117.29,117.5,6539990
2016-12-23,117.2,118.4,116.51,116.67,4181000
2016-12-26,117.25,119.16,116.16,118.15,2320200
2016-12-27,118.5,119.49,118.25,119.43,2124730
2016-12-28,119.49,121.35,119.14,120.51,3192640
2016-12-29,120.9,123.1,119.09,122.45,4194230
2016-12-30,122.9,125.59,122.35,125.59,6645800
2017-01-03,125.59,130.41,125.4,127.9,11977970
2017-01-04,128.42,130.0,126.83,130.0,5600420
2017-01-05,129.99,130.84,126.6,127.75,6815420
2017-01-06,127.75,128.65,125.12,125.57,3126560
2017-01-09,126.37,128.39,125.02,127.8,7626640
2017-01-10,127.8,130.13,126.48,129.95,6512540
2017-01-11,129.3,134.77,129.0,134.77,14901870
2017-01-12,134.61,137.6,133.15,137.6,10602680
2017-01-13,137.04,137.49,133.8,134.69,10961930
2017-01-16,134.69,135.37,132.51,133.0,4590540
2017-01-17,133.22,134.29,129.11,129.8,10281790
2017-01-18,129.99,131.8,129.5,131.5,4973950
2017-01-19,131.8,134.4,130.06,131.68,7627470
2017-01-20,131.16,132.39,129.74,130.75,3277230
2017-01-23,130.7,132.49,128.55,130.4,4337640
2017-01-24,130.5,131.75,130.1,131.61,5716280
2017-01-25,131.5,132.45,131.06,131.86,3979010
2017-01-26,132.3,136.99,132.21,136.42,7558460
2017-01-27,136.45,139.8,136.08,138.5,6853990
2017-01-30,138.69,138.88,135.02,136.0,4813270
2017-01-31,135.86,136.87,134.2,134.2,4124040
2017-02-01,134.5,135.1,133.0,134.8,5138050
2017-02-02,134.8,135.65,132.34,134.17,4776120
2017-02-03,134.14,135.9,131.24,135.79,7195480
2017-02-06,135.8,136.7,133.55,135.1,3741430
2017-02-07,135.02,135.04,133.01,133.69,3011460
2017-02-08,133.67,133.67,131.25,131.55,4439010
2017-02-09,131.8,132.77,129.82,131.67,4332420
2017-02-10,131.8,133.7,129.0,130.79,5439760
2017-02-13,130.69,132.12,129.22,129.48,4463620
2017-02-14,129.4,129.93,126.26,127.4,7157150
2017-02-15,127.11,128.6,125.2,127.81,9176930
2017-02-16,128.39,128.42,125.55,127.0,6415970
2017-02-17,127.01,128.2,126.0,126.5,7323930
2017-02-20,127.25,127.3,123.69,124.38,6378870
2017-02-21,124.38,125.5,123.09,124.97,5380360
2017-02-22,124.99,126.25,122.5,126.2,7165480
2017-02-24,124.53,127.2,124.53,126.2,7789000
2017-02-27,126.55,126.55,122.8,123.0,6559430
2017-02-28,122.5,125.5,121.55,123.5,7605310
2017-03-01,123.5,128.25,123.09,128.25,6035000
2017-03-02,128.3,130.6,123.6,124.47,9635330
2017-03-03,124.0,124.39,117.91,118.26,20672740
2017-03-06,118.3,119.0,113.51,113.51,18983570
2017-03-07,113.21,116.45,112.21,116.45,13838640
2017-03-09,114.65,117.77,113.0,113.5,18277940
2017-03-10,114.1,114.83,111.67,113.0,9681840
2017-03-13,113.96,115.4,112.15,114.02,7956920
2017-03-14,114.3,115.09,112.72,113.2,7691450
2017-03-15,113.51,114.2,110.1,110.15,10937200
2017-03-16,111.55,112.85,111.0,112.81,12792550
2017-03-17,113.0,116.39,112.72,114.45,13048540
2017-03-20,114.99,117.8,114.55,117.16,13209410
2017-03-21,117.69,119.33,113.78,114.38,16249970
2017-03-22,113.2,114.78,111.57,113.49,16048470
2017-03-23,114.34,115.66,111.78,112.01,9733370
2017-03-24,112.2,115.09,111.22,114.32,9573630
2017-03-27,113.1,113.99,111.4,112.4,6292880
2017-03-28,112.65,114.65,112.43,114.62,7214810
2017-03-29,115.09,115.78,113.11,113.41,8268090
2017-03-30,113.79,114.93,113.18,114.1,4461840
2017-03-31,114.2,114.43,111.51,111.51,5679980
2017-04-03,112.3,114.88,111.62,114.6,8056560
2017-04-04,114.66,114.71,113.2,114.34,6609050
2017-04-05,114.5,116.9,114.11,116.15,10881860
2017-04-06,115.01,115.96,114.55,114.99,5016490
2017-04-07,114.5,114.78,111.62,111.75,10794840
2017-04-10,111.7,111.7,106.12,107.55,20201030
2017-04-11,106.72,109.21,106.72,107.55,8650640
2017-04-12,108.85,108.85,104.36,104.9,9237630
2017-04-13,106.09,107.02,103.75,105.9,9325810
2017-04-14,105.13,105.89,103.93,104.35,3537630
2017-04-17,104.46,107.71,104.46,107.67,8304290
2017-04-18,108.0,108.09,105.05,105.5,8351970
2017-04-19,105.35,106.85,104.36,106.5,7329380
2017-04-20,105.87,109.5,105.16,109.2,14018000
2017-04-21,109.36,111.4,108.85,111.4,9889260
2017-04-24,112.05,114.1,110.73,112.36,10987790
2017-04-25,112.3,115.28,111.85,114.62,10213280
2017-04-26,115.25,115.7,113.8,115.0,11886770
2017-04-27,114.51,115.88,113.11,115.79,7295500
2017-04-28,116.0,116.0,114.3,115.05,7203750
2017-05-02,115.4,117.75,115.1,117.3,8664630
2017-05-03,117.3,119.03,115.86,118.2,8504680
2017-05-04,117.9,118.49,114.74,114.74,10970500
2017-05-05,111.6,116.68,111.6,116.3,8703530
2017-05-10,116.1,117.97,115.7,116.73,8830170
2017-05-11,116.85,116.98,114.77,115.45,5950380
2017-05-12,115.11,116.33,114.07,115.35,9678360
2017-05-15,109.0,109.87,108.18,108.9,7976350
2017-05-16,108.97,109.6,105.0,105.34,9947460
2017-05-17,105.06,107.71,104.63,107.05,7485550
2017-05-18,106.02,107.38,104.38,105.75,8282200
2017-05-19,106.35,106.89,102.13,102.5,9340410
2017-05-22,102.64,103.35,101.0,101.45,8315440
2017-05-23,101.6,104.78,101.25,103.43,6614380
2017-05-24,103.99,104.28,101.92,102.5,6184610
2017-05-25,102.93,103.02,99.66,99.8,11176290
2017-05-26,98.95,99.45,97.58,97.58,10105110
2017-05-29,97.77,100.94,97.02,100.7,9934770
2017-05-30,100.85,102.07,99.6,100.38,6592220
2017-05-31,100.73,101.71,100.35,101.0,14243600
2017-06-01,101.5,101.85,98.15,100.8,10064490
2017-06-02,100.8,102.35,99.81,101.9,7302950
2017-06-05,102.5,103.74,101.53,103.14,6838350
2017-06-06,103.15,103.48,101.95,101.95,5652530
2017-06-07,101.89,105.38,101.82,103.89,14703010
2017-06-08,104.2,106.45,102.11,104.0,15685730
2017-06-09,104.0,106.15,103.61,106.15,8424670
2017-06-13,106.2,107.83,105.2,107.09,10514210
2017-06-14,106.9,108.39,106.17,107.5,12789500
2017-06-15,107.0,107.01,100.1,102.73,23389680
2017-06-16,103.43,104.4,102.68,103.12,6527940
2017-06-19,103.77,107.15,103.3,106.9,4817640
2017-06-20,107.0,108.8,105.05,105.05,8210990
2017-06-21,105.05,106.45,103.6,103.97,8119070
2017-06-22,103.6,106.45,102.9,105.57,7314410
2017-06-23,105.97,107.88,105.32,106.8,5745610
2017-06-26,107.58,108.93,106.53,106.9,6491710
2017-06-27,106.52,107.86,106.34,106.52,7393440
2017-06-28,106.48,108.93,105.5,108.6,7800910
2017-06-29,108.97,109.62,106.5,106.51,8026400
2017-06-30,106.41,106.75,104.11,104.33,8632870
2017-07-03,104.95,105.75,104.62,105.75,5599030
2017-07-04,105.62,106.45,105.25,106.0,5299580
2017-07-05,106.17,108.23,105.75,107.6,6637990
2017-07-06,107.85,109.5,107.84,109.0,8360680
2017-07-07,108.62,109.4,107.71,108.9,4747960
2017-07-10,109.0,111.74,108.75,111.64,7629950
2017-07-11,112.17,112.78,110.7,111.27,5217990
2017-07-12,111.43,114.79,111.41,114.65,10642850
2017-07-13,114.68,115.11,113.63,114.13,7255050
2017-07-14,114.77,114.77,111.02,111.38,6433930
2017-07-17,111.6,113.13,110.5,112.0,4621320
2017-07-18,112.15,112.47,110.0,111.0,6062840
2017-07-19,109.98,113.87,109.84,113.87,5985740
2017-07-20,113.99,114.0,111.84,112.2,8189730
2017-07-21,112.36,112.36,109.2,109.9,7630170
2017-07-24,109.15,111.06,109.15,110.0,5831120
2017-07-25,110.32,110.82,109.33,109.93,7331380
2017-07-26,110.0,111.26,109.44,109.89,6750490
2017-07-27,110.45,110.45,108.7,109.71,5687020
2017-07-28,109.98,109.98,107.15,108.9,7747980
2017-07-31,109.0,109.62,106.8,107.05,4808460
2017-08-01,107.5,109.61,107.47,109.2,7097060
2017-08-02,109.3,111.19,109.3,110.73,5721410
2017-08-03,110.74,111.12,109.28,109.42,6338600
2017-08-04,109.05,109.96,108.85,109.21,3011500
2017-08-07,109.87,111.45,109.52,110.75,5755690
2017-08-08,110.9,114.95,110.71,114.95,9321390
2017-08-09,114.5,115.04,112.9,115.0,7957310
2017-08-10,114.76,114.88,112.2,112.51,6925220
2017-08-11,112.0,113.4,110.23,111.92,7056070
2017-08-14,112.35,114.39,111.18,114.25,6854020
2017-08-15,114.13,114.95,113.4,114.56,4744550
2017-08-16,114.87,116.37,113.93,114.0,7195710
2017-08-17,114.0,114.3,111.52,111.7,6645990
2017-08-18,111.11,111.87,109.02,109.4,12061620
2017-08-21,110.36,110.36,108.01,108.09,7748600
2017-08-22,108.5,109.3,106.82,107.2,9642740
2017-08-23,107.2,108.12,105.75,107.65,8775770
2017-08-24,107.88,108.83,107.41,108.25,4940560
2017-08-25,108.67,108.67,107.1,107.27,4933750
2017-08-28,107.19,107.26,105.87,106.21,7390730
2017-08-29,105.51,106.17,104.61,104.84,7331960
2017-08-30,105.06,105.88,104.56,105.2,6976820
2017-08-31,105.51,106.03,104.98,105.39,10351190
2017-09-01,105.69,105.69,105.02,105.25,5393140
2017-09-04,105.26,107.43,105.23,107.4,7386530
2017-09-05,107.99,111.34,107.7,111.22,14344640
2017-09-06,110.73,112.51,109.83,112.51,7742220
2017-09-07,112.6,113.5,111.72,113.4,5591620
2017-09-08,113.3,113.99,111.0,111.69,9563450
2017-09-11,111.99,112.89,111.25,112.4,6199470
2017-09-12,112.4,112.77,111.56,112.22,4497820
2017-09-13,112.36,113.2,112.2,112.65,7146980
2017-09-14,112.99,113.2,112.0,112.49,5472100
2017-09-15,113.2,114.8,112.13,113.94,9777190
2017-09-18,114.1,115.46,113.95,115.0,4991610
2017-09-19,115.13,116.45,114.5,115.3,11101070
2017-09-20,115.29,116.59,113.5,116.49,6265780
2017-09-21,116.5,117.9,116.12,116.3,7718720
2017-09-22,116.35,117.0,115.13,116.03,3785900
2017-09-25,116.02,116.03,114.51,115.26,7221540
2017-09-26,115.26,117.65,114.86,116.8,10103120
2017-09-27,116.73,117.35,116.31,117.1,6166370
2017-09-28,114.9,116.09,114.09,114.94,6930390
2017-09-29,115.46,116.3,114.57,115.5,4389400
2017-10-02,115.55,116.5,115.48,115.67,5475530
2017-10-03,116.0,117.95,115.96,117.22,8963560
2017-10-04,117.2,119.2,116.6,119.0,8850310
2017-10-05,119.0,119.55,118.06,119.43,8235040
2017-10-06,119.51,120.39,118.23,119.69,9536070
2017-10-09,119.71,119.87,118.38,118.89,4584640
2017-10-10,118.64,119.21,117.05,117.35,5575800
2017-10-11,117.35,119.61,117.17,117.78,7985590
2017-10-12,118.22,119.46,117.71,118.4,9941390
2017-10-13,118.88,120.65,118.14,120.49,10367830
2017-10-16,120.9,122.55,120.52,121.71,12732200
2017-10-17,121.71,121.71,119.38,120.45,10636780
2017-10-18,120.45,121.66,119.5,120.47,7256310
2017-10-19,120.47,121.1,118.84,119.5,10449560
2017-10-20,119.93,119.97,118.45,119.44,10582290
2017-10-23,119.6,120.3,119.0,119.28,6441100
2017-10-24,119.27,121.4,118.7,120.03,10963800
2017-10-25,120.69,121.14,118.0,118.1,6864040
2017-10-26,118.15,118.84,117.51,118.0,9023980
2017-10-27,118.69,118.77,117.23,118.4,7926400
2017-10-30,118.77,119.22,117.5,117.9,9422080
2017-10-31,117.8,118.65,117.18,118.02,6126240
2017-11-01,118.4,118.42,117.55,118.35,3659600
2017-11-02,118.35,119.2,117.35,119.2,6794360
2017-11-03,119.19,120.7,118.8,120.31,9690540
2017-11-07,120.87,125.0,120.67,125.0,14116230
2017-11-08,124.79,127.55,124.26,127.05,10731510
2017-11-09,127.0,127.96,124.1,127.81,15708660
2017-11-10,128.49,128.49,125.91,126.8,10525620
2017-11-13,126.02,127.23,125.16,125.8,15305210
2017-11-14,125.51,126.99,124.81,125.51,14036710
2017-11-15,125.08,126.0,124.15,124.93,10483460
2017-11-16,125.05,125.17,122.1,123.53,10603580
2017-11-17,123.55,123.55,119.5,119.5,11466940
2017-11-20,120.0,123.49,119.01,123.0,6287430
2017-11-21,123.0,128.46,122.48,127.44,7361350
2017-11-22,127.8,130.0,124.06,125.78,8765450
2017-11-23,125.11,126.4,123.15,124.3,11788250
2017-11-24,124.02,127.17,122.08,126.28,9066560
2017-11-27,126.28,127.1,124.12,125.28,6070820
2017-11-28,125.11,126.38,123.5,126.2,6296480
2017-11-29,126.38,126.38,124.41,125.77,8120990
2017-11-30,125.83,126.0,121.36,124.25,10351730
2017-12-01,123.63,124.18,121.8,122.61,6095720
2017-12-04,122.03,123.87,120.6,122.32,6906690
2017-12-05,122.97,123.2,118.1,118.1,9081870
2017-12-06,117.89,120.77,116.94,119.65,7781820
2017-12-07,120.0,120.38,115.66,116.2,9356650
2017-12-08,116.5,120.93,115.66,119.37,10058170
2017-12-11,119.17,121.7,118.02,121.7,6327890
2017-12-12,121.9,124.0,121.0,124.0,5572260
2017-12-13,123.88,123.88,118.0,118.0,9200130
2017-12-14,118.12,121.12,118.12,121.12,7392680
2017-12-15,120.9,120.9,119.0,120.81,6180540
2017-12-18,120.47,121.74,117.26,118.0,5950910
2017-12-19,118.02,118.35,114.27,114.72,11390150
2017-12-20,115.1,115.35,111.26,111.75,9175060
2017-12-21,111.5,112.48,108.09,108.9,11197470
2017-12-22,109.05,111.57,108.31,110.1,6259130
2017-12-25,110.49,110.66,108.59,110.0,2857290
2017-12-26,110.25,110.54,108.4,109.01,2986900
2017-12-27,109.12,109.84,108.66,109.07,4426540
2017-12-28,109.29,109.39,108.01,109.39,4540950
2017-12-29,109.02,110.4,108.25,108.97,5176580
2018-01-03,109.25,110.42,108.3,109.18,8604100
2018-01-04,109.16,109.8,108.5,109.12,9844530
2018-01-05,109.17,109.36,108.0,108.25,7172870
2018-01-09,108.35,109.88,108.25,109.06,13484850
2018-01-10,109.25,113.55,109.21,113.4,17337310
2018-01-11,113.68,115.57,112.35,115.3,14919430
2018-01-12,115.2,115.2,112.81,113.49,9537780
2018-01-15,113.44,114.38,113.0,113.84,5832970
2018-01-16,113.73,114.99,111.41,112.97,8381180
2018-01-17,112.1,113.14,111.38,112.5,8621650
2018-01-18,112.88,113.95,112.62,113.4,8315630
2018-01-19,113.4,113.5,111.05,111.5,8752390
2018-01-22,111.5,113.8,111.5,113.6,8638570
2018-01-23,113.7,115.45,113.54,115.0,9672130
2018-01-24,114.56,114.99,113.83,114.8,4529740
2018-01-25,115.08,116.8,115.08,116.36,10893090
2018-01-26,116.36,116.5,113.3,115.75,8458950
2018-01-29,115.42,119.2,115.42,118.2,9235050
2018-01-30,117.75,118.7,116.51,117.1,8967410
2018-01-31,116.99,116.99,114.87,115.0,6338120
2018-02-01,115.49,117.19,115.2,116.7,6329860
2018-02-02,116.93,117.9,114.26,115.8,8919900
2018-02-05,114.76,116.44,113.55,115.72,6709550
2018-02-06,114.26,115.38,113.36,113.6,8508130
2018-02-07,114.29,114.93,113.5,113.5,5533720
2018-02-08,113.5,114.0,112.5,112.8,5699520
2018-02-09,111.75,112.12,109.52,110.5,12418700
2018-02-12,111.34,111.54,110.08,110.3,6514690
2018-02-13,110.98,111.47,110.3,111.25,5103140
2018-02-14,111.6,112.55,110.77,111.2,8401860
2018-02-15,111.76,111.89,110.23,110.3,5698280
2018-02-16,110.5,111.18,110.35,110.62,4340440
2018-02-19,110.7,111.43,110.55,110.56,2709900
2018-02-20,110.51,111.4,110.34,111.4,4701760
2018-02-21,111.1,114.23,110.87,114.23,7808700
2018-02-22,114.0,114.39,112.86,113.68,8147840
2018-02-26,114.5,115.12,113.88,115.0,6794950
2018-02-27,115.0,115.4,114.14,115.09,3119790
2018-02-28,114.01,114.58,111.85,111.85,4865150
2018-03-01,111.3,114.38,110.92,114.29,5681930
2018-03-02,113.6,116.24,113.43,115.46,8935240
2018-03-05,116.01,117.77,116.01,117.0,4553310
2018-03-06,117.5,121.2,117.21,119.65,12527750
2018-03-07,119.43,119.48,116.14,117.0,9476500
2018-03-09,117.43,120.97,116.45,120.97,4486160
2018-03-12,120.97,121.2,117.57,118.4,5294860
2018-03-13,118.5,119.65,117.3,119.0,6312680
2018-03-14,118.63,118.75,115.57,115.57,7379540
2018-03-15,115.5,117.69,114.76,117.0,9187550
2018-03-16,117.27,121.0,116.41,121.0,10861050
2018-03-19,120.0,120.88,118.8,119.5,5985450
2018-03-20,119.6,119.73,117.75,118.4,5974650
2018-03-21,118.61,119.17,118.02,118.5,6460550
2018-03-22,118.88,119.09,117.08,117.88,3499860
2018-03-23,117.26,119.0,108.58,119.0,9997300
2018-03-26,118.76,118.99,115.98,115.98,5729680
2018-03-27,116.55,118.16,116.37,116.42,5079020
2018-03-28,116.67,117.84,116.25,116.5,6505510
2018-03-29,116.76,117.64,116.76,117.57,6079640
2018-03-30,117.49,117.86,117.0,117.0,662100
2018-04-02,117.25,117.51,116.3,116.3,2105840
2018-04-03,116.48,117.24,115.67,117.0,3337000
2018-04-04,117.3,117.3,116.29,116.5,2816900
2018-04-05,116.98,117.3,116.79,117.04,6534710
2018-04-06,117.06,117.28,116.7,116.9,3112840
2018-04-09,116.7,117.27,111.1,114.0,18840350
2018-04-10,113.0,115.68,112.3,114.55,17877990
2018-04-11,114.6,116.24,111.2,111.94,12568470
2018-04-12,112.49,114.23,111.2,113.13,13270510
2018-04-13,113.79,114.48,112.1,112.2,6151340
2018-04-16,111.83,113.95,111.4,113.24,8007550
2018-04-17,114.05,114.6,113.38,114.05,11270740
2018-04-18,114.47,117.58,114.29,115.25,13404610
2018-04-19,115.6,116.69,114.34,115.5,5575550
2018-04-20,115.6,116.09,114.69,115.99,3735920
2018-04-23,116.3,116.68,113.65,113.65,8635570
2018-04-24,114.79,115.18,114.21,114.21,5056220
2018-04-25,114.2,115.25,113.66,114.45,4081260
2018-04-26,114.72,116.29,114.53,116.08,6993330
2018-04-27,116.2,120.9,116.12,120.05,17095710
2018-04-30,119.69,121.9,113.5,120.75,6128850
2018-05-02,120.27,121.48,118.7,119.69,5625180
2018-05-03,119.95,121.15,118.88,120.98,7165330
2018-05-04,120.94,121.77,120.07,120.53,6926370
2018-05-07,121.2,121.39,119.64,119.99,4094390
2018-05-08,119.62,119.97,118.36,118.52,6215820
2018-05-10,119.37,120.36,118.25,120.0,9721600
2018-05-11,120.01,123.06,120.01,123.06,9645600
2018-05-14,118.02,119.31,117.81,119.15,9505950
2018-05-15,119.15,119.15,114.35,115.4,13898210
2018-05-16,115.17,119.19,114.52,117.73,10921030
2018-05-17,118.27,118.28,116.0,116.0,4858330
2018-05-18,116.21,117.8,114.84,117.16,6291600
2018-05-21,117.0,117.79,115.9,115.95,5006380
2018-05-22,116.02,116.7,114.96,115.05,5040560
2018-05-23,114.84,116.94,113.59,113.59,4363210
2018-05-24,114.01,114.96,113.15,113.65,5489870
2018-05-25,113.7,115.4,113.7,114.8,4796250
2018-05-28,114.6,115.76,113.12,113.88,2825830
2018-05-29,114.27,114.78,111.47,112.4,5498260
2018-05-30,112.4,113.68,111.71,111.82,5150560
2018-05-31,112.49,112.8,111.6,112.59,12916740
2018-06-01,112.4,114.55,112.4,114.3,6185660
2018-06-04,114.95,115.6,114.13,115.45,4418400
2018-06-05,115.6,115.88,113.32,114.29,4661570
2018-06-06,114.31,114.5,112.31,112.7,4264940
2018-06-07,113.1,113.63,110.6,110.6,8703120
2018-06-08,111.0,111.0,107.58,107.7,10635480
2018-06-11,108.86,109.16,105.84,107.68,5672960
2018-06-13,107.9,109.54,107.69,109.2,6197280
2018-06-14,109.19,111.45,108.78,111.43,7710890
2018-06-15,111.69,111.85,110.05,111.18,5856760
2018-06-18,110.51,111.38,109.92,110.5,6508320
2018-06-19,109.98,110.1,106.2,108.15,8642820
2018-06-20,108.4,110.95,108.03,110.35,5879120
2018-06-21,110.5,111.0,108.69,109.87,4903710
2018-06-22,110.49,112.26,109.02,111.6,8620390
2018-06-25,112.3,113.3,111.29,111.64,5163770
2018-06-26,111.88,112.49,110.21,110.55,2956210
2018-06-27,111.0,111.91,109.52,110.38,5774840
2018-06-28,110.5,111.74,109.17,109.62,4518560
2018-06-29,110.1,110.76,108.58,108.58,6348800
2018-07-02,109.0,110.06,107.33,107.86,8497800
2018-07-03,108.43,109.08,107.76,107.9,4425250
2018-07-04,108.28,108.28,106.0,106.11,7808910
2018-07-05,106.15,107.0,105.65,106.4,6156570
2018-07-06,106.36,108.5,105.8,108.0,7613270
2018-07-09,108.11,110.5,108.11,109.9,10493300
2018-07-10,109.9,110.2,109.1,109.5,4008470
2018-07-11,109.2,109.7,107.55,109.0,4882450
2018-07-12,108.81,109.03,106.2,106.5,7634430
2018-07-13,107.0,107.5,106.35,106.41,5684800
2018-07-16,106.7,107.4,105.12,106.2,6581630
2018-07-17,106.15,106.15,104.82,105.7,6714420
2018-07-18,106.0,106.21,104.88,105.37,4403480
2018-07-19,105.49,106.0,104.82,104.82,5591200
2018-07-20,105.24,105.28,102.51,103.75,7404220
2018-07-23,104.01,105.41,103.67,104.01,5293290
2018-07-24,104.5,104.71,103.1,103.1,4275030
2018-07-25,102.69,103.16,100.96,101.3,11256500
2018-07-26,101.7,101.89,100.63,100.9,4801770
2018-07-27,101.13,102.33,100.65,101.8,5810840
2018-07-30,101.81,103.75,101.11,103.72,7864760
2018-07-31,103.58,103.58,102.1,103.0,7384650
2018-08-01,102.99,103.38,102.22,102.5,6680490
2018-08-02,102.12,102.48,99.94,100.42,8248720
2018-08-03,100.55,102.6,99.8,102.06,11017760
2018-08-06,101.8,102.09,100.71,101.5,5466840
2018-08-07,101.8,102.01,100.58,100.92,4638730
2018-08-08,100.65,101.45,99.88,100.5,7122080
2018-08-09,100.0,102.19,97.8,102.0,12626220
2018-08-10,102.0,103.0,100.8,101.24,7891150
2018-08-13,100.57,100.99,99.72,100.09,5580130
2018-08-14,100.5,102.37,100.3,102.37,6445190
2018-08-15,102.36,102.74,100.14,100.36,4853740
2018-08-16,100.74,100.78,100.05,100.07,3597110
2018-08-17,100.2,100.9,99.51,100.03,4835920
2018-08-20,100.49,101.25,100.29,100.92,3484350
2018-08-21,100.96,101.1,99.9,100.0,4460340
2018-08-22,100.25,100.72,99.71,100.15,5150860
2018-08-23,100.3,100.64,99.72,99.72,3614430
2018-08-24,99.72,100.36,97.72,98.63,8494600
2018-08-27,98.98,99.28,97.41,98.3,5294540
2018-08-28,98.5,98.89,97.21,97.33,6111880
2018-08-29,97.5,97.67,95.07,95.65,13420760
2018-08-30,96.28,97.37,95.7,95.8,7229190
2018-08-31,95.89,98.04,95.25,98.04,6557970
2018-09-03,97.9,98.76,97.35,98.45,3775060
2018-09-04,98.45,98.88,97.41,97.81,4563200
2018-09-05,97.5,97.98,96.0,96.0,5714350
2018-09-06,96.5,96.76,95.5,95.61,7083500
2018-09-07,95.6,96.41,94.13,95.0,8714670
2018-09-10,95.03,95.47,94.51,95.2,5901030
2018-09-11,95.25,95.77,94.73,95.23,7206390
2018-09-12,95.28,96.95,94.51,96.95,5451300
2018-09-13,96.82,98.51,96.11,97.77,6388330
2018-09-14,98.0,98.05,96.64,97.0,3456750
2018-09-17,97.33,98.96,97.0,98.32,6522140
2018-09-18,98.45,99.87,98.3,99.5,9359000
2018-09-19,99.7,99.85,99.15,99.5,6949700
2018-09-20,99.51,100.79,99.3,100.78,13583230
2018-09-21,100.79,101.2,99.21,100.95,10364510
2018-09-24,100.79,101.38,100.15,101.0,5296520
2018-09-25,101.19,101.4,99.84,100.39,3790160
2018-09-26,100.25,101.38,99.41,100.87,4921180
2018-09-27,101.39,103.0,100.76,102.99,10000460
2018-09-28,100.1,101.0,96.25,97.2,23637260
2018-10-01,97.77,98.1,96.29,97.07,7431330
2018-10-02,97.13,97.6,96.37,96.45,3570570
2018-10-03,96.5,97.52,96.23,97.22,9191030
2018-10-04,97.55,97.72,96.6,96.63,6445280
2018-10-05,96.7,96.95,95.35,96.02,6494760
2018-10-08,96.48,96.71,94.84,95.32,5492180
2018-10-09,95.7,96.11,93.55,93.56,8334540
2018-10-10,93.56,93.8,92.15,93.02,4834180
2018-10-11,91.75,92.9,91.71,92.42,7007380
2018-10-12,92.77,93.51,92.4,93.45,4584410
2018-10-15,93.39,93.75,92.66,92.73,2874410
2018-10-16,93.0,93.05,91.34,91.5,8406230
2018-10-17,91.8,92.19,91.45,91.5,5180090
2018-10-18,91.47,92.53,90.05,92.53,14353580
2018-10-19,92.4,92.47,90.5,90.58,7540530
2018-10-22,90.6,90.89,88.19,88.8,15528640
2018-10-23,88.78,89.7,87.96,88.46,11728930
2018-10-24,88.98,89.3,87.06,87.75,11418830
2018-10-25,87.01,87.9,86.5,87.27,6117280
2018-10-26,87.07,87.19,83.13,83.5,17043870
2018-10-29,83.5,84.8,82.82,83.2,10356390
2018-10-30,82.05,86.73,82.05,86.73,15243910
2018-10-31,86.8,88.0,86.34,87.9,10110940
2018-11-01,87.7,88.68,86.9,88.6,6362420
2018-11-02,88.85,89.74,88.46,88.46,10569780
2018-11-06,89.0,91.81,88.55,91.14,11748460
2018-11-07,90.68,92.95,89.3,92.44,11850800
2018-11-08,92.82,93.24,91.31,91.8,9382340
2018-11-09,91.2,91.66,88.52,88.85,8369320
2018-11-12,89.45,89.98,88.27,88.57,4587340
2018-11-13,88.34,90.0,88.05,89.55,8716140
2018-11-14,89.55,94.49,89.55,94.01,14468090
2018-11-15,94.0,94.92,92.9,93.96,7791960
2018-11-16,94.14,94.34,92.7,93.45,4177410
2018-11-19,93.45,94.0,90.95,91.49,8916130
2018-11-20,91.2,91.61,89.08,90.1,7324270
2018-11-21,89.8,90.27,88.8,89.57,11171670
2018-11-22,89.86,91.96,89.45,91.6,7619100
2018-11-23,91.65,91.71,90.18,90.82,5318350
2018-11-26,91.21,91.21,89.14,89.65,5509120
2018-11-27,89.7,90.95,89.33,89.45,7413080
2018-11-28,89.59,90.37,89.34,90.1,6261330
2018-11-29,90.31,91.94,90.02,90.17,8425650
2018-11-30,90.06,90.6,89.51,89.52,5782190
2018-12-03,90.09,91.43,89.72,90.03,7397800
2018-12-04,90.19,91.21,90.0,90.25,7434860
2018-12-05,89.95,90.0,88.9,89.75,5873980
2018-12-06,89.48,89.98,89.0,89.0,4218920
2018-12-07,89.2,89.43,88.25,88.42,6758770
2018-12-10,88.4,88.83,86.93,86.93,5466350
2018-12-11,86.91,87.92,86.42,86.42,5002500
2018-12-12,87.08,87.23,85.28,85.9,6697790
2018-12-13,86.0,86.24,85.14,85.5,6154630
2018-12-14,85.56,85.67,84.0,84.0,6382320
2018-12-17,84.0,85.29,83.88,84.17,9285880
2018-12-18,83.89,84.19,83.15,84.0,10034540
2018-12-19,84.0,84.9,83.36,84.5,8832200
2018-12-20,83.93,84.5,83.35,83.48,8273960
2018-12-21,83.5,83.69,83.0,83.3,7741790
2018-12-24,83.29,83.39,82.35,82.95,4109260
2018-12-25,82.55,82.55,79.66,81.68,9699400
2018-12-26,81.36,82.4,81.0,81.3,5634350
2018-12-27,82.3,82.5,81.04,81.04,6166530
2018-12-28,81.5,81.68,80.3,80.3,7068900
2019-01-03,80.95,84.49,80.77,84.49,9797330
2019-01-04,84.5,84.8,83.58,84.0,5640400
2019-01-08,84.46,84.85,83.33,83.7,6832940
2019-01-09,84.21,84.27,83.41,83.93,9295330
2019-01-10,84.06,84.89,83.7,84.7,7188760
2019-01-11,84.77,88.19,84.7,88.0,22371470
2019-01-14,87.56,88.75,86.44,88.3,15137490
2019-01-15,88.67,91.1,88.37,88.86,15213850
2019-01-16,88.75,90.95,88.53,90.1,13844020
2019-01-17,90.25,90.96,89.84,90.05,6957870
2019-01-18,90.61,93.69,90.51,93.33,17705290
2019-01-21,93.39,94.83,92.85,94.7,10407130
2019-01-22,94.1,94.55,93.57,94.4,7133460
2019-01-23,94.39,95.39,93.8,94.4,7999990
2019-01-24,94.1,94.35,91.25,91.8,15011090
2019-01-25,91.96,93.2,90.36,91.49,9987290
2019-01-28,91.35,92.43,90.05,90.5,7194340
2019-01-29,90.13,91.8,89.52,91.8,9819660
2019-01-30,91.62,91.95,90.7,91.9,9037650
2019-01-31,92.11,93.77,92.03,92.82,13332510
2019-02-01,92.61,94.23,92.56,93.5,7094150
2019-02-04,93.94,94.38,92.5,92.7,5902870
2019-02-05,92.75,92.76,91.7,91.7,5687940
2019-02-06,91.88,92.7,91.18,91.5,5708900
2019-02-07,91.49,91.49,89.9,90.07,7275520
2019-02-08,89.89,91.2,89.7,90.7,3352650
2019-02-11,90.3,91.69,90.17,90.3,7638450
2019-02-12,90.62,90.92,89.76,89.94,13095760
2019-02-13,90.29,91.45,87.52,88.8,26240260
2019-02-14,87.98,89.84,87.26,89.12,16865740
2019-02-15,89.23,90.15,89.05,90.15,9593620
2019-02-18,90.15,90.65,89.5,89.71,7855080
2019-02-19,89.7,90.2,89.0,89.52,8148020
2019-02-20,90.0,90.08,89.55,89.6,8311900
2019-02-21,89.85,89.94,88.77,88.91,8182170
2019-02-22,89.35,89.7,88.98,89.5,3948750
2019-02-25,89.62,90.15,89.32,89.67,5010550
2019-02-26,89.7,90.43,89.11,90.43,4604890
2019-02-27,90.55,91.16,89.94,90.67,8752610
2019-02-28,90.4,91.22,89.91,91.22,5824150
2019-03-01,91.22,91.95,90.72,91.57,7746690
2019-03-04,91.75,93.37,91.44,92.44,9694490
2019-03-05,92.44,93.22,91.6,92.38,7912110
2019-03-06,92.53,94.6,92.53,93.6,13249020
2019-03-07,93.59,94.72,93.09,93.95,8672430
2019-03-11,93.65,94.92,93.03,93.14,7564350
2019-03-12,93.67,94.1,92.91,93.0,6410460
2019-03-13,93.0,93.69,91.62,91.82,10083190
2019-03-14,92.0,92.21,91.0,91.5,7144510
2019-03-15,91.66,91.81,90.71,91.08,6697700
2019-03-18,91.5,91.94,90.77,91.45,5731780
2019-03-19,91.71,91.94,90.9,91.11,5815800
2019-03-20,91.16,91.29,90.11,90.54,6147740
2019-03-21,90.8,90.9,90.31,90.63,9204100
2019-03-22,90.66,90.88,89.05,89.08,8473080
2019-03-25,89.08,90.63,88.4,90.5,12924750
2019-03-26,90.62,91.78,90.27,91.07,7158170
2019-03-27,91.2,91.58,90.2,90.61,4959270
2019-03-28,90.3,90.75,90.11,90.64,1959310
2019-03-29,90.72,91.66,90.64,91.3,8163140
2019-04-01,91.58,92.46,91.42,92.34,6002850
2019-04-02,92.39,92.95,92.03,92.14,4944180
2019-04-03,92.03,92.8,90.71,90.77,9538690
2019-04-04,91.03,91.5,90.55,91.27,4275170
2019-04-05,91.21,92.0,90.97,91.02,4290360
2019-04-08,91.38,91.55,90.86,91.0,7605620
2019-04-09,91.0,91.43,90.8,91.04,9225520
2019-04-10,91.26,93.8,91.14,93.11,16333090
2019-04-11,93.15,93.37,91.5,91.5,8429550
2019-04-12,91.73,92.18,91.22,91.4,6487920
2019-04-15,91.5,91.9,91.25,91.46,7389940
2019-04-16,91.8,92.05,90.86,91.05,10993420
2019-04-17,91.35,91.58,90.71,91.2,7847250
2019-04-18,91.01,91.47,90.81,91.25,3543620
2019-04-19,91.18,92.0,91.1,91.6,4332600
2019-04-22,92.0,92.4,91.71,92.19,4893970
2019-04-23,92.4,92.7,91.43,91.5,7775360
2019-04-24,91.59,91.59,91.11,91.32,6129800
2019-04-25,91.33,91.54,90.7,90.7,8380260
2019-04-26,90.7,91.21,90.17,90.99,8270420
2019-04-29,91.1,92.4,91.05,91.68,11688710
2019-04-30,91.0,91.05,89.88,91.05,20192260
2019-05-02,90.78,91.32,90.7,90.8,7616420
2019-05-03,91.02,92.15,90.89,91.83,11375240
2019-05-06,91.5,93.17,91.06,93.17,10812290
2019-05-07,93.02,93.84,92.25,93.8,12181650
2019-05-08,93.18,93.87,92.03,92.47,13456200
2019-05-10,92.51,93.03,91.55,91.67,17990890
2019-05-13,84.98,87.36,84.78,86.34,18992900
2019-05-14,86.5,87.35,85.27,85.51,9916440
2019-05-15,85.65,85.99,83.9,84.8,10519820
2019-05-16,85.09,85.5,84.4,84.7,9411380
2019-05-17,84.7,85.36,83.38,83.8,9608250
2019-05-20,84.0,84.86,83.42,84.15,8367240
2019-05-21,84.43,85.07,84.03,84.2,6457350
2019-05-22,84.59,84.96,84.24,84.57,5452260
2019-05-23,84.49,84.92,83.83,83.9,6099530
2019-05-24,84.0,84.7,83.59,83.59,5685820
2019-05-27,83.75,84.47,83.74,84.3,4245220
2019-05-28,84.32,84.4,83.4,83.5,11528650
2019-05-29,83.49,84.33,83.23,84.3,8153520
2019-05-30,84.41,84.86,83.85,84.75,6767800
2019-05-31,84.4,84.75,83.97,84.75,6417790
2019-06-03,84.25,84.82,84.04,84.82,8821420
2019-06-04,84.83,86.14,84.43,85.98,15141450
2019-06-05,85.5,86.35,85.11,85.56,9401460
2019-06-06,85.73,86.9,85.5,86.58,12719600
2019-06-07,86.83,88.38,86.66,87.55,15138840
2019-06-10,87.59,89.31,87.58,89.24,16122450
2019-06-11,89.0,89.99,88.98,89.55,16189110
2019-06-13,89.55,89.75,87.88,89.5,11847220
2019-06-14,89.36,90.0,88.5,89.3,10404920
2019-06-17,89.4,89.43,88.84,89.1,11650520
2019-06-18,88.8,89.48,88.53,89.42,8758100
2019-06-19,89.42,90.0,89.35,90.0,8763290
2019-06-20,90.72,90.97,90.16,90.68,11387050
2019-06-21,90.5,90.8,88.75,89.68,9804540
2019-06-24,89.6,90.08,88.61,89.41,6073740
2019-06-25,89.68,89.92,88.88,89.35,5153790
2019-06-26,89.5,90.3,89.37,90.3,5145700
2019-06-27,90.31,90.5,89.6,89.77,5168190
2019-06-28,89.7,90.15,89.45,90.15,6732560
2019-07-01,90.5,90.9,90.02,90.9,6994010
2019-07-02,90.9,91.98,90.4,91.98,13527410
2019-07-03,92.18,92.98,91.7,92.7,12729050
2019-07-04,92.92,94.32,92.21,94.3,14953260
2019-07-05,94.4,95.99,93.85,95.3,15355020
2019-07-08,95.05,96.92,94.12,96.42,11354700
2019-07-09,96.47,97.23,94.94,95.32,6907800
2019-07-10,95.32,95.67,93.86,95.0,10467120
2019-07-11,94.7,95.4,94.04,94.9,6062060
2019-07-12,94.7,94.7,92.77,93.97,6882970
2019-07-15,94.3,95.18,93.5,95.18,6891820
2019-07-16,95.01,95.64,93.35,93.45,5853130
2019-07-17,93.69,94.1,92.67,92.73,4923400
2019-07-18,92.7,93.22,91.85,92.99,4768520
2019-07-19,93.5,93.7,92.51,93.06,3632520
2019-07-22,93.05,93.11,91.96,92.22,3301960
2019-07-23,92.35,92.49,91.5,91.51,4107330
2019-07-24,91.6,91.6,89.19,90.0,15625170
2019-07-25,90.19,92.02,89.87,92.0,8146270
2019-07-26,92.0,92.4,91.0,91.14,3994380
2019-07-29,91.7,92.5,91.07,91.95,4670180
2019-07-30,92.0,93.31,91.87,93.31,5320700
2019-07-31,93.44,93.56,92.82,93.16,5808450
2019-08-01,93.14,93.75,92.22,92.49,5911810
2019-08-02,91.8,92.76,91.4,92.4,7008070
2019-08-05,92.04,93.6,92.04,93.5,6883260
2019-08-06,93.38,95.91,93.08,94.9,18337190
2019-08-07,95.1,95.78,94.17,95.4,7771120
2019-08-08,95.57,96.75,95.5,95.5,6177850
2019-08-09,95.2,95.74,94.15,94.9,5822990
2019-08-12,94.94,95.34,94.2,94.8,2890070
2019-08-13,94.7,94.9,93.8,94.8,5247720
2019-08-14,94.94,95.37,93.2,94.0,6321080
2019-08-15,93.69,94.0,92.3,93.16,5011560
2019-08-16,93.4,93.9,91.83,91.83,4237740
2019-08-19,92.2,93.0,90.66,92.6,4311760
2019-08-20,93.0,93.0,91.5,91.5,4103960
2019-08-21,91.79,92.31,91.2,91.9,4590690
2019-08-22,92.28,93.0,91.26,92.65,5587430
2019-08-23,93.1,94.5,92.9,93.5,10357770
2019-08-26,93.45,93.8,92.72,93.3,3223550
2019-08-27,93.74,94.8,93.48,94.33,7846910
2019-08-28,94.33,95.27,94.07,95.27,4385580
2019-08-29,95.05,95.92,94.85,95.8,3873040
2019-08-30,95.7,95.7,94.27,94.62,7389340
2019-09-02,95.7,95.7,94.04,94.64,4149010
2019-09-03,94.5,95.27,93.3,95.22,6990430
2019-09-04,95.3,95.73,94.65,95.53,5603490
2019-09-05,95.7,96.19,95.01,95.3,6382550
2019-09-06,95.3,96.19,94.62,95.54,5179830
2019-09-09,95.15,96.01,93.75,95.65,7129160
2019-09-10,95.16,95.64,94.5,95.18,6459590
2019-09-11,95.44,96.98,94.05,96.79,10933410
2019-09-12,96.7,97.64,95.8,96.0,7893290
2019-09-13,96.2,97.77,95.33,96.8,14943110
2019-09-16,97.0,97.38,96.07,97.35,7891060
2019-09-17,97.21,97.69,96.47,96.65,7539470
2019-09-18,96.48,96.9,95.52,95.96,5561250
2019-09-19,95.95,96.81,95.54,96.24,5067390
2019-09-20,96.62,96.66,95.26,95.58,5763710
2019-09-23,95.29,96.12,94.3,96.12,3829620
2019-09-24,95.71,96.0,94.7,95.15,3279570
2019-09-25,94.7,95.09,94.1,94.99,4598670
2019-09-26,94.99,95.35,94.37,94.94,3090870
2019-09-27,94.7,95.66,94.55,94.85,3530200
2019-09-30,94.87,95.29,94.25,94.74,3882060
2019-10-01,94.99,95.23,94.41,95.03,3200910
2019-10-02,94.75,95.63,91.32,91.55,12183160
2019-10-03,91.7,92.68,90.51,91.69,8533410
2019-10-04,92.0,93.16,91.3,91.44,5600670
2019-10-07,91.9,92.1,90.85,91.01,3427060
2019-10-08,91.01,91.34,89.62,90.0,7060360
2019-10-09,90.0,90.56,89.55,90.1,6481430
2019-10-10,89.8,90.37,89.72,90.0,3888040
2019-10-11,90.35,90.42,89.64,90.25,4824890
2019-10-14,90.4,90.95,89.23,89.69,6030860
2019-10-15,90.42,91.75,90.34,91.5,9672960
2019-10-16,91.73,93.95,91.37,93.95,11366250
2019-10-17,93.69,94.73,92.31,92.7,8566620
2019-10-18,92.74,93.79,92.39,92.7,4900330
2019-10-21,92.85,93.29,92.02,93.26,5294530
2019-10-22,93.5,94.39,92.22,92.99,8500320
2019-10-23,92.98,93.32,92.5,93.05,4229960
2019-10-24,93.0,93.07,91.36,92.15,9387320
2019-10-25,92.05,93.2,91.72,93.2,7699590
2019-10-28,93.0,94.21,93.0,93.61,6711660
2019-10-29,93.95,94.6,93.33,94.0,3614850
2019-10-30,93.85,94.99,93.58,94.99,5997710
2019-10-31,95.01,95.67,94.1,95.03,8101930
2019-11-01,95.0,97.43,94.44,97.05,10780700
2019-11-05,97.0,100.5,96.6,100.29,29798490
2019-11-06,100.28,100.28,98.71,99.95,9478770
2019-11-07,99.5,100.49,99.12,99.52,8926610
2019-11-08,99.5,100.18,98.2,99.14,7360040
2019-11-11,98.88,100.0,98.51,100.0,4744950
2019-11-12,100.0,100.74,99.15,99.7,9812150
2019-11-13,99.99,100.26,99.32,100.26,3481810
2019-11-14,100.0,100.88,99.16,99.94,5019980
2019-11-15,99.98,100.37,99.7,100.13,2713230
2019-11-18,100.0,100.49,99.61,100.0,3530590
2019-11-19,100.0,100.5,99.82,100.5,5048750
2019-11-20,100.21,104.05,100.21,103.17,17046160
2019-11-21,103.3,103.34,101.75,102.72,6081710
2019-11-22,102.4,106.35,102.12,105.2,13367170
2019-11-25,105.4,106.02,103.71,104.42,6742280
2019-11-26,104.6,105.41,103.81,105.0,12990450
2019-11-27,104.91,106.88,104.73,106.5,10658900
2019-11-28,106.23,106.88,104.8,105.58,6658400
2019-11-29,105.63,106.2,104.97,105.7,5429390
2019-12-02,105.84,106.28,105.11,106.28,7086650
2019-12-03,106.15,106.23,103.81,103.89,7044440
2019-12-04,104.15,105.98,103.89,105.98,5222680
2019-12-05,106.0,106.0,104.36,104.36,4019740
2019-12-06,104.7,106.17,104.43,106.17,5322770
2019-12-09,106.16,106.29,105.12,106.05,3623120
2019-12-10,105.7,105.96,104.3,104.8,4265250
2019-12-11,104.9,106.3,104.76,106.3,9325390
2019-12-12,106.4,109.95,106.2,108.09,8900630
2019-12-13,108.45,109.91,107.83,108.96,7010660
2019-12-16,109.4,109.98,108.81,109.09,5327060
2019-12-17,109.05,111.4,108.22,109.05,7424570
2019-12-18,109.05,109.5,107.26,107.28,7417100
2019-12-19,107.6,109.0,107.4,108.55,7525390
2019-12-20,108.32,108.59,107.48,107.48,4639560
2019-12-23,107.71,108.26,107.4,108.05,2513330
2019-12-24,108.09,108.1,106.94,107.2,1733400
2019-12-25,107.22,107.34,106.37,106.82,1953210
2019-12-26,106.6,107.34,106.1,106.74,1857350
2019-12-27,106.82,107.35,106.24,107.08,2951390
2019-12-30,107.2,108.2,106.94,107.75,3991460
2020-01-03,108.0,109.86,106.7,107.18,5156720
2020-01-06,107.2,108.03,106.42,108.03,2316340
2020-01-08,107.7,111.18,107.5,110.84,9719480
2020-01-09,110.73,111.2,109.6,111.0,5656080
2020-01-10,111.1,113.0,110.61,112.99,7686760
2020-01-13,113.0,114.2,112.16,114.1,7738170
2020-01-14,114.2,115.0,113.23,114.02,6813960
2020-01-15,113.7,115.88,113.54,115.88,10343270
2020-01-16,116.0,116.38,113.81,114.5,9406250
2020-01-17,114.3,115.26,114.07,114.8,6497840
2020-01-20,114.81,116.0,114.43,116.0,7353620
2020-01-21,115.9,115.99,113.2,114.62,8475810
2020-01-22,114.7,114.97,113.58,114.5,6656420
2020-01-23,114.1,114.45,112.27,113.82,5111700
2020-01-24,113.85,114.42,112.63,113.0,4312690
2020-01-27,112.6,112.95,109.98,110.62,6147170
2020-01-28,110.8,112.49,109.3,111.3,5369680
2020-01-29,111.97,113.44,110.91,111.8,4692750
2020-01-30,111.5,112.58,110.81,111.81,5379930
2020-01-31,111.85,112.5,109.94,109.94,5535300
2020-02-03,108.0,111.89,107.47,110.94,7694940
2020-02-04,111.45,113.94,111.22,113.35,9953660
2020-02-05,113.97,114.55,112.47,113.3,5923470
2020-02-06,113.79,114.3,110.49,112.42,7778090
2020-02-07,112.4,113.38,111.31,113.16,4977880
2020-02-10,112.7,113.94,111.52,113.8,6658260
2020-02-11,113.8,115.0,112.14,114.0,5489370
2020-02-12,114.39,114.49,112.22,112.91,7322380
2020-02-13,112.75,113.13,111.8,112.25,5115890
2020-02-14,112.25,112.88,111.52,112.5,3346360
2020-02-17,112.82,112.95,112.01,112.8,2223960
2020-02-18,112.6,112.6,111.57,111.8,4161470
2020-02-19,112.01,112.54,111.6,111.65,3622240
2020-02-20,111.94,112.32,111.65,112.0,5661750
2020-02-21,111.7,112.52,111.2,111.33,4948700
2020-02-25,110.58,111.29,107.54,107.54,9547990
2020-02-26,107.51,107.52,105.1,107.3,12945700
2020-02-27,106.7,106.9,104.12,104.73,10697900
2020-02-28,101.87,103.5,92.3,99.08,29356080
2020-03-02,101.4,102.55,99.0,99.73,15288300
2020-03-03,101.05,101.7,97.39,98.08,32404310
2020-03-04,97.82,98.65,96.17,96.5,27516840
2020-03-05,97.36,97.69,94.53,94.93,26820870
2020-03-06,95.1,95.4,89.32,90.95,53913130
2020-03-10,81.92,93.92,81.86,90.0,56746300
2020-03-11,92.8,94.7,90.37,92.64,43053270
2020-03-12,90.68,92.44,87.2,91.69,33074290
2020-03-13,91.9,94.58,88.99,90.01,40069150
2020-03-16,89.0,90.89,85.02,87.5,29077770
2020-03-17,87.6,88.48,83.01,83.97,69824770
2020-03-18,83.35,84.32,80.0,80.98,23379720
2020-03-19,80.98,88.46,79.54,88.46,34097640
2020-03-20,89.98,93.0,89.5,92.0,29859040
2020-03-23,90.03,91.71,86.16,91.6,17838380
2020-03-24,93.43,95.95,93.01,94.46,15138390
2020-03-25,95.39,97.46,89.38,92.97,23141100
2020-03-26,92.44,95.0,90.71,92.78,17233790
2020-03-27,93.0,94.0,90.15,91.73,21929900
2020-03-30,91.0,94.08,89.44,93.6,17033690
2020-03-31,93.88,97.25,93.7,97.25,21099430
2020-04-01,95.78,97.24,95.03,96.71,15170410
2020-04-02,97.5,98.23,95.27,97.25,16393780
2020-04-03,97.0,100.02,96.71,99.0,19253550
2020-04-06,99.89,101.44,98.9,100.75,15675870
2020-04-07,102.6,103.5,100.35,101.37,19335760
2020-04-08,101.02,104.3,100.0,104.2,17419490
2020-04-09,105.0,106.9,103.93,106.9,24358940
2020-04-10,106.5,106.5,105.14,105.4,4971190
2020-04-13,105.8,106.15,101.05,103.33,6722230
2020-04-14,104.1,106.84,104.1,106.2,13665730
2020-04-15,105.95,106.79,102.11,102.68,19751750
2020-04-16,103.56,108.98,102.8,108.58,25893900
2020-04-17,109.9,113.77,109.52,113.37,25255610
2020-04-20,113.3,113.36,111.65,111.8,14109190
2020-04-21,111.11,111.8,108.37,111.0,20154700
2020-04-22,111.0,118.84,110.25,116.04,26442670
2020-04-23,119.9,119.9,116.8,117.5,14369930
2020-04-24,117.5,118.23,115.58,117.03,11189320
2020-04-27,118.2,120.65,117.85,120.1,14647630
2020-04-28,120.3,125.35,118.8,125.35,27533070
2020-04-29,126.07,129.15,120.77,121.5,30488410
2020-04-30,121.7,123.94,116.97,120.23,27861440
2020-05-04,118.66,122.47,117.88,119.6,18328970
2020-05-05,121.1,121.59,119.85,120.99,9668280
2020-05-06,121.99,123.68,120.92,122.74,14756000
2020-05-07,123.34,125.25,122.92,124.78,14252640
2020-05-08,125.9,127.78,124.2,127.09,14009540
2020-05-12,127.54,128.74,125.7,128.3,20542660
2020-05-13,128.0,128.0,125.1,127.28,28888760
2020-05-14,120.1,120.29,114.62,116.46,34558470
2020-05-15,118.0,119.6,113.11,113.57,30248320
2020-05-18,115.0,115.91,113.17,115.91,28506770
2020-05-19,115.77,116.6,114.0,114.4,11916470
2020-05-20,114.4,116.06,114.23,115.8,12464470
2020-05-21,116.04,116.39,114.8,115.35,11816330
2020-05-22,114.51,114.94,113.3,114.47,6165340
2020-05-25,114.31,115.98,114.26,115.98,6275940
2020-05-26,116.56,116.82,114.86,115.33,9013340
2020-05-27,115.3,116.4,113.77,114.59,12456190
2020-05-28,114.59,115.46,114.24,115.39,6096340
2020-05-29,115.19,115.19,113.9,114.29,12953460
2020-06-01,114.28,115.32,113.39,114.42,9287040
2020-06-02,115.12,116.1,114.01,115.5,17276130
2020-06-03,115.57,119.35,115.38,118.48,23107850
2020-06-04,118.5,119.57,115.83,118.4,12721470
2020-06-05,118.75,118.95,117.3,118.28,8445120
2020-06-08,118.56,119.17,116.0,116.66,11432790
2020-06-09,116.8,117.39,114.51,115.05,9956070
2020-06-10,115.39,116.5,115.1,115.42,7346880
2020-06-11,115.18,116.46,114.06,116.05,8320100
2020-06-15,114.88,116.44,111.38,116.24,11594730
2020-06-16,116.57,117.59,116.13,116.13,9804110
2020-06-17,116.4,117.26,115.0,115.0,11358150
2020-06-18,115.58,116.55,114.94,115.16,9501850
2020-06-19,116.18,116.5,115.1,115.67,13055000
2020-06-22,115.95,116.45,114.66,116.0,7624850
2020-06-23,116.42,116.42,115.02,115.4,8021190
2020-06-25,115.0,115.6,113.6,114.87,13341950
2020-06-26,115.06,115.39,111.47,113.42,9954100
2020-06-29,113.01,114.2,112.24,113.4,6816030
2020-06-30,113.77,114.34,112.74,113.25,8158920
2020-07-02,113.8,116.33,113.48,116.07,12169920
2020-07-03,116.33,116.4,115.56,116.14,3152250
2020-07-06,116.85,120.0,116.4,118.99,19538970
2020-07-07,120.0,123.5,118.59,122.51,23113700
2020-07-08,122.79,123.69,121.7,122.48,8806680
2020-07-09,122.65,124.95,122.37,124.01,11655700
2020-07-10,123.66,126.8,123.09,126.45,15154320
2020-07-13,126.8,127.86,121.81,124.04,11805000
2020-07-14,123.52,124.98,121.32,124.92,9336530
2020-07-15,125.29,125.83,123.78,125.69,10243660
2020-07-16,124.81,126.7,124.33,125.34,9091530
2020-07-17,125.0,125.8,124.01,125.37,4235370
2020-07-20,125.22,126.3,124.27,125.92,4483660
2020-07-21,126.18,127.3,124.3,124.61,11036530
2020-07-22,124.8,126.63,124.37,126.38,5362560
2020-07-23,126.63,127.15,124.7,125.46,5058100
2020-07-24,125.65,128.33,125.17,128.2,7869710
2020-07-27,127.91,132.24,127.5,132.0,11536640
2020-07-28,132.07,133.99,130.96,131.76,8780800
2020-07-29,131.8,134.01,131.6,133.99,5254200
2020-07-30,133.99,134.2,128.63,131.76,6995960
2020-07-31,132.0,133.5,131.14,133.25,7293720
2020-08-03,133.53,139.77,133.53,138.86,21218900
2020-08-04,139.36,140.79,137.27,140.55,16592550
2020-08-05,140.98,146.94,140.14,145.35,15251710
2020-08-06,145.03,148.12,144.2,147.1,14733720
2020-08-07,146.4,146.49,142.56,143.24,17188640
2020-08-10,142.5,143.65,139.52,140.77,12468540
2020-08-11,140.48,144.9,140.48,143.14,12426630
2020-08-12,143.15,144.97,142.0,144.65,8025090
2020-08-13,144.76,147.5,143.76,146.06,11884080
2020-08-14,146.06,146.7,142.66,143.75,10799960
2020-08-17,144.0,145.95,141.7,143.96,12050830
2020-08-18,143.88,145.23,143.05,143.57,6673840
2020-08-19,143.63,145.1,142.61,144.34,6176810
2020-08-20,143.42,145.1,143.09,144.35,8058350
2020-08-21,146.0,146.9,142.02,146.18,12934090
2020-08-24,147.0,148.8,144.5,145.72,9898460
2020-08-25,145.8,146.4,143.05,143.72,7191980
2020-08-26,144.08,144.35,142.36,143.52,6587250
2020-08-27,143.65,143.9,140.67,141.6,6550850
2020-08-28,141.95,141.95,138.15,139.38,7027530
2020-08-31,140.0,140.69,135.62,137.87,16123480
2020-09-01,138.01,138.89,135.2,137.5,11053020
2020-09-02,138.08,139.19,136.58,137.05,11742450
2020-09-03,137.0,138.5,135.31,136.5,12736870
2020-09-04,136.0,137.08,129.0,135.08,9166960
2020-09-07,134.09,137.79,133.58,136.77,7256250
2020-09-08,137.15,137.86,134.55,136.54,8023090
2020-09-09,136.15,137.07,135.05,136.86,4033120
2020-09-10,136.77,140.54,136.28,139.15,7796580
2020-09-11,139.31,139.85,137.85,138.39,4389300
2020-09-14,139.21,139.66,137.01,137.79,10384740
2020-09-15,138.02,140.27,137.51,139.84,8049980
2020-09-16,140.0,145.9,139.8,145.57,19164010
2020-09-17,144.83,149.42,144.23,148.68,19473170
2020-09-18,149.51,150.0,145.5,146.26,14489190
2020-09-21,146.49,146.49,140.41,142.24,11090150
2020-09-22,140.8,148.7,140.8,144.57,16457850
2020-09-23,145.0,147.15,143.26,143.9,12054010
2020-09-24,144.17,145.85,141.35,145.3,11422540
2020-09-25,145.2,147.98,143.1,144.65,8018410
2020-09-28,145.25,148.12,144.89,147.5,7519120
2020-09-29,147.6,149.33,145.18,148.96,13542760
2020-09-30,148.48,149.88,146.37,146.92,10544350
2020-10-01,147.4,147.9,145.13,146.01,7336750
2020-10-02,145.31,148.3,144.78,148.1,10701150
2020-10-05,148.91,155.92,148.4,154.53,31288150
2020-10-06,154.6,155.68,153.4,154.16,12036240
2020-10-07,154.48,154.48,150.82,151.9,9241320
2020-10-08,152.81,153.34,149.67,150.38,9145850
2020-10-09,150.29,151.28,148.84,149.55,7965320
2020-10-12,149.96,153.1,149.09,151.66,11381280
2020-10-13,151.03,151.97,147.03,148.4,14370640
2020-10-14,149.0,151.45,148.41,149.3,10569640
2020-10-15,149.25,151.9,148.44,150.25,8562860
2020-10-16,150.1,150.1,146.16,146.92,13661170
2020-10-19,147.0,147.63,143.44,144.42,13840520
2020-10-20,144.01,147.88,142.28,146.26,13192640
2020-10-21,146.52,148.6,146.0,146.94,8970510
2020-10-22,146.77,147.15,144.23,145.32,9119440
2020-10-23,145.95,145.97,140.86,142.67,14696070
2020-10-26,141.99,142.26,140.0,140.94,10381270
2020-10-27,140.7,141.6,139.39,141.18,6660480
2020-10-28,140.74,141.09,134.8,138.1,17639960
2020-10-29,139.88,141.2,137.2,140.3,14607520
2020-10-30,139.5,139.66,133.75,134.19,20553630
2020-11-02,133.9,133.93,131.02,133.2,23656990
2020-11-03,133.68,134.99,132.39,132.87,14965750
2020-11-05,134.25,138.11,133.25,137.75,20729620
2020-11-06,136.92,139.6,136.19,137.65,10978870
2020-11-09,139.0,142.24,138.59,141.24,19907630
2020-11-10,141.0,141.24,137.09,138.46,15560460
2020-11-11,139.51,139.7,133.52,135.73,15751920
2020-11-12,134.8,135.92,132.67,134.1,17796340
2020-11-13,134.0,134.9,133.2,134.57,12916800
2020-11-16,136.0,137.25,134.7,136.34,17401220
2020-11-17,136.27,136.5,134.09,136.05,15662670
2020-11-18,136.0,139.29,135.15,137.15,15119410
2020-11-19,137.75,139.98,136.71,138.96,14153420
2020-11-20,139.02,140.2,138.4,139.48,12427160
2020-11-23,139.55,141.84,137.23,138.69,17322700
2020-11-24,139.48,141.61,139.04,141.38,12546910
2020-11-25,141.67,143.54,140.15,142.78,16830990
2020-11-26,143.53,147.68,142.77,146.86,17330920
2020-11-27,146.97,154.12,146.95,153.1,30169090
2020-11-30,152.5,154.87,151.36,152.88,25882790
2020-12-01,153.1,155.35,152.92,154.82,10263100
2020-12-02,155.0,158.5,154.12,158.44,16615690
2020-12-03,158.4,162.8,157.14,157.86,21908810
2020-12-04,158.68,159.41,156.0,157.6,12180750
2020-12-07,157.6,158.49,156.55,157.51,4970280
2020-12-08,157.6,159.77,156.8,159.0,8031100
2020-12-09,159.1,164.39,159.1,162.57,17386680
2020-12-10,163.18,165.6,162.69,164.72,12302650
2020-12-11,165.35,168.43,165.1,167.71,12200790
2020-12-14,169.0,169.0,161.75,163.0,17201370
2020-12-15,162.72,165.76,159.45,165.35,11435980
2020-12-16,165.7,166.86,162.04,163.64,12936480
2020-12-17,163.9,165.47,162.6,163.21,14837390
2020-12-18,163.0,163.19,159.69,160.66,12254150
2020-12-21,159.69,160.67,152.76,158.38,13481910
2020-12-22,157.07,163.3,156.9,161.17,11745480
2020-12-23,161.42,162.86,159.93,162.19,5589630
2020-12-24,161.9,163.48,160.11,160.95,5248930
2020-12-25,161.99,161.99,159.01,160.19,2031320
2020-12-28,161.0,161.36,158.02,159.23,4927990
2020-12-29,159.0,160.06,158.48,159.67,3056060
2020-12-30,159.12,160.3,158.85,159.25,2674490
2021-01-04,159.5,161.81,158.72,159.0,6821940
2021-01-05,159.11,161.58,157.25,161.37,8435050
2021-01-06,161.6,162.9,159.5,160.91,8165100
2021-01-08,161.5,162.97,159.34,160.33,12664410
2021-01-11,160.18,161.19,158.51,159.49,9108000
2021-01-12,159.75,160.0,157.54,158.5,8426400
2021-01-13,158.5,160.49,158.3,159.5,11994290
2021-01-14,159.74,160.96,158.66,159.76,9708700
2021-01-15,159.5,161.84,158.38,159.9,13810560
2021-01-18,160.1,160.88,159.43,160.16,5307980
2021-01-19,160.6,166.99,160.6,166.89,21240210
2021-01-20,167.0,167.82,162.65,164.22,12717530
2021-01-21,164.76,166.0,158.85,159.57,13345300
2021-01-22,158.6,158.9,156.22,158.66,8828840
2021-01-25,159.0,165.37,158.41,162.8,12894900
2021-01-26,162.85,163.59,161.12,162.89,4845760
2021-01-27,163.15,164.68,159.42,160.51,7760340
2021-01-28,159.11,162.43,158.06,160.51,6578880
2021-01-29,160.4,160.58,156.73,157.62,7793990
2021-02-01,158.45,158.5,154.35,157.28,9134070
2021-02-02,157.73,161.0,156.79,158.99,10284860
2021-02-03,159.0,160.6,157.52,158.89,6422820
2021-02-04,159.09,159.56,157.55,158.64,8094960
2021-02-05,158.93,159.45,157.31,158.2,4865440
2021-02-08,158.81,161.95,158.42,161.32,8493440
2021-02-09,161.99,165.2,161.5,164.09,13512700
2021-02-10,165.01,165.55,160.4,160.76,8177760
2021-02-11,161.0,162.3,159.9,160.11,4111240
2021-02-12,160.13,163.62,158.4,163.28,8361150
2021-02-15,163.52,165.49,163.41,165.29,7713900
2021-02-16,165.5,166.7,162.4,162.88,6902400
2021-02-17,162.88,165.0,161.22,164.5,9295010
2021-02-18,164.6,164.95,160.01,160.98,8933080
2021-02-19,160.9,167.15,160.4,165.55,14414750
2021-02-22,165.55,170.13,164.65,169.5,15511450
2021-02-24,169.0,175.7,167.7,173.28,19202890
2021-02-25,172.83,175.25,171.03,172.6,12406840
2021-02-26,171.8,173.83,171.58,173.31,11138610
2021-03-01,174.1,178.48,174.0,177.65,15172550
2021-03-02,177.05,178.33,173.24,174.33,14258260
2021-03-03,174.55,176.59,169.72,170.62,13552500
2021-03-04,170.0,171.9,168.62,169.56,8327430
2021-03-05,170.9,171.39,164.3,167.43,15417600
2021-03-09,166.59,170.59,166.46,168.48,15979920
2021-03-10,168.2,170.14,167.52,169.03,6982570
2021-03-11,169.03,170.8,168.07,169.01,7281650
2021-03-12,169.22,169.66,166.26,167.87,8249390
2021-03-15,168.23,168.93,163.75,167.9,13186440
2021-03-16,168.1,168.18,165.67,166.36,7193910
2021-03-17,166.6,167.5,165.41,167.19,5638280
2021-03-18,167.94,170.82,166.86,167.75,13604770
2021-03-19,168.36,169.54,167.11,168.17,9199960
2021-03-22,168.17,169.8,167.55,168.53,5072360
2021-03-23,167.55,168.43,166.04,166.3,5004290
2021-03-24,165.9,168.75,165.32,167.99,6134930
2021-03-25,167.01,168.92,167.01,167.88,4183060
2021-03-26,168.65,169.84,168.3,169.57,4736060
2021-03-29,169.8,170.23,168.61,169.94,4007600
2021-03-30,169.24,171.46,168.24,170.55,6034570
2021-03-31,171.2,175.7,169.7,173.95,14599850
2021-04-01,174.22,175.18,168.83,170.56,11583860
2021-04-02,171.1,171.4,168.5,169.41,5979010
2021-04-05,169.0,170.43,168.58,169.99,3173280
2021-04-06,169.59,172.48,169.23,169.4,6434020
2021-04-07,170.08,173.52,166.43,172.09,12969990
2021-04-08,172.16,173.66,171.31,172.21,4939760
2021-04-09,172.41,172.49,169.85,171.03,4064510
2021-04-12,171.05,173.4,170.1,171.68,4491180
2021-04-13,171.8,174.5,171.19,173.73,6349920
2021-04-14,174.0,175.0,171.61,173.9,4898560
2021-04-15,172.87,174.64,170.86,171.95,7943720
2021-04-16,171.95,173.83,171.79,173.47,4689250
2021-04-19,173.02,174.52,173.0,173.72,6064600
2021-04-20,173.99,174.25,168.58,170.92,11263540
2021-04-21,170.88,171.27,169.2,170.81,5350980
2021-04-22,170.99,171.08,169.15,169.91,7355060
2021-04-23,170.0,172.0,169.82,171.2,4607140
2021-04-26,171.87,173.91,171.1,173.2,6214550
2021-04-27,173.5,178.3,173.5,177.87,13407070
2021-04-28,177.81,178.0,174.01,176.83,4285220
2021-04-29,176.4,177.49,175.74,177.27,5220310
2021-04-30,177.99,181.62,176.1,177.8,13988500
2021-05-04,178.99,182.4,177.86,181.0,11649240
2021-05-05,180.95,184.15,180.73,184.0,5675210
2021-05-06,183.52,189.05,183.18,188.88,9636530
2021-05-07,189.01,189.8,186.52,187.37,6066520
2021-05-10,187.37,187.37,184.34,187.01,6454590
2021-05-11,185.2,190.64,185.19,190.23,9107740
2021-05-12,190.97,192.63,187.07,187.63,16343260
2021-05-13,180.0,180.8,175.28,178.91,17496820
2021-05-14,180.44,180.45,174.11,175.35,10369970
2021-05-17,175.75,178.05,174.41,176.89,7708990
2021-05-18,176.89,178.05,173.72,174.18,8545610
2021-05-19,174.0,174.45,170.88,172.65,7294560
2021-05-20,172.45,173.4,170.55,170.99,5982980
2021-05-21,170.97,171.28,167.64,168.97,12097050
2021-05-24,169.28,169.96,168.8,169.68,5618270
2021-05-25,170.25,171.5,168.74,169.75,10657660
2021-05-26,170.1,170.16,168.73,169.95,6761830
2021-05-27,170.25,170.42,167.73,168.17,14823530
2021-05-28,168.0,168.99,167.1,168.31,5587520
2021-05-31,168.5,169.82,167.9,169.14,6395560
2021-06-01,169.45,170.8,168.45,170.3,10940860
2021-06-02,170.4,172.2,169.25,171.14,10891250
2021-06-03,171.5,171.77,169.53,170.53,10769250
2021-06-04,170.75,172.85,169.77,172.8,11433490
2021-06-07,172.92,176.27,171.97,176.01,9924760
2021-06-08,175.84,177.25,172.73,175.75,10661620
2021-06-09,175.75,176.65,174.61,176.15,8508130
2021-06-10,176.0,176.95,175.0,175.54,5558610
2021-06-11,176.0,177.4,173.81,174.96,7887310
2021-06-14,175.0,175.95,174.21,175.01,4173840
2021-06-15,175.03,176.5,174.95,176.06,9193670
2021-06-16,176.11,177.23,174.77,175.56,7738930
2021-06-17,175.3,179.93,173.93,178.79,12638600
2021-06-18,179.0,180.3,175.62,176.69,14162770
2021-06-21,176.63,178.32,175.18,178.2,6839930
2021-06-22,178.2,178.72,175.68,176.25,5461190
2021-06-23,176.89,176.89,174.78,175.28,4522350
2021-06-24,175.3,175.94,173.19,174.15,6066390
2021-06-25,174.9,174.9,171.6,172.46,6687480
2021-06-28,172.8,175.05,172.27,173.73,6552110
2021-06-29,173.51,175.14,170.28,170.82,10380450
2021-06-30,170.6,171.36,168.92,171.05,11090880
2021-07-01,171.2,172.7,169.83,171.3,8324180
2021-07-02,171.1,172.41,170.53,171.1,5012050
2021-07-05,171.29,173.19,170.78,173.07,3848930
2021-07-06,173.29,175.19,170.6,171.8,10294800
2021-07-07,172.2,172.9,170.9,171.52,5137510
2021-07-08,171.0,172.9,170.55,172.48,6364660
2021-07-09,172.96,173.17,171.01,171.55,6036490
2021-07-12,171.9,172.45,170.3,171.82,6406290
2021-07-13,172.4,172.96,170.53,171.1,6010160
2021-07-14,171.49,172.57,170.8,171.85,5823910
2021-07-15,172.3,172.3,170.03,170.7,6729450
2021-07-16,170.89,172.0,168.17,169.51,5840630
2021-07-19,168.99,171.32,163.58,164.2,13504180
2021-07-20,164.7,168.0,164.28,167.58,7496430
2021-07-21,167.81,168.12,166.18,166.6,5298630
2021-07-22,167.0,170.42,166.0,170.39,8994720
2021-07-23,171.0,171.7,169.14,170.0,4130470
2021-07-26,169.49,171.15,168.6,171.05,4211640
2021-07-27,170.95,172.35,169.76,171.63,6164430
2021-07-28,171.64,172.5,171.33,171.9,3289270
2021-07-29,172.0,174.96,171.75,174.32,6389110
2021-07-30,173.9,174.79,172.71,173.41,4319030
2021-08-02,173.01,176.23,173.01,174.3,5425750
2021-08-03,174.33,175.92,172.09,174.3,5815720
2021-08-04,174.16,175.46,174.05,174.35,5219650
2021-08-05,174.4,176.35,174.2,176.0,5129220
2021-08-06,175.99,176.0,174.41,174.5,2996650
2021-08-09,174.78,176.0,173.49,174.93,4213680
2021-08-10,174.8,176.0,174.8,175.79,2834390
2021-08-11,175.98,176.34,175.22,176.03,5871860
2021-08-12,176.22,177.9,175.6,177.48,6008120
2021-08-13,177.4,177.49,174.52,174.74,4449800
2021-08-16,174.52,175.84,173.3,174.71,4042320
2021-08-17,175.11,181.46,174.66,180.45,10869980
2021-08-18,181.49,185.33,181.01,182.95,10615850
2021-08-19,182.0,185.32,180.06,180.71,10564730
2021-08-20,180.99,184.67,178.99,181.1,6366660
2021-08-23,181.9,182.99,180.13,180.88,4408780
2021-08-24,181.89,182.22,179.05,179.79,3649650
2021-08-25,179.79,182.18,179.33,179.73,4583280
2021-08-26,179.5,180.36,178.35,179.83,4820530
2021-08-27,180.1,182.23,180.1,181.83,4526960
2021-08-30,181.85,184.74,181.85,182.52,6196640
2021-08-31,182.9,187.1,182.52,183.73,12062360
2021-09-01,184.99,187.0,184.01,186.62,5035830
2021-09-02,187.3,191.52,186.25,191.02,11304510
2021-09-03,191.4,191.5,185.2,186.39,8134310
2021-09-06,186.68,188.17,184.8,185.56,3747880
2021-09-07,185.12,187.19,184.65,186.9,3637810
2021-09-08,187.0,187.83,181.3,182.49,7243590
2021-09-09,182.95,184.88,181.02,182.29,6355850
2021-09-10,182.84,187.78,182.58,186.09,7498280
2021-09-13,186.15,186.56,183.15,184.5,5202420
2021-09-14,184.9,185.49,180.6,181.23,6281400
2021-09-15,181.3,185.99,181.04,184.77,7712360
2021-09-16,185.0,185.58,178.73,180.3,11549530
2021-09-17,180.65,183.52,180.13,182.08,13622840
2021-09-20,181.57,183.3,179.86,180.77,4933560
2021-09-21,180.3,182.72,180.3,181.68,3925320
2021-09-22,182.34,182.59,177.5,179.31,10415570
2021-09-23,179.84,180.89,178.34,179.8,4167510
2021-09-24,179.96,180.44,178.61,179.37,3060930
2021-09-27,180.39,180.39,176.73,177.77,6124050
2021-09-28,177.71,177.86,172.06,173.5,10097520
2021-09-29,173.17,173.83,170.0,172.82,8231650
2021-09-30,172.9,174.48,172.06,173.76,9871860
2021-10-01,173.4,173.48,169.64,170.96,8615320
2021-10-04,170.5,171.47,167.43,167.73,8730830
2021-10-05,168.27,174.0,167.62,174.0,12163200
2021-10-06,173.15,175.76,171.9,173.74,8347130
2021-10-07,173.89,178.1,172.92,177.06,6140070
2021-10-08,177.51,177.51,173.73,174.9,5589560
2021-10-11,174.45,177.77,174.23,176.54,6212100
2021-10-12,176.7,184.36,175.96,182.82,11979480
2021-10-13,182.56,182.82,177.84,181.36,9192470
2021-10-14,181.99,183.91,180.76,181.42,5074550
2021-10-15,181.7,186.49,179.42,185.72,11404070
2021-10-18,186.3,187.0,183.13,184.09,9995550
2021-10-19,185.9,185.91,178.87,180.44,11203990
2021-10-20,180.52,180.6,171.78,173.5,28703800
2021-10-21,173.49,173.49,170.0,170.68,25894860
2021-10-22,170.6,173.56,169.4,171.0,17708660
2021-10-25,170.55,175.16,170.31,174.23,11990510
2021-10-26,175.0,175.64,171.8,173.43,7801940
2021-10-27,173.0,174.99,171.71,173.69,8214180
2021-10-28,173.02,176.5,173.02,175.52,9518510
2021-10-29,176.14,176.14,172.5,173.35,6776950
2021-11-01,173.15,175.58,172.51,174.82,7878360
2021-11-02,175.28,175.3,173.07,173.17,4963820
2021-11-03,173.17,175.19,171.23,173.9,7407080
2021-11-05,174.68,174.92,172.26,172.97,4454610
2021-11-08,172.97,174.26,172.35,172.9,6261190
2021-11-09,173.42,173.95,172.3,172.9,7510640
2021-11-10,173.28,173.59,169.62,170.16,8135990
2021-11-11,170.26,171.49,167.68,171.11,8593020
2021-11-12,171.49,171.66,168.01,169.64,8092130
2021-11-15,169.27,173.7,168.82,171.69,7431080
2021-11-16,172.18,173.09,168.22,169.26,8291570
2021-11-17,169.4,170.0,168.1,168.49,9928030
2021-11-18,168.49,168.49,164.22,165.35,8356440
2021-11-19,165.88,167.65,160.78,161.8,10348480
2021-11-22,161.5,162.47,151.6,154.35,19091030
2021-11-23,154.0,159.45,151.0,159.45,17924770
2021-11-24,160.1,162.96,153.01,154.25,19663170
2021-11-25,154.48,157.62,154.15,156.33,8664790
2021-11-26,153.3,154.27,149.5,150.05,11866840
2021-11-29,151.89,154.13,151.2,152.07,8462030
2021-11-30,150.03,153.59,148.74,151.15,19257960
2021-12-01,152.82,159.14,152.35,157.21,14539500
2021-12-02,157.9,161.46,157.22,161.0,11520000
2021-12-03,162.7,163.42,157.0,157.8,14025670
2021-12-06,158.49,160.0,154.0,156.7,7302400
2021-12-07,156.9,160.62,152.8,160.24,12235640
2021-12-08,160.75,161.99,155.15,156.5,8337470
2021-12-09,157.0,157.63,153.54,154.22,7114260
2021-12-10,154.4,154.74,150.75,152.53,5902420
2021-12-13,152.15,153.94,147.22,148.15,9696580
2021-12-14,148.15,149.5,138.73,148.06,12752450
2021-12-15,147.51,149.87,144.6,147.0,12599360
2021-12-16,147.37,149.49,146.4,147.75,13357770
2021-12-17,147.51,148.79,144.7,147.48,14051240
2021-12-20,147.3,147.3,143.64,145.72,8910000
2021-12-21,145.8,146.8,144.27,145.3,5938790
2021-12-22,145.48,148.0,144.57,146.7,6101220
2021-12-23,147.45,150.37,146.51,149.19,9933400
2021-12-24,149.71,152.97,148.11,149.53,6320140
2021-12-27,149.9,153.52,149.53,151.7,7257040
2021-12-28,152.15,153.34,151.27,151.42,7215920
2021-12-29,151.84,152.59,150.8,152.57,5271060
2021-12-30,152.57,153.67,152.1,153.22,5319870
2022-01-03,153.59,156.88,153.3,156.46,3940610
2022-01-04,157.37,158.94,155.11,155.95,7463890
2022-01-05,156.47,157.7,148.03,148.24,10794520
2022-01-06,149.73,151.66,146.4,149.02,10618490
2022-01-10,149.02,150.98,142.77,145.3,13598620
2022-01-11,145.87,150.92,145.23,150.03,12567370
2022-01-12,150.33,151.62,147.72,151.38,9701590
2022-01-13,150.75,152.47,145.2,147.65,13781860
2022-01-14,147.66,149.25,137.57,144.27,26874980
2022-01-17,144.63,145.24,136.7,139.32,23172710
2022-01-18,139.98,139.98,128.44,132.0,30127050
2022-01-19,132.18,140.8,124.5,138.64,27393570
2022-01-20,138.64,147.21,137.75,144.0,21942650
2022-01-21,143.84,148.93,141.23,145.98,20544990
2022-01-24,146.56,147.09,137.0,143.33,26108780
2022-01-25,143.4,145.7,138.8,142.84,19066010
2022-01-26,144.05,146.88,139.32,141.22,16298850
2022-01-27,140.71,147.8,140.1,144.91,14853720
2022-01-28,145.25,147.4,142.05,144.4,10289330
2022-01-31,145.43,146.5,143.51,145.05,9555160
2022-02-01,145.1,146.34,143.65,145.57,7456800
2022-02-02,145.57,146.0,141.21,142.9,10490460
2022-02-03,142.47,142.5,136.79,137.69,12342970
2022-02-04,138.54,141.43,137.77,141.09,11178940
2022-02-07,140.01,142.16,139.88,141.59,5688890
2022-02-08,141.66,143.94,140.65,142.05,9790780
2022-02-09,142.3,143.58,141.28,142.19,12337020
2022-02-10,142.43,142.8,139.66,140.06,13385840
2022-02-11,140.06,140.64,135.4,136.2,13340680
2022-02-14,135.95,137.57,131.44,134.49,20189690
2022-02-15,135.0,138.18,133.81,137.5,17746570
2022-02-16,137.31,141.9,136.55,141.89,18255300
2022-02-17,141.0,141.53,135.85,137.49,17753570
2022-02-18,138.48,139.43,132.16,133.16,15903650
2022-02-21,132.4,135.89,110.0,118.78,46477680
2022-02-22,115.0,120.3,108.85,115.79,77162000
2022-02-24,104.15,106.0,73.37,92.54,42143160
2022-02-25,95.51,110.0,91.03,95.51,24021070
2022-03-24,94.51,110.1,91.11,100.75,7931080
2022-03-25,107.88,108.0,95.3,96.57,3164920
2022-03-28,97.1,97.1,92.04,93.5,2441510
2022-03-29,92.0,94.0,86.0,88.42,5223940
2022-03-30,89.5,92.23,87.8,92.0,4273670
2022-03-31,93.97,100.0,92.68,99.5,8065750
2022-04-01,101.2,114.0,101.2,111.45,12975340
2022-04-04,111.91,117.0,110.0,111.07,8141330
2022-04-05,112.45,112.45,100.0,103.65,6584740
2022-04-06,103.8,106.0,100.17,102.05,2929220
2022-04-07,102.0,109.9,101.66,103.18,3703180
2022-04-08,103.26,104.66,100.5,102.29,1883490
2022-04-11,102.74,103.7,100.7,100.77,1407440
2022-04-12,101.1,101.48,96.5,99.5,2422290
2022-04-13,100.0,100.88,98.2,99.32,1289640
2022-04-14,99.85,99.85,93.5,93.5,2003520
2022-04-15,93.5,94.43,90.12,93.65,3415500
2022-04-18,93.7,95.0,90.85,90.85,1253150
2022-04-19,90.9,90.99,87.22,89.1,2495370
2022-04-20,89.01,93.7,87.06,92.49,2539650
2022-04-21,93.05,94.83,90.17,90.52,1741820
2022-04-22,90.51,91.97,89.2,90.05,1175860
2022-04-25,90.05,90.43,87.7,88.0,1221450
2022-04-26,88.8,91.44,88.04,90.8,2896120
2022-04-27,91.08,94.44,89.74,93.25,2707870
2022-04-28,94.39,97.78,92.0,92.48,3220680
2022-04-29,93.52,95.0,92.67,94.79,1796340
2022-05-04,94.8,96.82,90.89,90.89,2218800
2022-05-05,92.0,92.25,91.08,91.21,1106190
2022-05-06,91.21,91.7,90.0,90.27,789570
2022-05-11,90.5,90.99,89.0,89.65,1462230
2022-05-12,89.99,89.99,87.8,87.97,1496220
2022-05-13,88.2,88.89,88.05,88.3,717560
2022-05-16,88.5,89.8,88.21,89.06,1642430
2022-05-17,89.23,91.2,88.34,91.07,2363580
2022-05-18,91.17,94.4,91.0,91.07,2650160
2022-05-19,91.2,91.95,89.22,90.14,1476160
2022-05-20,90.42,91.95,89.2,89.6,1525650
2022-05-23,90.0,90.8,88.01,88.5,1050440
2022-05-24,88.9,89.96,86.7,88.7,1493370
2022-05-25,88.96,89.68,88.05,88.93,1286890
2022-05-26,89.1,91.16,89.09,90.25,1976300
2022-05-27,91.1,92.7,90.01,90.65,2415050
2022-05-30,90.99,91.96,89.12,89.21,1397580
2022-05-31,89.21,89.56,87.62,88.0,1416340
2022-06-01,88.0,90.0,87.0,87.5,2331670
2022-06-02,87.8,88.0,86.0,86.72,2047310
2022-06-03,87.3,90.66,84.5,88.7,9653690
2022-06-06,88.7,89.24,86.25,86.58,1787240
2022-06-07,86.56,87.1,85.2,86.14,1927800
2022-06-08,86.0,88.0,85.19,86.35,1807900
2022-06-09,86.01,86.87,85.5,85.89,1268110
2022-06-10,85.9,86.76,85.38,85.7,1470840
2022-06-14,85.72,86.33,85.06,85.51,1517080
2022-06-15,85.55,86.0,85.11,85.39,1465660
2022-06-16,85.5,87.59,85.3,87.09,2776730
2022-06-17,87.19,87.45,85.41,86.05,1731010
2022-06-20,86.14,88.83,86.14,88.45,3980320
2022-06-21,89.5,89.5,87.0,87.22,2696720
2022-06-22,87.15,87.17,86.0,86.58,1990320
2022-06-23,86.9,88.1,86.01,87.81,2380070
2022-06-24,88.0,89.37,87.24,89.37,2694830
2022-06-27,89.3,92.17,89.04,90.25,4289160
2022-06-28,90.8,91.48,87.9,87.95,3143660
2022-06-29,87.95,89.35,86.21,86.9,3923480
2022-06-30,87.17,88.16,85.0,85.77,5090200
2022-07-01,85.77,86.8,84.03,85.36,3657380
2022-07-04,85.26,86.3,84.8,85.02,1850900
2022-07-05,84.89,85.87,84.26,85.26,2200500
2022-07-06,85.26,86.68,85.0,85.48,2258090
2022-07-07,85.5,85.9,85.04,85.31,1622230
2022-07-08,85.5,85.75,85.07,85.2,1575930
2022-07-11,85.3,86.1,84.0,84.48,2215400
2022-07-12,84.06,84.39,81.71,83.48,5820670
2022-07-13,83.35,84.59,80.77,81.55,2619800
2022-07-14,82.29,83.46,81.1,81.9,2908470
2022-07-15,82.75,82.75,81.2,82.5,1772980
2022-07-18,83.27,83.5,82.0,82.92,1853150
2022-07-19,82.92,82.92,81.31,82.05,1468220
2022-07-20,82.0,82.9,82.0,82.43,1276280
2022-07-21,82.43,83.29,81.52,82.37,1175990
2022-07-22,82.37,84.82,82.2,84.81,1951540
2022-07-25,84.7,85.45,83.85,84.63,1530430
2022-07-26,85.0,86.79,84.71,86.7,2446410
2022-07-27,87.1,87.82,85.8,86.5,2177890
2022-07-28,86.62,87.08,85.25,85.96,1414910
2022-07-29,85.88,86.9,85.65,86.2,1137630
2022-08-01,86.25,86.27,84.05,84.91,2370230
2022-08-02,84.21,84.78,82.55,82.82,1594590
2022-08-03,83.2,83.94,82.57,82.82,1188170
2022-08-04,82.9,85.34,82.02,83.32,1408990
2022-08-05,83.4,83.54,80.77,81.32,2011170
2022-08-08,86.3,86.3,81.64,81.88,3237670
2022-08-09,81.6,83.14,81.4,82.9,1955580
2022-08-10,82.8,83.6,82.35,83.16,1887030
2022-08-11,83.41,84.92,82.79,83.81,4362540
2022-08-12,84.0,85.84,82.5,85.76,3025580
2022-08-15,86.0,86.9,85.08,86.84,3640650
2022-08-16,86.92,87.25,86.02,86.38,2847980
2022-08-17,86.69,87.0,84.85,85.29,2579840
2022-08-18,84.92,85.75,84.26,85.4,2084920
2022-08-19,86.16,87.0,84.01,86.77,5844710
2022-08-22,86.85,88.77,86.21,88.17,6258000
2022-08-23,88.4,88.79,87.65,88.39,3233210
2022-08-24,88.4,88.5,87.8,87.93,1900970
2022-08-25,87.85,88.59,86.61,88.52,3105710
2022-08-26,88.59,89.49,88.47,89.3,3294870
2022-08-29,89.5,92.0,89.15,90.5,4304110
2022-08-30,90.8,91.44,89.52,89.65,3328710
2022-08-31,96.3,96.3,88.68,90.5,5502880
2022-09-01,91.0,96.77,90.49,95.96,12812420
2022-09-02,96.35,96.78,94.6,95.88,6142150
2022-09-05,95.98,96.25,94.5,95.41,3289430
2022-09-06,95.61,98.49,92.8,95.8,11017320
2022-09-07,96.0,96.2,93.61,94.05,5217870
2022-09-08,94.1,94.53,92.92,93.5,3742860
2022-09-09,93.71,95.29,93.57,95.24,2646980
2022-09-12,95.2,96.52,94.26,96.05,4457570
2022-09-13,96.24,96.69,94.5,95.03,2480240
2022-09-14,95.03,95.17,93.52,94.18,3125180
2022-09-15,94.2,96.6,94.04,95.54,3876880
2022-09-16,96.0,96.4,94.7,94.98,2025870
2022-09-19,95.0,95.54,94.27,94.8,2129430
2022-09-20,95.2,95.27,87.0,88.26,10643290
2022-09-21,82.0,87.0,78.01,82.9,10823120
2022-09-22,82.9,87.36,82.42,85.08,4421830
2022-09-23,85.55,85.55,82.25,83.72,4686560
2022-09-26,82.02,82.74,74.84,76.95,9451210
2022-09-27,77.85,79.89,77.1,79.89,3660000
2022-09-28,79.49,80.75,77.34,78.31,3228690
2022-09-29,78.31,79.2,74.18,76.25,5805490
2022-09-30,76.48,78.47,73.11,76.96,7909170
2022-10-03,77.35,79.99,77.02,79.92,4607770
2022-10-04,80.24,81.65,77.52,79.3,5024390
2022-10-05,78.85,79.21,76.65,78.5,5617690
2022-10-06,78.7,79.49,77.5,77.72,3069160
2022-10-07,78.24,78.24,73.1,73.19,6154340
2022-10-10,69.7,75.8,69.7,75.6,7948340
2022-10-11,75.6,76.9,75.04,76.52,3717300
2022-10-12,76.7,77.75,75.25,76.38,3935560
2022-10-13,76.3,77.45,76.03,76.99,2408470
2022-10-14,77.3,77.35,75.6,76.43,2904870
2022-10-17,76.62,79.5,76.06,79.34,3712680
2022-10-18,79.87,80.17,77.83,78.61,4954990
2022-10-19,78.3,79.99,77.25,79.31,6087550
2022-10-20,79.78,81.35,78.87,80.88,4611810
2022-10-21,80.78,83.49,79.81,82.49,4044930
2022-10-24,83.2,84.58,82.0,83.47,3999990
2022-10-25,83.4,84.98,82.61,84.23,3679180
2022-10-26,84.49,85.18,82.21,83.67,3845310
2022-10-27,83.93,85.14,83.55,84.35,3731930
2022-10-28,84.4,86.47,83.67,85.38,5195780
2022-10-31,86.0,86.16,84.74,85.8,2380400
2022-11-01,85.8,86.29,84.6,84.76,3588330
2022-11-02,84.76,84.76,82.22,83.41,2843110
2022-11-03,83.39,85.19,82.32,84.92,4657910
2022-11-07,85.24,87.35,85.07,87.22,4182020
2022-11-08,87.37,87.4,86.12,86.82,2763330
2022-11-09,86.41,86.8,84.09,84.88,4303470
2022-11-10,85.0,86.77,84.96,86.66,3611270
2022-11-11,87.0,87.94,86.36,86.76,3701410
2022-11-14,87.1,88.13,85.9,86.53,3018850
2022-11-15,86.87,87.92,83.62,85.53,6836000
2022-11-16,85.55,87.24,85.55,86.9,2137510
2022-11-17,86.8,88.95,86.63,88.23,5675490
2022-11-18,88.23,89.44,87.87,88.81,6546400
2022-11-21,88.51,88.68,86.64,86.95,4691760
2022-11-22,87.0,88.0,86.31,87.8,2641850
2022-11-23,87.99,88.29,87.4,87.68,1917470
2022-11-24,87.7,87.93,87.03,87.74,1418930
2022-11-25,87.78,87.88,87.23,87.6,1900190
2022-11-28,87.0,87.6,86.32,86.7,2435820
2022-11-29,86.71,87.45,86.71,87.29,1991830
2022-11-30,87.0,87.3,86.71,87.25,762020
2022-12-01,87.28,87.55,87.0,87.25,1151160
2022-12-02,87.25,87.5,86.82,87.02,1400240
2022-12-05,87.4,89.7,86.8,88.43,4389780
2022-12-06,88.54,88.81,87.76,88.1,2180310
2022-12-07,87.73,88.78,87.5,88.42,1285800
2022-12-08,88.89,88.89,87.92,88.18,851580
2022-12-09,88.0,88.5,87.95,88.17,743790
2022-12-12,88.0,88.43,87.03,87.66,969330
2022-12-13,87.75,88.04,87.42,87.68,1153610
2022-12-14,87.69,87.92,85.0,85.92,2852330
2022-12-15,86.1,86.1,84.22,85.03,2362240
2022-12-16,85.03,85.26,84.67,84.95,947220
2022-12-19,84.95,86.98,84.05,85.17,2750050
2022-12-20,85.0,89.0,85.0,88.8,3821250
2022-12-21,88.83,94.57,88.56,94.05,11391380
2022-12-22,94.21,95.48,91.52,93.18,6948490
2022-12-23,93.0,93.5,92.07,92.86,2751360
2022-12-26,92.89,94.85,92.51,93.85,2469110
2022-12-27,93.69,95.83,93.5,94.2,3508210
2022-12-28,94.2,95.19,94.0,94.91,2060250
2022-12-29,94.81,95.34,94.26,94.88,1647510
2022-12-30,95.18,95.72,94.01,95.4,2439250
2023-01-03,95.4,96.15,94.9,95.55,1337090
2023-01-04,95.55,95.96,95.0,95.8,1145050
2023-01-05,95.96,96.18,95.0,95.79,1174080
2023-01-06,95.8,96.4,95.02,95.19,2606720
2023-01-09,95.0,95.79,95.0,95.53,1961240
2023-01-10,95.5,95.56,94.4,94.92,2509940
2023-01-11,95.15,98.8,94.81,98.59,6226870
2023-01-12,98.59,99.65,97.55,98.25,3857990
2023-01-13,98.55,99.41,97.72,98.98,2357940
2023-01-16,99.35,105.32,99.02,105.06,11280370
2023-01-17,105.62,105.62,102.22,102.78,8599660
2023-01-18,102.21,103.87,102.06,103.15,4326190
2023-01-19,102.79,103.24,99.64,100.25,5177420
2023-01-20,100.25,101.2,99.42,101.19,3978550
2023-01-23,101.35,102.28,100.52,101.7,3869230
2023-01-24,101.99,104.4,101.56,102.5,5357730
2023-01-25,102.24,103.06,101.73,102.55,2213220
2023-01-26,102.95,104.2,102.65,103.92,2148140
2023-01-27,104.0,104.0,103.02,103.74,1946570
2023-01-30,103.76,104.71,103.1,104.18,2067650
2023-01-31,104.24,108.4,104.24,107.35,7659240
2023-02-01,107.77,108.76,106.05,107.66,4860150
2023-02-02,107.94,109.11,107.23,107.97,4016870
2023-02-03,107.93,108.48,106.31,107.63,3850930
2023-02-06,107.16,109.98,107.02,109.77,3607350
2023-02-07,109.8,110.49,108.6,109.1,3066790
2023-02-08,109.1,109.84,107.78,108.39,3061260
2023-02-09,108.51,108.76,106.8,108.1,2870070
2023-02-10,107.47,108.24,107.22,108.2,1506700
2023-02-13,107.97,108.86,107.4,108.49,1376750
2023-02-14,108.29,108.68,106.35,106.73,3226790
2023-02-15,106.36,106.49,101.57,102.88,5749960
2023-02-16,103.15,105.36,102.84,104.22,3188950
2023-02-17,103.62,107.2,103.0,107.12,5870160
2023-02-20,106.56,107.8,104.52,106.6,4917330
2023-02-21,106.67,110.54,106.67,109.27,7031940
2023-02-22,109.25,109.25,107.66,108.6,2707860
2023-02-24,108.5,110.88,108.26,110.49,3706620
2023-02-27,109.85,116.0,109.51,115.41,12833090
2023-02-28,115.5,116.34,114.3,115.33,7385670
2023-03-01,115.49,117.5,115.47,117.1,7524200
2023-03-02,117.1,117.96,114.82,115.48,11364400
2023-03-03,115.5,117.99,115.5,117.95,4791860
2023-03-06,119.0,123.99,118.58,123.87,16956310
2023-03-07,124.0,124.92,122.41,123.23,10791770
2023-03-09,123.25,124.62,121.7,123.24,8197150
2023-03-10,123.29,123.89,116.26,117.0,43663540
2023-03-13,117.0,117.39,112.35,113.9,32453310
2023-03-14,113.8,114.7,112.54,113.76,10834740
2023-03-15,114.31,114.31,111.01,111.38,11108690
2023-03-16,111.48,112.11,109.34,111.71,13890780
2023-03-17,112.89,113.89,112.01,112.89,14821140
2023-03-20,113.0,114.15,111.79,113.88,10071510
2023-03-21,114.0,114.45,112.22,112.72,6381350
2023-03-22,112.34,113.63,112.21,113.04,2865980
2023-03-23,113.0,113.4,112.21,112.26,3626640
2023-03-24,112.49,113.4,112.1,112.68,4936740
2023-03-27,113.05,113.22,112.42,112.89,5206230
2023-03-28,113.14,113.16,112.02,112.47,3206790
2023-03-29,112.52,112.8,111.8,112.5,4602270
2023-03-30,112.7,112.7,112.11,112.41,3329460
2023-03-31,112.45,113.45,111.23,112.55,8532440
2023-04-03,112.86,114.32,112.1,113.86,6483160
2023-04-04,114.2,114.95,112.5,112.77,7951080
2023-04-05,112.62,113.04,111.51,112.58,4146030
2023-04-06,112.7,112.98,111.81,112.07,4051860
2023-04-07,111.9,112.92,111.17,112.27,4847360
2023-04-10,112.5,112.5,111.81,112.14,5028200
2023-04-11,112.28,112.34,111.02,111.11,7460020
2023-04-12,111.28,111.5,110.2,110.8,4724640
2023-04-13,110.83,110.9,110.05,110.65,3401290
2023-04-14,110.62,112.0,110.36,111.81,4150070
2023-04-17,112.09,112.94,111.81,112.04,3993030
2023-04-18,112.05,112.99,111.31,112.17,5493380
2023-04-19,112.19,112.2,110.2,110.9,5244580
2023-04-20,110.9,112.68,109.81,110.86,7989850
2023-04-21,111.2,111.36,110.56,110.97,2667040
2023-04-24,111.11,111.8,110.74,110.81,3678650
2023-04-25,110.99,111.05,110.57,110.74,2620870
2023-04-26,110.9,111.53,110.6,111.09,2395280
2023-04-27,111.25,111.25,110.57,110.68,2793770
2023-04-28,110.53,110.67,108.0,110.04,5879720
2023-05-02,109.88,110.27,108.0,108.37,4025720
2023-05-03,108.4,109.47,106.21,106.72,5706880
2023-05-04,107.0,109.38,106.82,109.22,3806970
2023-05-05,109.3,110.49,108.72,109.65,4341150
2023-05-08,109.35,109.74,107.75,108.0,2010550
2023-05-10,107.82,110.97,107.76,110.67,4201040
2023-05-11,110.12,111.5,108.32,109.55,5428340
2023-05-12,109.84,110.5,108.5,109.17,2957160
2023-05-15,109.5,110.8,109.41,110.63,2111180
2023-05-16,110.96,112.35,110.6,111.99,5388740
2023-05-17,111.99,112.77,111.78,112.52,4101440
2023-05-18,112.75,113.1,111.53,112.44,4260860
2023-05-19,112.3,113.82,111.3,113.82,5075840
2023-05-22,114.4,116.15,114.04,115.17,11405370
2023-05-23,115.2,115.28,112.4,114.02,6156040
2023-05-24,114.25,114.25,112.64,113.3,3351140
2023-05-25,113.71,114.75,112.7,113.53,2567850
2023-05-26,113.3,114.85,113.3,114.3,2758490
2023-05-29,114.99,115.91,114.3,115.61,4859260
2023-05-30,114.99,115.7,113.72,114.41,5961440
2023-05-31,114.16,117.19,113.26,116.32,6163110
2023-06-01,116.76,117.31,115.02,115.59,3985030
2023-06-02,115.85,121.7,115.66,120.88,15378880
2023-06-05,121.79,123.49,119.0,119.98,11641560
2023-06-06,119.89,121.87,118.14,121.53,5800450
2023-06-07,121.51,123.99,120.56,122.45,6643730
2023-06-08,122.45,123.7,121.8,123.0,3100430
2023-06-09,122.55,126.93,122.55,126.2,12741560
2023-06-13,127.0,127.84,125.51,126.88,8965510
2023-06-14,126.57,128.65,126.53,128.3,10290010
2023-06-15,124.28,124.87,123.32,124.26,17231000
2023-06-16,124.1,124.5,123.63,124.06,3941220
2023-06-19,124.0,124.3,121.65,123.53,5687810
2023-06-20,123.34,124.12,122.7,123.76,3626840
2023-06-21,123.89,124.98,123.17,124.46,4874570
2023-06-22,124.55,124.89,122.75,123.1,2972310
2023-06-23,122.66,123.05,119.1,120.72,5843950
2023-06-26,122.0,123.0,118.15,120.89,5366600
2023-06-27,120.46,122.95,120.08,122.68,3443630
2023-06-28,122.71,123.8,121.68,123.5,3125240
2023-06-29,123.85,124.79,123.52,124.39,2807110
2023-06-30,124.42,124.54,122.15,123.06,2980890
2023-07-03,123.33,124.15,121.8,122.19,3739390
2023-07-04,122.56,122.56,120.5,121.07,3170060
2023-07-05,121.58,122.49,121.34,122.36,1683110
2023-07-06,122.38,124.3,122.31,123.17,3298700
2023-07-07,123.49,123.49,122.2,122.74,2170390
2023-07-10,123.35,124.4,122.35,124.2,3824180
2023-07-11,124.5,124.5,123.52,124.26,2528150
2023-07-12,124.4,126.4,124.4,125.71,5509380
2023-07-13,126.5,126.98,124.0,125.19,4512410
2023-07-14,125.18,126.35,124.36,125.7,2369320
2023-07-17,125.38,127.05,125.1,126.68,3616110
2023-07-18,126.6,128.6,126.52,128.39,4172450
2023-07-19,128.49,128.83,125.75,127.05,4362490
2023-07-20,127.0,127.15,124.5,124.7,4105540
2023-07-21,124.58,126.4,124.14,126.12,2993090
2023-07-24,125.98,126.7,125.12,125.89,2333620
2023-07-25,125.95,130.88,125.8,130.22,10046430
2023-07-26,130.66,134.4,129.4,131.7,10381810
2023-07-27,132.31,133.23,130.52,131.15,4387930
2023-07-28,131.2,132.29,130.1,131.16,5511740
2023-07-31,131.69,135.08,131.3,134.0,7641340
2023-08-01,134.48,135.84,133.0,135.55,7112650
2023-08-02,135.8,136.0,134.1,134.8,5156250
2023-08-03,134.5,135.08,133.3,134.28,7327470
2023-08-04,134.5,135.65,125.37,131.55,15736340
2023-08-07,132.0,132.99,127.0,130.47,9322560
2023-08-08,130.47,132.57,128.11,132.01,5246160
2023-08-09,132.09,132.89,130.68,132.0,2415900
2023-08-10,132.0,136.85,131.42,136.0,11265330
2023-08-11,136.05,136.68,134.2,135.46,5190860
2023-08-14,136.0,137.5,132.5,134.04,9479110
2023-08-15,133.4,143.12,131.69,140.2,24447650
2023-08-16,140.21,142.02,137.37,139.7,15819810
2023-08-17,139.97,146.74,138.08,145.87,20424690
2023-08-18,145.8,154.3,145.3,153.81,36517250
2023-08-21,154.5,155.4,151.23,153.15,16588040
2023-08-22,152.96,156.85,151.53,156.46,13117700
2023-08-23,157.1,158.02,150.57,150.83,20910320
2023-08-24,151.53,155.08,150.6,153.91,9168230
2023-08-25,154.0,155.97,152.23,155.2,7859770
2023-08-28,155.95,162.5,155.7,160.65,18574670
2023-08-29,161.2,162.65,160.1,162.45,10668890
2023-08-30,162.51,169.87,162.5,169.74,19018030
2023-08-31,170.0,173.13,168.2,172.25,17141250
2023-09-01,172.0,172.9,167.57,170.42,14556040
2023-09-04,171.97,173.0,170.35,171.11,9467530
2023-09-05,171.11,171.49,168.9,170.03,9002840
2023-09-06,170.55,172.19,169.2,171.3,11068860
2023-09-07,171.3,175.3,168.1,169.22,26389290
2023-09-08,169.0,170.0,165.42,167.98,13351120
2023-09-11,167.37,170.71,164.91,167.65,13240720
2023-09-12,169.1,171.88,167.7,171.35,9369200
2023-09-13,171.85,171.97,168.8,169.72,4097050
2023-09-14,170.06,170.93,166.8,169.89,6669480
2023-09-15,169.8,177.45,169.46,177.05,17110820
2023-09-18,178.0,179.88,174.1,175.34,15220590
2023-09-19,175.18,175.18,171.75,172.5,10143030
2023-09-20,172.24,174.98,169.9,171.69,10530520
2023-09-21,171.69,173.98,170.05,173.06,9151610
2023-09-22,173.6,183.15,172.53,182.07,19643440
2023-09-25,182.83,183.49,179.06,181.17,9694240
2023-09-26,180.24,184.6,180.02,182.94,20212910
2023-09-27,183.0,183.8,181.48,183.27,7884180
2023-09-28,183.5,183.82,176.14,178.69,28006590
2023-09-29,178.67,179.8,175.54,179.03,11717700
2023-10-02,179.8,182.83,179.4,181.87,8866380
2023-10-03,181.4,182.79,178.67,182.12,7067280
2023-10-04,182.12,183.29,180.57,181.05,4844540
2023-10-05,181.28,183.65,180.28,182.84,6167170
2023-10-06,183.3,183.55,180.36,182.59,5445830
2023-10-09,183.19,183.19,180.61,181.01,3775260
2023-10-10,181.01,183.0,180.06,182.76,4037400
2023-10-11,182.8,184.77,178.83,179.2,7520620
2023-10-12,179.52,187.0,179.44,186.55,14474190
2023-10-13,186.2,187.68,184.26,185.6,8167180
2023-10-16,186.3,188.49,185.9,188.37,5488270
2023-10-17,188.37,190.9,187.0,190.69,7764500
2023-10-18,190.7,191.71,188.27,190.21,6219970
2023-10-19,189.62,191.17,188.61,190.4,4467070
2023-10-20,190.4,190.95,188.16,189.18,3825040
2023-10-23,188.8,188.92,185.49,186.78,4607690
2023-10-24,186.78,189.82,185.47,188.65,4139720
2023-10-25,188.65,188.73,186.85,187.6,2112650
2023-10-26,187.01,188.48,185.88,188.15,4754390
2023-10-27,187.77,193.06,187.77,191.5,13618910
2023-10-30,191.6,194.39,190.18,191.59,9155710
2023-10-31,191.5,192.08,188.47,189.71,6001600
2023-11-01,189.7,193.0,189.5,192.89,3575050
2023-11-02,192.9,200.27,192.9,199.55,17221810
2023-11-03,200.0,205.1,196.71,203.93,21306790
2023-11-06,204.0,207.47,202.2,205.49,9691630
2023-11-07,205.61,207.13,202.55,205.34,8730420
2023-11-08,204.92,206.57,203.7,204.05,5187510
2023-11-09,204.3,205.86,203.26,205.11,4324800
2023-11-10,205.11,211.77,204.58,211.1,12160830
2023-11-13,210.05,212.5,200.1,202.49,20324660
2023-11-14,201.5,202.24,197.52,198.41,11886860
2023-11-15,197.7,202.95,195.27,202.79,10458020
2023-11-16,202.95,204.96,200.62,202.13,7778610
2023-11-17,202.4,202.94,200.27,201.84,3303710
2023-11-20,201.84,202.8,200.82,201.92,2998030
2023-11-21,201.52,205.95,201.4,205.63,5685060
2023-11-22,206.19,207.7,205.76,206.9,4300290
2023-11-23,207.32,207.5,204.32,205.46,2766280
2023-11-24,205.97,207.11,203.75,205.38,3150630
2023-11-27,205.79,209.6,205.79,208.22,7844340
2023-11-28,209.0,209.14,200.42,201.71,12482400
2023-11-29,201.79,203.4,200.78,201.47,4030820
2023-11-30,201.5,201.68,198.06,199.69,4614020
2023-12-01,199.5,200.5,197.71,198.9,3167990
2023-12-04,198.5,202.48,196.0,200.05,5446230
2023-12-05,201.02,203.4,198.5,202.88,4311200
2023-12-06,203.56,204.28,197.8,198.22,5768020
2023-12-07,198.22,200.7,194.29,197.13,7300700
2023-12-08,197.33,199.76,197.15,198.47,2470030
2023-12-11,198.47,199.8,188.51,189.79,8443540
2023-12-12,189.41,190.87,184.7,186.14,8653250
2023-12-13,186.52,188.68,184.28,187.76,3834300
2023-12-14,188.01,193.56,187.77,192.4,7426580
2023-12-15,193.3,196.53,190.9,194.6,7282570
2023-12-18,195.49,203.0,194.24,201.86,7306110
2023-12-19,201.86,206.0,197.87,200.4,9298200
2023-12-20,201.46,202.75,199.1,199.91,5155670
2023-12-21,199.9,199.97,192.85,192.9,10002510
2023-12-22,192.85,196.49,192.08,194.0,7323950
2023-12-25,194.38,195.85,191.03,192.61,5766270
2023-12-26,192.52,193.32,190.54,191.9,2869470
2023-12-27,192.46,192.89,189.49,190.0,3119750
2023-12-28,190.21,191.0,186.21,189.31,3491000
2023-12-29,189.69,190.77,188.0,189.57,2154760
2024-01-03,190.23,195.88,189.62,195.4,3710910
2024-01-04,195.99,196.32,193.2,193.84,2159380
2024-01-05,194.14,194.55,192.26,193.08,2009470
2024-01-08,193.08,194.29,192.74,193.69,1683590
2024-01-09,194.13,194.95,193.01,194.43,2513010
2024-01-10,194.2,195.67,193.05,193.18,3504410
2024-01-11,193.57,194.21,191.15,192.9,3222520
2024-01-12,192.95,193.78,192.25,192.8,2541050
2024-01-15,193.4,194.5,192.93,194.45,2321790
2024-01-16,194.67,195.09,191.05,192.05,3972750
2024-01-17,192.05,193.28,191.5,192.9,2395010
2024-01-18,193.29,195.45,192.38,193.73,5185210
2024-01-19,194.0,194.69,192.0,192.91,2251050
2024-01-22,192.91,199.83,192.5,199.21,10940750
2024-01-23,199.2,201.48,196.63,198.03,7429020
2024-01-24,198.09,199.35,196.35,198.83,3445540
2024-01-25,199.23,199.29,195.66,197.52,3784380
2024-01-26,197.74,198.95,196.34,198.21,2184220
2024-01-29,198.61,209.9,198.4,204.91,27190100
2024-01-30,204.55,205.88,202.55,203.48,7519610
2024-01-31,204.09,204.09,201.02,202.82,4270520
2024-02-01,202.75,205.45,202.51,205.0,3400950
2024-02-02,205.06,205.46,201.54,202.1,4374480
2024-02-05,202.16,203.81,199.55,200.5,3786690
2024-02-06,200.1,201.74,199.55,200.95,2512790
2024-02-07,200.95,204.0,199.1,202.75,5290760
2024-02-08,202.95,203.39,197.56,198.17,7983030
2024-02-09,198.2,200.65,196.55,198.99,3897160
2024-02-12,199.39,200.09,197.44,199.01,3279470
2024-02-13,199.0,201.53,199.0,200.14,3985600
2024-02-14,200.0,200.9,198.06,198.46,2544470
2024-02-15,198.45,198.88,196.8,198.1,3184210
2024-02-16,198.1,199.1,195.05,195.97,5502760
2024-02-19,195.9,198.78,195.34,196.6,4164760
2024-02-20,196.95,196.95,188.12,189.2,5851160
2024-02-21,188.0,191.91,187.1,190.01,11017550
2024-02-22,189.2,191.8,183.5,190.9,18567610
2024-02-26,199.48,200.0,194.75,197.5,17673790
2024-02-27,198.0,201.97,196.12,199.36,9553610
2024-02-28,199.76,200.99,198.64,199.47,5753210
2024-02-29,199.77,201.39,198.02,199.59,6254340
2024-03-01,200.07,200.48,198.3,199.31,4936570
2024-03-04,200.0,201.9,199.32,200.97,6508440
2024-03-05,201.34,207.2,199.1,206.99,29743520
2024-03-06,207.47,207.48,204.64,205.6,9085040
2024-03-07,205.6,209.0,204.7,209.0,11293420
2024-03-11,210.0,211.0,207.24,208.79,7083110
2024-03-12,208.79,209.3,207.02,208.6,2908100
2024-03-13,208.6,209.0,207.75,208.0,3880600
2024-03-14,207.8,208.3,206.2,207.45,4113530
2024-03-15,207.42,211.5,206.8,210.75,7011600
2024-03-18,210.2,211.64,208.02,209.25,4296860
2024-03-19,209.2,210.0,207.5,208.41,5918280
2024-03-20,208.6,213.88,208.39,213.25,8127250
2024-03-21,214.0,215.9,212.02,212.85,7027940
2024-03-22,213.28,217.0,211.01,212.18,14542220
2024-03-25,212.92,215.87,211.23,213.97,6617120
2024-03-26,214.6,215.5,213.5,215.33,5439470
2024-03-27,215.35,220.5,215.09,219.99,7901340
2024-03-28,220.0,222.8,217.0,218.54,7450150
2024-03-29,218.54,222.89,217.65,222.72,4598010
2024-04-01,223.0,225.0,222.81,225.0,5018130
2024-04-02,225.0,229.9,224.0,229.78,6263970
2024-04-03,229.9,230.0,228.4,229.17,4266020
2024-04-04,229.6,229.64,226.58,226.7,4534910
2024-04-05,226.8,232.0,226.8,230.71,5936980
2024-04-08,231.6,234.0,229.21,230.4,8369710
2024-04-09,230.86,233.18,227.8,230.5,4242020
2024-04-10,230.96,230.96,228.22,228.92,3866090
2024-04-11,229.0,229.77,225.58,226.94,5505570
2024-04-12,227.47,231.73,226.49,230.33,5772470
2024-04-15,230.4,231.94,228.9,230.11,4113330
2024-04-16,230.11,230.11,227.2,228.96,3443030
2024-04-17,228.88,229.44,227.71,228.76,2350060
2024-04-18,228.76,229.9,226.21,228.46,5755180
2024-04-19,228.27,228.81,227.25,227.94,2728920
2024-04-22,228.46,229.0,226.51,227.47,3056350
2024-04-23,227.93,228.25,224.0,225.18,4777240
2024-04-24,225.2,225.5,224.1,224.83,3644910
2024-04-25,225.18,227.89,224.39,227.31,5208380
2024-04-26,227.79,233.89,227.43,230.0,7306710
2024-04-29,232.2,236.52,232.2,234.99,5349080
2024-04-30,235.07,236.4,232.18,236.2,2694440
2024-05-02,236.9,237.66,234.12,235.07,4251200
2024-05-03,235.02,236.13,233.65,235.21,2858680
2024-05-06,234.99,235.18,228.0,229.36,8770790
2024-05-07,229.0,232.84,228.0,232.73,4455790
2024-05-08,233.0,233.0,229.75,230.91,3787250
2024-05-10,230.9,233.44,230.64,233.18,3810160
2024-05-13,232.0,232.47,230.3,231.72,5645520
2024-05-14,231.59,233.39,231.26,232.55,3012090
2024-05-15,233.02,234.81,230.7,232.7,4620190
2024-05-16,233.2,238.4,232.14,236.59,5370210
2024-05-17,236.59,239.88,235.9,237.95,4702530
2024-05-20,238.42,241.5,234.73,236.51,6707360
2024-05-21,236.55,239.2,235.0,238.06,3717730
2024-05-22,238.26,239.87,236.33,237.53,3168560
2024-05-23,237.24,238.29,234.1,237.0,4428030
2024-05-24,237.46,237.5,234.85,237.0,3652190
2024-05-27,237.0,238.23,235.0,236.93,3844550
2024-05-28,237.7,240.9,231.79,239.69,7052240
2024-05-29,240.52,246.46,240.26,245.6,7456260
2024-05-30,245.5,247.5,242.01,244.14,5924060
2024-05-31,244.16,247.25,232.59,239.66,8087730
2024-06-03,240.0,244.98,234.2,239.67,9569820
2024-06-04,240.5,250.0,238.22,249.54,10713220
2024-06-05,249.54,251.45,246.0,248.99,6323220
2024-06-06,249.52,251.84,247.15,249.19,4140810
2024-06-07,250.0,252.68,247.0,248.37,6867750
2024-06-10,249.0,250.0,245.01,247.41,3719710
2024-06-11,247.41,252.32,245.68,251.94,6502070
2024-06-13,226.04,249.84,212.04,249.46,57316680
2024-06-14,235.5,240.87,233.21,240.1,27546490
2024-06-17,240.04,241.94,234.52,235.5,10277430
2024-06-18,234.72,236.16,226.81,230.1,11040640
2024-06-19,229.6,234.9,225.6,229.81,9205910
2024-06-20,229.85,233.49,226.48,231.21,9608770
2024-06-21,231.15,232.49,224.5,225.0,6832570
2024-06-24,224.5,227.2,219.12,220.19,10357020
2024-06-25,220.01,226.78,218.52,226.19,7747030
2024-06-26,226.8,229.01,225.5,228.28,4114000
2024-06-27,229.18,230.0,227.0,228.3,2890540
2024-06-28,228.36,230.0,227.5,229.1,2801990
2024-07-01,229.1,232.5,228.87,232.2,3348520
2024-07-02,232.2,239.8,232.2,238.3,5739760
2024-07-03,238.4,240.0,234.1,234.65,4477910
2024-07-04,234.65,238.75,233.58,235.79,4288250
2024-07-05,235.79,236.57,230.16,235.7,4166270
2024-07-08,236.3,238.4,231.7,232.22,3749620
2024-07-09,232.24,233.14,225.94,228.21,5921080
2024-07-10,227.75,228.0,220.05,221.84,7799290
2024-07-11,220.94,231.2,220.94,229.75,6741270
2024-07-12,231.0,231.2,223.85,227.88,5113050
2024-07-15,228.9,231.7,224.15,225.45,4398700
2024-07-16,225.5,228.0,223.5,226.19,4940120
2024-07-17,227.02,229.0,225.4,227.66,2735320
2024-07-18,227.59,229.82,226.62,228.72,2530440
2024-07-19,229.18,233.49,228.79,232.97,3922140
2024-07-22,234.85,236.5,231.71,235.77,3854700
2024-07-23,236.04,236.04,230.54,231.85,3971740
2024-07-24,232.3,233.51,229.0,232.32,3030910
2024-07-25,231.5,234.39,229.5,232.16,3377040
2024-07-26,232.16,241.5,231.81,239.36,19368460
2024-07-29,239.4,243.0,232.3,234.94,12368110
2024-07-30,235.0,236.35,232.15,233.12,6305710
2024-07-31,233.12,233.81,230.0,231.71,3344390
2024-08-01,231.71,234.94,228.4,229.6,4563470
2024-08-02,229.0,232.29,227.05,230.25,5105660
2024-08-05,226.9,227.84,221.22,223.13,5918540
2024-08-06,226.56,228.0,224.1,225.76,3171660
2024-08-07,225.9,227.48,222.82,226.63,3532020
2024-08-08,227.44,230.1,226.1,227.29,3273760
2024-08-09,226.83,227.9,225.5,226.56,1931480
2024-08-12,225.61,229.22,224.0,228.43,2981460
2024-08-13,228.05,229.0,225.12,226.45,3849320
2024-08-14,226.4,226.89,223.16,223.54,3511550
2024-08-15,223.8,225.18,221.66,223.79,3623770
2024-08-16,223.8,224.73,220.2,221.16,2507200
2024-08-19,221.15,222.95,212.41,214.47,9593640
2024-08-20,214.47,215.27,209.3,210.89,6930060
2024-08-21,211.18,212.45,207.48,209.99,4479430
2024-08-22,209.98,213.49,208.74,209.95,5050540
2024-08-23,209.0,210.99,203.5,205.99,6164730
2024-08-26,215.22,217.38,208.12,214.65,8756580
2024-08-27,215.0,215.45,209.03,210.0,5228440
2024-08-28,210.4,210.4,206.77,209.7,4503640
2024-08-29,210.0,210.12,205.97,207.68,3173850
2024-08-30,208.1,209.08,200.55,202.0,4844620
2024-09-02,200.34,201.46,191.06,192.1,11579710
2024-09-03,192.3,196.0,189.2,193.25,8648710
2024-09-04,193.0,201.18,192.2,200.38,4835210
2024-09-05,201.55,202.69,196.0,197.37,4832440
2024-09-06,197.14,199.13,193.0,198.89,4773990
2024-09-09,199.7,210.0,199.59,209.4,6726250
2024-09-10,209.8,210.45,203.17,206.25,5233440
2024-09-11,206.25,207.11,203.2,204.88,5001000
2024-09-12,204.86,205.0,200.55,204.56,5045730
2024-09-13,205.0,209.33,202.3,208.7,9236900
2024-09-16,209.52,216.41,209.37,215.18,9108400
2024-09-17,216.5,216.77,213.3,215.55,4232880
2024-09-18,215.95,215.95,207.78,210.07,7008470
2024-09-19,210.49,212.88,208.34,211.5,5090020
2024-09-20,211.93,214.99,211.61,214.14,4307560
2024-09-23,214.57,219.42,214.0,218.34,5711250
2024-09-24,219.13,219.33,213.66,216.41,4829530
2024-09-25,216.93,221.14,214.6,216.64,7900300
2024-09-26,216.3,216.98,212.5,213.21,5469920
2024-09-27,213.64,220.0,210.55,218.46,6951510
2024-09-30,219.7,222.64,217.21,217.26,4761560
2024-10-01,217.99,219.76,214.0,215.15,3731630
2024-10-02,215.7,217.6,211.76,212.62,3440950
2024-10-03,212.62,213.76,208.01,211.39,6090740
2024-10-04,210.96,215.78,210.5,212.12,4895010
2024-10-07,212.25,213.72,208.3,210.43,3530980
2024-10-08,210.24,214.49,209.41,212.26,6514900
2024-10-09,212.26,213.09,210.51,212.34,2401170
2024-10-10,212.7,212.96,209.99,211.27,1792730
2024-10-11,210.42,211.24,205.2,206.18,6570320
2024-10-14,205.99,210.5,202.58,209.05,8306300
2024-10-15,209.05,211.3,207.58,210.01,3764230
2024-10-16,209.97,212.0,208.11,209.92,2597170
2024-10-17,210.27,210.27,206.17,206.41,2182330
2024-10-18,206.67,208.4,203.01,205.3,3559190
2024-10-21,205.3,205.92,204.36,204.71,1713950
2024-10-22,204.75,206.1,202.52,203.47,2899260
2024-10-23,203.06,203.37,200.0,200.34,3667350
2024-10-24,200.85,202.0,197.4,201.95,6137120
2024-10-25,201.95,205.74,198.38,200.11,12049290
2024-10-28,199.02,200.83,190.95,194.9,8155560
2024-10-29,194.9,196.14,190.95,194.88,5566750
2024-10-30,195.5,197.39,191.17,191.8,4312340
2024-10-31,192.45,193.61,185.8,187.66,6214510
2024-11-01,187.66,189.0,184.12,187.18,6933160
2024-11-05,190.11,191.88,188.08,191.24,3764130
2024-11-06,197.0,200.0,193.54,196.21,9245650
2024-11-07,195.73,203.8,193.7,203.25,4850510
2024-11-08,205.0,210.85,202.15,210.5,7713740
2024-11-11,213.0,218.4,211.57,216.82,8072520
2024-11-12,217.46,217.46,210.45,210.89,5372140
2024-11-13,209.61,215.4,206.55,206.75,6847530
2024-11-14,206.75,209.77,205.0,207.0,5363900
2024-11-15,207.0,210.22,203.57,209.18,6337030
2024-11-18,203.49,208.0,202.5,205.35,6722720
2024-11-19,204.94,206.0,198.0,199.08,6797690
2024-11-20,199.48,202.46,194.0,197.45,13532500
2024-11-21,197.93,199.0,192.5,198.48,9035020
2024-11-22,199.0,200.78,196.58,199.01,7878170
2024-11-25,201.0,201.0,189.8,190.28,9989010
2024-11-26,190.0,194.5,185.2,188.39,9625570
2024-11-27,189.4,189.49,182.0,187.45,14305470
2024-11-28,189.0,189.03,181.2,183.88,12908600
2024-11-29,183.4,187.3,181.56,184.88,8295090
2024-12-02,185.9,192.55,185.0,191.76,9280580
2024-12-03,191.69,192.36,182.0,183.72,10782770
2024-12-04,183.04,187.69,177.01,179.9,12565670
2024-12-05,179.94,182.35,173.06,181.18,19980100
2024-12-06,180.89,181.14,177.04,178.2,12018880
2024-12-09,178.56,184.81,178.56,183.89,10393270
2024-12-10,183.5,184.14,178.5,179.08,8331210
2024-12-11,179.0,181.48,177.12,180.3,6839290
2024-12-12,179.46,181.29,174.67,175.71,7292720
2024-12-13,175.0,176.8,174.6,176.01,3298990
2024-12-16,175.75,176.18,171.0,171.64,6261330
2024-12-17,170.78,173.98,168.64,172.0,6475480
2024-12-18,172.0,175.9,170.0,175.47,6075990
2024-12-19,175.79,179.9,173.4,179.2,11431230
2024-12-20,179.2,191.0,177.01,188.5,22125860
2024-12-23,192.02,197.48,188.82,189.67,16789230
2024-12-24,190.95,190.95,183.85,186.09,9149050
2024-12-25,185.7,196.99,183.35,196.61,18617440
2024-12-26,197.07,198.85,193.18,194.08,8588570
2024-12-27,194.59,195.2,190.15,192.45,7746940
2024-12-30,193.34,200.26,193.15,199.22,9772700
2025-01-03,201.38,201.5,193.41,194.83,4615830
2025-01-06,194.44,195.18,191.66,195.0,2254530
2025-01-08,195.99,197.97,194.83,197.7,2842990
2025-01-09,197.94,199.6,191.35,191.72,6173620
2025-01-10,192.94,199.88,190.37,197.39,8866700
2025-01-13,199.1,203.7,198.5,200.54,11110020
2025-01-14,199.4,206.64,198.56,206.38,9042680
2025-01-15,206.01,209.83,204.04,207.09,13475610
2025-01-16,207.0,209.78,205.19,206.68,9432740
2025-01-17,207.48,208.0,204.76,207.4,6413050
2025-01-20,209.88,210.67,204.6,205.13,8108870
2025-01-21,205.31,207.76,202.5,206.46,8049860
2025-01-22,206.87,208.99,204.85,206.48,6077630
2025-01-23,206.8,206.8,203.5,206.34,4279660
2025-01-24,206.81,212.0,205.92,211.25,10917830
2025-01-27,211.17,212.0,206.41,206.73,5371670
2025-01-28,206.3,208.7,204.62,208.27,8067070
2025-01-29,208.27,209.23,203.5,205.13,10610590
2025-01-30,205.13,206.38,203.98,204.85,7383650
2025-01-31,204.86,207.76,204.73,205.01,9882950
2025-02-03,205.21,205.6,201.6,204.27,5908650
2025-02-04,204.27,206.43,198.74,200.08,6103120
2025-02-05,199.0,206.5,197.32,205.39,7950670
2025-02-06,205.41,206.36,203.4,204.12,5573180
2025-02-07,204.12,205.3,203.15,203.99,3731590
2025-02-10,204.0,210.0,204.0,206.1,9579240
2025-02-11,206.1,214.61,206.1,213.87,13034070
2025-02-12,214.0,227.3,214.0,226.61,27861630
2025-02-13,227.3,237.38,224.16,234.7,25548890
2025-02-14,236.99,244.46,222.23,229.95,25739750
2025-02-17,232.14,237.54,232.14,237.54,11166440
2025-02-18,238.0,241.5,233.0,237.98,17408040
2025-02-19,238.0,241.3,233.55,239.79,9715310
2025-02-20,240.5,241.24,237.66,238.79,7493000
2025-02-21,238.79,239.85,229.87,234.09,9243500
2025-02-24,234.28,235.42,231.05,234.3,8333670
2025-02-25,235.0,236.0,231.0,232.01,8544340
2025-02-26,232.01,233.18,221.66,224.0,11540060
2025-02-27,224.39,224.8,216.34,217.2,13273120
2025-02-28,216.0,219.65,214.79,219.2,13167290
2025-03-03,221.0,225.28,215.02,223.3,13913470
2025-03-04,223.35,227.18,220.22,224.46,24949390
2025-03-05,224.46,224.98,218.0,219.7,19348010
2025-03-06,220.38,221.73,215.48,216.27,16049910
2025-03-07,216.77,217.66,207.25,212.21,21527160
2025-03-10,212.21,214.42,208.31,209.86,11138570
2025-03-11,210.36,214.78,208.17,211.86,14835300
2025-03-12,212.1,213.83,209.52,211.6,8078360
2025-03-13,211.01,213.97,205.51,208.55,15384600
2025-03-14,208.0,214.0,207.21,212.48,8515020
2025-03-17,215.69,218.5,210.06,216.99,13979470
2025-03-18,217.6,219.2,213.5,214.0,16259720
2025-03-19,215.01,218.34,213.0,216.46,12920250
2025-03-20,217.17,217.5,213.2,215.24,9289680
2025-03-21,215.95,216.79,212.01,213.09,8155050
2025-03-24,213.2,213.31,208.53,209.5,11921030
2025-03-25,209.1,212.37,207.61,210.56,9095630
2025-03-26,211.0,212.34,206.65,207.53,7093260
2025-03-27,206.96,207.8,202.2,202.4,6160700
2025-03-28,202.0,203.03,197.1,198.74,10963230
2025-03-31,194.78,202.56,193.0,199.55,8984780
2025-04-01,200.77,203.29,193.42,193.69,11776580
2025-04-02,193.69,203.88,193.26,202.34,16036600
2025-04-03,202.99,206.89,194.99,200.49,14567440
2025-04-04,202.55,202.87,192.05,194.9,25362400
2025-04-07,194.89,194.9,186.41,192.95,27006330
2025-04-08,195.7,197.99,189.81,191.01,14275970
2025-04-09,191.01,195.48,185.5,195.3,19420420
2025-04-10,196.65,196.65,189.29,191.16,10397640
2025-04-11,191.26,194.7,190.76,193.72,8137510
2025-04-14,196.14,197.29,191.71,193.18,6405250
2025-04-15,193.18,194.0,190.31,191.81,5548830
2025-04-16,191.81,195.82,190.17,194.47,6989200
2025-04-17,194.47,195.99,192.01,195.25,7749840
2025-04-18,194.57,195.14,190.05,191.61,7444940
2025-04-21,192.76,197.5,192.38,197.45,8172720
2025-04-22,197.67,208.86,197.04,206.39,17976520
2025-04-23,207.79,207.79,201.25,205.01,13641670
2025-04-24,205.1,210.95,204.71,209.57,11690520
2025-04-25,212.0,212.0,206.75,208.02,15954820
2025-04-28,208.96,208.96,203.6,203.68,12242390
2025-04-29,203.85,204.81,198.09,199.6,7839670
2025-04-30,199.7,201.68,195.64,199.17,9693720
2025-05-02,199.17,199.18,192.0,192.68,4877620
2025-05-05,194.5,195.32,192.2,194.15,7760970
2025-05-06,194.0,200.0,193.32,197.87,8826850
2025-05-07,197.98,201.43,196.53,199.29,7439660
2025-05-08,199.6,202.0,197.68,198.93,3139690
2025-05-12,202.75,204.75,201.01,204.0,7750800
2025-05-13,204.2,205.45,201.38,201.97,6040840
2025-05-14,202.0,203.0,198.11,198.32,5551810
2025-05-15,198.0,200.72,196.6,198.88,4387690
2025-05-16,199.3,200.28,193.51,196.3,8372100
2025-05-19,199.73,200.43,197.05,197.48,5286110
2025-05-20,198.17,198.19,195.2,196.5,4100500
2025-05-21,196.5,198.12,191.43,192.86,8618180
2025-05-22,193.05,193.05,187.5,188.65,9528080
2025-05-23,188.66,190.49,187.72,188.59,4976110
2025-05-26,188.39,188.58,181.1,184.84,11913890
2025-05-27,184.23,187.02,182.99,185.17,5843980
2025-05-28,185.5,190.18,185.5,188.14,9447490
2025-05-29,188.48,189.35,185.02,185.14,5094250
2025-05-30,185.0,188.76,184.01,188.66,5328250
2025-06-02,185.45,188.85,184.32,187.55,5593570
2025-06-03,187.6,192.43,187.6,192.03,6866330
2025-06-04,192.27,194.51,189.37,190.82,8357850
2025-06-05,191.46,193.78,191.01,191.78,4360300
2025-06-06,192.0,195.5,188.08,189.37,10098980
2025-06-09,190.73,191.35,187.01,188.94,3722580
2025-06-10,189.0,189.8,186.22,186.85,3704490
2025-06-11,187.0,190.55,186.61,188.98,4889660
2025-06-13,189.8,190.77,188.6,189.18,1698340
2025-06-16,189.92,190.2,186.01,186.86,6681340
2025-06-17,187.14,189.52,186.48,187.97,4009570
2025-06-18,188.2,191.5,187.9,190.42,5233240
2025-06-19,190.45,193.27,188.81,191.6,7699410
2025-06-20,191.6,192.0,190.07,190.7,3478200
2025-06-23,190.75,192.9,189.56,190.65,4045400
2025-06-24,190.94,195.94,190.31,195.7,6648810
2025-06-25,195.99,199.85,195.84,198.74,9186330
2025-06-26,198.96,199.82,196.33,197.18,6301470
2025-06-27,197.2,199.41,196.85,199.01,4793060
2025-06-30,199.9,201.49,199.6,200.7,6080080
2025-07-01,200.85,201.74,199.42,200.61,5928940
2025-07-02,200.51,202.27,198.1,201.2,7820470
2025-07-03,201.16,201.76,198.88,199.11,3730910
2025-07-04,199.0,199.0,196.52,198.28,4871590
2025-07-07,198.64,199.0,193.01,193.75,11829030
2025-07-08,193.43,194.5,191.69,192.19,7621050
2025-07-09,191.62,194.68,188.26,193.14,19753830
2025-07-10,169.86,175.19,168.72,172.73,24526570
2025-07-11,172.73,174.85,169.01,169.23,9529300
2025-07-14,169.2,174.78,165.32,172.57,11213220
2025-07-15,173.8,175.2,170.71,171.01,8721940
2025-07-16,171.01,172.76,170.11,172.07,6205560
2025-07-17,172.67,173.75,170.15,170.18,5438940
2025-07-18,170.18,174.03,169.44,173.99,8391810
2025-07-21,179.88,179.88,176.25,177.47,8541300
2025-07-22,177.78,180.25,176.56,179.57,6849160
2025-07-23,179.88,181.63,178.58,178.67,8672340
2025-07-24,178.68,179.79,177.5,179.0,4137790
2025-07-25,179.0,180.98,177.01,177.9,9028440
2025-07-28,178.5,178.5,174.25,174.95,6698740
2025-07-29,174.95,177.19,173.75,175.77,5011650
2025-07-30,175.38,176.5,173.5,174.19,2979520
2025-07-31,173.87,175.34,173.06,174.3,2402930
2025-08-01,174.33,176.11,173.21,174.3,4131860
2025-08-04,174.5,176.67,173.76,176.65,3454610
2025-08-05,176.25,177.7,175.16,176.67,3723700
2025-08-06,177.4,180.55,174.0,178.63,10635460
2025-08-07,179.22,184.0,177.36,180.43,15866520
2025-08-08,180.67,183.4,179.21,182.88,8876210
2025-08-11,184.1,186.7,181.82,183.49,13157010
2025-08-12,183.5,185.25,182.04,184.5,5878710
2025-08-13,184.92,186.1,184.17,184.4,5446910
2025-08-14,185.2,188.48,183.13,186.73,12111160
2025-08-15,187.53,188.4,186.34,187.66,6462060
2025-08-18,183.5,187.96,182.6,186.35,8064970
2025-08-19,187.3,187.89,185.8,186.28,6006000
2025-08-20,186.1,187.2,184.3,185.29,4388360
2025-08-21,185.44,185.67,181.04,181.75,3952550
2025-08-22,181.85,185.0,181.18,184.18,4363480
2025-08-25,183.15,183.55,179.78,182.2,3667280
2025-08-26,182.2,183.3,180.55,181.76,2799540
2025-08-27,181.38,182.69,181.1,181.93,2035790
2025-08-28,181.95,182.43,179.55,180.09,2309030
2025-08-29,179.91,181.0,178.76,179.0,2421840
2025-09-01,179.6,181.0,177.1,177.59,4069490
2025-09-02,177.58,177.93,173.83,176.3,4752100
2025-09-03,176.36,176.8,174.6,176.07,2093470
2025-09-04,176.04,176.97,174.4,175.94,2287480
2025-09-05,176.0,176.9,175.32,175.45,2383130
2025-09-08,175.96,178.0,175.7,177.81,3427720
2025-09-09,177.95,179.29,177.64,178.69,2562740
2025-09-10,178.9,179.0,176.02,176.52,3001670
2025-09-11,176.99,177.37,174.61,175.42,3230810
2025-09-12,175.4,176.34,172.42,172.78,5292520
2025-09-15,172.77,173.25,171.06,172.31,2972990
2025-09-16,172.62,174.65,170.3,171.07,4789740
2025-09-17,171.09,172.0,169.71,170.92,4348330
2025-09-18,171.0,171.79,169.37,170.85,4013360
2025-09-19,171.0,172.74,169.55,169.72,4165280
2025-09-22,169.5,170.58,167.86,170.29,6177090
2025-09-23,170.29,171.49,167.24,167.67,3874800
2025-09-24,167.67,169.95,166.36,169.27,3159450
2025-09-25,169.49,170.35,167.26,168.08,2564640
2025-09-26,168.08,169.4,166.74,168.82,2618860
2025-09-29,168.02,169.99,165.04,165.91,4043810
2025-09-30,166.0,166.5,163.52,164.52,3986590
2025-10-01,164.52,165.84,162.37,162.8,3067590
2025-10-02,162.8,163.6,161.05,161.94,4325220
2025-10-03,161.98,164.3,159.04,159.32,3856690
2025-10-06,157.9,162.73,156.5,161.6,4729800
2025-10-07,161.06,163.89,160.37,163.23,2768310
2025-10-08,163.86,165.1,156.7,158.31,5652800
2025-10-09,158.95,160.87,155.27,158.78,7342970
2025-10-10,158.95,160.51,156.23,156.73,4368060
2025-10-13,157.25,159.49,155.0,156.76,5221330
2025-10-14,156.76,157.75,155.73,156.31,2929470
2025-10-15,156.31,157.36,154.6,155.38,3756400
2025-10-16,155.0,167.38,154.1,167.07,9489110
2025-10-17,167.0,169.88,165.3,167.92,6462250
2025-10-20,172.18,173.89,169.39,173.52,5700600
2025-10-21,173.06,173.52,165.24,168.55,8778730
2025-10-22,168.95,173.78,165.38,168.18,10226070
2025-10-23,162.52,168.07,161.0,167.64,8799020
2025-10-24,167.65,170.25,163.67,165.74,6687210
2025-10-27,165.65,166.5,161.27,162.97,5370130
2025-10-28,162.72,164.88,159.74,161.35,7389850
2025-10-29,161.4,161.94,159.72,160.5,3491830
2025-10-30,160.69,163.53,159.84,163.35,4970750
2025-10-31,163.35,164.8,160.21,161.43,4990110
2025-11-03,161.42,163.5,161.09,162.0,1400350
2025-11-05,162.0,162.55,159.04,160.33,4202320
2025-11-06,160.09,160.98,159.61,160.48,1799070
2025-11-07,160.2,162.98,160.01,162.2,2641270
2025-11-10,162.96,165.0,162.06,163.51,3907100
2025-11-11,163.52,164.98,162.42,164.6,2895060
2025-11-12,164.8,164.92,162.65,163.57,3127460
2025-11-13,163.98,165.98,163.1,163.41,2930680
2025-11-14,163.41,164.26,161.21,162.68,3303280
2025-11-17,162.56,162.75,159.22,159.95,3032680
2025-11-18,159.81,164.0,159.23,161.72,5629950
2025-11-19,161.81,170.59,161.61,168.6,11614760
2025-11-20,169.48,172.26,166.66,172.13,7613510
2025-11-21,172.5,173.4,168.76,172.1,7605170
2025-11-24,173.2,178.54,172.4,173.74,12624220
2025-11-25,173.74,176.8,171.3,175.62,6537870
2025-11-26,175.62,175.62,173.1,173.21,3511230
2025-11-27,173.21,174.63,167.21,167.88,7129540
2025-11-28,167.87,171.94,167.08,171.15,4596250
2025-12-01,173.08,173.99,170.28,171.21,4080580
2025-12-02,171.1,171.86,169.21,170.28,2846030
2025-12-03,168.78,170.93,166.66,170.57,6929850
2025-12-04,170.8,171.83,169.89,170.02,2415930
2025-12-05,169.68,173.9,169.67,173.69,4966820
2025-12-08,173.87,176.48,172.8,172.9,3634670
2025-12-09,173.0,175.88,172.46,174.79,2417730
2025-12-10,174.8,178.2,174.18,177.18,4283870
2025-12-11,177.18,181.7,177.0,180.14,7360950
2025-12-12,180.13,181.3,174.5,175.39,5611140
2025-12-15,176.02,179.45,175.22,178.96,3919280
2025-12-16,179.0,180.97,178.5,179.98,2999390
2025-12-17,180.35,181.0,177.3,179.55,4126010
2025-12-18,179.55,180.05,177.15,178.5,3433300
2025-12-19,178.71,180.5,176.24,177.55,5324080
2025-12-22,177.9,178.42,174.29,174.85,5260910
2025-12-23,174.93,176.99,174.27,176.58,3361280
2025-12-24,176.88,176.94,175.5,176.48,2294360
2025-12-25,176.22,176.75,173.24,173.64,3121230
2025-12-26,174.21,177.0,173.77,176.91,3503370
2025-12-29,177.35,179.67,174.29,175.18,6635340
2025-12-30,175.11,175.88,172.5,173.3,5605720
2026-01-05,173.3,173.8,170.32,171.92,1610690
2026-01-06,172.0,173.5,171.61,172.07,1110540
2026-01-08,171.01,171.69,170.41,171.36,1470000
2026-01-09,171.12,173.98,170.78,173.51,3340610
2026-01-12,173.44,175.89,172.41,173.02,4532850
2026-01-13,173.05,173.64,170.07,170.86,3210310
2026-01-14,171.24,172.39,170.01,171.81,2368010
2026-01-15,172.0,173.45,171.22,173.13,2939350
2026-01-16,173.6,176.34,172.82,176.1,3329970
2026-01-19,176.72,178.2,174.68,176.98,4580980
2026-01-20,176.98,180.86,176.15,179.85,5314750
2026-01-21,180.65,182.76,178.44,181.68,5140120
2026-01-22,182.2,182.55,178.61,180.21,5105470
2026-01-23,180.71,181.89,179.54,181.45,2957490
2026-01-26,181.32,181.35,179.01,179.84,2611320
2026-01-27,179.84,186.6,179.27,185.08,10986500
2026-01-28,185.08,186.6,182.51,183.56,4991220
2026-01-29,184.2,187.4,183.0,184.89,7329180
2026-01-30,185.0,186.07,181.0,181.98,7579540
2026-02-02,182.4,183.33,180.0,182.42,3212010
2026-02-03,182.44,190.0,181.85,187.49,18570630
2026-02-04,187.0,188.49,181.42,182.6,6938850
2026-02-05,182.9,183.7,178.2,181.24,7019320
2026-02-06,181.24,182.34,179.01,179.17,3629580
2026-02-09,180.42,180.42,177.68,178.3,2640990
2026-02-10,178.82,179.28,177.18,178.57,2486840
2026-02-11,178.6,181.21,178.4,179.48,5326760
2026-02-12,179.9,181.97,179.32,180.78,4512940
2026-02-13,181.04,183.85,180.06,182.79,6113740
2026-02-16,183.31,184.64,180.16,181.05,8808720
2026-02-17,181.67,182.6,180.6,181.11,2811540
2026-02-18,181.15,181.94,179.01,180.36,2864650
2026-02-19,180.5,182.28,180.36,181.19,2632090
2026-02-20,181.29,182.88,180.83,181.22,2038260
2026-02-23,181.85,182.34,181.46,181.92,149720
2026-02-24,182.6,185.35,182.11,183.03,7872090
2026-02-25,183.32,184.7,182.75,184.5,2145520
2026-02-26,184.71,185.3,182.8,183.25,2024620
2026-02-27,183.2,184.64,183.06,183.96,1812250
2026-03-02,184.02,184.43,180.0,180.77,6290160
2026-03-03,180.77,182.24,178.11,179.21,4943210
2026-03-04,179.37,180.13,178.4,178.73,2860700
2026-03-05,179.0,179.54,175.1,176.7,10938690
2026-03-06,176.69,177.61,176.0,176.3,3008250
2026-03-09,177.0,177.99,175.1,176.82,2883250
2026-03-10,176.82,178.36,176.46,177.0,3856000
2026-03-11,177.0,178.44,172.45,173.81,6212460
2026-03-12,173.99,174.49,173.3,174.14,2719910
2026-03-13,173.98,175.85,173.82,174.57,2613540
2026-03-16,175.28,176.38,174.0,174.52,3039810
2026-03-17,174.82,175.7,174.24,175.4,1565100
2026-03-18,175.45,177.33,174.71,174.99,3127610
2026-03-19,175.02,176.0,173.0,174.08,3372570
2026-03-20,174.08,175.95,173.62,175.05,2949900
2026-03-23,175.2,176.93,174.0,174.52,4900890
2026-03-24,174.9,175.28,173.2,173.46,2014830
2026-03-25,173.3,173.86,173.01,173.15,2081160
2026-03-26,173.15,175.2,171.63,172.38,3829200
2026-03-27,172.43,172.74,170.15,170.76,3065450
2026-03-30,171.65,171.83,168.81,169.75,4635180
2026-03-31,169.95,170.69,168.1,169.8,4330910
2026-04-01,170.04,170.46,168.2,169.34,3329560
2026-04-02,169.52,169.8,167.78,168.19,2399430
2026-04-03,168.73,168.96,166.76,167.74,2184160
2026-04-06,168.77,170.81,168.13,170.67,4374860
2026-04-07,170.67,171.85,170.0,170.7,2038290
2026-04-08,170.43,172.4,170.0,170.86,2693950
2026-04-09,171.2,171.33,168.56,169.63,2054110
2026-04-10,169.8,169.95,168.11,168.22,1595930
2026-04-13,168.92,170.61,168.2,168.3,2139940
2026-04-14,168.74,170.34,167.0,169.74,2685970
2026-04-15,170.0,172.22,168.6,171.34,3885500
2026-04-16,171.0,173.9,171.0,172.09,3562460
2026-04-17,172.1,172.68,171.1,171.86,2647510
2026-04-20,172.15,173.08,169.86,171.19,3349780
2026-04-21,171.84,175.73,170.34,175.05,6279650
2026-04-22,174.82,175.0,172.2,174.14,5525330
2026-04-23,174.5,177.1,174.25,176.47,3273810
2026-04-24,176.84,176.99,172.05,173.39,4532930
2026-04-27,173.36,173.36,171.51,172.02,2102610
2026-04-28,171.73,172.48,168.68,170.0,3386420
2026-04-29,170.01,170.89,164.55,169.11,7750030
2026-04-30,169.55,169.79,166.94,167.54,3120080
2026-05-01,167.62,168.32,167.35,167.91,200300
2026-05-04,168.97,169.55,166.33,167.17,1832300
2026-05-05,167.11,170.15,165.54,169.01,2304080
2026-05-06,169.1,169.79,166.78,167.11,2663610
2026-05-07,167.11,168.67,167.0,167.87,1082520
2026-05-08,167.87,169.1,167.07,168.62,1219030
2026-05-11,169.1,171.0,169.1,170.74,1436640
2026-05-12,170.7,173.9,170.23,173.25,3447680
2026-05-13,173.56,173.8,171.89,173.16,3912800
2026-05-14,173.16,173.6,170.3,170.37,2620890
2026-05-15,170.37,171.49,168.0,168.8,3820290
2026-05-18,170.05,172.58,168.82,172.32,3962560
2026-05-19,172.56,174.8,172.07,174.4,5652670
2026-05-20,174.5,174.69,171.15,173.18,5030070
2026-05-21,173.52,176.2,172.58,175.57,6698800
2026-05-22,175.39,176.98,173.39,174.47,4946630
2026-05-25,175.04,176.26,171.91,172.79,4377260
2026-05-26,173.45,174.14,171.96,173.0,2608320
2026-05-27,173.48,175.88,172.53,175.11,4406340
2026-05-28,175.19,176.2,174.54,175.12,3223390
2026-05-29,175.46,176.95,174.01,174.82,5401000
2026-06-01,175.98,179.25,175.0,178.77,8162780
2026-06-02,178.77,180.05,177.5,180.01,4955690
2026-06-03,179.85,180.73,176.8,177.65,4120330
2026-06-04,177.85,179.58,176.88,177.72,2523850
2026-06-05,178.0,178.69,175.2,176.74,2712960
2026-06-08,177.0,178.4,174.23,174.36,4743280
2026-06-09,174.79,175.71,172.91,174.69,5217630
2026-06-10,174.72,175.58,172.26,174.85,3362320
2026-06-11,174.79,176.19,174.0,174.21,2270410
2026-06-12,174.79,174.8,174.12,174.51,212340
2026-06-15,175.59,179.12,174.8,178.22,6353540
2026-06-16,178.53,179.97,173.6,174.74,4933270
2026-06-17,175.0,175.05,172.02,172.35,3476510
2026-06-18,172.84,172.85,169.14,171.38,4850710
2026-06-19,171.39,172.0,168.6,170.53,4057520
2026-06-22,170.35,172.22,160.9,163.29,13105670
2026-06-23,163.89,165.3,160.18,164.85,6760510
2026-06-24,164.85,166.05,158.47,160.99,8798830
2026-06-25,161.39,162.45,158.01,160.69,9226060
2026-06-26,161.24,165.8,159.3,163.85,9306250
2026-06-29,164.99,168.4,162.22,167.95,7853480
2026-06-30,167.94,170.37,165.82,167.89,4967050
2026-07-01,167.89,171.7,167.05,170.5,6845790
2026-07-02,170.5,172.38,165.05,167.26,9293640
2026-07-03,167.92,169.68,165.6,169.3,7963080
2026-07-06,170.1,170.15,163.02,165.35,7326240
2026-07-07,165.37,165.62,154.32,160.15,24908710
2026-07-08,159.77,163.95,156.44,163.8,11701290
2026-07-09,147.38,151.88,144.16,147.75,21747920
2026-07-10,147.86,148.93,145.0,145.83,8205490
2026-07-13,146.14,149.2,145.87,146.18,6411830
2026-07-14,146.26,147.83,142.53,143.4,5936070
2026-07-15,143.5,144.3,134.92,137.9,12844340
2026-07-16,137.8,139.54,134.04,134.05,10764590
2026-07-17,134.05,137.2,132.2,134.4,10442990
2026-07-20,137.78,145.87,134.49,145.59,12482040
2026-07-21,146.0,148.72,142.06,145.03,11344090
2026-07-22,145.71,147.93,142.69,146.05,7042700
2026-07-23,146.05,148.3,143.2,146.82,9369790
2026-07-24,146.6,157.79,145.0,156.4,19973720
2026-07-27,155.0,159.0,153.38,156.52,9753050
2026-07-28,156.95,158.9,154.3,155.62,5908350
2026-07-29,155.49,157.7,155.34,156.64,4362700
2026-07-30,157.53,161.63,155.01,156.34,10236880
2026-07-31,156.45,158.0,155.17,157.71,4028300
2026-08-03,157.65,163.79,156.29,161.55,9703890
2026-08-04,161.15,162.65,158.81,160.62,6795730
2026-08-05,160.63,162.93,160.1,161.9,4201920
2026-08-06,161.91,162.66,157.16,160.14,7569670
2026-08-07,160.0,161.2,157.3,158.22,2986750
2026-08-10,160.97,163.78,158.83,161.73,4833100
2026-08-11,161.73,162.47,160.12,160.4,3197450
2026-08-12,160.4,161.25,157.8,157.92,3922490
2026-08-13,158.1,159.45,151.73,153.15,9508410
2026-08-14,153.13,154.95,149.65,153.95,7503190
2026-08-17,153.95,154.36,149.16,150.46,8504360
2026-08-18,150.46,156.0,150.23,154.4,7038330
2026-08-19,154.65,156.36,151.86,155.56,4567690
2026-08-20,155.27,156.34,152.09,152.79,3886350
2026-08-21,152.48,153.68,150.85,153.26,3021910
2026-08-24,151.85,151.85,148.2,151.19,6684510
2026-08-25,151.6,155.94,149.88,154.31,9369980
2026-08-26,153.85,154.65,151.06,151.69,6143870
2026-08-27,151.69,153.88,150.6,152.24,8450280
2026-08-28,152.51,153.01,149.31,150.88,4144933
2026-08-31,151.1,155.51,150.79,153.26,7263440
2026-09-01,153.79,155.84,151.08,151.92,7826340
2026-09-02,151.89,153.9,151.33,152.72,2324850
2026-09-03,153.13,156.49,151.84,156.39,4331010
2026-09-04,156.35,158.4,154.03,155.7,6198160
