timestamp,open,high,low,close,volume
2015-06-09,75.45,75.45,73.51,74.03,1740640
2015-06-10,74.25,74.58,71.61,72.34,3426150
2015-06-11,72.5,73.81,71.7,72.8,4231830
2015-06-15,70.59,72.45,70.32,71.79,4540250
2015-06-16,71.9,72.27,71.16,71.95,1393040
2015-06-17,71.9,72.62,71.4,71.9,1473040
2015-06-18,71.9,72.49,71.5,72.2,1042170
2015-06-19,72.48,73.48,72.2,73.45,2411880
2015-06-22,73.27,75.19,73.06,73.22,4442900
2015-06-23,73.75,75.28,73.25,75.0,5421990
2015-06-24,74.8,75.3,74.11,74.52,2655780
2015-06-25,74.23,74.99,73.53,74.07,1375450
2015-06-26,73.99,74.99,73.68,74.2,1340800
2015-06-29,73.88,75.8,73.7,75.15,1874710
2015-06-30,75.27,75.7,74.17,74.69,1774170
2015-07-01,74.84,75.6,74.14,74.48,1509100
2015-07-02,74.7,75.2,74.22,74.64,1277160
2015-07-03,74.84,75.2,74.23,74.5,1219830
2015-07-06,74.41,75.29,73.97,75.1,1649560
2015-07-07,75.16,75.48,73.52,73.85,2525760
2015-07-08,74.0,74.25,71.83,74.2,2796930
2015-07-09,74.24,77.8,73.74,77.5,3628380
2015-07-10,77.55,78.08,76.26,76.45,3137690
2015-07-13,76.62,79.57,76.62,78.83,3988310
2015-07-14,78.83,79.68,78.23,79.25,2863950
2015-07-15,78.94,79.22,77.64,77.86,2634790
2015-07-16,78.1,79.35,77.52,77.74,1518700
2015-07-17,77.72,78.25,76.17,76.58,2321030
2015-07-20,76.16,77.57,76.16,77.02,1616220
2015-07-21,76.99,77.0,76.01,76.1,1412590
2015-07-22,75.98,76.46,74.99,75.69,2363120
2015-07-23,75.99,76.45,75.19,76.35,1304360
2015-07-24,75.73,78.33,75.73,77.9,2326160
2015-07-27,77.76,79.62,77.51,79.5,2221950
2015-07-28,79.18,80.65,79.04,80.22,3137980
2015-07-29,80.2,80.2,77.32,77.78,2943040
2015-07-30,77.98,79.79,77.19,79.12,1857650
2015-07-31,79.12,79.95,78.53,79.22,2354890
2015-08-03,79.3,81.34,79.3,80.17,2912530
2015-08-04,80.17,81.98,79.13,79.68,2920670
2015-08-05,80.3,80.73,78.6,78.8,2364930
2015-08-06,79.4,80.68,79.1,79.79,2041670
2015-08-07,79.49,80.25,79.3,79.94,996870
2015-08-10,80.09,80.53,79.69,80.43,1030140
2015-08-11,80.41,83.64,80.17,83.21,2859180
2015-08-12,83.0,83.99,81.96,82.45,2659060
2015-08-13,82.7,84.8,82.45,84.8,2433290
2015-08-14,84.5,85.5,83.86,84.62,1611520
2015-08-17,85.0,85.91,84.25,85.35,1393730
2015-08-18,85.0,85.65,83.73,84.4,1265150
2015-08-19,84.6,85.48,83.97,84.07,1395530
2015-08-20,84.4,86.32,84.4,85.06,2432690
2015-08-21,85.21,85.6,83.5,83.67,1522860
2015-08-24,83.35,84.98,80.37,82.39,3125800
2015-08-25,82.2,83.26,79.0,79.75,3042560
2015-08-26,80.0,80.6,77.84,79.11,2227650
2015-08-27,79.34,79.67,77.5,78.2,3515700
2015-08-28,78.54,79.31,77.16,78.62,2597790
2015-08-31,78.8,81.0,78.75,80.64,1873620
2015-09-01,80.5,80.83,78.23,78.6,2252370
2015-09-02,79.46,80.1,78.06,79.39,2292050
2015-09-03,79.85,79.85,78.01,78.56,2375670
2015-09-04,78.87,78.95,77.0,77.3,1815490
2015-09-07,77.5,78.7,77.23,78.25,1044360
2015-09-08,78.4,81.29,78.3,79.26,3572010
2015-09-09,79.6,81.17,79.2,80.2,3227780
2015-09-10,80.2,81.4,79.76,79.89,1709230
2015-09-11,80.47,80.73,79.06,79.95,950560
2015-09-14,80.08,81.5,80.0,80.3,1582800
2015-09-15,80.5,81.18,79.76,81.05,1616030
2015-09-16,81.27,81.9,80.08,81.46,1706490
2015-09-17,81.67,82.64,81.09,82.2,919610
2015-09-18,82.84,83.0,81.21,82.31,1520510
2015-09-21,81.82,82.04,80.44,80.55,1105620
2015-09-22,80.77,80.95,77.03,77.43,2842810
2015-09-23,77.42,77.98,73.7,74.7,3927310
2015-09-24,74.99,76.9,74.52,75.58,2485760
2015-09-25,76.0,76.38,73.65,74.14,2346750
2015-09-28,74.37,74.52,70.71,70.71,3543770
2015-09-29,70.78,72.95,68.52,72.63,3878420
2015-09-30,72.7,75.44,72.7,75.06,2029840
2015-10-01,74.7,75.05,72.55,72.92,1845440
2015-10-02,73.0,73.52,69.35,69.9,3884250
2015-10-05,70.58,72.42,69.97,70.42,3453880
2015-10-06,70.88,70.88,69.34,70.09,3124890
2015-10-07,70.1,71.85,69.75,70.32,2567420
2015-10-08,70.75,73.37,70.02,72.75,3883610
2015-10-09,72.27,73.2,71.9,72.7,2836920
2015-10-12,73.0,73.2,71.41,72.1,1921510
2015-10-13,72.1,73.35,72.01,72.69,1499910
2015-10-14,72.51,73.6,72.21,72.92,1937720
2015-10-15,73.1,76.1,72.98,74.9,3656450
2015-10-16,75.0,76.28,72.21,72.8,3365960
2015-10-19,72.89,74.87,72.63,74.75,2594820
2015-10-20,74.8,75.27,73.57,74.7,1894070
2015-10-21,74.55,74.93,73.53,74.47,1968480
2015-10-22,74.72,74.72,72.55,73.1,1856940
2015-10-23,73.18,73.94,72.6,73.02,1899730
2015-10-26,72.94,73.69,70.95,71.2,2365490
2015-10-27,71.27,74.14,70.96,73.68,5120690
2015-10-28,73.76,75.05,73.05,74.39,3661120
2015-10-29,74.2,76.51,73.87,76.1,3711660
2015-10-30,76.19,78.99,75.11,78.2,3772830
2015-11-02,78.1,78.5,76.52,77.8,1813190
2015-11-03,77.66,79.47,77.32,77.75,3759580
2015-11-05,78.01,78.87,75.0,75.68,7974390
2015-11-06,75.8,76.9,74.92,75.24,3229590
2015-11-09,75.87,78.48,75.55,78.48,3596760
2015-11-10,78.5,78.84,75.5,75.58,3068750
2015-11-11,75.55,75.61,72.55,73.0,4788450
2015-11-12,73.4,73.69,71.61,72.46,3456350
2015-11-13,72.78,73.26,70.83,71.08,3705390
2015-11-16,71.48,72.66,70.85,71.92,2581680
2015-11-17,72.24,72.63,71.0,71.01,2636760
2015-11-18,71.59,73.37,71.04,72.81,3750450
2015-11-19,73.08,74.29,71.2,71.38,6143520
2015-11-20,71.68,73.14,71.26,71.95,4396550
2015-11-23,72.0,72.79,71.7,72.47,3154890
2015-11-24,72.76,72.8,70.1,70.3,5686360
2015-11-25,70.3,71.27,70.0,70.9,2958880
2015-11-26,71.12,71.9,70.65,71.34,2831140
2015-11-27,71.4,71.64,70.58,70.88,2596080
2015-11-30,71.3,71.3,70.01,70.08,2915220
2015-12-01,70.3,70.3,69.42,69.9,1654570
2015-12-02,70.04,71.41,69.85,70.1,2111380
2015-12-03,70.2,70.84,69.75,70.19,2292190
2015-12-04,70.15,70.69,67.11,67.77,6600290
2015-12-07,67.91,68.2,65.07,65.9,6069520
2015-12-08,65.65,65.96,64.31,64.76,4648840
2015-12-09,65.06,65.84,64.07,64.3,5083330
2015-12-10,64.43,66.69,64.11,65.9,7738140
2015-12-11,65.95,66.44,64.34,64.89,5732520
2015-12-14,64.8,65.39,61.71,63.1,8173420
2015-12-15,63.1,64.48,62.62,63.0,5523920
2015-12-16,63.3,63.4,62.33,62.54,4303260
2015-12-17,62.6,63.74,60.55,61.19,8457930
2015-12-18,61.06,61.64,59.26,59.45,6633100
2015-12-21,59.51,60.42,58.31,58.5,5629830
2015-12-22,58.6,59.21,57.9,58.29,4585800
2015-12-23,58.58,59.41,58.52,58.87,5304380
2015-12-24,59.25,61.15,58.65,60.82,6806080
2015-12-25,61.1,61.89,60.66,61.83,4211870
2015-12-28,61.8,61.88,61.03,61.05,2052620
2015-12-29,61.1,62.77,61.1,62.77,3895440
2015-12-30,62.85,63.4,62.26,62.6,4881100
2016-01-04,62.99,63.0,61.11,61.48,3601280
2016-01-05,60.22,60.92,59.53,60.75,4784740
2016-01-06,60.7,61.2,60.12,60.75,2324270
2016-01-11,58.8,59.95,58.5,59.34,4210170
2016-01-12,59.31,61.26,58.84,60.91,3880460
2016-01-13,61.02,62.59,60.96,61.06,3932030
2016-01-14,60.6,61.1,59.36,60.15,5980320
2016-01-15,60.02,60.51,57.0,57.5,7753860
2016-01-18,56.51,58.27,55.51,58.14,4832260
2016-01-19,58.61,60.09,57.64,58.39,4890250
2016-01-20,57.52,58.19,56.6,57.2,4872560
2016-01-21,57.54,60.25,57.53,60.1,4858950
2016-01-22,60.55,62.1,60.4,62.0,5868490
2016-01-25,62.11,62.87,60.38,62.4,4116620
2016-01-26,61.6,63.68,61.31,63.59,5371030
2016-01-27,63.7,66.1,63.7,66.1,9838790
2016-01-28,66.02,67.03,64.2,64.61,9817530
2016-01-29,64.61,66.3,63.34,65.5,6438560
2016-02-01,65.5,67.14,65.33,66.03,5553800
2016-02-02,65.99,68.18,65.57,67.85,7643320
2016-02-03,67.74,68.97,67.25,68.5,4716830
2016-02-04,68.5,69.0,67.93,68.79,4143240
2016-02-05,68.51,71.05,67.28,71.0,6817100
2016-02-08,70.5,71.0,68.8,69.9,7432340
2016-02-09,69.82,70.5,69.17,70.1,5088590
2016-02-10,69.82,71.44,69.54,71.0,3643430
2016-02-11,70.89,72.35,69.91,72.3,5847430
2016-02-12,72.32,73.5,71.83,72.96,3712050
2016-02-15,73.4,75.12,72.78,75.0,4703470
2016-02-16,75.0,77.57,74.13,77.04,7949320
2016-02-17,77.24,78.16,75.02,75.55,8222140
2016-02-18,74.8,76.15,74.0,74.11,4680120
2016-02-19,73.94,74.03,71.77,73.29,5629840
2016-02-22,72.7,74.84,72.42,74.66,2519800
2016-02-24,74.46,74.81,73.26,74.36,2240280
2016-02-25,74.16,75.52,73.09,74.18,3201200
2016-02-26,74.2,75.18,72.21,73.0,6691330
2016-02-29,72.95,73.7,71.6,73.6,2948700
2016-03-01,73.8,73.95,72.6,73.33,2059480
2016-03-02,73.34,74.1,72.77,74.06,2476660
2016-03-03,74.0,74.99,73.42,74.5,2346980
2016-03-04,74.43,75.86,72.91,75.58,4093820
2016-03-07,75.54,77.05,75.35,76.7,2713570
2016-03-09,76.98,77.8,76.6,77.1,3679010
2016-03-10,77.0,77.15,75.31,76.41,2724720
2016-03-11,76.4,78.11,74.9,78.11,3373990
2016-03-14,78.15,80.33,77.0,80.0,5828930
2016-03-15,80.01,81.11,78.02,78.46,5693270
2016-03-16,78.47,79.0,77.33,78.94,2604520
2016-03-17,78.94,80.3,77.97,78.26,4372680
2016-03-18,77.94,81.5,77.11,80.73,4750100
2016-03-21,80.15,81.34,79.0,80.0,3263430
2016-03-22,79.86,81.85,79.43,81.4,4902970
2016-03-23,81.68,84.24,80.85,83.18,5891480
2016-03-24,83.47,84.44,81.41,83.23,4675730
2016-03-25,83.65,83.85,81.7,82.09,954410
2016-03-28,82.09,83.73,81.07,82.9,2521800
2016-03-29,83.28,83.96,80.05,82.62,3485220
2016-03-30,82.8,85.7,82.07,84.49,3987240
2016-03-31,84.1,84.78,82.85,83.36,2901260
2016-04-01,82.31,86.71,82.21,86.28,5619500
2016-04-04,86.46,89.49,85.62,89.14,5199800
2016-04-05,88.46,89.15,87.76,88.05,2311490
2016-04-06,88.48,88.65,86.25,88.12,2713290
2016-04-07,88.13,89.87,88.0,89.8,2596610
2016-04-08,89.8,91.5,88.25,90.09,3648830
2016-04-11,90.5,91.0,89.14,89.5,2303240
2016-04-12,89.52,89.53,87.15,87.15,2175610
2016-04-13,87.2,88.33,83.5,85.75,4534830
2016-04-14,85.6,88.65,85.27,87.4,4905840
2016-04-15,86.7,88.99,86.69,88.22,4353150
2016-04-18,87.61,88.88,87.12,87.7,2689150
2016-04-19,87.87,91.44,87.42,90.7,4252330
2016-04-20,90.09,94.8,88.96,94.7,5754070
2016-04-21,94.12,95.8,92.1,93.33,4526280
2016-04-22,93.58,93.78,91.01,92.01,4366520
2016-04-25,91.83,94.45,91.75,92.8,3630630
2016-04-26,93.8,93.8,90.31,92.05,4491930
2016-04-27,92.05,92.37,90.12,90.3,2636670
2016-04-28,90.13,91.16,87.81,88.3,3092090
2016-04-29,88.5,89.4,85.75,89.25,3540290
2016-05-04,87.37,88.9,83.5,83.65,7017040
2016-05-05,83.97,85.0,81.79,84.19,5613060
2016-05-06,84.2,87.25,83.26,87.1,3605650
2016-05-10,86.41,87.33,82.35,83.4,3815260
2016-05-11,83.59,86.1,83.0,84.86,3504290
2016-05-12,85.3,85.84,83.55,83.94,3589090
2016-05-13,83.8,84.19,83.0,83.65,1683800
2016-05-16,84.09,87.0,84.09,86.21,3012160
2016-05-17,86.45,86.74,84.0,85.37,2186300
2016-05-18,85.5,86.59,84.68,86.2,1222080
2016-05-19,86.19,86.19,84.02,84.12,1725810
2016-05-20,84.46,85.4,84.0,84.98,1108090
2016-05-23,84.82,84.98,82.11,82.8,2841890
2016-05-24,82.43,83.72,82.4,83.05,1620750
2016-05-25,83.12,85.1,83.1,84.56,1938440
2016-05-26,84.8,86.08,83.73,84.64,2351960
2016-05-27,84.3,86.12,84.3,85.4,1037240
2016-05-30,85.9,85.9,84.88,85.65,841600
2016-05-31,85.5,86.5,84.13,85.99,2287050
2016-06-01,85.25,86.47,83.04,84.0,2091430
2016-06-02,84.4,84.4,80.12,81.18,3822160
2016-06-03,81.48,82.04,79.05,80.45,3165520
2016-06-06,80.9,81.45,80.36,80.73,3115530
2016-06-07,81.3,81.7,80.6,81.02,3934640
2016-06-08,81.02,82.24,79.64,79.99,3159900
2016-06-09,80.0,80.96,79.5,80.51,2563950
2016-06-10,77.9,79.45,75.53,77.7,7783060
2016-06-14,77.0,79.3,76.26,79.2,2611080
2016-06-15,79.49,79.65,77.74,79.01,2550900
2016-06-16,78.3,79.09,77.5,78.75,1936700
2016-06-17,79.49,80.37,78.5,79.9,2496960
2016-06-20,79.84,80.68,78.84,80.24,1282300
2016-06-21,79.96,80.9,79.18,80.4,1296480
2016-06-22,80.6,82.69,80.02,81.67,3440290
2016-06-23,81.62,82.5,81.19,81.55,1491790
2016-06-24,79.77,81.4,78.08,81.06,5649200
2016-06-27,81.15,82.24,78.54,79.0,1868500
2016-06-28,79.7,82.65,78.63,82.65,2848260
2016-06-29,82.65,83.93,82.35,83.41,3473610
2016-06-30,83.15,83.63,82.14,83.0,1294230
2016-07-01,82.82,83.7,82.73,83.7,1105540
2016-07-04,83.81,84.11,82.2,84.11,1349220
2016-07-05,83.78,83.78,81.81,82.12,1132560
2016-07-06,82.16,84.4,81.3,84.14,3450610
2016-07-07,84.0,84.47,80.54,81.15,2836000
2016-07-08,81.2,84.52,79.53,84.52,4164590
2016-07-11,84.48,85.0,83.6,84.25,1370010
2016-07-12,84.97,87.5,83.8,86.8,3979480
2016-07-13,86.44,88.6,86.06,87.84,2636930
2016-07-14,87.6,89.45,87.49,88.58,2048020
2016-07-15,88.2,90.58,88.04,90.39,2286490
2016-07-18,89.71,90.62,88.04,89.75,1612870
2016-07-19,89.65,93.54,89.01,92.97,3963360
2016-07-20,92.66,94.49,92.35,93.7,3345020
2016-07-21,93.7,94.12,91.5,91.88,1791970
2016-07-22,91.26,92.63,90.3,90.34,1502930
2016-07-25,91.21,91.4,88.88,89.96,2456430
2016-07-26,90.09,93.53,89.51,93.53,2321620
2016-07-27,92.55,94.0,90.73,90.8,3806650
2016-07-28,90.93,93.4,89.6,92.23,1984840
2016-07-29,92.2,96.7,91.31,95.29,4189960
2016-08-01,95.41,96.27,93.03,93.69,3073910
2016-08-02,93.4,94.28,91.1,93.81,2475980
2016-08-03,93.4,94.4,92.28,93.25,1490190
2016-08-04,93.19,94.6,93.12,93.65,1997070
2016-08-05,94.11,94.3,92.61,93.02,1799700
2016-08-08,93.22,94.76,93.1,93.38,1344410
2016-08-09,93.14,94.34,92.0,94.26,2368130
2016-08-10,93.73,94.38,91.66,91.76,1898070
2016-08-11,92.0,92.76,91.44,92.0,1717480
2016-08-12,92.29,92.29,90.62,91.97,2001780
2016-08-15,91.97,93.26,91.5,91.81,1660900
2016-08-16,91.91,93.4,91.37,91.73,1878600
2016-08-17,92.23,93.35,91.7,91.7,1580460
2016-08-18,92.28,93.07,90.63,92.91,2704240
2016-08-19,92.9,93.5,92.21,92.7,2073830
2016-08-22,92.55,93.27,91.56,92.56,1302230
2016-08-23,92.56,94.38,92.29,94.14,1799810
2016-08-24,94.6,94.74,92.82,93.42,1043440
2016-08-25,94.1,94.1,91.8,92.95,1570940
2016-08-26,92.76,93.14,91.0,91.5,1776420
2016-08-29,91.39,91.53,90.11,90.36,1188060
2016-08-30,90.65,91.44,90.2,91.2,1648790
2016-08-31,90.8,91.7,89.1,90.0,3177320
2016-09-01,90.7,90.88,89.25,90.1,1051010
2016-09-02,90.56,92.04,89.2,91.57,2153200
2016-09-05,91.8,91.86,90.41,91.5,1078910
2016-09-06,91.58,92.45,91.02,92.22,1163610
2016-09-07,92.54,92.59,91.02,91.1,1470060
2016-09-08,91.12,92.0,90.93,91.88,1437380
2016-09-09,91.9,91.9,90.53,91.77,1214020
2016-09-12,91.16,91.16,88.6,88.7,3098370
2016-09-13,89.04,90.13,88.0,88.42,2623820
2016-09-14,88.35,89.35,86.15,86.21,3041300
2016-09-15,86.19,87.06,84.16,85.67,4210380
2016-09-16,85.67,86.2,82.41,82.74,3921340
2016-09-19,82.98,83.68,81.32,81.79,3661030
2016-09-20,81.7,84.95,81.66,84.86,2664990
2016-09-21,84.87,87.94,84.25,87.61,3353100
2016-09-22,87.95,89.01,86.67,88.94,2040260
2016-09-23,88.51,88.98,86.3,87.35,3652770
2016-09-26,87.07,87.97,85.12,85.7,2864250
2016-09-27,85.8,86.88,84.91,85.45,1456840
2016-09-28,85.6,86.3,84.82,85.1,1391190
2016-09-29,86.35,87.63,85.1,85.5,1477330
2016-09-30,85.5,85.62,82.18,82.94,3683800
2016-10-03,82.95,84.9,82.5,84.9,1528180
2016-10-04,84.9,85.69,84.05,84.65,2601230
2016-10-05,84.66,85.31,83.65,84.65,2162340
2016-10-06,84.61,86.61,84.2,86.46,1361650
2016-10-07,86.3,86.93,85.91,86.4,1178480
2016-10-10,86.4,87.87,85.94,87.85,1753150
2016-10-11,86.92,87.55,85.52,85.86,1671520
2016-10-12,85.86,87.23,84.61,86.75,1875030
2016-10-13,86.23,89.16,85.88,87.9,1677440
2016-10-14,88.2,88.53,86.25,87.04,1596090
2016-10-17,87.31,90.42,85.92,90.02,3602400
2016-10-18,89.67,90.84,89.26,90.37,2547750
2016-10-19,90.3,90.93,89.19,90.0,1374190
2016-10-20,89.88,90.1,88.59,89.93,2085510
2016-10-21,90.0,90.0,87.18,87.71,2069510
2016-10-24,87.71,89.79,87.71,89.61,1086580
2016-10-25,89.68,92.32,88.61,91.9,2830850
2016-10-26,91.93,96.63,91.28,94.52,8630600
2016-10-27,95.0,98.5,94.8,96.34,5254960
2016-10-28,96.53,96.9,94.33,95.8,2239420
2016-10-31,95.2,102.6,94.85,102.55,7823430
2016-11-01,102.62,105.16,100.12,100.16,9779560
2016-11-02,99.98,101.0,98.5,98.95,3374810
2016-11-03,98.95,100.5,97.75,99.7,2904610
2016-11-07,100.16,104.78,99.84,104.7,6580200
2016-11-08,104.78,105.24,102.5,102.59,2835640
2016-11-09,101.16,105.0,100.73,104.02,3670170
2016-11-10,103.52,113.83,103.52,112.66,13068390
2016-11-11,112.1,118.94,111.51,117.35,14036430
2016-11-14,117.7,118.66,115.21,117.19,4458220
2016-11-15,118.0,118.0,113.88,114.38,4316070
2016-11-16,115.19,116.86,113.99,115.55,2889140
2016-11-17,115.7,118.4,114.8,117.26,3520270
2016-11-18,117.0,118.79,114.2,115.5,2411980
2016-11-21,116.02,116.68,114.39,114.72,2052530
2016-11-22,114.53,116.7,113.02,116.5,3936450
2016-11-23,117.0,118.1,115.55,116.9,3340060
2016-11-24,117.71,119.5,116.33,118.0,3205700
2016-11-25,118.49,119.91,115.89,119.39,4044690
2016-11-28,120.0,124.29,119.79,123.06,4887540
2016-11-29,123.32,123.42,120.8,123.0,2641900
2016-11-30,122.5,124.78,117.72,117.94,5087690
2016-12-01,117.33,119.25,115.27,116.15,3384360
2016-12-02,116.9,116.9,114.31,115.0,2771200
2016-12-05,114.6,117.97,114.6,117.45,4247010
2016-12-06,117.79,118.3,115.38,116.7,3915700
2016-12-07,116.68,121.34,116.55,120.51,4568920
2016-12-08,121.0,122.1,118.37,118.5,5674370
2016-12-09,118.4,118.4,112.7,113.0,16447060
2016-12-12,113.63,116.78,108.21,109.42,10742280
2016-12-13,110.43,113.5,109.62,113.17,7309810
2016-12-14,113.78,114.8,111.41,112.35,7059340
2016-12-15,114.3,116.18,112.5,115.85,7120030
2016-12-16,116.01,117.5,114.34,115.18,6022200
2016-12-19,115.15,115.32,112.42,112.9,3147100
2016-12-20,113.21,114.7,111.54,113.11,3399180
2016-12-21,113.03,114.38,111.7,111.88,1956550
2016-12-22,111.79,114.3,110.5,110.8,4344500
2016-12-23,110.82,112.5,110.29,111.48,2195900
2016-12-26,111.94,114.0,111.51,113.85,1358600
2016-12-27,113.9,114.59,113.06,113.4,1912500
2016-12-28,113.41,113.87,112.02,112.13,2210350
2016-12-29,112.8,113.72,111.53,113.7,2484280
2016-12-30,113.8,115.0,113.11,114.98,2640040
2017-01-03,115.0,117.7,115.0,116.18,3733820
2017-01-04,116.5,117.28,116.11,116.3,1888700
2017-01-05,116.55,116.98,115.12,116.0,3245820
2017-01-06,112.5,114.49,111.75,112.14,3964680
2017-01-09,112.98,113.94,111.1,111.72,3586800
2017-01-10,112.2,115.2,111.8,114.99,4054290
2017-01-11,115.0,116.49,114.0,115.29,5517780
2017-01-12,115.29,116.75,114.48,115.99,3258630
2017-01-13,116.01,116.49,112.07,113.44,3476890
2017-01-16,113.44,115.5,112.61,113.0,2291290
2017-01-17,113.26,113.83,111.19,112.5,2312700
2017-01-18,113.0,114.43,112.05,113.6,2584220
2017-01-19,114.0,114.55,111.5,112.1,3734290
2017-01-20,112.18,112.76,109.1,110.0,5104630
2017-01-23,110.85,111.65,108.32,109.01,3132280
2017-01-24,109.73,112.64,109.4,112.5,3647920
2017-01-25,112.55,114.5,111.7,112.56,4695480
2017-01-26,112.81,116.65,111.67,116.4,10343740
2017-01-27,116.0,117.7,115.09,116.8,5444150
2017-01-30,116.98,118.73,116.0,116.11,5259830
2017-01-31,116.41,119.48,116.01,118.05,7104600
2017-02-01,118.44,120.99,117.81,120.09,4659650
2017-02-02,120.09,122.0,119.27,119.66,4555990
2017-02-03,119.46,120.74,118.02,119.19,3795380
2017-02-06,120.3,120.62,117.52,118.25,4196670
2017-02-07,117.81,118.95,117.6,118.05,1868270
2017-02-08,118.24,122.4,117.76,121.26,6493560
2017-02-09,121.5,122.9,119.5,121.7,6291140
2017-02-10,121.3,122.75,119.13,121.29,3966300
2017-02-13,121.16,122.49,120.34,121.75,2454240
2017-02-14,121.5,122.08,119.82,121.15,2422950
2017-02-15,120.71,122.2,120.34,121.68,3238090
2017-02-16,121.31,123.4,120.71,122.24,4143540
2017-02-17,122.9,124.75,122.0,122.99,5000440
2017-02-20,122.25,123.01,120.15,120.58,3585710
2017-02-21,120.4,120.78,118.18,119.35,2348550
2017-02-22,119.5,120.03,118.0,118.8,3076790
2017-02-24,118.26,119.15,115.75,116.37,3087820
2017-02-27,116.37,116.87,112.86,113.95,3594820
2017-02-28,113.95,113.95,100.68,112.65,6171430
2017-03-01,112.66,114.78,112.02,113.64,2906460
2017-03-02,113.64,115.14,110.3,111.0,4123720
2017-03-03,110.0,111.55,108.0,111.5,4090850
2017-03-06,111.72,115.21,109.55,110.0,6757670
2017-03-07,110.49,110.91,105.37,108.52,5484310
2017-03-09,107.99,109.98,106.1,108.36,7501620
2017-03-10,108.1,111.0,105.47,108.04,4751600
2017-03-13,108.0,109.35,105.6,108.02,3158740
2017-03-14,108.45,111.84,107.8,110.61,6656610
2017-03-15,110.61,111.78,109.74,110.43,2243780
2017-03-16,111.2,112.79,110.62,111.49,4301090
2017-03-17,112.14,116.0,111.64,114.16,6192850
2017-03-20,114.5,115.7,113.49,114.1,3646510
2017-03-21,114.6,116.94,114.17,114.35,3740780
2017-03-22,114.31,114.59,111.64,112.91,5388090
2017-03-23,112.94,114.46,109.63,110.5,8159600
2017-03-24,110.99,112.74,110.07,111.98,4390190
2017-03-27,112.0,112.0,108.5,111.66,6980050
2017-03-28,111.68,113.14,109.6,112.26,4262550
2017-03-29,112.55,113.62,112.0,113.2,2525660
2017-03-30,113.57,114.26,112.4,113.2,1426560
2017-03-31,112.48,113.49,111.5,113.11,1356730
2017-04-03,113.3,114.0,111.51,112.62,1855130
2017-04-04,112.2,113.01,111.64,112.6,2058330
2017-04-05,112.7,113.93,111.91,112.36,2445220
2017-04-06,111.9,112.5,110.75,110.81,3652910
2017-04-07,110.7,111.17,109.2,110.85,2320500
2017-04-10,110.8,110.94,106.22,107.2,5260530
2017-04-11,106.41,109.2,106.03,108.0,4735780
2017-04-12,108.38,109.0,105.03,106.05,4116610
2017-04-13,106.05,106.75,101.88,105.5,9583590
2017-04-14,105.02,106.54,103.92,104.21,1716110
2017-04-17,104.7,105.4,103.99,105.4,2527500
2017-04-18,105.05,105.6,100.55,101.62,6823520
2017-04-19,101.3,101.74,99.6,100.7,3093100
2017-04-20,100.49,101.66,97.57,101.52,6429540
2017-04-21,101.56,103.06,100.55,101.35,4905990
2017-04-24,101.7,103.89,101.7,103.22,3400570
2017-04-25,104.4,106.6,102.39,105.8,5475270
2017-04-26,106.5,107.96,104.5,107.53,3508740
2017-04-27,107.36,108.4,106.21,108.38,3472800
2017-04-28,108.8,109.07,107.74,107.75,3210350
2017-05-02,108.1,109.54,107.91,109.0,2879410
2017-05-03,108.94,109.5,106.31,106.59,1630060
2017-05-04,106.59,108.72,106.35,107.51,1774200
2017-05-05,106.65,107.99,106.37,106.99,1689560
2017-05-10,108.1,109.0,107.38,108.71,1592640
2017-05-11,108.77,108.93,105.2,105.39,2315820
2017-05-12,105.4,105.81,103.01,103.8,3250970
2017-05-15,104.5,105.65,103.05,105.3,4552630
2017-05-16,106.4,110.31,106.35,110.29,16940540
2017-05-17,110.0,111.89,109.02,110.62,6633820
2017-05-18,109.73,111.6,108.4,108.7,8320850
2017-05-19,109.02,109.26,105.6,109.0,7820460
2017-05-22,108.99,108.99,106.02,107.29,4263840
2017-05-23,107.5,108.14,106.38,107.64,7474470
2017-05-24,107.5,108.3,105.62,108.3,8258000
2017-05-25,108.45,108.58,106.25,107.14,4436710
2017-05-26,108.0,108.5,106.92,108.5,5667290
2017-05-29,108.45,111.14,107.7,110.82,7498690
2017-05-30,110.14,110.15,107.1,108.56,9517480
2017-05-31,108.56,116.0,107.37,115.5,82065050
2017-06-01,112.62,113.34,108.4,109.1,22319040
2017-06-02,109.0,109.32,107.0,108.6,7786440
2017-06-05,107.8,108.8,107.0,107.55,4820120
2017-06-06,108.55,108.55,107.1,108.09,5644380
2017-06-07,108.09,110.7,107.81,109.72,7427570
2017-06-08,109.75,110.16,108.1,108.99,3991750
2017-06-09,108.9,109.8,108.45,109.19,5509140
2017-06-13,104.07,105.39,103.35,104.89,6030790
2017-06-14,104.89,105.63,103.53,104.81,5089700
2017-06-15,103.92,104.72,100.82,101.54,10890760
2017-06-16,101.84,103.38,101.64,102.95,4817270
2017-06-19,102.89,104.96,102.09,104.29,5117040
2017-06-20,104.44,106.49,103.5,104.81,5582260
2017-06-21,104.44,106.24,102.73,105.55,5297960
2017-06-22,105.55,108.09,104.9,107.22,5019350
2017-06-23,107.34,108.07,106.15,107.0,4278510
2017-06-26,107.74,110.76,107.29,110.65,3894720
2017-06-27,110.13,112.5,110.13,111.98,2908220
2017-06-28,111.89,113.94,110.82,113.84,3159030
2017-06-29,113.9,116.99,113.6,116.0,5265390
2017-06-30,116.01,117.44,113.51,115.65,6101660
2017-07-03,116.0,117.47,114.77,117.23,3235990
2017-07-04,117.0,118.8,114.38,118.31,4013750
2017-07-05,118.0,121.1,117.84,120.23,4714130
2017-07-06,119.65,121.75,119.1,121.0,4500830
2017-07-07,121.0,121.53,119.5,120.52,3649490
2017-07-10,120.5,121.12,118.68,120.6,3576920
2017-07-11,120.59,122.87,120.0,122.87,3111480
2017-07-12,122.96,124.79,121.7,123.88,3907880
2017-07-13,124.41,125.09,122.15,123.87,2786630
2017-07-14,123.47,124.34,122.3,124.19,1577580
2017-07-17,123.88,124.43,122.5,124.0,1961270
2017-07-18,124.04,127.14,123.0,126.27,8155580
2017-07-19,126.01,127.43,125.0,126.75,3881250
2017-07-20,126.69,127.88,123.5,123.85,3283710
2017-07-21,124.15,124.59,121.73,124.02,2385500
2017-07-24,124.78,124.78,121.82,124.65,2870940
2017-07-25,124.55,124.55,123.14,123.26,3719050
2017-07-26,123.52,127.0,123.45,127.0,4135110
2017-07-27,127.0,127.28,125.01,125.3,4485370
2017-07-28,125.01,125.36,121.0,123.57,5353320
2017-07-31,123.2,126.45,123.2,125.0,3465720
2017-08-01,125.54,127.1,125.48,125.93,3201670
2017-08-02,125.53,128.0,125.53,128.0,3776380
2017-08-03,128.0,129.62,127.65,129.3,5099350
2017-08-04,129.02,129.57,127.75,128.75,3789180
2017-08-07,129.95,133.77,129.06,133.49,6113220
2017-08-08,133.49,134.7,132.75,133.39,5554880
2017-08-09,133.39,135.0,133.1,134.6,3421180
2017-08-10,134.88,135.4,133.31,133.72,3447850
2017-08-11,133.0,133.68,130.9,133.3,7044870
2017-08-14,134.0,134.1,131.01,131.7,2859890
2017-08-15,131.46,131.72,128.93,129.92,3221560
2017-08-16,130.57,132.29,129.86,131.47,5929500
2017-08-17,131.05,131.5,128.73,128.81,2526960
2017-08-18,128.97,129.21,126.66,127.49,3319130
2017-08-21,127.8,128.91,126.2,126.5,3452870
2017-08-22,126.78,127.33,125.42,126.2,2962660
2017-08-23,126.17,128.8,125.21,128.8,4506800
2017-08-24,128.02,128.89,126.07,128.08,3425730
2017-08-25,127.92,128.7,127.54,127.64,2903770
2017-08-28,127.64,127.9,126.34,127.9,1655690
2017-08-29,127.53,128.1,126.0,128.1,2430040
2017-08-30,128.1,134.45,127.2,134.39,6033650
2017-08-31,133.99,139.92,133.5,139.92,8198270
2017-09-01,139.22,139.49,136.03,136.83,3972200
2017-09-04,136.85,136.9,132.21,132.6,3929260
2017-09-05,133.0,133.89,131.03,131.5,3524590
2017-09-06,131.64,132.77,128.07,132.5,4747910
2017-09-07,132.05,132.43,128.0,128.7,4779760
2017-09-08,129.0,131.4,128.36,131.4,3324070
2017-09-11,131.4,133.04,130.7,130.7,3456440
2017-09-12,130.9,134.58,130.83,134.48,2616330
2017-09-13,134.15,135.98,133.1,133.44,4620290
2017-09-14,133.44,133.91,131.87,132.02,2716490
2017-09-15,132.75,133.64,130.83,130.83,3501980
2017-09-18,131.5,133.0,130.52,131.4,2938680
2017-09-19,131.35,131.65,128.7,128.9,3836310
2017-09-20,129.65,129.97,128.11,129.32,3524450
2017-09-21,130.0,130.44,127.49,127.5,3106120
2017-09-22,127.1,129.51,125.51,128.65,4174980
2017-09-25,128.66,129.29,127.01,128.73,2307500
2017-09-26,128.79,133.49,128.21,132.15,3629720
2017-09-27,132.67,132.97,131.05,132.25,3094300
2017-09-28,132.02,132.57,128.64,131.16,1994000
2017-09-29,131.49,132.89,130.8,132.29,1669180
2017-10-02,132.29,136.21,131.52,136.2,4297100
2017-10-03,137.17,137.56,135.9,136.7,2525500
2017-10-04,136.7,137.25,135.9,136.65,1090180
2017-10-05,137.18,137.18,134.85,135.99,2035120
2017-10-06,136.01,138.1,135.53,137.97,3984020
2017-10-09,138.21,138.94,137.5,138.7,3109260
2017-10-10,138.69,138.69,136.1,137.4,5234130
2017-10-11,134.68,135.89,134.01,135.89,5713690
2017-10-12,135.95,136.09,132.05,132.58,4467610
2017-10-13,133.25,134.3,132.33,133.0,2347060
2017-10-16,133.1,136.75,133.1,136.29,3962090
2017-10-17,136.29,136.58,134.28,136.44,3233890
2017-10-18,137.2,137.2,133.8,134.2,3187720
2017-10-19,134.55,134.75,131.55,131.9,3229500
2017-10-20,132.02,133.87,130.38,130.75,3295680
2017-10-23,131.41,134.86,131.0,134.03,3230190
2017-10-24,134.03,137.15,134.03,137.15,4625080
2017-10-25,137.12,137.39,133.12,133.45,3719100
2017-10-26,133.21,135.47,133.11,135.07,2597620
2017-10-27,135.0,135.38,132.87,135.25,3732550
2017-10-30,135.25,135.25,132.88,133.31,4469390
2017-10-31,133.31,134.9,133.15,133.21,4320960
2017-11-01,133.87,135.25,133.22,134.03,2105970
2017-11-02,134.03,134.71,131.07,132.45,2866190
2017-11-03,132.45,133.5,131.11,131.46,2526930
2017-11-07,131.92,132.99,130.52,132.13,5273490
2017-11-08,132.15,133.0,131.4,132.0,2583260
2017-11-09,132.89,132.89,129.2,130.0,5476210
2017-11-10,130.02,132.4,129.0,130.83,3129820
2017-11-13,131.19,132.7,131.0,131.65,2376500
2017-11-14,132.34,136.55,132.3,134.1,4535610
2017-11-15,135.0,135.22,132.5,132.5,3106590
2017-11-16,132.88,134.92,132.24,133.3,3729580
2017-11-17,133.37,134.2,132.25,132.38,1861320
2017-11-20,132.51,133.24,131.25,131.69,1693830
2017-11-21,132.17,136.05,132.02,134.92,3186810
2017-11-22,135.18,135.23,132.4,132.85,1923540
2017-11-23,133.01,133.13,131.75,132.76,1339240
2017-11-24,133.0,133.12,131.61,132.17,1576130
2017-11-27,132.0,132.2,128.9,129.0,3223760
2017-11-28,129.66,131.74,128.25,131.3,3065970
2017-11-29,131.7,131.7,128.2,129.93,3271180
2017-11-30,130.1,132.25,128.01,132.25,8292720
2017-12-01,131.49,131.6,129.49,130.22,3863410
2017-12-04,130.22,135.0,129.95,134.31,4428700
2017-12-05,134.35,134.66,131.97,133.96,2378210
2017-12-06,133.65,138.76,133.0,138.76,4699160
2017-12-07,138.68,140.37,136.89,139.2,4735640
2017-12-08,139.2,141.96,138.06,138.86,3627950
2017-12-11,139.0,147.3,138.46,147.3,5155360
2017-12-12,147.0,147.2,142.65,146.17,3703360
2017-12-13,145.34,145.38,142.81,144.3,2358520
2017-12-14,144.0,144.76,142.17,142.74,2325040
2017-12-15,142.74,143.09,140.5,141.95,3145600
2017-12-18,142.0,144.45,140.88,141.8,2485230
2017-12-19,142.0,142.58,140.6,141.55,2438810
2017-12-20,141.03,143.12,140.23,141.85,2233890
2017-12-21,141.91,146.95,141.19,145.75,3074180
2017-12-22,145.4,146.5,143.68,146.5,1405410
2017-12-25,146.42,146.42,144.65,145.0,542950
2017-12-26,145.12,148.97,145.01,147.23,2469130
2017-12-27,147.17,148.7,145.5,148.25,2410430
2017-12-28,147.87,149.3,146.52,147.0,2065830
2017-12-29,147.0,148.47,146.64,147.22,2085620
2018-01-03,147.35,149.58,147.35,149.0,1701590
2018-01-04,148.5,153.02,148.25,153.0,3517510
2018-01-05,148.5,149.65,146.1,146.46,6732440
2018-01-09,147.17,149.26,145.03,149.25,4601800
2018-01-10,149.24,149.9,147.34,149.9,2655660
2018-01-11,149.89,151.63,148.62,150.4,2261420
2018-01-12,149.85,153.91,149.11,153.59,3002650
2018-01-15,152.82,154.8,152.21,152.5,2476160
2018-01-16,152.33,152.8,148.66,150.88,3259600
2018-01-17,150.1,151.94,148.12,151.7,3121580
2018-01-18,151.51,153.0,150.31,152.8,3928360
2018-01-19,152.49,155.81,151.51,154.95,3725850
2018-01-22,155.0,157.44,153.92,157.14,4398910
2018-01-23,156.7,157.02,151.0,153.7,3159800
2018-01-24,153.0,153.45,150.05,150.7,2948980
2018-01-25,150.11,155.79,150.11,154.0,5125810
2018-01-26,153.63,153.99,150.6,153.93,2802020
2018-01-29,153.3,154.9,152.0,153.19,1945230
2018-01-30,152.29,152.35,149.6,150.9,2420030
2018-01-31,150.31,150.76,147.0,147.0,3330110
2018-02-01,147.48,150.63,145.74,150.4,3091100
2018-02-02,150.1,150.8,145.38,146.14,3892130
2018-02-05,145.89,147.1,142.31,147.1,4092350
2018-02-06,144.06,145.99,139.41,144.78,6615330
2018-02-07,144.8,148.0,144.8,146.05,4904500
2018-02-08,146.7,146.7,141.24,143.0,3905570
2018-02-09,140.86,142.5,137.77,137.95,6351620
2018-02-12,139.05,144.98,138.96,143.7,5452690
2018-02-13,143.72,148.84,143.14,148.79,4961030
2018-02-14,148.4,149.78,145.33,147.68,4947550
2018-02-15,148.52,149.2,146.84,148.05,3470940
2018-02-16,148.79,150.0,147.65,149.24,2934150
2018-02-19,150.0,153.59,149.28,152.89,4323880
2018-02-20,152.5,156.0,151.5,153.0,6512170
2018-02-21,152.7,152.92,147.89,148.3,5281240
2018-02-22,148.17,149.95,146.15,148.56,4792640
2018-02-26,149.44,150.9,147.0,148.73,4216330
2018-02-27,148.48,148.48,145.5,146.65,3593630
2018-02-28,145.9,147.5,144.29,146.1,4792280
2018-03-01,146.0,147.75,145.06,145.83,2770810
2018-03-02,145.3,145.79,141.63,144.45,3376170
2018-03-05,143.72,147.4,143.3,146.9,3119740
2018-03-06,146.65,147.27,143.78,145.36,3052380
2018-03-07,144.51,146.37,143.09,146.3,5257100
2018-03-09,145.5,146.0,144.22,145.55,3290420
2018-03-12,145.03,149.45,145.03,149.45,3799540
2018-03-13,149.06,150.99,147.8,150.99,4523290
2018-03-14,150.0,152.43,148.34,150.0,4566770
2018-03-15,149.13,150.39,147.34,148.27,4769010
2018-03-16,148.7,155.79,146.24,153.0,13313260
2018-03-19,153.5,154.44,147.81,148.2,4419500
2018-03-20,149.33,149.48,146.51,148.04,4933160
2018-03-21,148.0,149.97,147.6,148.5,3319680
2018-03-22,148.15,149.42,147.0,149.2,2559580
2018-03-23,147.0,148.54,143.61,148.54,5366980
2018-03-26,147.83,148.67,146.35,146.35,2751510
2018-03-27,146.67,148.96,146.15,146.63,3270010
2018-03-28,146.55,147.27,141.55,142.06,3316810
2018-03-29,142.88,144.98,142.31,144.22,2782620
2018-03-30,144.52,145.34,143.5,143.5,979710
2018-04-02,144.2,146.1,142.58,142.58,1416330
2018-04-03,143.2,144.45,141.6,144.25,2088120
2018-04-04,144.3,145.32,142.7,145.28,2118240
2018-04-05,145.5,149.14,145.5,148.9,2628810
2018-04-06,147.22,153.7,147.22,150.42,4600950
2018-04-09,150.0,150.72,138.63,143.31,8350540
2018-04-10,143.0,155.25,143.0,151.85,7805670
2018-04-11,152.0,154.71,149.1,150.82,4623930
2018-04-12,151.99,152.0,147.14,148.0,3826790
2018-04-13,148.72,151.7,147.01,147.11,4358480
2018-04-16,148.0,148.84,143.19,145.0,4305270
2018-04-17,146.0,148.19,144.36,148.19,4427200
2018-04-18,148.0,151.97,148.0,151.5,4078360
2018-04-19,151.79,151.86,149.01,151.0,2464200
2018-04-20,151.09,153.69,149.75,151.81,1747190
2018-04-23,152.41,153.9,150.9,153.9,3747300
2018-04-24,154.05,155.96,153.04,154.65,5046140
2018-04-25,154.1,158.93,153.14,158.15,3476840
2018-04-26,158.7,161.61,157.42,160.5,4178500
2018-04-27,161.15,162.9,160.8,162.05,2900450
2018-04-30,163.5,164.17,158.25,161.16,3956980
2018-05-02,162.6,162.6,157.74,157.74,3880420
2018-05-03,158.25,159.4,153.34,153.34,7232830
2018-05-04,154.45,155.47,153.18,153.8,4009020
2018-05-07,154.01,158.69,154.01,157.4,3206140
2018-05-08,157.4,157.88,154.5,157.88,5130760
2018-05-10,157.88,158.35,154.0,154.7,6045020
2018-05-11,154.8,157.88,154.8,157.88,5085420
2018-05-14,157.79,163.29,155.97,163.27,5858620
2018-05-15,163.27,163.95,158.81,158.81,4987360
2018-05-16,159.08,161.79,157.44,161.41,6147140
2018-05-17,161.42,162.25,159.2,159.32,3083530
2018-05-18,159.55,164.26,159.37,162.5,3387310
2018-05-21,163.16,163.58,161.3,161.56,2347320
2018-05-22,161.9,162.16,159.6,159.94,1787150
2018-05-23,159.94,164.9,159.05,159.5,3124410
2018-05-24,159.71,163.0,159.61,163.0,2572450
2018-05-25,163.0,164.52,161.42,162.85,3503120
2018-05-28,163.0,164.0,162.35,162.75,756650
2018-05-29,163.49,163.95,161.0,161.65,2830870
2018-05-30,161.94,164.82,161.26,163.27,3080070
2018-05-31,163.93,166.22,163.15,163.15,6985690
2018-06-01,164.23,164.93,162.0,162.0,2833800
2018-06-04,162.81,167.69,161.52,167.66,4234890
2018-06-05,167.72,171.67,166.86,171.3,3365460
2018-06-06,170.55,173.75,170.28,170.67,3704370
2018-06-07,171.5,173.3,171.01,172.19,2586440
2018-06-08,172.0,173.17,168.59,168.86,4194910
2018-06-11,171.44,173.27,169.93,170.5,2942770
2018-06-13,171.34,173.32,170.85,171.01,2139440
2018-06-14,171.87,171.87,169.11,169.11,1999130
2018-06-15,169.92,170.13,168.51,168.57,4643800
2018-06-18,169.1,170.69,166.88,167.3,5957020
2018-06-19,159.47,159.5,151.0,153.68,7150890
2018-06-20,154.85,156.97,154.5,155.01,3220550
2018-06-21,155.79,158.19,154.53,157.44,3397260
2018-06-22,157.9,159.18,156.25,157.74,2252200
2018-06-25,157.5,159.44,154.65,154.65,1926540
2018-06-26,155.22,157.85,153.13,154.94,2957000
2018-06-27,155.1,155.55,152.08,153.7,2749720
2018-06-28,154.2,154.25,148.47,148.59,5119450
2018-06-29,149.72,152.9,149.34,151.84,3797440
2018-07-02,151.8,154.7,151.1,154.7,4081060
2018-07-03,154.25,155.0,151.7,153.01,3753360
2018-07-04,153.77,153.77,150.57,151.53,1756200
2018-07-05,150.95,154.27,150.41,154.27,2193460
2018-07-06,153.56,154.45,151.15,154.27,3421260
2018-07-09,154.27,158.0,154.02,157.42,3006870
2018-07-10,157.42,161.36,157.42,161.0,3075630
2018-07-11,159.5,159.88,157.03,158.59,3026800
2018-07-12,158.42,158.42,154.24,155.65,2451450
2018-07-13,155.83,158.02,155.73,158.02,1799620
2018-07-16,158.5,158.83,155.33,156.89,2058140
2018-07-17,157.22,158.4,154.6,157.08,2954360
2018-07-18,157.8,161.28,156.74,161.1,3120870
2018-07-19,162.0,163.07,158.7,159.88,3048900
2018-07-20,159.88,161.16,157.82,159.46,2319750
2018-07-23,159.5,161.38,158.08,159.42,1392100
2018-07-24,159.42,163.19,158.55,162.75,1866360
2018-07-25,161.27,163.92,160.95,161.0,1788680
2018-07-26,161.5,163.78,161.5,163.45,1993020
2018-07-27,163.51,164.0,162.02,163.64,1987240
2018-07-30,163.78,163.78,161.75,163.3,1817580
2018-07-31,162.98,162.98,160.34,162.4,3393670
2018-08-01,162.7,162.84,160.2,160.32,1625330
2018-08-02,160.3,161.94,158.54,159.8,1746420
2018-08-03,159.94,163.12,158.54,163.12,2229300
2018-08-06,163.16,164.6,161.82,161.82,2005040
2018-08-07,162.86,162.88,159.28,160.32,1348590
2018-08-08,160.2,161.04,155.5,158.9,3005010
2018-08-09,158.9,160.62,156.36,160.62,2196330
2018-08-10,155.0,157.64,148.74,152.0,5323740
2018-08-13,152.0,157.44,150.24,155.9,4536450
2018-08-14,155.96,156.92,153.12,155.48,3181230
2018-08-15,155.96,156.0,152.52,155.54,3820670
2018-08-16,154.6,155.46,153.38,153.38,1854360
2018-08-17,153.92,156.36,153.32,155.16,3041590
2018-08-20,156.44,158.44,155.62,157.74,1420940
2018-08-21,157.78,158.98,156.4,158.8,1381730
2018-08-22,158.82,161.1,156.98,160.7,2684080
2018-08-23,160.46,161.36,157.46,158.0,2080010
2018-08-24,158.0,159.5,155.76,159.5,2582470
2018-08-27,159.4,160.2,157.84,160.2,999040
2018-08-28,160.5,166.34,159.64,165.2,3270520
2018-08-29,164.74,169.0,164.74,168.32,2817380
2018-08-30,168.76,168.88,166.36,168.0,2538570
2018-08-31,167.16,167.28,163.96,165.66,3313920
2018-09-03,166.2,169.44,165.5,168.6,1708930
2018-09-04,168.74,169.12,164.74,164.74,2143500
2018-09-05,165.46,166.76,163.78,163.78,1682030
2018-09-06,163.78,165.7,163.4,163.5,1342800
2018-09-07,164.86,166.0,162.52,165.94,1676270
2018-09-10,165.68,170.0,165.1,170.0,2470580
2018-09-11,169.46,171.1,167.8,169.36,1868970
2018-09-12,169.3,169.98,168.06,169.78,1972600
2018-09-13,169.8,171.28,168.02,169.52,1868090
2018-09-14,169.1,170.38,168.52,170.2,1324520
2018-09-17,170.02,172.3,169.0,171.34,1812760
2018-09-18,171.66,173.98,170.16,173.36,3233120
2018-09-19,173.78,175.2,171.12,172.34,3854370
2018-09-20,172.34,176.98,172.34,174.88,4595390
2018-09-21,175.0,177.82,173.72,177.82,4232830
2018-09-24,177.3,179.68,175.32,176.6,1768290
2018-09-25,176.2,177.52,174.9,177.52,1356110
2018-09-26,177.22,177.9,171.56,171.56,3242960
2018-09-27,172.26,179.0,172.24,179.0,3646380
2018-09-28,178.6,178.94,175.18,177.9,2297920
2018-10-01,178.38,178.62,177.0,177.22,2072170
2018-10-02,177.22,179.52,177.22,178.5,1607930
2018-10-03,179.26,184.14,178.1,184.0,3474620
2018-10-04,183.8,184.88,181.74,182.0,2978740
2018-10-05,182.52,182.98,178.1,178.1,2225400
2018-10-08,179.34,180.96,178.42,178.42,2347650
2018-10-09,180.0,181.8,178.1,180.4,2268650
2018-10-10,179.14,180.8,176.08,176.34,2378100
2018-10-11,171.56,171.56,165.82,167.1,5114220
2018-10-12,167.22,168.36,165.26,168.26,1865490
2018-10-15,168.48,169.58,164.6,165.0,1898690
2018-10-16,165.0,167.94,163.9,167.86,3008070
2018-10-17,167.88,172.3,167.88,171.3,2815600
2018-10-18,171.2,171.6,166.0,166.0,2501950
2018-10-19,166.8,167.28,160.4,160.4,3481900
2018-10-22,162.0,162.0,157.58,158.5,2617620
2018-10-23,157.5,161.02,156.28,158.2,3272490
2018-10-24,159.3,162.32,156.52,156.7,4079610
2018-10-25,156.0,161.06,155.42,161.0,5621360
2018-10-26,160.98,160.98,155.62,158.72,2818870
2018-10-29,158.0,160.48,157.22,159.84,1621190
2018-10-30,158.34,160.46,156.1,158.02,2261240
2018-10-31,158.68,160.78,158.38,160.42,3095010
2018-11-01,159.88,160.22,156.9,159.06,3193640
2018-11-02,159.88,160.48,157.02,157.94,4013210
2018-11-06,158.0,158.7,157.02,157.92,2535120
2018-11-07,157.5,158.5,156.3,157.6,3354150
2018-11-08,157.94,158.2,156.8,156.8,2196670
2018-11-09,156.7,161.88,155.12,161.74,7093810
2018-11-12,161.76,163.36,160.52,160.96,2350160
2018-11-13,160.38,165.0,159.4,164.0,3201050
2018-11-14,163.58,166.5,163.0,164.6,3818550
2018-11-15,164.6,165.82,164.0,164.38,1899610
2018-11-16,164.3,164.8,162.0,164.26,1592710
2018-11-19,163.5,164.14,162.16,163.24,2205620
2018-11-20,163.0,163.5,160.96,163.5,2400330
2018-11-21,163.38,164.54,161.48,162.66,3529530
2018-11-22,162.52,164.38,162.52,163.86,2233390
2018-11-23,163.7,165.74,162.54,164.86,2620520
2018-11-26,165.5,165.88,160.64,162.28,2742170
2018-11-27,163.0,164.94,161.18,161.2,3983900
2018-11-28,161.3,162.32,158.6,159.04,3979420
2018-11-29,159.62,163.24,159.06,160.96,2884220
2018-11-30,160.96,161.76,157.2,158.36,4860840
2018-12-03,159.84,162.62,159.5,161.44,3296550
2018-12-04,161.24,161.24,159.1,161.14,3515210
2018-12-05,160.88,161.84,156.62,158.38,5121780
2018-12-06,157.5,157.98,156.2,157.76,2729960
2018-12-07,158.5,159.46,156.5,158.36,3120750
2018-12-10,158.0,158.44,156.0,156.0,3756270
2018-12-11,156.8,158.24,155.46,156.26,2924490
2018-12-12,156.2,157.6,155.66,156.56,2212700
2018-12-13,156.0,156.62,153.0,154.16,3788730
2018-12-14,153.9,153.9,150.74,151.64,2139970
2018-12-17,152.04,154.44,151.2,153.84,2375940
2018-12-18,153.16,155.74,152.04,154.88,2227400
2018-12-19,154.78,156.26,152.8,153.96,4514360
2018-12-20,153.22,153.58,151.4,153.1,3775740
2018-12-21,152.5,153.38,151.76,151.92,3069260
2018-12-24,152.36,154.24,152.0,153.88,1268420
2018-12-25,152.98,152.98,150.2,151.54,1138340
2018-12-26,152.18,152.98,148.72,150.98,1175330
2018-12-27,152.28,153.1,151.34,151.98,1851600
2018-12-28,152.0,157.46,152.0,157.0,3103500
2019-01-03,155.86,157.34,154.8,157.34,2901830
2019-01-04,156.8,157.46,154.8,155.68,2912190
2019-01-08,150.98,151.34,149.64,150.12,3122190
2019-01-09,150.36,154.46,150.08,153.78,4029980
2019-01-10,153.52,154.12,152.26,154.12,1958400
2019-01-11,154.48,155.08,152.9,154.5,2978590
2019-01-14,154.2,154.2,151.6,152.22,2578050
2019-01-15,152.7,153.08,149.84,150.58,3218560
2019-01-16,150.88,151.44,149.44,150.62,3165390
2019-01-17,150.88,151.52,149.28,151.5,2514280
2019-01-18,152.3,152.4,151.2,152.14,1729220
2019-01-21,151.9,152.7,151.3,151.72,1333070
2019-01-22,151.7,151.72,149.06,149.9,4292500
2019-01-23,149.98,150.56,148.22,149.08,4300950
2019-01-24,148.78,148.94,144.74,146.74,5495400
2019-01-25,146.74,148.82,146.14,148.82,2645900
2019-01-28,149.02,149.78,148.14,149.78,2200700
2019-01-29,149.84,150.68,147.5,150.68,2734050
2019-01-30,150.36,153.66,149.62,153.14,4363530
2019-01-31,153.34,154.26,152.02,152.02,5662010
2019-02-01,152.9,157.2,152.2,157.2,6049530
2019-02-04,157.4,158.8,155.68,158.42,3398540
2019-02-05,158.06,158.98,157.1,158.46,2479460
2019-02-06,157.62,161.0,157.6,160.42,3132220
2019-02-07,160.14,161.18,157.8,159.0,5053230
2019-02-08,158.08,159.34,156.26,157.34,2671320
2019-02-11,156.72,158.94,156.72,157.64,2473510
2019-02-12,157.9,159.1,155.6,157.4,2344780
2019-02-13,158.0,158.0,154.86,154.86,2979300
2019-02-14,153.88,156.26,153.68,154.86,3613690
2019-02-15,155.12,157.94,155.12,157.24,2624720
2019-02-18,157.24,157.7,154.76,154.86,2057420
2019-02-19,155.0,155.46,152.76,153.92,2424390
2019-02-20,154.12,156.78,153.96,156.48,2937840
2019-02-21,156.48,156.56,154.54,155.94,1947980
2019-02-22,155.9,158.5,155.32,158.5,2272880
2019-02-25,158.5,160.56,158.06,159.44,2667610
2019-02-26,158.52,159.48,157.84,158.86,1878170
2019-02-27,158.78,159.84,156.5,158.62,2349100
2019-02-28,158.24,158.54,157.32,158.44,2134440
2019-03-01,157.92,158.3,156.52,157.74,1899340
2019-03-04,157.4,163.2,156.08,162.04,5545130
2019-03-05,161.54,167.2,161.2,166.18,7755210
2019-03-06,165.2,167.5,164.3,165.36,3493600
2019-03-07,164.5,165.5,163.26,165.5,2622230
2019-03-11,164.24,164.48,162.08,163.44,3873020
2019-03-12,163.96,163.96,162.28,163.32,2065020
2019-03-13,163.2,167.22,162.3,166.9,4484320
2019-03-14,164.62,167.4,164.62,166.38,3482680
2019-03-15,166.3,168.64,165.4,167.7,3450330
2019-03-18,167.0,171.2,166.22,170.7,3274170
2019-03-19,170.7,171.52,168.04,169.3,4365180
2019-03-20,168.26,169.38,167.02,167.62,2827520
2019-03-21,167.94,168.92,166.78,168.64,3498130
2019-03-22,168.66,168.88,166.06,166.7,3689040
2019-03-25,165.86,166.48,165.1,165.6,1817710
2019-03-26,165.7,168.1,164.54,167.88,2595070
2019-03-27,167.88,168.5,166.7,167.3,2187440
2019-03-28,166.9,170.86,166.9,170.2,3224020
2019-03-29,170.0,171.58,169.32,170.5,2708950
2019-04-01,170.6,173.98,170.22,172.58,2973740
2019-04-02,172.04,175.22,172.04,174.7,2591910
2019-04-03,174.24,175.74,172.76,172.82,2468720
2019-04-04,173.1,174.4,171.26,174.0,1972720
2019-04-05,174.56,175.3,173.56,173.98,1365390
2019-04-08,174.64,176.68,174.02,174.52,2485020
2019-04-09,174.06,175.34,171.6,172.48,2279910
2019-04-10,172.5,173.96,171.82,172.66,1802440
2019-04-11,171.92,172.94,167.8,168.4,3160390
2019-04-12,169.4,175.38,167.92,172.34,6662290
2019-04-15,172.7,173.36,168.1,168.5,2603310
2019-04-16,169.16,173.7,168.7,172.7,2704720
2019-04-17,172.72,174.5,171.3,171.4,1512600
2019-04-18,171.4,173.26,171.26,173.26,1183190
2019-04-19,173.0,174.4,172.98,174.3,718480
2019-04-22,174.5,174.96,173.6,174.58,743320
2019-04-23,175.0,176.3,170.68,171.5,3918370
2019-04-24,171.5,172.2,169.2,170.38,3835030
2019-04-25,170.36,171.72,169.46,170.32,2888750
2019-04-26,170.32,174.4,170.02,174.4,3283190
2019-04-29,174.0,175.18,170.96,170.96,3053930
2019-04-30,171.6,171.78,169.84,171.1,3288030
2019-05-02,170.52,175.14,170.14,175.08,6156180
2019-05-03,170.14,170.84,169.3,169.5,3001390
2019-05-06,169.48,170.36,168.0,170.36,2046720
2019-05-07,169.78,171.0,168.2,171.0,3007950
2019-05-08,170.34,170.68,168.06,168.64,3485450
2019-05-10,166.68,166.7,162.18,162.58,4417870
2019-05-13,162.58,164.22,159.4,159.5,3130780
2019-05-14,159.26,161.34,158.56,158.68,3594820
2019-05-15,159.0,160.98,158.08,158.52,2773390
2019-05-16,158.6,159.76,157.42,158.58,2444670
2019-05-17,158.02,159.0,156.42,156.42,2632740
2019-05-20,156.5,158.86,156.1,157.78,1951490
2019-05-21,158.38,161.96,157.26,161.2,3152810
2019-05-22,160.7,164.1,160.12,162.5,4437940
2019-05-23,162.34,163.28,160.42,160.6,3374730
2019-05-24,161.54,165.48,161.22,164.0,4724100
2019-05-27,164.0,165.08,163.4,164.86,1187450
2019-05-28,165.12,171.5,164.94,171.5,9045000
2019-05-29,170.64,171.38,169.46,170.78,2902080
2019-05-30,170.6,172.88,170.36,172.88,3360710
2019-05-31,172.2,172.32,169.78,172.32,2484410
2019-06-03,171.64,173.0,169.54,173.0,2751280
2019-06-04,173.0,174.62,171.52,172.24,2414660
2019-06-05,172.88,174.58,170.54,170.54,2872240
2019-06-06,170.5,174.5,169.6,173.66,2280290
2019-06-07,173.8,174.2,172.04,172.52,1692980
2019-06-10,172.74,174.16,172.22,173.22,1509920
2019-06-11,173.62,178.02,172.96,178.02,3895220
2019-06-13,177.6,183.18,177.1,182.0,5902670
2019-06-14,181.06,185.42,181.06,183.2,5106790
2019-06-17,183.06,183.94,181.88,182.0,5773490
2019-06-18,175.0,175.54,170.76,175.54,6046970
2019-06-19,175.86,178.26,172.02,173.16,3946770
2019-06-20,173.84,174.98,169.88,171.38,8639330
2019-06-21,171.16,171.78,169.22,171.7,5853480
2019-06-24,171.64,173.68,167.78,168.0,4572720
2019-06-25,168.04,171.0,167.6,170.96,6127290
2019-06-26,171.58,172.0,167.0,167.0,5986850
2019-06-27,167.76,170.9,167.68,170.5,4284480
2019-06-28,162.4,163.0,159.64,159.7,25118400
2019-07-01,160.96,161.32,158.6,159.0,6042450
2019-07-02,159.08,161.08,159.04,160.38,5411570
2019-07-03,160.74,160.74,157.66,157.68,10652350
2019-07-04,157.7,158.5,156.52,157.3,8786410
2019-07-05,157.72,158.0,156.3,156.82,4503640
2019-07-08,156.82,158.52,156.4,158.52,5420990
2019-07-09,158.5,158.8,157.04,157.6,6698680
2019-07-10,157.4,158.04,153.12,155.64,9230740
2019-07-11,156.32,156.5,151.28,152.5,7616380
2019-07-12,152.62,152.78,151.02,151.92,5005660
2019-07-15,152.52,154.76,151.92,154.1,5918400
2019-07-16,154.0,156.38,153.7,156.0,7262270
2019-07-17,155.76,156.68,155.06,156.38,4244060
2019-07-18,156.4,156.8,154.42,155.96,4738770
2019-07-19,156.06,156.76,155.52,155.54,5136840
2019-07-22,155.48,157.28,155.06,155.7,2980550
2019-07-23,156.44,156.98,155.4,156.14,2264950
2019-07-24,156.38,156.74,153.28,154.48,3683240
2019-07-25,154.2,154.68,153.1,154.18,2373500
2019-07-26,154.1,154.5,151.8,151.8,4737200
2019-07-29,152.4,152.4,149.84,151.48,5665420
2019-07-30,152.0,152.0,150.02,150.48,4048690
2019-07-31,150.78,151.54,150.0,150.9,4562050
2019-08-01,150.22,150.88,148.42,149.82,6158790
2019-08-02,148.6,149.28,146.4,147.22,6736050
2019-08-05,146.8,147.16,145.0,145.54,4405010
2019-08-06,145.54,146.8,144.8,144.8,4644440
2019-08-07,145.0,146.24,143.64,144.88,4224570
2019-08-08,145.1,146.16,144.58,144.58,3066850
2019-08-09,145.18,145.4,141.56,142.46,4711600
2019-08-12,142.76,143.7,141.82,143.5,3620090
2019-08-13,143.5,143.5,141.22,141.8,4521960
2019-08-14,142.68,142.68,138.8,141.38,7504800
2019-08-15,141.48,142.68,139.02,139.34,5492700
2019-08-16,140.0,140.4,138.0,138.3,3773310
2019-08-19,139.32,140.44,138.06,139.9,4267120
2019-08-20,140.0,140.78,139.0,140.0,3254980
2019-08-21,140.4,141.94,139.52,141.24,3803100
2019-08-22,141.08,142.2,140.3,140.76,4480690
2019-08-23,141.0,143.0,140.8,142.4,4598420
2019-08-26,141.3,143.2,140.88,142.14,1979950
2019-08-27,142.2,144.0,141.7,143.26,7457210
2019-08-28,143.1,144.74,143.0,143.56,3931120
2019-08-29,143.56,146.92,143.38,146.3,5399750
2019-08-30,146.2,148.84,144.5,148.84,5169540
2019-09-02,148.82,149.62,147.22,147.7,3797850
2019-09-03,147.7,147.7,143.82,144.0,6859020
2019-09-04,144.5,145.62,143.02,144.0,6134930
2019-09-05,144.04,145.48,144.04,145.44,4871420
2019-09-06,145.76,147.7,144.58,146.66,4329340
2019-09-09,147.66,149.0,146.66,149.0,5543360
2019-09-10,149.2,149.44,147.34,148.98,3171250
2019-09-11,148.5,150.96,148.5,149.96,4426270
2019-09-12,149.4,150.4,146.82,147.76,6163190
2019-09-13,147.24,148.46,145.68,148.46,4372550
2019-09-16,148.4,149.0,146.66,148.9,4958600
2019-09-17,148.68,149.78,148.14,149.18,5974870
2019-09-18,149.38,150.36,146.28,146.96,8053880
2019-09-19,146.96,147.6,144.04,144.68,9006690
2019-09-20,144.96,145.26,143.06,144.7,7238500
2019-09-23,144.96,145.22,142.1,142.4,6229390
2019-09-24,142.96,144.4,142.14,142.68,3725060
2019-09-25,142.1,142.52,140.12,141.08,6037010
2019-09-26,141.4,142.34,141.0,141.68,3231750
2019-09-27,141.24,142.7,141.14,141.98,2916040
2019-09-30,142.42,142.56,140.42,142.22,3701660
2019-10-01,142.3,142.56,140.32,140.6,4264170
2019-10-02,140.6,140.82,136.06,136.5,11481480
2019-10-03,136.6,136.62,133.1,134.0,11601070
2019-10-04,134.2,135.2,130.9,131.88,8520330
2019-10-07,132.44,132.98,129.74,131.42,8410970
2019-10-08,131.96,133.14,130.7,131.58,6701710
2019-10-09,128.08,129.26,127.38,128.0,7524770
2019-10-10,128.32,131.54,127.16,130.94,5507630
2019-10-11,131.2,131.2,129.84,130.04,4011550
2019-10-14,130.84,131.5,128.14,129.06,5114950
2019-10-15,129.5,129.5,124.3,125.52,10398840
2019-10-16,125.7,129.02,125.6,128.56,5643620
2019-10-17,128.66,129.8,128.16,129.4,4287040
2019-10-18,129.5,129.78,127.6,128.8,5065870
2019-10-21,129.0,129.48,125.72,126.6,6409440
2019-10-22,126.6,127.46,125.28,126.62,5223310
2019-10-23,126.62,127.16,124.98,126.0,5786120
2019-10-24,126.0,126.5,124.32,125.0,7555260
2019-10-25,125.0,125.0,122.16,123.42,9692770
2019-10-28,123.2,125.66,122.7,124.46,5691290
2019-10-29,124.94,129.2,124.26,129.2,8658750
2019-10-30,129.2,129.2,126.9,127.5,4508850
2019-10-31,127.44,129.0,125.04,125.04,7906150
2019-11-01,125.64,126.14,124.32,126.14,5161460
2019-11-05,127.0,129.02,126.74,129.02,7199030
2019-11-06,129.0,131.6,129.0,131.2,8402820
2019-11-07,131.46,133.7,129.92,133.22,8788800
2019-11-08,133.0,133.1,130.84,131.04,6206130
2019-11-11,130.8,132.5,128.6,128.94,5460340
2019-11-12,128.7,130.1,128.04,129.3,3699200
2019-11-13,129.44,129.66,127.68,129.2,3991050
2019-11-14,129.12,129.4,125.8,125.94,7804820
2019-11-15,126.36,127.66,126.1,126.64,4462550
2019-11-18,127.1,128.22,125.92,126.72,4676610
2019-11-19,126.96,128.58,126.4,128.58,5146010
2019-11-20,128.06,129.18,127.44,128.26,3345690
2019-11-21,127.94,128.08,126.12,126.48,5670520
2019-11-22,126.54,128.1,126.14,127.82,3544360
2019-11-25,128.3,131.1,128.08,130.9,5451140
2019-11-26,130.34,132.46,127.86,128.18,11583090
2019-11-27,128.84,129.38,127.72,127.8,4696570
2019-11-28,127.82,129.28,126.9,128.3,3483840
2019-11-29,128.42,129.42,127.7,129.42,3452110
2019-12-02,129.56,133.26,129.3,131.52,12203110
2019-12-03,131.82,131.92,127.6,128.04,10869970
2019-12-04,128.68,129.38,127.62,128.86,3302760
2019-12-05,129.06,132.8,128.04,131.8,10990340
2019-12-06,132.0,133.0,130.84,133.0,5364300
2019-12-09,132.98,133.58,132.58,132.84,4110110
2019-12-10,133.0,133.18,131.52,132.8,4589360
2019-12-11,132.8,135.0,132.46,133.9,7402470
2019-12-12,134.0,136.82,133.72,135.46,7869840
2019-12-13,136.1,137.98,135.9,137.9,12889520
2019-12-16,137.56,139.6,137.56,139.16,7704970
2019-12-17,139.2,139.9,137.12,139.4,7790170
2019-12-18,139.02,139.9,138.1,139.9,6004100
2019-12-19,139.9,142.7,138.76,141.38,11447840
2019-12-20,142.18,142.62,140.14,142.46,5503570
2019-12-23,142.3,143.5,141.36,142.54,3808540
2019-12-24,142.8,143.16,141.62,141.96,1680020
2019-12-25,142.44,142.44,141.06,141.8,1207480
2019-12-26,141.88,143.1,140.88,143.02,2409860
2019-12-27,143.0,144.68,142.64,143.42,3660260
2019-12-30,143.36,143.98,142.5,143.72,3595770
2020-01-03,143.98,144.74,143.3,144.5,4580340
2020-01-06,144.5,144.5,140.88,141.94,6602540
2020-01-08,139.0,139.5,137.8,139.5,9333850
2020-01-09,139.14,143.6,139.14,141.96,10110670
2020-01-10,142.16,145.12,140.8,143.62,9444730
2020-01-13,143.98,146.98,142.48,146.84,7145550
2020-01-14,147.08,151.46,146.22,146.92,11509770
2020-01-15,146.9,148.76,145.24,146.5,6512170
2020-01-16,146.72,149.3,146.72,147.58,5987580
2020-01-17,148.8,150.5,148.0,150.2,5805070
2020-01-20,150.26,152.0,148.1,148.78,7711730
2020-01-21,148.38,148.68,145.78,147.36,5493770
2020-01-22,147.36,148.1,143.52,144.04,8895350
2020-01-23,143.52,145.66,142.94,144.2,4318190
2020-01-24,145.2,146.18,144.56,145.0,2705930
2020-01-27,144.22,144.38,140.5,143.16,5494010
2020-01-28,143.0,144.64,142.64,144.12,4070120
2020-01-29,145.06,145.06,143.32,144.2,4129560
2020-01-30,143.5,144.52,142.54,143.82,2769970
2020-01-31,144.18,144.66,138.0,138.0,11341410
2020-02-03,137.48,138.66,135.6,135.98,8154770
2020-02-04,136.52,139.1,136.52,138.42,6491680
2020-02-05,138.82,140.0,137.22,138.82,8558920
2020-02-06,139.5,140.44,138.2,139.44,6127950
2020-02-07,139.02,140.06,137.5,139.98,5199520
2020-02-10,140.18,141.28,134.64,137.58,7661100
2020-02-11,138.5,139.34,136.8,137.2,6723040
2020-02-12,137.5,142.24,136.1,141.24,13247470
2020-02-13,140.3,140.9,138.84,139.14,5710490
2020-02-14,139.14,141.22,138.3,140.32,5475580
2020-02-17,140.8,141.86,139.68,140.42,2043990
2020-02-18,139.6,141.36,138.6,138.9,5729830
2020-02-19,140.0,140.44,137.2,139.12,4979020
2020-02-20,139.52,141.1,139.3,139.98,4419220
2020-02-21,139.8,140.76,138.86,139.82,5845240
2020-02-25,137.96,139.9,137.68,137.72,8048090
2020-02-26,137.82,137.98,134.5,136.74,9920100
2020-02-27,136.0,136.4,131.4,131.4,7996940
2020-02-28,127.0,130.76,123.16,124.94,20886160
2020-03-02,130.0,130.0,119.14,122.18,16700160
2020-03-03,123.5,124.48,121.12,122.36,9962600
2020-03-04,121.42,123.9,120.28,123.16,8034160
2020-03-05,124.44,124.84,121.74,124.38,8788100
2020-03-06,123.0,123.44,117.6,119.56,12190890
2020-03-10,107.6,123.94,100.82,118.04,18423520
2020-03-11,119.9,122.94,117.02,120.7,16939850
2020-03-12,116.0,117.5,109.8,111.14,14725010
2020-03-13,111.2,116.88,109.54,109.54,13062530
2020-03-16,111.0,112.0,105.5,108.76,12714380
2020-03-17,109.28,113.0,104.0,107.8,11096830
2020-03-18,106.68,107.98,101.1,101.1,10352140
2020-03-19,102.0,110.86,100.0,108.42,19549460
2020-03-20,110.9,113.48,109.44,111.56,16371430
2020-03-23,108.56,110.88,106.5,108.36,9078970
2020-03-24,111.0,117.34,111.0,116.08,14170630
2020-03-25,118.0,125.48,117.7,122.12,18717750
2020-03-26,121.96,122.44,118.56,119.76,10139350
2020-03-27,120.02,120.38,115.12,116.4,6276520
2020-03-30,114.0,118.78,113.4,118.78,5900530
2020-03-31,120.78,125.3,119.98,124.0,9473860
2020-04-01,122.0,124.18,121.28,122.8,7562510
2020-04-02,124.64,125.92,118.74,122.7,12137870
2020-04-03,122.4,124.98,121.12,124.84,9403970
2020-04-06,126.04,131.4,124.62,130.0,8135530
2020-04-07,132.14,132.78,131.12,132.24,8077200
2020-04-08,131.12,133.0,129.14,133.0,8245400
2020-04-09,133.72,134.6,130.4,133.46,7465480
2020-04-10,132.02,132.08,131.0,131.58,1887750
2020-04-13,132.5,132.58,128.7,129.92,3372830
2020-04-14,130.72,131.96,129.0,129.04,6833040
2020-04-15,128.04,128.9,124.2,125.32,6702340
2020-04-16,125.66,127.48,124.58,125.5,7913640
2020-04-17,127.3,127.98,125.52,126.1,5659260
2020-04-20,125.58,128.36,125.56,127.5,6814800
2020-04-21,126.0,126.36,124.3,124.88,10856460
2020-04-22,124.44,127.48,124.44,125.5,8740260
2020-04-23,126.3,128.34,125.4,127.46,6062510
2020-04-24,127.58,127.58,124.4,124.84,9865540
2020-04-27,124.72,125.88,123.16,123.16,6446000
2020-04-28,123.0,126.46,122.4,125.6,8685300
2020-04-29,126.02,128.3,125.08,127.1,5294650
2020-04-30,127.64,128.4,125.94,128.34,6843420
2020-05-04,127.68,127.68,123.9,124.8,5356610
2020-05-05,125.98,126.4,124.7,125.08,3250140
2020-05-06,125.8,126.1,124.06,124.06,4437630
2020-05-07,124.5,126.58,124.12,124.9,5001400
2020-05-08,125.22,125.58,123.92,125.0,3768340
2020-05-12,124.3,124.48,122.1,122.1,7637190
2020-05-13,122.02,122.12,118.24,118.24,5557420
2020-05-14,118.1,118.92,116.02,117.28,7326220
2020-05-15,118.32,120.22,117.52,118.4,5227410
2020-05-18,119.98,124.64,119.5,124.64,8601020
2020-05-19,124.04,126.26,123.2,125.02,8985240
2020-05-20,125.02,128.6,124.4,128.1,8546360
2020-05-21,128.02,129.28,125.06,125.7,5392660
2020-05-22,125.02,128.36,124.32,128.28,7151660
2020-05-25,128.5,132.48,128.44,132.2,5986100
2020-05-26,132.9,136.44,132.2,134.0,13400390
2020-05-27,134.02,138.26,134.02,135.7,9712090
2020-05-28,137.96,139.26,135.94,138.8,7789250
2020-05-29,139.16,139.16,134.72,137.76,16487760
2020-06-01,138.3,139.0,136.8,137.72,4500730
2020-06-02,137.4,138.24,136.36,138.16,5618180
2020-06-03,138.48,140.74,137.68,139.88,6404140
2020-06-04,140.38,140.88,136.72,138.86,10956970
2020-06-05,138.88,144.16,138.22,142.0,8864190
2020-06-08,139.88,140.0,137.1,137.58,6721300
2020-06-09,138.02,138.78,135.92,137.0,6286920
2020-06-10,137.0,139.3,136.12,138.66,5571560
2020-06-11,137.3,137.46,134.82,135.6,3765210
2020-06-15,134.22,134.5,130.92,131.5,7934450
2020-06-16,132.36,134.9,132.36,133.36,7935580
2020-06-17,134.66,137.72,134.16,137.28,8372850
2020-06-18,136.6,139.0,136.16,137.82,9257150
2020-06-19,138.42,139.6,138.02,138.86,7760760
2020-06-22,138.6,138.86,136.34,138.32,4571900
2020-06-23,138.4,140.14,138.02,138.9,3653110
2020-06-25,138.06,138.38,136.5,138.34,4514540
2020-06-26,138.4,138.96,136.78,137.28,2460360
2020-06-29,136.9,139.32,136.86,139.02,3086840
2020-06-30,139.44,141.46,138.86,140.88,5720720
2020-07-02,141.1,141.4,140.1,141.1,3013050
2020-07-03,141.28,143.82,140.62,143.2,4017100
2020-07-06,144.04,144.98,143.32,143.98,3332210
2020-07-07,144.94,144.94,143.02,143.3,4339720
2020-07-08,142.94,143.46,141.78,142.78,2874840
2020-07-09,142.44,142.82,138.92,140.22,5680850
2020-07-10,136.72,136.86,134.36,135.64,5811640
2020-07-13,135.68,138.2,135.0,135.64,3127920
2020-07-14,135.5,137.9,133.4,137.1,4765480
2020-07-15,137.16,139.26,136.68,138.72,3524480
2020-07-16,137.86,138.96,136.6,138.3,2134150
2020-07-17,138.3,138.92,136.94,137.74,1690660
2020-07-20,137.06,139.26,136.68,138.48,2271090
2020-07-21,138.5,141.28,138.2,139.6,3723850
2020-07-22,139.96,142.08,139.18,141.18,5074660
2020-07-23,141.54,143.9,140.84,141.66,4538500
2020-07-24,141.0,144.5,140.22,143.84,6147920
2020-07-27,144.46,145.98,143.46,145.7,6027130
2020-07-28,145.88,149.2,145.38,146.86,6692640
2020-07-29,146.52,147.84,144.5,147.04,5404340
2020-07-30,147.16,147.36,142.78,145.28,7317990
2020-07-31,145.88,146.0,142.58,145.72,5839180
2020-08-03,145.52,146.8,144.52,144.68,3498290
2020-08-04,145.0,149.62,144.52,149.1,9936960
2020-08-05,149.54,149.68,148.08,148.7,7059050
2020-08-06,148.7,150.5,147.72,149.16,7018810
2020-08-07,149.22,149.82,146.52,149.5,5090670
2020-08-10,149.22,154.74,149.22,154.4,8518450
2020-08-11,154.6,159.84,153.84,157.94,8744250
2020-08-12,157.52,163.04,157.26,162.98,7570630
2020-08-13,163.24,166.98,159.28,159.76,7669360
2020-08-14,160.26,160.48,158.92,160.48,4800660
2020-08-17,161.34,161.86,157.72,159.7,6117720
2020-08-18,159.98,161.78,158.76,159.68,6055170
2020-08-19,160.12,162.18,159.34,160.32,4361340
2020-08-20,159.86,161.86,159.08,160.96,4106030
2020-08-21,161.18,161.34,158.08,159.92,4329160
2020-08-24,160.04,161.98,159.32,160.18,3794940
2020-08-25,160.22,160.94,159.28,160.62,4379000
2020-08-26,160.74,161.3,158.82,159.8,4466720
2020-08-27,159.84,160.94,157.54,158.82,6365030
2020-08-28,159.66,159.66,155.38,156.1,5996030
2020-08-31,156.4,157.64,154.08,154.48,8709200
2020-09-01,155.5,161.76,152.4,161.28,9153950
2020-09-02,161.22,163.38,160.48,161.9,10427600
2020-09-03,161.26,163.74,161.06,161.92,6570120
2020-09-04,161.5,162.94,160.22,162.5,4467720
2020-09-07,161.8,162.48,159.44,160.2,3777030
2020-09-08,160.02,161.0,158.52,158.98,6400940
2020-09-09,158.52,160.56,158.1,159.86,7424320
2020-09-10,159.34,161.96,156.88,160.44,9759560
2020-09-11,160.3,164.66,159.02,162.98,6344440
2020-09-14,164.0,167.1,162.84,166.6,6434050
2020-09-15,167.4,169.44,165.96,168.98,5746060
2020-09-16,167.5,169.08,165.64,167.2,6586160
2020-09-17,166.72,168.96,166.1,168.3,4976530
2020-09-18,168.5,168.72,165.42,166.68,6415400
2020-09-21,166.04,167.48,164.72,166.42,3944840
2020-09-22,165.62,168.1,165.4,166.72,4986970
2020-09-23,167.0,168.86,165.0,165.1,6960530
2020-09-24,165.52,168.28,163.26,167.52,6081870
2020-09-25,167.96,169.0,166.54,168.58,3363590
2020-09-28,168.7,172.0,168.36,171.86,5753490
2020-09-29,171.6,175.16,171.06,175.0,5552990
2020-09-30,174.54,175.98,171.52,172.0,5148840
2020-10-01,172.6,174.0,171.0,171.52,2360590
2020-10-02,171.1,174.6,171.0,173.46,3287250
2020-10-05,173.92,174.76,171.94,173.9,3786280
2020-10-06,173.62,174.78,172.36,173.2,3849330
2020-10-07,173.5,174.36,170.84,172.48,5316690
2020-10-08,172.32,175.4,172.1,174.28,8430930
2020-10-09,170.44,171.86,167.02,169.22,6068320
2020-10-12,169.26,173.52,169.0,173.28,4040560
2020-10-13,172.72,173.3,167.8,168.28,3660750
2020-10-14,168.66,170.5,167.12,169.68,5180910
2020-10-15,169.7,171.38,168.68,170.74,4023080
2020-10-16,170.76,171.9,169.64,170.56,4073450
2020-10-19,170.88,171.7,168.02,170.14,2126140
2020-10-20,169.74,172.62,169.74,172.34,2845980
2020-10-21,172.86,173.34,170.4,171.22,4428900
2020-10-22,170.7,182.22,170.7,180.24,13292440
2020-10-23,180.4,181.92,178.7,179.5,7044000
2020-10-26,179.88,181.0,178.02,179.64,4775190
2020-10-27,179.8,184.18,179.24,180.62,6889100
2020-10-28,181.16,181.84,175.62,178.84,7954270
2020-10-29,179.44,182.5,177.36,181.08,5984840
2020-10-30,180.0,186.4,177.8,185.1,9144530
2020-11-02,185.1,189.24,183.24,188.2,7036350
2020-11-03,190.08,191.32,188.2,190.6,6439620
2020-11-05,193.44,194.24,185.7,186.54,12473150
2020-11-06,186.0,189.58,184.0,189.5,7797540
2020-11-09,190.9,193.66,188.0,191.88,7738450
2020-11-10,192.34,193.1,190.38,192.42,5786610
2020-11-11,191.62,195.1,191.62,194.44,5489010
2020-11-12,193.0,194.98,191.72,193.48,10339140
2020-11-13,192.7,198.52,192.7,197.72,5431950
2020-11-16,199.0,202.86,198.0,202.58,10061970
2020-11-17,202.64,202.76,193.8,196.06,9984730
2020-11-18,195.2,196.18,190.72,192.6,10026470
2020-11-19,192.0,193.8,190.2,191.0,4611130
2020-11-20,191.5,192.2,189.76,191.34,2856800
2020-11-23,191.5,193.9,188.7,190.34,5163090
2020-11-24,190.22,193.9,189.76,193.44,3761090
2020-11-25,193.98,195.6,191.7,194.46,4528280
2020-11-26,194.5,198.22,193.98,197.14,5237230
2020-11-27,196.84,199.48,196.1,198.38,3259340
2020-11-30,197.98,198.46,191.24,192.62,15518190
2020-12-01,193.94,198.2,193.02,196.34,6917780
2020-12-02,196.3,203.5,193.2,194.76,17099440
2020-12-03,192.42,194.9,189.26,191.0,26780500
2020-12-04,191.92,193.56,189.02,192.38,11459050
2020-12-07,192.28,198.98,191.1,196.44,14707550
2020-12-08,196.98,200.0,196.04,198.3,13495880
2020-12-09,198.5,201.22,196.78,197.26,14882550
2020-12-10,197.8,201.4,197.5,201.1,7332170
2020-12-11,200.54,205.52,200.54,204.5,11524910
2020-12-14,206.0,212.8,205.28,211.1,14163260
2020-12-15,210.12,214.48,207.32,211.32,10259390
2020-12-16,212.9,215.94,211.8,214.44,9676590
2020-12-17,214.9,216.4,211.64,213.18,7295030
2020-12-18,213.14,214.48,210.24,213.34,9050170
2020-12-21,213.0,214.4,206.5,210.4,9871250
2020-12-22,210.0,217.9,209.08,217.2,10601000
2020-12-23,216.98,219.5,216.22,218.22,5858640
2020-12-24,218.98,220.64,217.4,219.8,6800330
2020-12-25,220.0,225.44,220.0,224.36,12099830
2020-12-28,218.3,221.48,218.1,220.4,10801250
2020-12-29,219.58,220.74,207.42,209.8,18033030
2020-12-30,210.02,211.82,205.56,208.84,12078150
2021-01-04,208.92,216.78,208.92,214.2,7259360
2021-01-05,214.1,217.3,213.76,216.86,7637630
2021-01-06,217.3,218.32,213.9,215.86,4712060
2021-01-08,216.8,226.6,215.34,225.36,13378560
2021-01-11,224.72,226.26,215.38,219.36,12032960
2021-01-12,219.6,221.0,216.2,218.38,7263860
2021-01-13,218.76,219.2,211.88,214.68,9115790
2021-01-14,213.02,225.24,211.34,222.82,16201230
2021-01-15,222.0,226.3,218.1,219.52,9770910
2021-01-18,221.56,221.92,217.76,219.06,5227670
2021-01-19,220.96,222.0,217.72,219.2,6512890
2021-01-20,220.52,224.5,218.88,223.88,9035990
2021-01-21,224.8,225.7,219.5,222.9,7993150
2021-01-22,221.5,222.18,216.42,220.62,8924620
2021-01-25,221.8,222.2,218.0,220.32,6632720
2021-01-26,220.3,222.28,218.0,219.18,4311480
2021-01-27,220.1,221.4,216.6,217.78,7818740
2021-01-28,216.6,217.18,212.98,215.06,8503510
2021-01-29,215.02,215.02,209.1,210.42,11046080
2021-02-01,211.54,213.82,210.04,211.7,5081710
2021-02-02,212.02,215.38,211.82,212.4,9113210
2021-02-03,213.08,214.18,211.56,213.4,7465080
2021-02-04,213.4,214.58,210.9,212.52,6906980
2021-02-05,213.0,213.26,209.12,211.16,3713900
2021-02-08,211.82,213.1,210.34,213.06,3885840
2021-02-09,213.02,214.3,205.7,207.7,8263910
2021-02-10,208.52,208.82,204.74,207.24,6599190
2021-02-11,207.72,209.98,205.8,206.5,8147270
2021-02-12,206.5,208.32,200.64,208.2,8180480
2021-02-15,208.82,209.92,205.08,207.44,7801600
2021-02-16,208.48,209.42,206.18,208.12,5661280
2021-02-17,208.12,209.6,204.5,207.36,7566220
2021-02-18,207.42,207.42,203.4,204.68,5751220
2021-02-19,203.5,209.22,202.1,208.7,7802600
2021-02-22,210.0,215.3,208.36,214.64,8656530
2021-02-24,212.94,214.4,209.7,211.94,10806500
2021-02-25,211.94,220.54,211.66,217.28,11822470
2021-02-26,215.54,226.2,215.0,222.12,19218050
2021-03-01,224.34,224.84,219.2,224.2,8084860
2021-03-02,223.1,225.0,221.2,222.2,6504630
2021-03-03,222.32,228.96,222.32,226.8,11694470
2021-03-04,227.0,227.32,215.9,216.16,12643190
2021-03-05,218.06,218.14,208.8,213.3,25693810
2021-03-09,213.68,215.0,206.5,210.2,14132480
2021-03-10,210.2,210.58,206.64,208.68,8913370
2021-03-11,209.38,213.78,209.14,213.74,10444760
2021-03-12,214.5,216.24,211.5,216.0,8111210
2021-03-15,214.72,219.76,214.72,217.78,18144450
2021-03-16,218.58,218.58,213.52,215.2,10564190
2021-03-17,215.86,217.48,212.78,215.16,9154430
2021-03-18,216.0,219.94,215.54,216.02,10996050
2021-03-19,216.0,221.2,215.1,218.34,13477470
2021-03-22,218.1,219.4,217.0,218.08,5213250
2021-03-23,219.26,219.26,211.86,212.48,10677320
2021-03-24,212.54,217.88,210.82,215.5,8684720
2021-03-25,215.5,219.08,215.5,218.22,7752510
2021-03-26,219.02,225.98,218.72,224.98,12429120
2021-03-29,225.42,230.0,223.28,229.42,9110460
2021-03-30,229.7,236.2,229.7,235.12,10846800
2021-03-31,236.2,244.18,234.9,242.16,15059010
2021-04-01,242.2,244.88,235.14,237.18,11023540
2021-04-02,237.56,240.18,236.5,239.98,2735220
2021-04-05,239.0,239.4,234.7,236.38,5204690
2021-04-06,235.16,239.9,235.16,236.94,8063030
2021-04-07,236.54,242.34,231.14,240.98,12820920
2021-04-08,241.94,244.7,240.2,244.0,8748450
2021-04-09,243.94,245.48,240.28,245.48,8478320
2021-04-12,245.0,255.88,244.24,255.06,13760350
2021-04-13,255.5,260.64,253.0,254.86,14931390
2021-04-14,255.2,256.88,249.74,251.62,9275540
2021-04-15,249.2,255.32,249.0,253.48,10228940
2021-04-16,255.16,266.06,254.62,265.94,12575620
2021-04-19,266.14,270.7,259.04,261.46,15485840
2021-04-20,260.9,263.98,259.32,261.68,9009200
2021-04-21,260.08,268.78,260.08,268.26,12597560
2021-04-22,268.98,275.8,267.0,272.08,14862730
2021-04-23,274.08,276.2,272.34,275.24,6705990
2021-04-26,276.96,282.46,276.22,279.24,10507270
2021-04-27,280.18,280.24,268.4,271.0,18670240
2021-04-28,270.1,274.56,265.52,269.68,13284090
2021-04-29,270.08,273.34,267.52,270.88,6311820
2021-04-30,269.02,270.76,263.2,264.68,9094270
2021-05-04,264.9,267.0,261.16,265.9,8355130
2021-05-05,266.02,270.98,263.12,270.5,6970900
2021-05-06,271.56,272.8,264.68,267.6,11960230
2021-05-07,266.82,276.32,266.5,276.02,10356750
2021-05-10,269.92,273.22,269.04,271.96,11258730
2021-05-11,272.0,273.78,270.1,272.86,7410610
2021-05-12,272.24,276.76,272.24,273.52,9564510
2021-05-13,273.5,274.16,265.36,269.5,9445510
2021-05-14,268.0,271.12,264.24,268.6,6229850
2021-05-17,269.78,270.1,266.38,268.74,4435660
2021-05-18,269.82,274.38,268.94,271.9,6928780
2021-05-19,270.94,272.54,264.0,265.68,7848690
2021-05-20,265.8,273.06,265.8,271.82,8307680
2021-05-21,272.8,272.88,268.5,270.36,6765890
2021-05-24,271.0,272.5,268.4,272.5,5390970
2021-05-25,273.4,276.06,272.78,275.72,7177850
2021-05-26,276.22,278.36,264.64,266.84,16657950
2021-05-27,266.58,271.16,264.26,267.22,34589490
2021-05-28,268.24,269.68,260.12,263.54,11541450
2021-05-31,262.0,264.3,259.08,261.88,10070820
2021-06-01,262.1,266.64,262.04,266.62,11042890
2021-06-02,266.62,267.96,262.7,265.94,9318500
2021-06-03,265.94,267.96,261.8,263.7,6856900
2021-06-04,263.86,263.86,257.04,262.92,8053130
2021-06-07,262.46,265.1,260.3,264.0,5811220
2021-06-08,263.98,265.58,260.12,261.9,6941060
2021-06-09,262.0,262.74,259.6,262.22,7411210
2021-06-10,262.22,265.78,261.3,264.62,7193300
2021-06-11,265.6,275.56,263.9,271.9,13412330
2021-06-14,272.0,274.4,268.8,272.02,5447790
2021-06-15,271.74,273.2,265.06,266.66,9192580
2021-06-16,265.82,266.42,261.88,262.98,8040790
2021-06-17,262.48,263.18,259.02,260.18,9730950
2021-06-18,260.0,261.68,255.94,260.66,14196010
2021-06-21,260.06,260.5,253.82,259.04,15678610
2021-06-22,252.0,253.48,248.14,249.12,11158040
2021-06-23,249.0,250.92,245.04,246.7,9499960
2021-06-24,246.4,247.7,230.6,235.52,30995690
2021-06-25,234.4,236.44,226.22,231.38,26534940
2021-06-28,231.26,236.88,230.2,231.78,13021590
2021-06-29,231.68,231.68,224.82,226.26,16634950
2021-06-30,226.26,230.78,224.7,230.74,12930700
2021-07-01,230.78,232.6,227.0,228.64,7312110
2021-07-02,228.24,232.18,227.84,229.74,8599010
2021-07-05,230.2,230.2,226.14,226.84,5671350
2021-07-06,227.48,228.7,221.84,222.0,10716830
2021-07-07,222.02,229.4,222.02,228.7,9849840
2021-07-08,229.84,232.56,223.7,226.12,10829750
2021-07-09,225.7,234.48,225.16,233.8,13830880
2021-07-12,234.3,236.42,230.3,235.82,9118690
2021-07-13,236.18,242.0,233.52,239.22,16787850
2021-07-14,238.02,241.98,236.18,236.86,9500250
2021-07-15,236.0,242.34,235.92,241.1,10335760
2021-07-16,242.0,244.36,236.68,238.5,11683300
2021-07-19,237.0,238.12,230.82,233.46,10284780
2021-07-20,234.2,241.34,231.56,240.72,13233660
2021-07-21,241.44,242.98,239.22,242.6,8193300
2021-07-22,243.5,248.5,242.74,247.7,14427890
2021-07-23,248.1,249.3,244.76,246.76,7316280
2021-07-26,245.96,249.08,245.1,248.84,7767310
2021-07-27,248.0,256.8,247.46,256.56,17651160
2021-07-28,256.5,258.3,254.58,256.28,11300230
2021-07-29,257.0,258.98,255.3,258.34,9400280
2021-07-30,258.6,259.56,255.8,258.5,11975900
2021-08-02,259.02,260.54,256.12,256.86,6424490
2021-08-03,256.0,258.96,256.0,258.0,6999270
2021-08-04,258.48,259.74,257.04,257.94,7707960
2021-08-05,259.0,262.5,257.72,262.34,7420240
2021-08-06,262.34,263.32,255.12,256.02,10469300
2021-08-09,255.12,256.68,250.0,253.92,19628540
2021-08-10,254.82,257.68,252.78,256.64,7866510
2021-08-11,256.04,257.5,252.7,254.42,9300310
2021-08-12,254.3,254.3,251.36,252.2,7535900
2021-08-13,252.68,252.68,249.4,250.86,7895380
2021-08-16,250.0,252.92,249.64,251.22,7420810
2021-08-17,251.0,252.76,250.2,250.74,8616480
2021-08-18,250.5,251.68,245.26,245.8,11575620
2021-08-19,245.0,245.0,237.0,240.5,20265380
2021-08-20,240.0,241.26,237.22,238.78,8778420
2021-08-23,239.52,240.62,236.2,239.96,9540630
2021-08-24,240.1,241.66,237.5,239.4,8930330
2021-08-25,238.86,246.42,238.72,244.7,12017290
2021-08-26,244.0,245.9,239.42,241.38,14989580
2021-08-27,242.02,246.76,240.68,246.76,7682830
2021-08-30,246.82,251.88,246.76,250.96,8597440
2021-08-31,252.0,253.56,245.3,247.6,20550280
2021-09-01,248.84,248.9,241.4,246.4,14035440
2021-09-02,246.0,247.5,242.34,245.34,13365520
2021-09-03,244.5,247.96,244.12,246.32,17414910
2021-09-06,233.88,237.94,232.18,237.38,17217180
2021-09-07,238.42,238.48,234.8,236.2,6470580
2021-09-08,235.1,237.46,235.1,236.26,7458250
2021-09-09,236.0,236.42,226.2,226.42,16120700
2021-09-10,227.0,232.92,225.5,231.24,13976590
2021-09-13,232.0,235.86,230.26,234.74,8461380
2021-09-14,233.94,234.38,228.5,229.56,12678730
2021-09-15,228.2,233.12,224.2,230.3,14402460
2021-09-16,230.24,230.74,225.3,226.62,10336890
2021-09-17,227.16,227.2,220.22,221.1,15014430
2021-09-20,219.0,222.86,211.02,212.36,18506660
2021-09-21,213.5,216.4,211.16,214.0,13263300
2021-09-22,215.9,222.0,214.54,220.82,11908330
2021-09-23,222.88,224.84,217.4,224.12,20034450
2021-09-24,224.3,227.6,221.88,224.5,9978440
2021-09-27,225.5,227.2,221.88,223.14,8126910
2021-09-28,223.5,223.76,216.7,218.4,9609110
2021-09-29,218.0,220.9,217.54,218.52,8271350
2021-09-30,219.72,219.98,215.12,216.62,9591260
2021-10-01,216.62,216.62,211.5,212.5,9597680
2021-10-04,211.54,212.06,202.26,205.26,21865890
2021-10-05,204.48,209.0,200.72,207.72,22612270
2021-10-06,206.86,212.44,204.6,210.9,24145220
2021-10-07,212.6,217.66,212.36,217.5,19054170
2021-10-08,218.36,224.6,214.74,221.9,21948460
2021-10-11,222.6,224.88,220.3,221.64,14045260
2021-10-12,221.34,221.34,217.2,219.04,15326290
2021-10-13,219.5,219.62,213.5,214.56,13585790
2021-10-14,215.5,216.4,214.5,215.7,8677040
2021-10-15,216.9,217.62,210.1,211.56,14033610
2021-10-18,211.84,219.5,209.2,219.24,15232680
2021-10-19,220.64,224.06,218.22,222.22,18899870
2021-10-20,221.6,222.3,217.04,220.7,14318200
2021-10-21,219.02,228.4,219.02,225.92,27852820
2021-10-22,225.7,228.2,224.48,225.48,14524160
2021-10-25,227.0,228.9,225.76,228.84,12869640
2021-10-26,228.6,234.46,227.64,231.1,20654710
2021-10-27,230.98,230.98,224.72,228.82,11915060
2021-10-28,228.9,229.66,222.2,225.68,17301640
2021-10-29,225.24,225.5,221.16,223.6,8514020
2021-11-01,223.9,227.92,223.62,227.68,9183860
2021-11-02,227.7,228.1,224.1,225.0,7972890
2021-11-03,225.4,225.4,222.22,224.7,8592380
2021-11-05,223.0,223.42,219.22,221.62,10120140
2021-11-08,222.68,223.82,219.5,223.22,12428150
2021-11-09,223.08,229.38,221.28,227.1,16419170
2021-11-10,227.0,228.18,221.5,221.76,11793920
2021-11-11,222.0,225.0,221.18,224.7,12082990
2021-11-12,225.0,225.38,219.3,220.98,14871240
2021-11-15,219.2,223.28,215.4,221.28,14572000
2021-11-16,221.96,222.8,220.1,222.5,8383860
2021-11-17,224.66,224.66,222.28,223.3,6243860
2021-11-18,222.86,226.8,222.34,224.68,11191460
2021-11-19,225.5,226.5,220.7,222.56,7974150
2021-11-22,223.0,224.62,212.34,219.2,16169720
2021-11-23,217.96,223.6,213.72,222.8,15524040
2021-11-24,223.0,225.24,220.0,222.68,11955970
2021-11-25,223.0,224.52,222.14,223.3,5446960
2021-11-26,220.92,220.96,215.82,217.34,12397310
2021-11-29,219.02,222.1,218.4,220.1,11257590
2021-11-30,218.02,219.5,214.1,217.08,23083410
2021-12-01,217.6,220.0,215.32,216.22,14869120
2021-12-02,217.42,218.5,215.32,218.34,12645530
2021-12-03,218.68,221.98,217.7,219.4,22902330
2021-12-06,207.16,209.4,205.1,206.9,14504780
2021-12-07,207.0,209.76,202.5,208.36,16807090
2021-12-08,208.36,210.16,206.02,207.8,10320260
2021-12-09,208.06,212.18,207.28,211.18,13845750
2021-12-10,211.5,214.06,209.22,212.2,10762430
2021-12-13,212.2,213.64,202.72,204.1,11594200
2021-12-14,203.9,204.0,184.8,199.8,21746060
2021-12-15,199.8,203.56,197.76,202.78,8868560
2021-12-16,202.88,211.92,202.88,209.5,13917180
2021-12-17,210.0,211.12,207.38,210.7,10410170
2021-12-20,210.32,215.8,207.14,214.8,14057850
2021-12-21,215.84,217.7,209.7,212.3,11136230
2021-12-22,212.4,212.8,210.68,210.84,5795330
2021-12-23,211.0,212.56,209.8,211.18,6428060
2021-12-24,211.2,212.5,209.5,212.4,3792600
2021-12-27,212.4,215.0,211.9,214.6,4537330
2021-12-28,215.0,217.62,214.32,215.76,8352420
2021-12-29,215.86,216.72,213.5,215.02,4068540
2021-12-30,215.02,217.9,213.0,217.04,6189110
2022-01-03,217.04,219.04,216.12,218.68,4191890
2022-01-04,218.8,219.4,216.52,218.4,6520580
2022-01-05,218.5,218.76,212.32,213.62,5960600
2022-01-06,213.04,217.98,211.8,213.82,9228200
2022-01-10,214.62,215.82,210.5,212.32,5672910
2022-01-11,212.9,217.94,210.92,217.28,9424140
2022-01-12,217.3,220.98,215.76,220.58,8095940
2022-01-13,220.58,221.52,216.96,219.02,10264020
2022-01-14,218.12,220.44,211.02,214.0,12601270
2022-01-17,214.0,216.72,207.62,211.5,9447780
2022-01-18,211.5,212.22,198.5,205.7,19660490
2022-01-19,204.1,212.94,198.5,210.22,19706630
2022-01-20,212.0,215.12,207.2,209.76,10256960
2022-01-21,209.7,211.46,206.08,206.88,12267210
2022-01-24,207.8,208.4,193.04,196.44,20219970
2022-01-25,195.64,200.62,191.74,198.34,13274280
2022-01-26,198.0,206.64,194.62,202.02,14022200
2022-01-27,201.24,211.48,198.88,208.56,11227840
2022-01-28,210.52,212.7,206.26,210.72,7382200
2022-01-31,210.74,215.94,210.74,213.34,7680100
2022-02-01,214.4,215.5,211.62,215.3,7223960
2022-02-02,215.3,219.98,214.82,219.78,13071750
2022-02-03,219.78,221.92,213.52,216.18,13890890
2022-02-04,216.18,219.84,214.0,216.76,9534810
2022-02-07,216.5,220.8,215.44,220.54,16409930
2022-02-08,221.0,228.0,219.3,226.76,16228180
2022-02-09,226.78,233.3,226.78,232.5,18166170
2022-02-10,232.2,232.42,224.4,226.7,18411290
2022-02-11,226.0,228.72,219.0,221.46,15430540
2022-02-14,220.96,230.5,216.54,228.02,15812640
2022-02-15,227.88,236.2,227.88,233.04,15816540
2022-02-16,233.0,236.5,230.44,235.7,8910350
2022-02-17,235.7,235.7,225.84,227.52,15810590
2022-02-18,228.92,231.52,223.56,226.9,15288650
2022-02-21,226.9,230.5,186.0,200.98,36896340
2022-02-22,200.82,223.54,191.92,220.04,30427210
2022-02-24,198.1,207.98,142.0,180.68,30188520
2022-02-25,185.12,202.34,160.96,177.5,22097810
2022-03-24,170.0,212.22,161.0,183.0,11795110
2022-03-25,183.1,192.0,170.4,173.0,2459090
2022-03-28,173.42,174.9,159.3,163.5,2149640
2022-03-29,164.08,175.0,152.0,158.02,4217790
2022-03-30,164.0,168.4,160.0,167.0,2622850
2022-03-31,170.0,179.52,168.5,171.9,6566540
2022-04-01,174.7,181.46,172.0,173.2,7911490
2022-04-04,173.4,177.82,166.1,171.9,3968550
2022-04-05,171.88,172.84,161.2,162.5,3848620
2022-04-06,162.5,163.0,158.1,160.5,2414660
2022-04-07,160.5,163.2,160.1,160.52,1729850
2022-04-08,162.5,162.5,160.0,161.14,1292300
2022-04-11,161.16,161.44,156.42,157.2,1984130
2022-04-12,159.12,159.12,152.1,155.44,1693770
2022-04-13,157.34,157.76,152.02,155.0,1205600
2022-04-14,155.0,155.0,150.0,150.2,1463590
2022-04-15,150.2,155.22,145.6,155.22,2257620
2022-04-18,155.0,155.84,148.0,148.0,1240510
2022-04-19,148.3,150.0,143.0,149.16,1760560
2022-04-20,149.5,158.9,147.0,156.5,2637810
2022-04-21,156.5,156.5,152.08,155.0,1591540
2022-04-22,154.66,159.5,153.2,155.86,1832530
2022-04-25,155.46,155.78,149.4,152.78,1183970
2022-04-26,151.2,157.98,150.54,157.98,1309440
2022-04-27,157.98,160.84,156.24,158.16,1192010
2022-04-28,159.96,162.0,157.0,157.24,1922100
2022-04-29,154.1,160.86,154.1,158.6,1782580
2022-05-04,160.48,160.68,155.0,155.0,796490
2022-05-05,156.6,157.94,155.0,157.94,700780
2022-05-06,157.64,162.0,156.66,162.0,853330
2022-05-11,160.52,160.9,158.04,159.38,1076920
2022-05-12,159.08,160.5,155.5,156.0,927770
2022-05-13,156.02,157.44,155.0,155.1,602340
2022-05-16,155.88,160.0,155.04,160.0,923880
2022-05-17,159.46,160.48,159.0,159.0,1197900
2022-05-18,159.0,162.48,159.0,160.3,2557810
2022-05-19,160.34,161.62,157.14,161.62,936860
2022-05-20,161.5,161.5,155.7,155.94,1535920
2022-05-23,157.02,157.84,150.3,151.36,1234710
2022-05-24,151.82,152.26,146.8,147.0,1609900
2022-05-25,149.48,152.9,148.0,150.5,934810
2022-05-26,150.5,153.62,147.6,150.78,1293330
2022-05-27,151.0,151.88,149.04,149.86,1222960
2022-05-30,149.92,150.0,143.8,145.52,2656900
2022-05-31,144.9,145.54,142.12,144.3,1230210
2022-06-01,144.0,144.2,140.62,142.2,2681230
2022-06-02,141.88,142.5,135.1,136.26,2524150
2022-06-03,135.2,135.8,124.12,130.02,7318410
2022-06-06,130.02,130.2,127.02,129.5,1817130
2022-06-07,129.4,133.0,124.5,131.98,4686820
2022-06-08,133.0,135.46,132.02,133.88,2216980
2022-06-09,134.0,139.48,128.06,129.78,2635440
2022-06-10,129.8,131.0,126.1,130.7,1750820
2022-06-14,129.5,129.84,127.3,129.84,1551830
2022-06-15,129.44,130.0,128.5,128.78,1813840
2022-06-16,129.0,132.48,128.34,131.0,2756350
2022-06-17,131.0,131.72,129.92,130.12,1266230
2022-06-20,130.34,134.38,130.02,134.38,2519530
2022-06-21,135.0,138.92,132.96,134.3,4050610
2022-06-22,132.78,137.18,130.2,134.86,1904380
2022-06-23,134.86,137.0,132.4,137.0,2114900
2022-06-24,137.0,138.5,134.32,135.9,1984770
2022-06-27,135.7,136.18,134.0,136.0,1401330
2022-06-28,135.44,135.84,133.9,134.0,1375220
2022-06-29,133.9,139.14,131.44,137.78,2597350
2022-06-30,137.78,139.96,133.0,133.4,3830220
2022-07-01,133.3,140.18,131.08,133.1,3331500
2022-07-04,135.0,136.5,133.46,135.5,1606090
2022-07-05,135.34,136.78,132.48,136.5,1544480
2022-07-06,136.0,140.5,135.6,138.9,2522820
2022-07-07,138.62,139.66,136.5,138.38,1255840
2022-07-08,138.2,138.2,135.6,138.0,945840
2022-07-11,138.0,138.5,135.5,136.52,1024320
2022-07-12,136.2,136.48,132.4,132.52,1475590
2022-07-13,132.8,133.02,128.1,129.8,1649640
2022-07-14,129.8,131.2,126.02,127.14,1573610
2022-07-15,127.3,129.78,124.7,129.78,1868770
2022-07-18,129.4,130.04,125.46,125.46,1563940
2022-07-19,125.7,126.04,121.0,123.2,2867570
2022-07-20,123.3,123.82,118.6,119.98,3293640
2022-07-21,119.42,119.42,114.0,115.88,3239810
2022-07-22,115.36,117.5,114.06,117.44,1978060
2022-07-25,117.02,121.98,116.8,118.72,2933590
2022-07-26,119.32,123.1,119.32,123.1,1858460
2022-07-27,123.5,126.7,122.12,125.56,4583350
2022-07-28,125.98,127.8,123.0,125.5,6163420
2022-07-29,124.52,130.0,124.52,130.0,2393130
2022-08-01,131.94,136.36,128.2,131.7,10764260
2022-08-02,131.7,132.96,130.0,130.0,2756420
2022-08-03,127.14,129.12,124.7,125.04,2871720
2022-08-04,125.0,126.8,121.56,124.5,2487950
2022-08-05,124.48,125.0,119.36,120.1,2626880
2022-08-08,122.5,122.5,118.08,118.74,2957910
2022-08-09,119.1,119.18,116.12,119.18,4246930
2022-08-10,118.36,118.5,116.52,118.5,3132030
2022-08-11,118.5,119.98,117.1,117.68,3521740
2022-08-12,117.22,117.96,115.0,117.16,4024950
2022-08-15,117.68,117.96,115.7,117.96,2901650
2022-08-16,117.94,118.48,116.68,118.0,4269310
2022-08-17,117.96,118.0,116.2,116.2,3439120
2022-08-18,116.3,116.5,114.94,115.26,3694830
2022-08-19,115.2,115.42,113.78,114.9,4048360
2022-08-22,115.1,117.08,114.3,116.46,3282770
2022-08-23,116.6,117.72,116.22,116.88,2453660
2022-08-24,116.86,117.48,116.4,117.48,1685730
2022-08-25,117.48,117.78,114.5,115.2,4165810
2022-08-26,115.42,115.42,113.52,115.0,3940150
2022-08-29,115.02,116.5,114.58,116.5,3941260
2022-08-30,116.5,119.5,116.5,118.86,8204290
2022-08-31,119.0,123.96,118.12,120.66,5448710
2022-09-01,121.4,121.76,117.18,118.0,5257800
2022-09-02,118.66,122.5,118.42,122.5,5493360
2022-09-05,123.0,126.0,121.58,126.0,4689820
2022-09-06,125.8,125.82,120.66,121.1,6623430
2022-09-07,121.48,122.46,118.84,118.84,6114150
2022-09-08,119.2,119.36,116.66,116.8,4789000
2022-09-09,117.02,117.98,116.0,117.76,6407830
2022-09-12,117.5,121.7,117.48,119.78,7284190
2022-09-13,119.98,120.78,117.76,118.34,4812680
2022-09-14,118.34,118.34,115.32,117.84,4321970
2022-09-15,118.28,119.28,117.72,118.84,3800270
2022-09-16,118.96,119.14,116.6,117.14,5268710
2022-09-19,117.24,117.96,115.9,116.7,3903170
2022-09-20,117.0,117.1,106.5,108.82,14201250
2022-09-21,97.2,106.14,97.2,100.42,12418680
2022-09-22,101.0,104.48,100.16,100.5,7104470
2022-09-23,100.46,100.46,90.02,91.62,14329480
2022-09-26,90.36,91.14,77.04,77.3,19458570
2022-09-27,79.74,82.7,76.12,81.88,10855090
2022-09-28,82.66,84.94,79.18,81.7,11310580
2022-09-29,81.7,82.3,76.5,78.06,8647240
2022-09-30,78.5,85.4,75.0,84.9,18432700
2022-10-03,85.46,88.26,82.2,86.76,12091590
2022-10-04,87.0,87.38,81.74,83.3,10877870
2022-10-05,82.3,82.44,77.5,80.42,11655440
2022-10-06,80.16,82.28,77.56,78.22,13513050
2022-10-07,78.0,78.0,73.2,73.9,13886070
2022-10-10,71.98,78.22,70.4,78.12,13718190
2022-10-11,78.3,83.36,76.52,82.8,14878250
2022-10-12,83.38,83.62,80.68,82.3,6842180
2022-10-13,81.82,83.24,81.04,82.42,3971180
2022-10-14,82.24,83.86,80.22,82.46,7197570
2022-10-17,83.1,87.72,82.14,87.72,12326170
2022-10-18,88.08,88.34,84.82,84.94,10136630
2022-10-19,84.7,85.94,83.56,85.28,5165110
2022-10-20,86.18,89.9,85.74,89.3,9745540
2022-10-21,89.36,94.5,87.8,94.32,15863910
2022-10-24,94.52,95.26,92.02,93.46,9122870
2022-10-25,93.46,97.0,93.18,96.28,7466870
2022-10-26,96.32,101.4,95.02,100.2,11575690
2022-10-27,100.5,107.24,99.2,105.58,18254990
2022-10-28,105.56,106.76,103.16,105.98,10422510
2022-10-31,106.26,106.26,101.82,103.08,8618120
2022-11-01,103.3,104.88,101.3,103.28,6174830
2022-11-02,103.34,103.46,98.52,100.62,4312110
2022-11-03,100.5,104.8,99.16,104.0,9226810
2022-11-07,105.0,111.0,104.52,109.92,12081150
2022-11-08,110.2,111.5,108.06,109.12,7289370
2022-11-09,108.42,108.98,103.82,104.26,8097970
2022-11-10,104.22,107.76,103.12,107.32,7591100
2022-11-11,107.6,109.0,104.58,107.0,4952480
2022-11-14,107.7,108.0,105.66,106.98,5599090
2022-11-15,107.2,109.5,101.3,103.94,9530820
2022-11-16,104.8,107.5,104.28,107.12,4953040
2022-11-17,107.24,108.0,105.12,105.68,3548270
2022-11-18,105.6,105.98,104.5,105.9,2679470
2022-11-21,105.8,105.8,103.16,104.32,3581690
2022-11-22,104.88,107.76,103.2,106.84,5257590
2022-11-23,107.54,107.96,105.6,106.74,3967490
2022-11-24,107.36,107.86,105.6,106.16,2696820
2022-11-25,106.16,106.8,104.88,105.4,2742170
2022-11-28,104.9,105.9,103.52,105.76,2616770
2022-11-29,106.12,107.2,105.58,106.38,3280270
2022-11-30,106.1,106.62,105.28,106.48,1856160
2022-12-01,106.42,107.0,106.02,106.62,2046130
2022-12-02,106.6,106.6,104.9,105.44,2429350
2022-12-05,105.5,106.6,104.72,105.7,2612000
2022-12-06,105.92,107.0,105.3,106.56,3322420
2022-12-07,106.34,106.94,104.98,105.8,2951400
2022-12-08,105.9,107.98,105.36,107.8,5349710
2022-12-09,107.86,108.96,105.4,106.44,5365630
2022-12-12,107.38,107.94,106.3,107.14,4123620
2022-12-13,107.4,108.4,106.06,107.38,4526690
2022-12-14,107.58,109.82,106.78,108.84,5165330
2022-12-15,108.82,109.58,107.1,107.1,4681380
2022-12-16,107.02,108.96,106.76,108.36,2067100
2022-12-19,108.5,112.2,107.68,111.34,6020250
2022-12-20,111.36,115.7,111.12,114.46,8200020
2022-12-21,114.98,117.0,112.8,114.64,6665790
2022-12-22,115.12,115.94,112.94,113.76,4556570
2022-12-23,113.76,115.48,112.5,114.62,3043420
2022-12-26,114.6,115.52,114.3,115.3,2348910
2022-12-27,115.48,115.98,113.78,115.94,3600790
2022-12-28,116.0,116.6,114.8,115.56,3132520
2022-12-29,115.1,115.96,114.5,115.24,1548650
2022-12-30,115.68,118.32,115.24,117.76,4210450
2023-01-03,113.0,115.2,112.7,114.36,6514130
2023-01-04,114.58,114.62,111.82,112.34,4175450
2023-01-05,112.3,112.66,110.88,112.06,2307060
2023-01-06,112.28,112.5,111.18,111.34,1900130
2023-01-09,111.9,112.38,109.78,110.4,4637480
2023-01-10,109.9,110.18,108.64,109.22,3618880
2023-01-11,109.0,112.28,109.0,112.1,3466590
2023-01-12,112.16,112.4,110.22,111.5,2323150
2023-01-13,111.5,112.3,110.7,112.16,2004210
2023-01-16,112.2,114.48,112.2,114.3,4360870
2023-01-17,114.38,114.52,111.0,111.38,4752060
2023-01-18,111.3,113.3,110.84,111.54,3256210
2023-01-19,111.5,112.46,110.58,111.5,2790070
2023-01-20,111.8,112.28,110.88,111.98,1824050
2023-01-23,112.3,112.46,111.28,112.02,1599340
2023-01-24,111.82,112.8,111.08,111.26,1771970
2023-01-25,111.26,112.1,110.72,111.64,1695540
2023-01-26,111.76,113.16,111.24,112.36,1873700
2023-01-27,112.38,113.98,112.22,113.76,2287450
2023-01-30,113.76,115.38,113.76,115.16,3012340
2023-01-31,115.4,116.98,114.8,116.8,2916450
2023-02-01,117.0,120.0,116.5,118.96,5212200
2023-02-02,119.8,120.88,118.0,120.22,5557330
2023-02-03,120.22,120.68,118.1,120.28,4158360
2023-02-06,120.4,123.68,119.82,123.44,5094800
2023-02-07,123.22,123.9,120.8,121.84,3420720
2023-02-08,121.9,122.42,119.1,119.3,3494750
2023-02-09,119.3,123.24,118.34,122.5,4592900
2023-02-10,122.04,125.7,121.72,125.0,7148240
2023-02-13,125.04,127.48,125.02,126.7,4232450
2023-02-14,126.26,126.66,122.76,122.94,4197050
2023-02-15,122.5,122.58,115.2,117.6,6673050
2023-02-16,118.4,120.34,115.46,118.0,5494170
2023-02-17,116.88,118.6,115.74,117.44,4329660
2023-02-20,117.22,118.34,114.4,117.86,3838740
2023-02-21,117.88,122.0,117.72,121.78,6029390
2023-02-22,122.02,122.38,119.56,120.94,4047060
2023-02-24,121.32,122.44,118.9,120.0,3075770
2023-02-27,119.88,124.64,117.84,124.06,6001650
2023-02-28,124.2,126.0,123.8,125.2,5401590
2023-03-01,125.98,128.52,125.14,127.98,5697540
2023-03-02,127.9,128.9,124.32,126.14,6605430
2023-03-03,126.2,128.54,125.3,128.32,2937840
2023-03-06,128.5,129.1,126.6,126.96,5010860
2023-03-07,126.9,127.4,125.7,126.38,3379770
2023-03-09,126.4,127.22,125.22,126.46,2627510
2023-03-10,125.9,127.2,125.4,126.64,2660590
2023-03-13,127.0,127.2,124.02,124.92,4497660
2023-03-14,125.0,126.26,124.02,125.7,2717770
2023-03-15,125.94,126.42,122.5,123.82,3345810
2023-03-16,123.8,124.32,120.8,124.14,3420980
2023-03-17,125.02,125.96,124.32,125.1,3986750
2023-03-20,125.4,128.0,124.42,127.58,5779970
2023-03-21,128.24,128.58,125.12,126.08,3454180
2023-03-22,125.98,126.32,125.0,125.1,1487410
2023-03-23,125.0,126.54,123.92,126.2,2879070
2023-03-24,126.2,126.5,125.4,126.5,1260580
2023-03-27,127.0,128.42,126.86,128.18,2806660
2023-03-28,128.58,128.94,126.56,127.54,2272840
2023-03-29,128.0,134.44,127.1,131.84,10374850
2023-03-30,132.3,133.44,129.8,130.6,4848160
2023-03-31,130.6,130.6,128.34,130.44,5213360
2023-04-03,130.44,133.9,130.42,133.04,4192460
2023-04-04,133.3,133.8,131.22,132.44,3245400
2023-04-05,131.7,133.5,130.52,133.02,2314260
2023-04-06,133.06,135.46,130.22,131.34,15357150
2023-04-07,131.08,131.7,128.0,131.38,9235560
2023-04-10,132.24,132.4,130.0,131.66,5393340
2023-04-11,131.86,132.0,128.3,129.78,6795400
2023-04-12,130.06,130.84,128.4,130.48,3835390
2023-04-13,130.82,131.2,129.2,130.32,2319390
2023-04-14,130.2,131.5,129.62,131.34,2510700
2023-04-17,131.98,132.9,131.2,132.6,3299650
2023-04-18,132.5,138.0,131.74,137.44,8577520
2023-04-19,137.7,142.3,135.34,138.5,11631120
2023-04-20,138.1,141.82,135.6,140.16,5282870
2023-04-21,140.46,140.88,138.04,139.92,2943400
2023-04-24,139.9,140.3,138.16,139.2,2114990
2023-04-25,139.02,139.38,137.7,138.22,1675450
2023-04-26,137.94,138.86,136.0,136.5,2063350
2023-04-27,135.6,139.32,135.6,139.28,2502880
2023-04-28,139.42,139.5,136.36,137.28,2875130
2023-05-02,136.7,138.0,132.5,133.34,4956670
2023-05-03,133.34,135.5,128.34,129.8,7357210
2023-05-04,129.8,131.76,126.72,129.46,5750980
2023-05-05,129.46,129.96,126.7,127.34,4010230
2023-05-08,127.82,128.08,125.88,127.22,1410100
2023-05-10,127.22,130.66,127.22,130.38,2809380
2023-05-11,130.84,132.3,127.3,128.76,5177490
2023-05-12,128.8,131.2,127.3,129.64,4161820
2023-05-15,130.8,134.0,130.14,133.16,4294270
2023-05-16,133.52,134.4,132.12,132.86,2728490
2023-05-17,132.8,133.74,131.3,133.64,2201930
2023-05-18,133.64,135.68,133.24,134.78,4494660
2023-05-19,134.42,135.46,133.42,134.58,2760650
2023-05-22,136.0,136.82,132.7,133.04,2962590
2023-05-23,133.0,136.4,132.2,134.84,4105020
2023-05-24,135.38,135.4,132.42,134.68,4626050
2023-05-25,134.82,139.3,134.14,137.86,6672360
2023-05-26,138.34,139.84,137.38,139.36,3759310
2023-05-29,141.0,142.8,138.66,141.7,13289970
2023-05-30,141.24,146.7,140.16,143.6,10725500
2023-05-31,143.62,147.72,143.62,147.16,4892450
2023-06-01,146.68,149.6,146.68,147.88,5794400
2023-06-02,148.62,152.0,146.5,151.54,6920350
2023-06-05,153.0,153.42,148.08,148.84,4773930
2023-06-06,148.02,148.72,146.22,148.08,3077640
2023-06-07,148.2,151.72,147.74,149.78,3043210
2023-06-08,149.5,151.7,148.56,150.98,2728780
2023-06-09,151.28,153.6,151.18,152.46,2941980
2023-06-13,153.0,159.78,152.6,159.58,4142950
2023-06-14,159.52,161.26,156.52,157.98,4863890
2023-06-15,158.54,166.5,157.0,166.22,9806740
2023-06-16,166.3,166.32,163.0,164.5,4971640
2023-06-19,164.82,172.98,162.12,172.3,10820530
2023-06-20,172.3,175.0,169.24,173.8,8861660
2023-06-21,173.72,178.0,170.92,175.26,10620910
2023-06-22,175.0,177.5,171.5,171.9,7143440
2023-06-23,171.34,175.44,167.06,171.36,15526160
2023-06-26,172.8,174.7,164.24,167.24,11288870
2023-06-27,166.5,174.2,165.04,172.4,10670180
2023-06-28,172.92,174.6,168.2,170.14,6327700
2023-06-29,170.6,170.8,165.7,169.22,3723280
2023-06-30,169.7,174.0,167.84,172.74,8008180
2023-07-03,173.0,177.7,173.0,175.98,8447150
2023-07-04,176.1,177.5,174.1,175.56,7055490
2023-07-05,175.9,179.84,175.68,179.12,5581060
2023-07-06,179.52,182.38,176.7,178.2,8237470
2023-07-07,177.9,181.92,176.66,181.34,6531640
2023-07-10,182.4,182.6,180.0,181.76,6110830
2023-07-11,181.02,182.16,180.28,181.22,2763160
2023-07-12,181.28,185.24,181.0,184.38,6419080
2023-07-13,184.98,187.68,183.8,185.26,4367220
2023-07-14,184.88,193.5,183.8,193.5,10418780
2023-07-17,191.98,196.0,190.3,194.0,9141690
2023-07-18,193.86,196.48,190.62,192.92,10921910
2023-07-19,193.2,193.24,190.8,192.28,3378670
2023-07-20,192.0,193.74,189.66,190.28,6002910
2023-07-21,190.28,192.38,189.0,192.3,3733690
2023-07-24,192.3,193.66,190.64,192.06,3252000
2023-07-25,192.3,198.08,191.42,197.32,6539290
2023-07-26,197.5,197.82,194.4,196.14,4405800
2023-07-27,196.44,206.42,195.0,203.36,14887170
2023-07-28,202.78,205.4,202.12,204.44,5492870
2023-07-31,205.3,212.0,205.1,211.44,7773200
2023-08-01,212.04,214.98,209.4,212.0,7285130
2023-08-02,211.36,213.66,209.02,210.56,5904620
2023-08-03,210.4,213.5,209.2,212.52,5262180
2023-08-04,213.42,213.42,206.2,206.64,9696310
2023-08-07,208.0,210.0,200.16,202.36,8194930
2023-08-08,201.58,202.84,198.52,202.22,7111300
2023-08-09,202.88,206.5,201.94,202.5,5896660
2023-08-10,203.02,205.54,200.26,205.3,4275790
2023-08-11,205.5,207.78,201.82,203.94,4872400
2023-08-14,204.3,207.1,195.18,197.16,10410360
2023-08-15,196.5,203.18,195.42,197.14,7449360
2023-08-16,196.6,198.14,188.14,191.1,12577560
2023-08-17,191.56,193.44,188.02,191.04,6195050
2023-08-18,191.4,194.62,189.0,194.38,5183030
2023-08-21,195.0,197.84,194.44,197.24,6823090
2023-08-22,197.82,200.0,194.8,198.6,5031080
2023-08-23,199.0,203.0,193.04,193.8,15981440
2023-08-24,194.38,197.58,194.18,196.4,7494340
2023-08-25,196.4,197.08,194.34,195.5,4648780
2023-08-28,195.96,201.64,195.96,201.3,6545550
2023-08-29,201.7,202.84,197.42,197.9,8235390
2023-08-30,197.9,201.38,195.64,199.6,6805480
2023-08-31,200.18,204.48,197.68,204.3,8783370
2023-09-01,204.58,205.0,200.56,202.0,4878320
2023-09-04,203.12,204.24,201.12,202.64,4537950
2023-09-05,203.46,203.46,197.86,199.26,8137980
2023-09-06,199.0,199.0,192.0,193.26,10866500
2023-09-07,193.26,197.88,190.28,191.58,10791310
2023-09-08,191.7,193.52,187.0,187.1,7372660
2023-09-11,187.0,190.06,184.44,188.86,9173950
2023-09-12,189.5,195.28,189.36,195.28,4641380
2023-09-13,195.0,195.32,190.08,190.48,4098880
2023-09-14,190.6,192.9,186.02,192.08,5607430
2023-09-15,192.4,194.56,190.1,192.6,3518210
2023-09-18,192.6,193.64,188.3,190.36,4587070
2023-09-19,189.8,197.22,188.88,194.44,25128170
2023-09-20,194.7,201.46,192.64,197.62,21329930
2023-09-21,196.96,201.34,195.12,199.0,18304320
2023-09-22,199.62,207.8,198.82,207.74,21761310
2023-09-25,208.0,208.5,201.24,202.32,10678050
2023-09-26,201.9,209.4,200.24,209.0,17693960
2023-09-27,209.46,209.9,205.4,207.36,9687530
2023-09-28,207.36,211.0,206.04,209.5,12064830
2023-09-29,210.0,210.82,208.14,209.42,6503400
2023-10-02,210.5,212.0,207.12,209.96,7211800
2023-10-03,209.96,210.28,207.1,209.28,3690690
2023-10-04,208.86,214.84,208.5,212.84,13142560
2023-10-05,212.84,214.4,209.58,210.88,6627890
2023-10-06,210.8,212.9,208.2,212.28,4886140
2023-10-09,212.28,212.7,208.84,209.72,4620910
2023-10-10,210.0,210.3,205.3,207.72,6322050
2023-10-11,207.72,208.82,200.56,201.36,14595970
2023-10-12,200.84,202.48,196.58,199.02,13115900
2023-10-13,199.94,200.98,196.1,198.44,8511980
2023-10-16,199.2,200.36,197.84,200.3,5600330
2023-10-17,200.6,202.0,199.08,199.56,5331280
2023-10-18,199.96,200.38,196.2,197.56,6320840
2023-10-19,197.5,197.84,194.26,197.0,8116190
2023-10-20,197.02,198.26,194.48,197.22,5659050
2023-10-23,197.46,198.9,193.56,194.22,4653010
2023-10-24,194.04,195.5,192.8,194.46,5200060
2023-10-25,194.44,194.44,191.52,191.68,5112930
2023-10-26,191.64,196.0,191.22,192.1,8233590
2023-10-27,192.1,193.58,190.2,191.5,4482180
2023-10-30,191.5,194.2,190.4,192.14,3499900
2023-10-31,191.76,193.4,189.12,189.76,3773170
2023-11-01,190.1,191.18,188.7,189.16,3460860
2023-11-02,189.36,189.98,187.22,187.5,3890310
2023-11-03,187.74,195.0,185.54,194.2,13108540
2023-11-06,195.04,200.32,194.5,199.36,11892980
2023-11-07,199.1,199.46,196.5,196.86,6834480
2023-11-08,196.86,197.6,193.7,194.6,5171100
2023-11-09,194.6,197.42,194.0,195.44,5036510
2023-11-10,196.0,196.14,194.58,195.3,2908300
2023-11-13,195.5,198.68,195.02,195.94,3538930
2023-11-14,196.28,196.28,189.88,191.22,5039010
2023-11-15,191.1,192.92,188.0,190.94,3361270
2023-11-16,190.6,193.64,189.2,189.92,3263060
2023-11-17,189.44,191.14,187.32,190.32,4485440
2023-11-20,190.4,191.0,187.0,187.78,4764380
2023-11-21,187.52,187.52,185.2,186.86,7124920
2023-11-22,186.66,188.24,185.8,187.4,7421450
2023-11-23,187.78,187.88,182.8,184.4,9126380
2023-11-24,184.7,185.0,181.14,182.18,5837620
2023-11-27,182.18,183.38,176.64,177.7,20066960
2023-11-28,178.02,181.5,177.54,178.5,8582150
2023-11-29,179.0,179.44,174.5,175.78,8276160
2023-11-30,175.78,176.66,171.18,172.94,7355160
2023-12-01,172.7,175.36,171.04,171.26,5965690
2023-12-04,171.0,174.4,169.52,171.82,8722470
2023-12-05,172.1,173.5,170.62,172.4,4562630
2023-12-06,172.78,173.6,167.72,168.78,8082090
2023-12-07,168.7,169.66,165.24,166.9,7129650
2023-12-08,167.0,168.82,166.22,166.78,3719200
2023-12-11,167.0,169.78,165.8,166.6,6827410
2023-12-12,166.7,167.94,162.72,162.94,7774330
2023-12-13,162.12,167.14,160.32,167.0,6890970
2023-12-14,167.68,168.46,162.2,162.5,6716670
2023-12-15,162.2,168.1,162.1,166.58,5024390
2023-12-18,167.96,170.6,167.0,168.54,7955900
2023-12-19,168.6,175.28,168.3,174.96,13721690
2023-12-20,175.34,177.8,174.32,176.0,13952860
2023-12-21,175.42,177.28,173.2,175.72,7667740
2023-12-22,176.22,179.4,175.28,178.0,7210120
2023-12-25,178.22,179.0,176.12,177.2,4602060
2023-12-26,177.5,180.0,177.18,179.74,8522240
2023-12-27,180.24,181.5,179.2,179.2,5445180
2023-12-28,179.12,180.36,178.4,179.4,2914760
2023-12-29,179.7,180.86,176.62,178.5,3249880
2024-01-03,178.4,181.28,177.9,180.94,1679660
2024-01-04,181.4,184.42,181.0,183.04,3314040
2024-01-05,183.12,184.26,181.72,182.62,1582770
2024-01-08,183.0,185.42,182.2,185.4,3023700
2024-01-09,185.48,185.7,182.66,183.12,3953880
2024-01-10,183.12,186.52,182.82,185.0,4457710
2024-01-11,185.1,197.94,183.64,196.1,34133390
2024-01-12,196.5,199.9,194.18,198.26,14915540
2024-01-15,199.0,201.56,196.6,198.02,10829460
2024-01-16,197.8,198.44,195.3,197.84,5699230
2024-01-17,198.0,199.74,197.2,198.54,4306600
2024-01-18,198.94,200.94,194.5,194.68,10736920
2024-01-19,194.52,196.84,192.0,196.44,9457950
2024-01-22,196.94,199.7,196.14,198.38,6093980
2024-01-23,198.78,198.98,196.04,198.22,3756740
2024-01-24,198.88,199.5,196.6,197.6,4668500
2024-01-25,197.6,197.92,194.5,195.0,3892220
2024-01-26,195.2,195.78,193.8,193.98,3745750
2024-01-29,194.0,197.72,194.0,197.06,4803570
2024-01-30,197.3,201.24,195.02,201.08,10169780
2024-01-31,201.5,203.0,198.64,200.14,11960130
2024-02-01,200.16,205.04,200.02,204.58,10109650
2024-02-02,204.9,207.66,202.12,202.9,12280370
2024-02-05,202.9,203.74,199.72,200.72,5882170
2024-02-06,200.8,201.06,198.16,199.7,6746810
2024-02-07,200.14,200.28,195.54,197.1,7087460
2024-02-08,197.1,199.24,194.54,196.12,6664700
2024-02-09,196.4,200.52,195.16,199.72,6628430
2024-02-12,201.0,201.2,196.54,198.06,6224830
2024-02-13,198.46,199.56,196.06,197.5,4328100
2024-02-14,197.56,198.4,196.04,196.58,4185900
2024-02-15,196.92,199.6,194.62,199.56,7208270
2024-02-16,199.7,201.5,196.72,198.76,9494100
2024-02-19,198.96,201.38,197.0,197.82,7374030
2024-02-20,197.8,198.76,188.28,190.64,9672400
2024-02-21,190.32,192.8,186.72,189.78,6877480
2024-02-22,190.24,194.46,189.22,193.3,6528570
2024-02-26,193.34,197.7,193.3,197.52,6408270
2024-02-27,197.34,199.3,196.4,197.24,5513670
2024-02-28,197.32,198.66,197.02,197.14,3046680
2024-02-29,197.0,200.4,196.52,200.34,4098210
2024-03-01,200.46,206.96,200.24,205.92,17441750
2024-03-04,206.6,207.56,202.84,204.54,8336980
2024-03-05,204.94,205.48,202.94,205.0,2955270
2024-03-06,205.1,209.96,204.1,206.68,8070940
2024-03-07,206.4,208.34,205.2,207.28,3658650
2024-03-11,207.32,208.82,204.18,205.24,4645270
2024-03-12,205.0,205.66,202.74,205.18,4518750
2024-03-13,205.6,207.4,204.68,204.84,3080010
2024-03-14,204.4,207.94,202.02,205.66,7866750
2024-03-15,205.3,209.42,204.72,209.0,7920790
2024-03-18,210.0,211.4,207.1,209.18,7539690
2024-03-19,209.16,209.16,205.2,206.32,4084390
2024-03-20,205.46,212.74,205.46,212.0,12214070
2024-03-21,212.78,218.56,209.7,218.5,14280920
2024-03-22,217.98,219.62,212.62,214.14,13103520
2024-03-25,214.5,221.2,214.42,221.02,10898130
2024-03-26,221.9,222.0,219.36,221.8,4842640
2024-03-27,222.0,223.46,220.3,222.6,5213750
2024-03-28,223.5,223.5,220.0,220.34,3756920
2024-03-29,220.2,223.0,218.58,221.4,5908130
2024-04-01,222.2,222.72,218.74,218.86,4075310
2024-04-02,219.0,221.3,218.08,220.26,3941690
2024-04-03,220.48,222.4,220.06,221.54,4206400
2024-04-04,221.58,223.46,219.08,220.24,5526180
2024-04-05,220.26,221.32,218.12,218.5,8250990
2024-04-08,218.5,221.38,212.12,218.12,16768640
2024-04-09,218.24,219.68,213.74,215.9,7874340
2024-04-10,215.9,228.32,214.26,226.08,38668700
2024-04-11,227.8,229.14,226.1,227.36,16969420
2024-04-12,227.8,229.46,226.54,228.12,9485580
2024-04-15,228.2,230.86,228.2,229.7,8768460
2024-04-16,230.12,230.7,227.62,228.38,6817780
2024-04-17,228.0,228.92,226.0,226.5,7026630
2024-04-18,227.0,227.98,225.64,227.54,3844680
2024-04-19,227.68,228.38,225.98,226.2,4755950
2024-04-22,226.6,227.8,226.3,227.12,3911690
2024-04-23,227.58,231.18,226.9,228.58,8501400
2024-04-24,228.24,230.4,226.06,228.86,5521020
2024-04-25,228.94,229.74,227.62,228.7,3751700
2024-04-26,229.36,232.32,228.8,232.02,6814980
2024-04-29,233.16,239.9,233.1,239.12,5461410
2024-04-30,239.6,243.2,238.88,241.74,5983280
2024-05-02,242.3,244.24,238.44,242.0,7135030
2024-05-03,242.0,243.54,240.56,242.16,4042660
2024-05-06,242.16,243.8,239.9,239.98,4781610
2024-05-07,240.36,246.16,240.22,245.96,6930060
2024-05-08,246.94,248.8,246.22,248.26,6476340
2024-05-10,249.0,251.0,248.4,250.98,4940910
2024-05-13,252.06,255.5,251.6,252.3,8514920
2024-05-14,252.88,253.94,251.64,252.14,6045940
2024-05-15,252.14,253.32,249.12,252.9,8675810
2024-05-16,253.4,254.0,250.5,251.98,5191540
2024-05-17,252.48,252.7,251.1,252.0,3954450
2024-05-20,252.7,253.16,250.0,250.7,6532920
2024-05-21,251.2,253.3,250.2,252.8,8469630
2024-05-22,253.1,254.4,251.9,254.16,7899980
2024-05-23,254.3,256.46,253.62,256.3,14088830
2024-05-24,256.32,256.92,251.1,255.44,18023610
2024-05-27,230.12,232.98,216.06,219.22,39592770
2024-05-28,218.78,222.5,210.62,211.08,19515970
2024-05-29,211.2,214.48,206.3,214.16,17880860
2024-05-30,214.9,216.3,205.0,205.52,9084900
2024-05-31,205.0,206.74,192.28,195.96,24281760
2024-06-03,194.16,197.5,183.26,193.56,28006790
2024-06-04,194.9,196.98,191.22,191.54,12303910
2024-06-05,191.9,199.1,191.5,192.52,15392430
2024-06-06,192.68,195.68,192.08,192.62,6722500
2024-06-07,192.76,198.5,192.44,196.46,8938890
2024-06-10,199.06,199.06,188.2,190.54,12597080
2024-06-11,190.0,190.82,185.08,187.2,13449600
2024-06-13,178.0,192.74,177.48,189.12,12134260
2024-06-14,188.4,193.48,186.12,191.42,9702650
2024-06-17,192.0,193.48,187.72,188.5,5116600
2024-06-18,189.18,190.8,180.3,181.66,8410660
2024-06-19,181.8,181.9,172.68,175.62,16844170
2024-06-20,175.5,181.36,170.7,180.94,24262890
2024-06-21,181.0,182.26,177.52,177.78,6199450
2024-06-24,176.8,178.5,173.88,174.32,7016640
2024-06-25,174.32,183.14,172.0,180.98,8577100
2024-06-26,181.0,181.0,175.3,177.78,13101680
2024-06-27,177.7,178.56,175.1,176.82,8076340
2024-06-28,177.0,179.3,176.48,176.92,5570000
2024-07-01,177.0,181.0,175.1,181.0,10327870
2024-07-02,181.2,181.52,178.68,179.8,6898560
2024-07-03,179.8,180.0,176.2,176.3,5052810
2024-07-04,176.6,178.64,172.58,173.86,8397960
2024-07-05,173.86,175.4,171.52,174.38,6674100
2024-07-08,174.74,177.52,173.24,174.52,7163390
2024-07-09,174.52,175.2,167.16,167.16,9370430
2024-07-10,167.16,167.94,159.62,159.8,13727930
2024-07-11,159.8,170.66,159.34,169.36,13001900
2024-07-12,169.72,170.9,165.72,169.82,7188570
2024-07-15,168.84,170.38,162.2,163.02,8749210
2024-07-16,162.68,165.4,159.4,164.66,13679450
2024-07-17,165.14,167.86,162.44,163.66,9709260
2024-07-18,163.32,168.14,162.24,166.74,13345640
2024-07-19,167.4,172.6,165.58,169.96,15028400
2024-07-22,172.7,173.42,168.18,170.04,12429670
2024-07-23,170.0,170.66,167.3,169.06,4672040
2024-07-24,169.12,173.14,167.5,170.92,8966830
2024-07-25,171.74,174.8,170.28,172.98,10156480
2024-07-26,173.2,176.92,165.02,169.9,22160260
2024-07-29,168.7,170.2,162.82,163.02,9076320
2024-07-30,162.68,167.88,161.56,165.94,9234010
2024-07-31,165.94,167.0,163.24,165.9,4811280
2024-08-01,165.9,167.68,164.2,164.42,3110570
2024-08-02,164.42,166.98,163.8,165.82,4235840
2024-08-05,163.2,163.98,158.0,158.06,10019060
2024-08-06,159.58,162.98,158.22,160.42,11701350
2024-08-07,160.42,162.8,157.5,161.72,8975890
2024-08-08,162.0,163.3,159.02,160.04,5451710
2024-08-09,159.22,162.4,159.22,160.14,4519940
2024-08-12,160.14,162.88,157.86,162.52,8935590
2024-08-13,162.72,165.5,162.7,165.36,7588500
2024-08-14,165.4,166.1,162.5,162.9,4428390
2024-08-15,163.0,164.92,161.68,161.9,4434480
2024-08-16,161.8,163.26,161.0,162.06,4484120
2024-08-19,161.62,162.6,156.32,158.1,5973260
2024-08-20,158.3,159.12,155.2,155.62,9186620
2024-08-21,155.34,156.82,151.64,152.5,9827860
2024-08-22,153.0,153.02,141.8,143.94,15206350
2024-08-23,143.82,144.9,138.04,140.74,20611900
2024-08-26,144.74,148.68,142.24,147.26,9062310
2024-08-27,147.96,149.0,142.52,142.8,8152300
2024-08-28,142.52,142.56,136.34,140.62,10289900
2024-08-29,141.3,141.94,137.36,140.4,8458570
2024-08-30,140.4,141.68,132.26,132.74,10198840
2024-09-02,132.3,133.66,123.82,127.66,18194150
2024-09-03,127.06,131.26,125.1,127.78,17106480
2024-09-04,127.46,133.4,127.22,132.7,9709810
2024-09-05,133.08,142.64,132.0,139.4,33575460
2024-09-06,139.36,140.36,136.36,139.88,13256920
2024-09-09,141.0,148.2,140.7,147.9,17213940
2024-09-10,147.52,147.68,144.64,146.62,11917260
2024-09-11,146.92,147.98,143.04,143.44,8702070
2024-09-12,143.1,143.96,139.5,140.7,11408100
2024-09-13,140.42,147.5,134.7,147.38,22844720
2024-09-16,148.06,153.9,147.3,151.82,24695540
2024-09-17,152.1,157.48,150.2,156.24,15796140
2024-09-18,156.24,156.5,151.2,151.74,13734230
2024-09-19,151.76,153.5,149.42,150.0,12251400
2024-09-20,150.0,153.4,147.68,148.46,19299770
2024-09-23,149.26,151.3,147.84,150.04,14298340
2024-09-24,150.42,150.68,146.42,147.98,16698440
2024-09-25,148.0,148.9,143.0,144.06,13621840
2024-09-26,143.5,146.0,140.4,142.48,14457920
2024-09-27,142.8,145.32,140.6,144.94,10710970
2024-09-30,145.88,147.22,141.36,141.88,13457920
2024-10-01,141.84,142.96,140.52,141.8,8325930
2024-10-02,141.8,143.3,137.42,138.7,12220020
2024-10-03,138.7,139.86,135.2,138.28,12962160
2024-10-04,138.56,140.1,136.78,137.26,9244740
2024-10-07,137.3,138.0,134.62,135.6,8577220
2024-10-08,134.9,136.1,133.72,135.86,8001810
2024-10-09,136.08,137.4,131.44,134.28,8950440
2024-10-10,134.0,135.4,133.56,134.58,6632510
2024-10-11,134.46,135.9,132.02,135.78,9425970
2024-10-14,135.6,141.5,133.64,141.22,14998860
2024-10-15,140.08,142.44,139.02,140.84,9902620
2024-10-16,140.42,141.42,138.1,139.52,7648360
2024-10-17,139.52,139.58,133.08,133.84,18184020
2024-10-18,133.84,134.48,128.52,130.98,21191210
2024-10-21,131.0,135.2,129.82,130.16,17045560
2024-10-22,129.94,130.26,127.88,127.96,12598080
2024-10-23,127.84,128.32,126.0,126.24,10612730
2024-10-24,126.24,127.0,123.58,125.9,19463160
2024-10-25,125.9,126.5,117.9,121.14,27086890
2024-10-28,120.0,120.0,115.4,117.22,15614300
2024-10-29,117.22,121.76,115.72,121.28,15422580
2024-10-30,121.38,123.08,117.54,117.68,15761990
2024-10-31,117.2,120.3,116.72,118.08,17555830
2024-11-01,118.62,120.28,117.48,120.2,13782190
2024-11-05,121.96,125.8,121.32,125.8,13003530
2024-11-06,127.5,130.26,126.14,127.48,16398100
2024-11-07,127.48,132.0,125.94,130.48,12478820
2024-11-08,131.0,132.0,128.98,130.82,13136920
2024-11-11,131.24,135.68,131.12,135.24,16581040
2024-11-12,134.52,135.16,130.56,130.98,8298680
2024-11-13,130.4,133.88,130.0,130.2,8551690
2024-11-14,129.7,132.5,129.5,130.66,6814630
2024-11-15,130.7,134.6,129.3,134.06,9198810
2024-11-18,130.76,133.48,130.0,130.54,9212450
2024-11-19,130.8,130.86,125.46,126.26,10584160
2024-11-20,126.28,127.72,121.48,122.88,9207760
2024-11-21,123.0,124.0,119.02,123.32,12074370
2024-11-22,123.18,124.42,121.06,122.68,8356460
2024-11-25,122.64,122.64,117.3,119.16,11115840
2024-11-26,119.0,121.0,117.28,118.88,12036210
2024-11-27,119.0,123.9,115.82,123.88,18073140
2024-11-28,124.28,127.88,122.34,124.0,18104400
2024-11-29,124.0,127.0,122.56,124.56,7899620
2024-12-02,124.88,127.38,123.82,124.68,7014360
2024-12-03,124.92,124.92,120.2,121.28,7584650
2024-12-04,121.52,123.0,118.0,118.7,8698880
2024-12-05,118.7,122.44,117.12,120.62,11715010
2024-12-06,120.86,122.1,118.4,120.8,9086840
2024-12-09,121.1,124.1,121.0,123.4,8060070
2024-12-10,123.6,123.96,118.86,119.38,11826750
2024-12-11,119.62,120.7,117.8,120.0,9590720
2024-12-12,120.06,120.66,116.0,116.04,11223270
2024-12-13,115.8,118.14,115.32,117.02,10963240
2024-12-16,116.74,117.12,113.64,115.04,12503560
2024-12-17,114.8,117.0,113.2,114.9,12909620
2024-12-18,115.1,117.98,114.46,116.94,8281580
2024-12-19,117.1,120.48,116.76,120.02,13678490
2024-12-20,120.02,136.74,118.66,136.18,34176820
2024-12-23,137.1,140.0,130.66,134.1,22585880
2024-12-24,135.0,136.26,131.32,133.68,9970510
2024-12-25,133.08,136.2,131.8,135.3,14153830
2024-12-26,135.58,137.58,133.44,133.78,13036390
2024-12-27,133.84,135.5,132.72,134.86,8828240
2024-12-30,140.0,147.8,139.64,147.78,11147810
2025-01-03,148.0,148.38,142.42,144.54,8824270
2025-01-06,144.24,146.5,142.08,146.02,8878440
2025-01-08,145.88,147.4,144.7,146.8,4473040
2025-01-09,146.9,147.18,141.6,142.46,8714800
2025-01-10,142.9,150.72,142.88,149.34,18208820
2025-01-13,149.5,151.58,147.12,148.24,11228690
2025-01-14,148.0,150.18,146.5,148.58,6691520
2025-01-15,148.24,149.84,144.82,149.6,10066780
2025-01-16,149.6,151.18,148.06,149.06,8248750
2025-01-17,148.76,154.9,148.3,153.62,14274690
2025-01-20,155.0,155.94,150.0,150.5,12201620
2025-01-21,150.8,151.54,146.4,149.42,11855510
2025-01-22,149.42,150.44,146.0,146.4,13196980
2025-01-23,146.1,146.32,142.52,145.28,13204610
2025-01-24,145.68,148.26,144.06,147.16,12333150
2025-01-27,147.44,147.84,141.0,141.36,11624520
2025-01-28,141.48,146.0,139.66,145.18,12032510
2025-01-29,144.6,146.68,143.86,144.6,7412300
2025-01-30,144.6,149.64,144.02,149.1,10085040
2025-01-31,149.02,149.88,144.84,146.0,9945970
2025-02-03,146.0,146.0,138.5,140.1,21086160
2025-02-04,140.14,141.78,138.62,138.78,12248050
2025-02-05,138.5,142.0,136.12,141.46,12236840
2025-02-06,141.8,142.4,138.86,139.6,11012910
2025-02-07,139.6,141.4,138.6,140.92,6755840
2025-02-10,141.56,143.04,139.48,140.42,9517390
2025-02-11,140.44,144.2,138.24,144.12,13353270
2025-02-12,144.14,151.74,142.64,150.32,22284910
2025-02-13,151.02,158.0,148.12,151.6,20738590
2025-02-14,164.0,164.0,138.76,148.58,25761850
2025-02-17,150.2,157.1,150.0,156.92,18900030
2025-02-18,156.92,159.12,152.2,153.94,15922700
2025-02-19,154.0,156.62,152.5,155.9,8468870
2025-02-20,156.34,159.8,155.3,157.84,11473520
2025-02-21,157.6,162.78,156.64,160.4,16099910
2025-02-24,160.54,165.6,160.1,165.16,19944640
2025-02-25,165.48,168.2,162.74,164.02,15618240
2025-02-26,164.82,165.8,156.4,158.0,14950230
2025-02-27,158.3,159.5,153.74,156.72,12124350
2025-02-28,156.1,159.32,152.88,158.3,13346130
2025-03-03,157.78,158.14,152.54,156.58,9849660
2025-03-04,157.0,164.4,156.66,163.18,14096160
2025-03-05,163.16,164.34,158.24,158.72,11536160
2025-03-06,159.22,162.08,158.52,160.64,5601260
2025-03-07,160.98,162.6,156.22,159.4,7863000
2025-03-10,159.86,160.9,157.72,159.06,4424020
2025-03-11,159.06,160.5,157.02,158.22,6317490
2025-03-12,158.22,158.7,156.0,156.96,3982260
2025-03-13,156.96,159.78,151.52,156.16,10439180
2025-03-14,156.02,156.74,153.12,155.56,7050400
2025-03-17,158.6,161.44,158.16,161.4,7299010
2025-03-18,161.7,163.4,157.28,158.08,9874470
2025-03-19,158.08,159.92,156.04,159.14,6386210
2025-03-20,159.14,160.66,156.9,159.36,6798070
2025-03-21,159.38,160.12,156.02,157.02,5377420
2025-03-24,157.02,157.44,154.0,154.44,4722540
2025-03-25,154.4,155.7,150.52,154.46,7046790
2025-03-26,154.58,155.5,148.76,149.1,6684760
2025-03-27,149.0,149.1,142.64,143.1,12615940
2025-03-28,142.88,144.78,140.06,142.26,12238140
2025-03-31,139.1,145.04,137.52,144.58,12956600
2025-04-01,144.46,145.84,139.74,140.24,9920370
2025-04-02,140.24,144.26,139.3,143.58,6036390
2025-04-03,143.6,144.76,135.28,138.2,11397640
2025-04-04,139.0,139.2,129.0,129.28,17738240
2025-04-07,128.16,129.1,119.12,124.64,29664370
2025-04-08,125.26,126.46,120.8,121.0,14398810
2025-04-09,120.7,128.68,118.84,128.08,22238580
2025-04-10,128.6,129.88,126.0,127.44,9422580
2025-04-11,128.0,135.3,127.66,135.06,17250930
2025-04-14,136.8,137.08,130.42,131.34,8514790
2025-04-15,131.54,132.5,129.28,130.56,5430520
2025-04-16,130.1,133.38,128.22,131.8,8040780
2025-04-17,131.62,134.5,131.6,134.28,7039960
2025-04-18,133.0,133.42,129.0,130.84,10123640
2025-04-21,131.02,132.3,129.72,131.86,9403640
2025-04-22,132.1,137.0,131.56,136.02,12333020
2025-04-23,136.02,136.9,131.62,133.06,8327900
2025-04-24,133.0,135.5,132.56,133.36,7174500
2025-04-25,133.56,136.32,133.42,135.76,6287030
2025-04-28,137.1,137.44,133.62,134.04,8144090
2025-04-29,134.04,134.72,129.96,130.24,6665660
2025-04-30,130.82,131.9,127.4,130.28,6919100
2025-05-02,130.28,130.68,125.32,125.86,3417760
2025-05-05,127.8,127.8,122.3,123.3,6214850
2025-05-06,122.9,127.14,122.18,126.18,4566180
2025-05-07,126.84,127.58,124.72,126.28,4767740
2025-05-08,126.28,129.54,126.18,126.88,3238300
2025-05-12,129.6,131.6,129.24,130.38,6312580
2025-05-13,130.38,131.0,127.9,128.74,4912100
2025-05-14,128.5,129.3,125.38,125.48,4147760
2025-05-15,126.0,127.66,123.84,126.42,6147790
2025-05-16,126.58,127.68,123.9,126.06,4436540
2025-05-19,128.98,130.0,126.32,126.92,4283570
2025-05-20,127.0,127.66,123.68,124.32,4556560
2025-05-21,124.42,124.9,122.72,124.04,3640650
2025-05-22,124.0,124.3,117.54,117.58,14325480
2025-05-23,117.58,118.24,116.1,116.82,10793300
2025-05-26,116.7,116.8,113.36,113.96,9589280
2025-05-27,113.9,115.2,112.18,114.62,6349340
2025-05-28,114.62,119.44,114.62,119.36,9275460
2025-05-29,119.5,119.82,115.8,115.94,7515270
2025-05-30,115.94,118.92,115.22,117.18,7022250
2025-06-02,114.52,118.12,113.94,117.44,7172770
2025-06-03,117.24,120.08,117.24,120.0,7859670
2025-06-04,120.48,121.96,119.04,119.34,16727680
2025-06-05,119.5,121.5,118.06,120.2,11046820
2025-06-06,120.24,123.9,116.64,117.0,12416280
2025-06-09,116.58,116.92,113.0,114.04,11608020
2025-06-10,114.26,114.6,111.12,111.74,10610930
2025-06-11,111.96,112.76,110.56,111.04,9346330
2025-06-13,111.36,112.46,111.0,111.18,3158080
2025-06-16,112.46,112.8,110.02,110.28,7391840
2025-06-17,110.2,113.22,109.68,111.94,13632030
2025-06-18,112.04,114.2,111.6,112.44,11034550
2025-06-19,112.66,113.44,110.4,111.72,7888300
2025-06-20,111.22,112.6,110.12,110.28,4770670
2025-06-23,110.3,110.66,107.58,108.8,10828830
2025-06-24,108.4,109.62,107.16,109.12,7133150
2025-06-25,109.2,110.6,108.4,110.0,8198850
2025-06-26,110.02,111.48,109.74,110.36,5651270
2025-06-27,110.5,110.66,108.02,110.14,11417080
2025-06-30,110.4,113.2,109.88,112.8,14675660
2025-07-01,112.8,115.36,112.34,115.3,18391190
2025-07-02,115.28,116.04,113.22,113.7,7339360
2025-07-03,113.5,116.38,113.32,114.46,9685890
2025-07-04,114.2,115.96,113.42,115.02,8370810
2025-07-07,114.88,114.88,111.34,111.6,9246010
2025-07-08,111.58,112.62,108.02,108.68,9461760
2025-07-09,108.88,110.18,107.2,109.22,7945480
2025-07-10,109.96,109.96,108.4,109.06,3349560
2025-07-11,109.16,109.48,105.32,105.68,9482230
2025-07-14,105.0,110.24,103.72,110.08,11364850
2025-07-15,110.1,111.6,109.66,111.08,6902370
2025-07-16,111.22,112.46,110.56,111.32,4546360
2025-07-17,111.32,112.54,109.94,110.0,3730610
2025-07-18,110.38,113.78,110.0,113.66,11464010
2025-07-21,114.04,117.58,112.7,116.78,16301410
2025-07-22,116.76,119.2,116.08,117.16,13976230
2025-07-23,117.16,117.86,114.38,115.4,9998580
2025-07-24,115.28,115.6,113.36,114.0,6325900
2025-07-25,114.12,115.46,111.76,112.3,8073030
2025-07-28,112.3,113.22,110.62,111.14,8185700
2025-07-29,110.98,112.22,109.42,110.26,7249460
2025-07-30,110.4,110.58,108.96,108.96,3737460
2025-07-31,108.9,110.72,108.84,110.34,3285840
2025-08-01,110.16,111.8,110.16,110.94,4541460
2025-08-04,111.4,111.98,110.6,111.74,4564060
2025-08-05,111.88,112.4,110.88,111.58,4195230
2025-08-06,111.56,115.44,111.0,114.02,8878900
2025-08-07,114.5,118.5,113.5,116.46,15098620
2025-08-08,117.0,123.0,115.76,122.86,13601470
2025-08-11,125.02,130.0,123.58,128.12,25712470
2025-08-12,128.6,128.6,126.36,128.1,8611100
2025-08-13,127.84,128.96,126.58,127.26,4929070
2025-08-14,127.5,130.64,126.52,130.4,10855530
2025-08-15,131.12,132.7,129.34,132.12,9204370
2025-08-18,127.4,131.64,126.14,130.8,14187510
2025-08-19,131.02,132.3,128.04,128.58,9708580
2025-08-20,128.58,129.4,126.26,126.58,6262880
2025-08-21,126.42,126.88,120.5,121.5,15429460
2025-08-22,121.28,122.34,120.38,122.2,6585160
2025-08-25,121.5,121.9,118.84,120.3,5194730
2025-08-26,120.3,122.4,119.5,120.7,4057360
2025-08-27,120.5,123.94,120.2,123.2,6037180
2025-08-28,123.62,123.88,118.64,119.28,8506720
2025-08-29,119.32,120.22,117.74,118.8,5097340
2025-09-01,119.6,120.5,116.14,116.62,10792970
2025-09-02,116.52,117.78,115.0,115.88,7077120
2025-09-03,115.7,118.42,115.0,118.2,5853260
2025-09-04,118.0,118.9,116.3,118.1,4039890
2025-09-05,118.26,118.9,117.82,118.82,2779940
2025-09-08,118.88,120.46,118.72,120.42,4800850
2025-09-09,120.46,123.7,120.24,123.66,10711410
2025-09-10,123.74,123.74,120.08,120.5,6748370
2025-09-11,120.5,121.4,117.22,118.1,9159130
2025-09-12,118.1,119.2,115.24,115.62,14053820
2025-09-15,116.0,116.06,113.9,114.66,6731400
2025-09-16,114.66,115.7,112.16,113.5,6961040
2025-09-17,113.34,114.56,112.66,114.24,6929730
2025-09-18,114.5,114.9,111.4,112.4,9589420
2025-09-19,112.66,112.68,107.86,108.5,12779430
2025-09-22,108.34,110.0,107.3,109.64,9979840
2025-09-23,109.88,111.2,107.5,108.14,11279290
2025-09-24,107.78,109.14,106.42,108.56,7281650
2025-09-25,108.7,109.4,106.58,106.74,4262960
2025-09-26,106.6,108.1,106.12,107.6,6213040
2025-09-29,106.78,108.32,105.02,105.82,8201260
2025-09-30,105.82,106.12,103.6,104.12,9107890
2025-10-01,104.12,105.4,101.84,102.58,8785550
2025-10-02,102.6,103.16,101.48,102.1,8084090
2025-10-03,102.0,103.48,100.5,100.6,7326910
2025-10-06,101.5,103.3,100.14,102.8,11256060
2025-10-07,102.6,106.18,101.9,105.62,13300580
2025-10-08,105.48,105.8,100.0,100.48,11822720
2025-10-09,100.8,104.98,96.92,104.02,19563000
2025-10-10,103.98,105.32,100.88,100.96,9125760
2025-10-13,101.72,103.02,99.52,100.0,7516550
2025-10-14,100.02,100.26,96.72,97.94,11722040
2025-10-15,98.0,98.7,96.5,97.08,6315680
2025-10-16,97.28,104.7,96.56,104.32,16487490
2025-10-17,105.0,106.14,103.74,105.08,9295080
2025-10-20,106.5,107.08,103.96,104.34,6389670
2025-10-21,104.68,104.68,99.56,101.68,11363210
2025-10-22,101.68,102.92,98.48,99.66,8487580
2025-10-23,97.7,100.16,97.22,99.38,6561070
2025-10-24,99.4,101.0,96.62,97.18,6885910
2025-10-27,97.18,97.18,94.72,95.04,6377769
2025-10-28,95.04,98.92,94.58,98.64,8842710
2025-10-29,98.64,99.26,97.5,98.12,5785950
2025-10-30,98.12,100.0,97.2,99.54,4641440
2025-10-31,99.6,99.78,97.0,97.84,4308170
2025-11-03,98.26,100.56,98.18,100.14,2618910
2025-11-05,100.04,100.66,98.3,99.4,4476090
2025-11-06,99.28,99.84,97.88,98.86,3988460
2025-11-07,98.22,101.48,98.18,100.26,5486750
2025-11-10,101.08,103.22,99.4,99.88,6284800
2025-11-11,99.88,103.14,99.48,102.46,8295560
2025-11-12,102.6,102.76,100.52,101.36,7183780
2025-11-13,101.36,102.2,99.86,100.26,4699190
2025-11-14,100.28,100.72,98.54,99.34,3774100
2025-11-17,99.36,99.44,96.76,97.0,8295000
2025-11-18,96.92,100.42,96.56,99.5,9901070
2025-11-19,99.88,104.18,99.52,101.5,11289310
2025-11-20,101.5,105.96,100.94,105.34,10713920
2025-11-21,105.34,106.2,103.26,105.06,7795940
2025-11-24,106.42,107.0,102.7,103.62,8364050
2025-11-25,103.1,107.4,102.6,106.0,10726860
2025-11-26,106.04,106.54,104.9,105.6,3330300
2025-11-27,105.74,106.5,103.06,103.76,6485120
2025-11-28,103.76,106.12,103.24,105.66,6613360
2025-12-01,106.7,109.3,105.28,108.0,12955900
2025-12-02,108.36,108.36,106.12,106.5,6302600
2025-12-03,105.64,105.64,103.5,105.08,8959140
2025-12-04,105.14,106.5,104.9,105.02,4587610
2025-12-05,105.0,108.0,105.0,107.08,8787490
2025-12-08,107.0,108.6,106.32,106.52,10831800
2025-12-09,106.7,108.78,106.02,108.04,8446610
2025-12-10,108.08,108.24,106.8,107.52,4359220
2025-12-11,107.46,110.14,107.2,108.56,11180760
2025-12-12,108.7,109.28,105.6,106.12,8306910
2025-12-15,107.38,108.0,106.32,107.98,6305400
2025-12-16,107.98,109.9,107.52,109.8,7785940
2025-12-17,109.88,111.14,107.46,108.88,9338810
2025-12-18,109.08,109.74,107.68,108.56,8309240
2025-12-19,108.74,109.8,107.04,107.8,10397960
2025-12-22,108.0,108.38,104.92,105.02,7678650
2025-12-23,105.3,105.8,104.2,105.22,5041020
2025-12-24,105.12,105.48,103.72,104.3,3579980
2025-12-25,104.2,104.78,103.66,103.92,4614490
2025-12-26,103.92,105.96,103.88,105.94,6597000
2025-12-29,106.76,109.26,105.82,107.1,18074020
2025-12-30,107.52,107.74,105.46,106.72,6152080
2026-01-05,106.0,106.5,104.8,105.8,2960060
2026-01-06,105.88,106.76,105.1,105.68,2421520
2026-01-08,105.28,105.72,104.12,104.34,2716590
2026-01-09,104.32,105.08,104.02,104.42,1678830
2026-01-12,104.1,105.8,104.1,105.16,3602420
2026-01-13,105.22,105.4,102.84,103.42,5935660
2026-01-14,103.6,104.06,102.64,103.32,4503020
2026-01-15,103.52,105.2,103.1,104.96,4918270
2026-01-16,104.86,106.64,104.46,105.4,6390920
2026-01-19,105.9,107.38,105.1,105.78,8130350
2026-01-20,106.12,108.22,105.1,107.74,8864990
2026-01-21,108.0,109.62,107.1,109.08,9377040
2026-01-22,109.76,109.76,107.0,107.56,6276780
2026-01-23,107.4,108.58,106.82,108.24,4590180
2026-01-26,108.3,108.54,106.5,107.3,5811370
2026-01-27,107.28,109.36,107.02,108.82,5625320
2026-01-28,108.82,111.64,108.06,108.36,13439860
2026-01-29,108.36,115.76,108.36,114.98,38531750
2026-01-30,114.84,115.26,112.1,113.48,11772180
2026-02-02,113.52,115.28,111.36,114.66,10693980
2026-02-03,114.72,116.44,113.0,113.98,16908060
2026-02-04,114.32,115.14,111.16,111.96,7802830
2026-02-05,111.96,112.0,108.98,110.74,9316960
2026-02-06,110.34,111.36,109.46,109.7,5183710
2026-02-09,109.7,110.0,108.26,108.42,4162980
2026-02-10,108.48,108.92,106.86,107.24,4008550
2026-02-11,107.3,110.66,107.3,109.52,11080760
2026-02-12,109.16,112.5,108.86,111.08,7962940
2026-02-13,110.98,113.5,109.54,113.22,10172290
2026-02-16,113.6,113.94,111.66,112.0,5991760
2026-02-17,112.36,112.96,111.14,111.82,4690890
2026-02-18,111.48,112.28,110.54,112.06,2699580
2026-02-19,112.48,113.04,110.72,110.84,4391450
2026-02-20,111.24,111.56,110.1,111.26,3290120
2026-02-23,111.5,111.58,111.18,111.28,179460
2026-02-24,111.3,112.3,109.62,109.92,4739550
2026-02-25,110.0,111.34,109.76,111.34,3366440
2026-02-26,111.34,113.2,110.98,112.02,7348770
2026-02-27,112.2,113.38,111.7,111.92,5285510
2026-03-02,111.0,111.3,109.1,110.74,6262080
2026-03-03,110.3,112.42,110.3,110.76,6359160
2026-03-04,110.98,112.0,110.08,110.3,4210640
2026-03-05,110.34,110.98,107.44,108.22,7483490
2026-03-06,108.22,109.08,106.24,106.3,8078190
2026-03-09,106.04,107.7,105.68,107.54,5290480
2026-03-10,107.52,109.3,106.38,106.96,7718330
2026-03-11,107.7,107.84,106.7,106.88,2990550
2026-03-12,107.14,107.64,105.32,106.2,5409400
2026-03-13,106.04,107.0,105.52,105.58,3657760
2026-03-16,106.14,106.9,104.7,105.02,4744900
2026-03-17,105.02,105.5,103.74,104.08,4390250
2026-03-18,104.08,104.94,102.76,102.86,8594580
2026-03-19,102.76,103.86,102.42,102.96,7268360
2026-03-20,103.16,103.74,101.6,101.6,6102530
2026-03-23,101.6,101.7,98.9,99.1,9963840
2026-03-24,99.12,99.86,98.22,98.72,4042210
2026-03-25,98.76,100.38,98.6,100.18,7771470
2026-03-26,100.46,100.48,97.26,97.7,9685430
2026-03-27,97.7,98.1,95.76,96.4,11012840
2026-03-30,97.2,98.3,95.64,97.32,7328210
2026-03-31,97.5,97.74,95.7,96.14,4215180
2026-04-01,96.2,98.86,95.76,98.1,12201940
2026-04-02,98.0,98.8,96.6,97.78,5294030
2026-04-03,97.92,98.58,95.9,96.04,6699090
2026-04-06,96.02,97.96,95.06,97.82,10252710
2026-04-07,97.9,98.5,95.8,96.12,12745340
2026-04-08,96.82,98.3,96.2,96.5,11110240
2026-04-09,96.5,96.66,95.28,96.06,5963410
2026-04-10,96.08,96.62,95.04,95.18,5567960
2026-04-13,95.34,95.52,93.1,93.82,7912660
2026-04-14,93.82,94.78,92.5,93.54,8963040
2026-04-15,93.6,95.28,93.6,95.1,5762740
2026-04-16,95.1,95.78,93.96,94.26,6071160
2026-04-17,94.26,95.36,93.66,93.74,6382890
2026-04-20,93.92,94.32,92.2,92.64,9421310
2026-04-21,92.6,93.42,91.76,92.62,8329050
2026-04-22,92.66,94.86,92.4,94.58,7710250
2026-04-23,94.26,94.6,92.56,93.0,6764750
2026-04-24,93.08,93.46,90.3,90.92,12006850
2026-04-27,90.72,91.18,89.54,89.78,8177420
2026-04-28,89.78,89.98,88.5,88.6,5117170
2026-04-29,88.6,89.28,85.6,86.96,13522770
2026-04-30,87.0,87.74,86.08,87.2,4934900
2026-05-01,87.2,87.26,86.4,86.58,403420
2026-05-04,86.8,88.06,85.06,85.36,5850320
2026-05-05,85.58,86.28,84.5,85.96,8518700
2026-05-06,85.84,86.94,84.56,84.7,8319850
2026-05-07,84.82,85.74,84.14,84.6,8994800
2026-05-08,84.6,85.02,83.08,83.62,8539950
2026-05-11,84.48,86.32,84.12,86.06,5138120
2026-05-12,86.2,86.92,85.3,86.72,9779760
2026-05-13,86.72,86.92,85.5,86.18,5030190
2026-05-14,86.1,86.66,84.7,84.84,4131900
2026-05-15,84.76,85.3,83.72,83.8,5351980
2026-05-18,84.06,84.46,82.88,84.08,7444290
2026-05-19,84.2,85.48,83.7,84.82,5687860
2026-05-20,84.82,84.96,82.84,83.24,4963680
2026-05-21,83.3,84.78,82.24,83.6,6683110
2026-05-22,83.5,84.84,82.38,82.7,5340700
2026-05-25,82.4,82.84,81.24,82.2,6030200
2026-05-26,82.2,82.66,80.24,80.66,8011210
2026-05-27,80.66,82.2,80.18,82.18,5551510
2026-05-28,82.1,82.44,79.72,79.9,11381030
2026-05-29,79.9,80.42,78.5,78.64,9080130
2026-06-01,79.2,80.04,78.38,79.22,6316090
2026-06-02,79.2,80.54,78.9,80.14,8232930
2026-06-03,80.34,80.66,78.16,78.16,7333000
2026-06-04,78.22,79.2,76.6,76.72,9713940
2026-06-05,76.8,77.16,74.16,74.72,11115290
2026-06-08,74.9,75.28,73.1,73.8,11179370
2026-06-09,73.9,74.48,72.2,72.8,20079680
2026-06-10,72.8,72.9,70.7,71.58,21505570
2026-06-11,71.8,73.14,70.94,72.56,10471080
2026-06-12,72.62,72.82,72.5,72.74,504680
2026-06-15,74.0,74.9,72.16,74.66,11590480
2026-06-16,74.54,75.16,71.84,72.36,14840000
2026-06-17,72.5,73.34,71.5,71.9,11221190
2026-06-18,71.72,71.96,70.16,70.5,12304830
2026-06-19,70.86,71.96,69.0,69.04,16470360
2026-06-22,69.1,69.34,64.1,65.7,28113560
2026-06-23,65.7,66.94,64.84,66.38,13770870
2026-06-24,66.64,66.82,62.58,63.14,13755510
2026-06-25,63.12,63.52,59.6,60.14,44444580
2026-06-26,60.14,64.14,57.42,59.44,47164790
2026-06-29,60.58,62.46,59.16,62.1,18429640
2026-06-30,61.68,65.58,61.66,64.56,29268940
2026-07-01,64.56,65.2,62.58,63.14,14547690
2026-07-02,62.88,63.22,59.08,59.12,16926830
2026-07-03,59.12,59.92,57.2,58.22,21120510
2026-07-06,59.1,59.56,56.2,57.0,12839410
2026-07-07,57.2,59.1,55.3,59.1,18982130
2026-07-08,58.94,59.82,56.6,59.28,19658600
2026-07-09,59.18,59.56,57.84,58.24,10249500
2026-07-10,58.22,59.28,57.66,58.2,10683540
2026-07-13,58.58,60.62,57.68,59.1,18541490
2026-07-14,59.12,59.92,58.06,58.76,9710760
2026-07-15,58.62,58.94,56.92,57.14,13009540
2026-07-16,57.0,58.3,55.74,57.0,22921700
2026-07-17,57.18,59.54,56.0,58.18,24190020
2026-07-20,58.82,63.22,57.24,62.04,29533760
2026-07-21,61.74,64.36,61.12,63.42,28601850
2026-07-22,63.5,65.18,62.36,63.96,16612970
2026-07-23,63.96,64.06,60.38,62.66,18312490
2026-07-24,62.5,66.62,60.7,65.86,26715120
2026-07-27,64.9,69.48,64.38,68.82,25397610
2026-07-28,68.8,70.0,67.42,69.26,15685930
2026-07-29,69.26,73.34,68.94,73.2,16390280
2026-07-30,73.18,74.18,69.72,70.64,24981870
2026-07-31,70.7,72.74,69.28,71.9,11521000
2026-08-03,71.78,74.8,71.24,74.38,13415610
2026-08-04,74.38,74.76,71.76,73.1,14086420
2026-08-05,73.0,75.36,72.64,75.28,9502130
2026-08-06,75.06,75.56,72.62,73.78,11408910
2026-08-07,73.74,74.34,71.74,71.96,8005160
2026-08-10,73.98,75.06,72.56,74.72,9324970
2026-08-11,74.54,76.9,74.54,76.48,11185450
2026-08-12,76.48,76.88,73.54,73.6,9366680
2026-08-13,73.7,74.42,70.74,70.94,13722700
2026-08-14,70.94,72.46,68.56,69.1,14020380
2026-08-17,68.5,69.42,65.7,66.26,19641180
2026-08-18,66.26,70.32,66.06,70.32,13669570
2026-08-19,70.3,72.18,68.64,72.0,8088690
2026-08-20,71.98,73.16,69.3,69.86,10605970
2026-08-21,69.86,71.88,68.04,71.8,9978190
2026-08-24,69.5,69.5,67.12,67.8,9665330
2026-08-25,68.04,69.18,66.02,66.2,22837900
2026-08-26,66.38,66.48,63.5,63.52,19098310
2026-08-27,63.52,66.94,63.0,66.7,16717770
2026-08-28,66.68,67.26,65.2,66.62,10082800
