timestamp,open,high,low,close,volume
2015-06-09,152.5,160.95,151.2,154.0,5548
2015-06-10,156.9,164.35,155.15,164.0,10654
2015-06-11,164.3,174.95,162.0,171.2,20798
2015-06-15,177.15,183.0,165.0,179.85,18956
2015-06-16,181.5,185.75,177.0,180.45,16256
2015-06-17,180.0,183.5,177.15,180.5,11013
2015-06-18,180.0,186.4,162.6,181.2,18547
2015-06-19,180.35,183.0,178.6,180.6,23565
2015-06-22,177.0,181.7,176.1,180.45,4244
2015-06-23,177.3,180.75,177.3,180.05,3753
2015-06-24,177.2,180.45,177.1,180.4,5072
2015-06-25,178.65,182.0,178.6,180.0,4453
2015-06-26,179.1,180.0,173.1,179.5,21258
2015-06-29,179.95,183.55,175.7,180.15,4019
2015-06-30,178.85,180.0,162.0,171.0,20592
2015-07-01,166.65,174.4,165.15,171.0,88466
2015-07-02,170.95,174.0,168.0,173.0,87231
2015-07-03,172.1,172.5,169.0,169.0,20443
2015-07-06,168.95,171.5,168.95,171.0,55242
2015-07-07,169.9,174.0,168.2,170.6,79121
2015-07-08,173.2,178.5,168.6,173.95,14906
2015-07-09,173.9,178.6,172.3,178.6,11160
2015-07-10,178.95,181.75,178.65,180.1,5166
2015-07-13,181.65,186.55,177.0,178.3,16116
2015-07-14,179.8,182.45,170.25,182.1,4722
2015-07-15,182.0,185.0,178.55,182.4,11240
2015-07-16,181.1,183.5,180.4,181.0,1915
2015-07-17,180.3,183.95,180.0,183.0,8492
2015-07-20,184.0,184.95,180.7,180.7,5999
2015-07-21,182.9,183.4,180.9,181.05,5222
2015-07-22,180.8,182.9,180.8,181.05,2574
2015-07-23,180.3,182.0,172.3,178.65,10742
2015-07-24,176.45,181.0,176.45,177.7,4985
2015-07-27,182.95,195.0,178.5,180.35,3526
2015-07-28,180.0,183.95,178.8,180.75,11349
2015-07-29,180.05,182.0,180.0,180.5,1006
2015-07-30,180.85,183.5,179.65,180.5,1992
2015-07-31,182.8,183.5,178.95,180.0,6335
2015-08-03,179.5,188.5,179.5,180.0,4014
2015-08-04,185.0,185.0,180.5,181.5,5102
2015-08-05,184.5,187.5,180.5,183.5,8873
2015-08-06,184.0,192.0,184.0,187.5,7371
2015-08-07,189.0,213.0,187.5,206.0,28530
2015-08-10,205.0,229.5,200.5,228.0,19608
2015-08-11,229.0,229.0,205.0,220.0,14408
2015-08-12,219.5,243.5,219.5,243.0,26502
2015-08-13,240.0,275.5,223.0,236.0,33746
2015-08-14,239.5,255.5,230.0,236.5,15665
2015-08-17,239.0,239.0,222.0,226.0,8393
2015-08-18,223.5,226.0,217.0,220.0,6766
2015-08-19,223.0,237.5,222.5,230.5,14114
2015-08-20,235.0,240.0,221.0,225.0,15352
2015-08-21,234.0,234.0,226.5,231.5,9420
2015-08-24,229.0,230.5,215.0,221.5,17963
2015-08-25,221.0,228.5,216.0,223.0,13083
2015-08-26,218.5,227.5,217.5,223.0,11512
2015-08-27,221.5,235.0,221.5,228.0,6868
2015-08-28,230.5,240.0,222.0,237.0,29683
2015-08-31,234.5,245.5,232.5,237.0,7227
2015-09-01,237.0,254.0,230.0,246.5,12971
2015-09-02,246.0,252.0,237.5,250.0,15462
2015-09-03,252.5,270.0,250.0,261.5,16471
2015-09-04,262.0,271.5,260.5,265.0,12643
2015-09-07,271.5,279.0,247.0,271.0,20238
2015-09-08,272.5,294.0,268.0,293.5,20184
2015-09-09,295.0,305.0,282.0,289.5,32589
2015-09-10,293.5,308.5,288.0,302.5,85616
2015-09-11,304.5,311.0,299.0,302.5,16395
2015-09-14,307.0,310.0,301.5,303.0,22106
2015-09-15,300.0,302.0,276.5,288.0,21759
2015-09-16,290.0,292.5,278.5,278.5,8561
2015-09-17,278.5,280.5,265.0,268.5,11077
2015-09-18,267.5,279.5,267.5,274.5,9129
2015-09-21,277.0,277.0,266.0,267.0,3464
2015-09-22,267.5,267.5,251.5,259.0,15294
2015-09-23,252.0,295.0,252.0,295.0,27415
2015-09-24,297.5,297.5,266.5,268.0,21649
2015-09-25,270.0,287.0,265.0,275.5,18388
2015-09-28,279.0,292.0,276.0,289.0,19347
2015-09-29,289.0,305.0,260.5,296.0,21338
2015-09-30,296.5,308.5,287.0,290.0,9957
2015-10-01,294.5,298.5,286.0,290.5,4343
2015-10-02,292.0,294.5,288.0,289.0,7652
2015-10-05,288.0,292.5,281.5,289.5,5836
2015-10-06,295.0,295.0,286.0,289.5,6238
2015-10-07,287.0,290.5,277.0,278.0,6760
2015-10-08,277.0,283.5,270.0,274.0,4717
2015-10-09,277.0,277.0,265.0,267.5,7249
2015-10-12,267.0,289.0,265.5,277.0,8891
2015-10-13,284.5,284.5,274.0,276.5,4129
2015-10-14,275.5,284.5,274.5,280.5,4642
2015-10-15,280.0,284.0,275.5,282.0,5279
2015-10-16,279.0,282.5,277.5,278.0,2299
2015-10-19,278.0,282.0,276.0,279.5,3713
2015-10-20,277.5,281.0,276.5,277.0,2044
2015-10-21,278.0,280.5,277.0,278.5,3717
2015-10-22,277.5,280.5,273.5,278.0,7514
2015-10-23,280.0,281.5,275.0,278.5,2762
2015-10-26,275.5,282.0,275.5,279.0,3937
2015-10-27,279.0,281.5,277.0,278.5,2604
2015-10-28,280.5,283.5,278.0,280.0,5727
2015-10-29,280.0,281.0,277.0,278.0,2876
2015-10-30,279.0,293.0,279.0,281.5,6498
2015-11-02,287.0,287.5,280.5,281.0,5159
2015-11-03,281.5,283.0,277.5,279.5,6729
2015-11-05,277.5,282.0,272.5,273.5,5304
2015-11-06,274.5,278.0,262.5,262.5,14377
2015-11-09,264.0,264.0,261.0,261.0,11820
2015-11-10,261.5,266.0,260.5,262.0,12311
2015-11-11,262.0,262.0,255.0,257.5,5849
2015-11-12,250.5,277.0,250.5,270.5,17615
2015-11-13,270.0,273.5,264.0,264.0,1961
2015-11-16,263.5,274.0,263.5,266.0,11375
2015-11-17,266.5,270.5,265.5,267.0,3445
2015-11-18,264.5,275.0,264.5,270.0,11640
2015-11-19,270.0,275.0,269.0,270.5,6877
2015-11-20,265.0,277.0,265.0,271.0,14129
2015-11-23,270.5,275.0,270.0,271.5,4287
2015-11-24,271.0,277.5,262.5,263.5,9632
2015-11-25,265.5,271.5,263.5,268.0,5910
2015-11-26,269.5,270.0,265.5,268.0,4541
2015-11-27,266.5,273.0,266.5,270.0,3661
2015-11-30,269.5,271.5,263.0,263.0,7332
2015-12-01,269.0,270.0,264.5,266.0,4031
2015-12-02,267.0,270.0,264.0,265.0,5363
2015-12-03,267.5,270.0,263.5,266.0,2217
2015-12-04,266.0,270.0,265.0,265.5,3204
2015-12-07,268.5,271.5,267.0,267.0,4798
2015-12-08,268.0,270.0,264.5,266.5,4011
2015-12-09,268.0,271.0,266.5,268.0,3738
2015-12-10,270.5,271.5,267.0,268.5,4296
2015-12-11,269.5,279.0,268.0,273.0,8578
2015-12-14,279.0,286.0,273.0,284.0,7582
2015-12-15,284.0,297.5,284.0,292.0,9718
2015-12-16,293.5,299.5,285.5,286.0,20226
2015-12-17,277.5,295.5,277.5,292.0,10161
2015-12-18,290.0,295.0,290.0,291.0,5934
2015-12-21,291.0,400.0,286.0,329.0,41635
2015-12-22,330.5,365.0,300.0,301.0,22036
2015-12-23,305.5,316.5,293.0,293.0,11727
2015-12-24,295.0,323.0,294.5,307.0,20981
2015-12-25,305.5,314.5,296.5,298.5,4855
2015-12-28,299.0,303.5,282.5,283.0,5758
2015-12-29,283.0,291.5,281.0,290.5,9965
2015-12-30,295.0,295.0,286.0,287.5,2526
2016-01-04,290.0,295.0,284.0,286.0,3726
2016-01-05,289.0,289.5,284.0,288.5,989
2016-01-06,287.0,290.0,284.5,289.0,433
2016-01-11,289.0,309.0,285.0,303.0,9025
2016-01-12,310.0,335.5,302.5,318.0,23099
2016-01-13,328.0,335.0,307.0,312.0,7449
2016-01-14,320.0,321.5,308.0,310.0,6769
2016-01-15,310.0,310.0,293.0,310.0,7232
2016-01-18,308.5,308.5,295.0,301.0,4032
2016-01-19,301.5,301.5,285.0,299.5,5058
2016-01-20,299.5,319.5,293.0,307.5,13757
2016-01-21,332.0,332.5,312.0,312.0,8790
2016-01-22,325.0,325.0,306.0,310.5,7691
2016-01-25,311.0,312.0,305.0,308.0,3309
2016-01-26,310.5,318.0,306.5,311.5,5511
2016-01-27,313.5,314.5,306.5,311.0,6559
2016-01-28,314.5,315.5,309.0,310.0,7787
2016-01-29,310.0,324.5,309.0,324.5,6001
2016-02-01,326.0,326.0,312.3,315.2,3316
2016-02-02,310.1,319.0,310.1,313.8,3651
2016-02-03,313.8,315.8,309.1,311.0,5544
2016-02-04,311.1,311.9,305.0,306.4,7916
2016-02-05,306.5,307.4,303.3,306.4,5320
2016-02-08,306.5,310.0,306.4,307.8,3360
2016-02-09,307.5,312.0,307.5,311.5,14652
2016-02-10,312.9,314.5,305.6,311.9,5673
2016-02-11,311.0,317.0,308.6,316.9,8605
2016-02-12,311.0,316.9,309.0,314.3,5589
2016-02-15,311.3,316.5,310.1,314.2,1832
2016-02-16,314.5,326.0,312.0,325.1,9350
2016-02-17,322.3,330.0,320.0,323.0,7126
2016-02-18,322.7,327.5,320.5,327.5,7324
2016-02-19,327.5,344.0,325.1,334.1,12049
2016-02-22,339.9,339.9,334.0,335.6,1800
2016-02-24,339.9,348.9,334.7,345.9,14403
2016-02-25,346.0,362.0,346.0,361.3,10406
2016-02-26,361.0,390.0,360.3,388.4,25430
2016-02-29,393.3,399.9,381.0,399.5,18720
2016-03-01,399.5,428.8,375.5,392.8,30596
2016-03-02,397.9,397.9,379.0,384.4,6176
2016-03-03,381.5,409.9,381.5,409.9,20657
2016-03-04,406.0,419.0,398.8,410.0,19325
2016-03-07,410.1,415.1,400.1,407.0,2087
2016-03-09,407.0,408.0,390.6,401.7,10232
2016-03-10,399.9,407.9,391.0,404.4,8300
2016-03-11,401.9,401.9,391.5,394.0,7965
2016-03-14,394.0,399.9,383.0,392.0,9268
2016-03-15,390.0,392.7,375.0,389.0,28688
2016-03-16,384.5,399.7,384.5,399.7,6426
2016-03-17,399.7,404.0,390.2,397.0,3658
2016-03-18,396.3,400.0,391.4,392.6,2298
2016-03-21,395.5,395.5,386.0,386.1,3043
2016-03-22,386.9,388.5,379.2,383.7,5785
2016-03-23,382.2,384.8,380.1,383.6,4988
2016-03-24,383.7,393.6,383.0,389.0,13638
2016-03-25,390.0,390.0,382.0,382.0,4308
2016-03-28,385.0,392.0,383.3,386.3,3813
2016-03-29,388.0,394.9,381.7,393.0,9318
2016-03-30,393.9,393.9,383.8,387.6,1983
2016-03-31,385.5,386.0,380.0,380.3,6318
2016-04-01,381.0,386.1,379.5,384.9,5837
2016-04-04,384.9,387.1,381.5,383.0,4328
2016-04-05,380.7,393.0,380.7,390.9,7616
2016-04-06,392.9,392.9,382.0,382.0,5790
2016-04-07,386.0,386.0,380.2,385.4,4104
2016-04-08,386.3,386.3,379.0,379.9,4290
2016-04-11,383.0,383.0,375.6,376.0,2561
2016-04-12,373.7,379.8,368.0,370.0,6017
2016-04-13,372.9,372.9,364.1,367.1,5697
2016-04-14,368.8,387.4,368.8,384.9,12572
2016-04-15,386.8,401.4,373.8,401.4,44249
2016-04-18,400.1,434.7,397.0,415.0,28859
2016-04-19,418.9,434.5,415.0,429.0,15470
2016-04-20,428.1,441.0,428.1,440.0,19670
2016-04-21,434.6,459.7,434.6,453.6,15245
2016-04-22,447.0,463.0,447.0,457.0,15595
2016-04-25,459.9,479.0,457.4,474.1,19199
2016-04-26,475.0,485.0,437.0,474.4,11046
2016-04-27,465.2,484.9,438.9,479.8,18676
2016-04-28,480.0,480.0,470.0,476.0,7538
2016-04-29,470.5,479.3,466.1,476.8,8041
2016-05-04,479.7,487.5,468.3,475.0,3664
2016-05-05,472.6,484.8,470.3,481.3,5858
2016-05-06,484.0,484.5,470.5,475.5,2861
2016-05-10,473.5,479.7,472.7,475.6,3557
2016-05-11,478.8,478.8,474.0,475.3,4701
2016-05-12,476.9,477.0,473.1,474.0,5317
2016-05-13,472.7,477.0,471.5,475.0,2812
2016-05-16,477.0,477.0,473.2,475.0,3499
2016-05-17,472.5,480.0,472.5,477.0,5050
2016-05-18,479.9,495.0,473.2,473.3,4764
2016-05-19,475.0,475.0,468.0,470.0,4234
2016-05-20,468.9,479.0,468.9,475.0,960
2016-05-23,474.1,475.1,467.6,469.1,4095
2016-05-24,468.0,474.7,450.1,471.1,5041
2016-05-25,474.9,476.9,468.3,470.5,2863
2016-05-26,470.5,472.0,467.3,470.4,3892
2016-05-27,471.1,473.0,468.7,469.0,2500
2016-05-30,475.0,475.0,467.5,472.0,3688
2016-05-31,471.2,471.5,467.1,468.2,8613
2016-06-01,469.4,469.9,465.0,465.1,8569
2016-06-02,468.8,472.0,468.8,471.9,4646
2016-06-03,472.0,472.0,469.8,472.0,4076
2016-06-06,475.0,475.0,467.5,471.0,4554
2016-06-07,467.8,471.5,460.1,470.0,4918
2016-06-08,470.0,472.0,465.2,470.0,5084
2016-06-09,467.4,474.2,467.4,470.7,697
2016-06-10,467.5,472.5,467.5,470.4,1565
2016-06-14,470.0,471.8,465.0,470.4,4770
2016-06-15,470.5,471.9,465.9,471.9,5289
2016-06-16,470.0,471.0,467.0,470.0,4230
2016-06-17,468.0,471.0,468.0,470.5,4215
2016-06-20,470.5,470.9,469.0,469.7,2721
2016-06-21,470.5,470.8,469.0,470.7,2924
2016-06-22,470.7,470.7,469.0,469.0,3965
2016-06-23,468.1,470.0,466.4,468.7,2546
2016-06-24,472.0,472.1,465.1,466.2,5379
2016-06-27,470.0,475.0,462.5,468.9,6320
2016-06-28,470.0,470.0,467.4,469.3,4173
2016-06-29,469.9,470.0,468.3,469.8,1748
2016-06-30,468.0,470.0,467.2,469.6,4910
2016-07-01,469.7,469.8,461.3,468.9,5703
2016-07-04,469.8,469.9,465.7,468.1,3953
2016-07-05,469.8,470.0,468.0,469.8,2391
2016-07-06,469.7,469.8,467.0,469.0,4637
2016-07-07,469.4,469.5,465.3,468.2,2712
2016-07-08,469.7,469.7,466.5,468.0,2889
2016-07-11,466.2,469.0,461.1,468.6,1818
2016-07-12,468.7,469.0,462.0,466.5,3621
2016-07-13,466.0,466.8,462.6,464.4,2402
2016-07-14,464.7,464.7,458.6,461.0,2556
2016-07-15,463.9,463.9,456.0,459.3,3737
2016-07-18,460.0,460.2,450.3,456.4,5367
2016-07-19,456.9,457.7,445.2,454.8,4916
2016-07-20,450.0,456.8,448.0,452.0,4822
2016-07-21,456.9,457.9,453.1,453.9,2574
2016-07-22,456.1,457.7,454.0,456.4,1728
2016-07-25,455.2,458.0,450.0,456.4,3681
2016-07-26,456.4,469.0,456.4,468.0,3204
2016-07-27,467.9,469.8,462.3,468.8,2113
2016-07-28,468.9,469.5,464.1,468.4,2563
2016-07-29,465.9,468.0,463.5,466.4,1567
2016-08-01,467.1,468.1,462.0,466.9,2440
2016-08-02,467.7,469.5,463.0,466.0,4638
2016-08-03,460.1,466.6,460.1,463.2,6428
2016-08-04,464.8,466.9,461.9,465.9,2966
2016-08-05,462.5,466.9,462.5,465.0,3106
2016-08-08,465.9,466.0,463.9,465.6,1009
2016-08-09,465.0,466.4,462.6,462.8,3215
2016-08-10,466.9,468.4,463.3,464.8,1335
2016-08-11,463.4,464.8,462.2,464.5,1569
2016-08-12,462.4,465.0,462.4,463.5,1655
2016-08-15,464.0,464.9,460.2,462.3,1383
2016-08-16,464.7,464.7,459.0,461.0,3729
2016-08-17,460.0,460.2,455.2,458.7,3131
2016-08-18,460.0,462.9,440.0,459.3,1510
2016-08-19,459.4,459.9,457.1,458.1,2494
2016-08-22,457.5,459.0,450.0,457.3,5267
2016-08-23,457.2,458.9,455.0,456.9,2639
2016-08-24,458.6,463.4,456.7,457.8,1956
2016-08-25,459.9,460.9,451.3,456.0,4799
2016-08-26,456.3,458.9,454.0,456.0,5334
2016-08-29,457.9,458.9,454.5,455.3,3667
2016-08-30,455.5,461.7,455.2,458.6,2703
2016-08-31,461.4,463.0,459.0,460.0,2838
2016-09-01,463.5,465.0,459.5,463.5,3707
2016-09-02,463.0,467.9,462.1,464.6,2113
2016-09-05,467.9,467.9,453.0,460.2,2453
2016-09-06,457.5,466.5,456.0,460.0,3177
2016-09-07,460.6,460.6,457.9,458.0,1423
2016-09-08,460.1,460.1,455.5,457.9,1931
2016-09-09,455.0,458.9,455.0,457.6,1135
2016-09-12,459.4,463.5,456.5,462.8,2715
2016-09-13,462.8,465.0,459.9,463.0,1914
2016-09-14,464.8,465.0,459.0,461.0,1877
2016-09-15,464.8,465.0,456.0,458.5,3978
2016-09-16,458.5,462.5,457.9,459.9,1812
2016-09-19,459.9,460.9,457.0,458.0,2416
2016-09-20,459.7,460.4,456.3,457.9,1597
2016-09-21,457.0,457.9,455.0,457.6,2459
2016-09-22,457.9,458.8,450.0,450.0,4202
2016-09-23,451.9,451.9,446.7,448.8,3561
2016-09-26,445.6,455.5,445.0,450.8,2742
2016-09-27,449.8,455.7,448.5,450.8,2623
2016-09-28,451.9,455.5,449.7,455.0,3297
2016-09-29,452.2,452.2,448.0,450.0,2199
2016-09-30,446.6,450.4,446.6,448.5,1258
2016-10-03,434.5,453.4,434.5,448.9,1116
2016-10-04,448.0,448.4,444.6,445.1,2649
2016-10-05,445.8,450.0,445.0,446.4,1733
2016-10-06,447.6,447.6,441.0,444.7,3642
2016-10-07,441.8,450.0,440.5,442.9,3295
2016-10-10,445.0,454.7,442.4,442.5,3023
2016-10-11,440.2,448.6,440.2,443.4,3581
2016-10-12,443.9,446.9,441.2,441.6,3328
2016-10-13,442.7,450.5,441.0,443.0,2748
2016-10-14,442.8,443.9,440.9,441.3,2348
2016-10-17,440.4,442.3,439.8,440.8,5004
2016-10-18,441.2,444.9,439.2,440.0,2609
2016-10-19,440.0,444.7,438.5,440.5,1785
2016-10-20,444.2,444.7,438.8,438.8,1649
2016-10-21,438.1,443.1,437.6,441.9,1870
2016-10-24,438.5,444.4,437.2,437.2,3148
2016-10-25,437.1,444.2,425.6,431.6,4283
2016-10-26,431.9,440.0,429.2,435.1,4658
2016-10-27,436.0,439.9,433.8,438.8,3979
2016-10-28,437.8,443.0,430.2,435.6,3220
2016-10-31,437.3,443.0,426.5,440.0,4734
2016-11-01,436.3,443.9,435.2,439.1,3874
2016-11-02,440.0,445.0,439.0,444.0,2900
2016-11-03,444.0,465.0,442.1,452.2,5609
2016-11-07,453.0,453.5,362.7,450.0,5087
2016-11-08,441.5,449.7,440.0,443.9,2896
2016-11-09,447.9,462.0,440.0,446.0,4561
2016-11-10,443.0,445.0,438.0,440.8,4048
2016-11-11,438.0,449.9,438.0,447.1,3473
2016-11-14,446.9,449.4,445.6,447.9,3096
2016-11-15,448.4,448.4,438.1,441.6,3765
2016-11-16,441.5,445.0,440.1,444.9,3442
2016-11-17,446.4,448.5,440.6,446.2,1616
2016-11-18,448.5,449.7,443.0,445.4,4331
2016-11-21,444.9,446.9,440.2,444.4,3384
2016-11-22,444.0,447.1,441.0,444.3,3252
2016-11-23,442.5,443.8,440.1,442.6,2770
2016-11-24,441.1,443.4,440.0,441.6,3759
2016-11-25,440.9,444.8,439.1,442.4,2788
2016-11-28,442.9,447.6,440.4,442.7,3515
2016-11-29,442.4,445.4,440.5,444.0,2557
2016-11-30,443.9,448.9,426.0,426.0,2376
2016-12-01,437.6,448.4,437.6,448.0,2308
2016-12-02,448.5,450.0,442.0,447.8,2467
2016-12-05,445.1,448.0,442.6,444.8,2830
2016-12-06,444.4,445.8,443.1,444.0,2260
2016-12-07,443.1,444.9,442.0,444.4,3872
2016-12-08,441.5,445.0,441.0,444.4,2785
2016-12-09,441.8,444.9,441.8,444.9,1213
2016-12-12,443.0,445.0,440.2,443.0,2921
2016-12-13,441.2,445.5,440.0,443.4,4179
2016-12-14,442.6,444.4,440.8,444.3,4455
2016-12-15,444.0,445.5,441.6,445.5,3090
2016-12-16,445.9,446.8,442.6,446.0,1618
2016-12-19,447.4,447.8,441.0,445.0,2286
2016-12-20,443.7,445.7,442.4,444.9,2152
2016-12-21,443.0,446.5,442.0,444.9,2838
2016-12-22,446.7,446.7,441.0,444.9,2539
2016-12-23,443.9,445.7,441.5,444.9,2112
2016-12-26,444.1,444.7,440.0,440.6,3898
2016-12-27,440.1,440.9,437.1,438.6,4019
2016-12-28,437.0,442.9,437.0,442.9,2850
2016-12-29,442.6,445.0,440.3,443.8,2588
2016-12-30,441.6,446.8,441.6,443.1,2435
2017-01-03,444.9,453.1,443.5,450.0,879
2017-01-04,449.2,453.1,442.0,450.0,920
2017-01-05,449.6,453.6,449.6,452.9,1214
2017-01-06,452.9,452.9,451.8,452.7,335
2017-01-09,453.0,453.0,450.1,452.1,1092
2017-01-10,450.0,453.0,450.0,452.5,451
2017-01-11,450.2,453.9,450.2,452.0,1089
2017-01-12,450.0,453.1,450.0,452.0,1694
2017-01-13,452.4,453.5,452.0,452.7,296
2017-01-16,451.8,461.3,451.5,460.7,3314
2017-01-17,461.4,479.4,456.9,464.2,5384
2017-01-18,466.9,467.1,454.9,459.0,2816
2017-01-19,458.0,463.6,455.0,460.0,1956
2017-01-20,460.9,461.3,459.0,461.3,1492
2017-01-23,463.9,465.9,458.7,460.1,2163
2017-01-24,460.1,460.8,458.5,459.9,1258
2017-01-25,460.9,465.1,457.2,459.0,3023
2017-01-26,461.1,463.0,458.8,462.0,3524
2017-01-27,461.0,461.7,459.8,460.9,2756
2017-01-30,460.2,461.0,458.2,460.6,2823
2017-01-31,460.6,465.0,460.4,464.8,3606
2017-02-01,464.9,464.9,450.0,458.6,1763
2017-02-02,457.3,458.5,456.8,457.5,1608
2017-02-03,459.2,459.2,445.5,456.4,2120
2017-02-06,458.8,458.8,449.0,449.5,1394
2017-02-07,451.5,451.5,440.0,444.9,1875
2017-02-08,444.9,451.5,443.0,450.1,2788
2017-02-09,451.9,457.1,448.0,448.1,1377
2017-02-10,449.8,449.9,442.7,447.0,4549
2017-02-13,447.1,448.7,442.0,444.5,2009
2017-02-14,446.5,447.9,442.7,445.0,2145
2017-02-15,444.4,446.4,441.2,444.7,1109
2017-02-16,441.6,445.8,441.6,445.0,1043
2017-02-17,445.0,446.8,443.3,445.0,1331
2017-02-20,445.0,448.4,445.0,445.1,383
2017-02-21,446.5,446.5,444.5,445.1,1658
2017-02-22,448.1,448.1,445.0,445.2,939
2017-02-24,444.9,445.8,443.5,445.2,51
2017-02-27,446.3,446.3,440.4,445.5,3162
2017-02-28,440.7,446.7,420.1,445.0,2486
2017-03-01,440.0,448.1,439.3,446.7,816
2017-03-02,442.5,446.0,440.0,445.9,1409
2017-03-03,446.9,446.9,440.0,445.5,1434
2017-03-06,446.7,450.0,443.3,445.9,1018
2017-03-07,446.1,448.0,443.0,447.0,2106
2017-03-09,442.3,445.9,440.0,443.9,2548
2017-03-10,442.0,446.5,440.0,445.0,1786
2017-03-13,445.1,447.4,440.0,445.0,2284
2017-03-14,444.8,446.5,442.3,445.5,489
2017-03-15,445.5,448.2,441.2,447.6,2480
2017-03-16,447.6,448.8,434.2,440.0,6358
2017-03-17,439.0,446.0,439.0,444.7,2811
2017-03-20,443.0,444.5,437.5,441.0,2187
2017-03-21,438.9,443.0,434.6,437.4,4070
2017-03-22,436.9,444.9,435.8,436.9,2633
2017-03-23,437.0,439.8,432.0,433.3,2947
2017-03-24,434.9,445.0,434.9,444.8,4297
2017-03-27,443.7,445.3,439.9,444.0,2111
2017-03-28,441.6,445.7,440.2,443.7,2155
2017-03-29,443.8,446.0,440.4,444.9,1470
2017-03-30,441.7,446.6,440.9,444.3,1831
2017-03-31,443.8,445.0,441.0,445.0,1501
2017-04-03,441.3,445.0,440.0,443.9,2257
2017-04-04,442.6,444.4,434.8,443.4,4280
2017-04-05,444.0,444.3,435.8,442.5,6049
2017-04-06,443.2,443.2,439.5,440.9,2939
2017-04-07,439.1,442.5,439.1,440.9,4425
2017-04-10,441.9,442.6,352.0,439.6,7697
2017-04-11,439.5,441.3,435.6,440.4,3289
2017-04-12,439.1,440.4,437.9,440.2,3682
2017-04-13,440.2,440.9,437.9,440.0,2310
2017-04-14,440.0,440.0,435.0,439.9,4220
2017-04-17,439.1,441.7,438.9,440.0,1423
2017-04-18,437.5,440.0,437.5,439.0,1859
2017-04-19,439.0,440.0,417.2,440.0,3863
2017-04-20,440.0,442.1,437.8,439.8,1299
2017-04-21,438.2,441.8,437.6,440.0,1235
2017-04-24,443.9,444.0,438.0,440.5,1896
2017-04-25,440.9,441.0,437.2,440.5,3394
2017-04-26,441.0,441.0,435.5,439.8,2530
2017-04-27,440.0,440.0,437.4,440.0,2343
2017-04-28,440.0,441.0,439.0,440.5,2141
2017-05-02,440.5,441.0,438.2,439.8,2621
2017-05-03,437.0,440.0,436.7,439.5,2957
2017-05-04,439.0,440.0,437.1,439.5,3571
2017-05-05,438.1,453.8,437.9,439.9,3243
2017-05-10,440.0,450.0,437.9,448.4,3411
2017-05-11,448.7,448.7,443.0,446.8,956
2017-05-12,444.6,448.9,441.9,447.9,3757
2017-05-15,449.9,449.9,443.9,446.0,1840
2017-05-16,445.7,446.6,442.0,445.0,4025
2017-05-17,443.6,447.6,441.8,446.1,2399
2017-05-18,444.5,450.1,442.3,450.0,3287
2017-05-19,450.0,450.1,444.9,447.8,2889
2017-05-22,448.0,448.0,444.9,446.9,1502
2017-05-23,446.8,447.5,444.1,444.7,2264
2017-05-24,444.5,445.4,441.6,441.6,3740
2017-05-25,443.0,444.5,438.9,444.5,2520
2017-05-26,441.9,446.1,441.8,443.7,1591
2017-05-29,444.1,444.5,441.6,444.0,2754
2017-05-30,441.9,445.0,440.7,444.5,2356
2017-05-31,442.2,446.3,440.4,442.7,6218
2017-06-01,442.5,444.0,439.9,442.5,3909
2017-06-02,440.1,444.0,440.1,442.3,4121
2017-06-05,438.7,444.9,435.7,444.0,10199
2017-06-06,444.0,445.5,442.1,445.0,7790
2017-06-07,444.8,446.8,442.1,446.6,3197
2017-06-08,446.0,446.0,443.1,444.3,21763
2017-06-09,447.9,447.9,443.2,444.5,3521
2017-06-13,445.9,446.7,431.5,442.8,27405
2017-06-14,443.0,446.9,440.5,446.0,10052
2017-06-15,439.1,441.9,415.1,440.0,16350
2017-06-16,441.0,441.0,422.7,423.6,1521
2017-06-19,426.5,430.4,406.5,410.2,9845
2017-06-20,419.6,427.5,412.8,422.8,2705
2017-06-21,420.7,427.4,420.1,421.5,2542
2017-06-22,421.4,425.2,413.6,419.6,8529
2017-06-23,421.0,426.5,420.5,423.7,1834
2017-06-26,425.4,425.4,415.2,417.5,1289
2017-06-27,420.3,421.5,417.4,420.0,2576
2017-06-28,422.9,434.7,419.0,420.3,1208
2017-06-29,420.9,423.7,401.5,403.0,3306
2017-06-30,396.99899999999997,410.00100000000003,394.00100000000003,397.108,39198
2017-07-03,399.0,419.526,395.15700000000004,395.5,22065
2017-07-04,396.599,397.0,387.3,392.37800000000004,15394
2017-07-05,393.899,393.9,389.0,390.571,12069
2017-07-06,392.5,395.517,390.50100000000003,393.995,35060
2017-07-07,393.99899999999997,400.00100000000003,393.0,399.5,34656
2017-07-10,400.0,400.99899999999997,398.5,399.49699999999996,31599
2017-07-11,401.1,405.7,401.1,404.79699999999997,13931
2017-07-12,405.5,406.8,403.111,403.11199999999997,11190
2017-07-13,403.79699999999997,406.496,403.50100000000003,405.9,13433
2017-07-14,395.0,399.79499999999996,391.002,392.581,14795
2017-07-17,393.648,395.0,393.44899999999996,394.149,12622
2017-07-18,395.6,395.88,391.974,393.5,9189
2017-07-19,394.899,394.9,392.009,393.2,5689
2017-07-20,392.007,393.496,389.226,390.0,7675
2017-07-21,390.5,390.5,387.9,388.515,4667
2017-07-24,390.1,393.787,390.1,392.99699999999996,4726
2017-07-25,391.2,393.0,389.673,390.6,10461
2017-07-26,391.996,391.996,389.6,389.6,7502
2017-07-27,390.548,391.0,387.5,390.306,6207
2017-07-28,390.99699999999996,390.99699999999996,385.411,388.8,3444
2017-07-31,380.201,391.0,380.201,390.975,7089
2017-08-01,390.9,393.9,388.6,391.8,22607
2017-08-02,393.0,396.6,392.0,394.2,18750
2017-08-03,393.1,397.0,390.0,392.1,16828
2017-08-04,392.2,399.8,391.1,395.4,18308
2017-08-07,394.9,398.5,394.9,395.6,18126
2017-08-08,395.0,398.6,395.0,395.1,20976
2017-08-09,396.0,404.5,395.0,403.2,32265
2017-08-10,404.2,423.2,404.0,420.3,56885
2017-08-11,423.2,435.0,423.2,430.0,49977
2017-08-14,433.0,438.7,430.0,431.0,27848
2017-08-15,432.5,432.5,430.0,431.2,35989
2017-08-16,431.5,431.6,428.4,431.0,38183
2017-08-17,431.1,437.9,429.7,434.3,27934
2017-08-18,435.0,435.9,433.0,433.0,25083
2017-08-21,432.1,434.8,430.0,430.0,25068
2017-08-22,431.5,433.9,429.5,431.0,22709
2017-08-23,431.0,434.4,430.2,432.0,20734
2017-08-24,435.9,435.9,432.3,433.6,19973
2017-08-25,433.0,433.7,430.0,431.0,27153
2017-08-28,432.7,432.9,430.0,431.6,6289
2017-08-29,432.0,457.5,430.4,452.3,76266
2017-08-30,451.1,460.7,450.7,460.7,22355
2017-08-31,461.0,461.5,453.1,454.7,19292
2017-09-01,454.2,461.8,452.1,460.8,20396
2017-09-04,465.4,480.0,462.0,470.0,18575
2017-09-05,471.5,473.0,464.4,467.6,26084
2017-09-06,465.3,471.0,462.0,465.2,22236
2017-09-07,465.3,468.5,463.2,466.6,18973
2017-09-08,464.7,479.5,464.7,474.7,20655
2017-09-11,475.0,477.8,469.0,477.8,27552
2017-09-12,474.0,476.0,469.3,469.3,23469
2017-09-13,469.3,473.6,465.5,468.0,20503
2017-09-14,468.0,471.8,462.5,462.8,22600
2017-09-15,463.5,483.9,458.2,459.9,16540
2017-09-18,469.6,469.6,461.9,463.1,15098
2017-09-19,464.4,466.8,462.9,463.0,26314
2017-09-20,465.8,467.0,460.8,462.9,21322
2017-09-21,461.9,462.2,455.3,460.0,33755
2017-09-22,451.1,454.0,436.9,445.0,27749
2017-09-25,444.8,445.0,437.3,443.5,20535
2017-09-26,438.6,446.4,436.2,436.2,27364
2017-09-27,436.8,446.0,436.8,444.5,29575
2017-09-28,445.2,447.9,442.4,443.8,18195
2017-09-29,445.5,448.0,443.8,445.0,20449
2017-10-02,446.6,452.9,445.0,452.0,26486
2017-10-03,453.6,455.8,450.0,452.6,23879
2017-10-04,454.8,456.5,451.3,454.5,27029
2017-10-05,455.0,458.1,453.0,457.8,20309
2017-10-06,455.1,459.1,451.1,454.3,22907
2017-10-09,456.0,458.8,453.2,458.5,18947
2017-10-10,459.0,460.4,457.7,459.7,25608
2017-10-11,459.8,460.3,457.2,459.0,23263
2017-10-12,463.5,465.2,459.0,462.0,37292
2017-10-13,465.6,466.5,460.4,462.5,26022
2017-10-16,463.5,466.7,458.9,466.7,27643
2017-10-17,464.4,468.8,461.7,465.6,29742
2017-10-18,468.4,481.0,466.6,478.5,35814
2017-10-19,478.5,483.3,467.1,472.8,57553
2017-10-20,474.3,478.7,471.3,478.4,30335
2017-10-23,477.3,478.9,470.2,470.3,22184
2017-10-24,472.5,477.8,470.3,474.0,24851
2017-10-25,474.0,477.0,460.0,462.5,28754
2017-10-26,463.2,465.9,458.5,460.5,16374
2017-10-27,463.2,471.8,463.2,467.1,32581
2017-10-30,468.8,470.7,466.4,468.9,20533
2017-10-31,466.6,481.4,466.6,480.4,42362
2017-11-01,480.0,484.7,475.1,481.6,32094
2017-11-02,481.7,485.0,477.2,477.8,17285
2017-11-03,477.1,483.5,475.7,483.0,30518
2017-11-07,485.0,491.1,480.5,482.3,44812
2017-11-08,483.4,488.3,481.3,482.3,59222
2017-11-09,486.0,493.0,484.1,493.0,71985
2017-11-10,492.9,495.0,488.5,494.3,48469
2017-11-13,494.9,503.1,490.7,499.4,70555
2017-11-14,511.8,520.9,503.6,518.2,248997
2017-11-15,515.6,524.2,503.5,508.3,140939
2017-11-16,503.5,510.0,490.2,506.0,89774
2017-11-17,507.9,511.7,497.5,507.0,87454
2017-11-20,507.2,519.1,507.0,507.0,125422
2017-11-21,510.0,513.7,504.7,511.0,124483
2017-11-22,507.9,507.9,485.1,504.6,165491
2017-11-23,504.0,504.5,496.3,503.0,93714
2017-11-24,503.0,505.2,496.0,501.0,101539
2017-11-27,501.0,505.0,498.7,505.0,205426
2017-11-28,510.1,510.1,501.0,505.5,179709
2017-11-29,505.9,510.0,499.5,505.0,190828
2017-11-30,505.0,510.9,491.2,491.2,1691610
2017-12-01,492.0,496.5,487.8,492.0,114078
2017-12-04,495.0,495.0,482.2,486.8,46588
2017-12-05,485.2,485.3,456.9,469.7,65458
2017-12-06,469.6,488.7,467.0,481.5,128337
2017-12-07,485.0,485.0,473.0,478.0,50368
2017-12-08,480.0,480.0,462.0,471.4,41851
2017-12-11,470.0,474.2,462.5,468.2,37934
2017-12-12,466.8,468.2,459.6,466.8,50051
2017-12-13,460.8,466.8,429.1,429.1,55343
2017-12-14,431.5,452.6,431.4,452.0,59080
2017-12-15,450.3,466.5,443.9,466.5,47114
2017-12-18,460.8,469.0,460.1,469.0,22645
2017-12-19,467.1,472.5,457.4,464.3,13517
2017-12-20,462.2,462.5,457.5,459.2,28221
2017-12-21,459.8,474.3,439.5,446.3,25577
2017-12-22,444.3,447.9,439.8,442.8,12554
2017-12-25,441.1,444.7,436.0,436.3,3838
2017-12-26,435.6,439.5,435.6,439.4,3646
2017-12-27,439.8,445.8,433.0,441.0,16101
2017-12-28,443.0,443.0,437.5,440.5,14476
2017-12-29,441.6,459.5,435.2,459.5,23341
2018-01-03,459.5,463.0,442.8,446.6,21907
2018-01-04,445.5,450.0,443.3,447.8,20670
2018-01-05,448.3,449.6,442.0,446.9,17850
2018-01-09,447.6,456.8,446.4,455.6,33366
2018-01-10,452.7,457.4,441.1,441.1,52753
2018-01-11,442.9,446.0,435.7,435.7,21882
2018-01-12,437.8,441.3,427.8,432.8,25976
2018-01-15,430.9,439.7,409.4,438.2,102046
2018-01-16,438.0,456.5,436.5,448.7,73930
2018-01-17,449.9,472.7,446.7,465.9,93469
2018-01-18,468.3,472.0,445.2,452.0,82459
2018-01-19,452.0,465.6,432.8,444.6,157122
2018-01-22,444.7,452.7,438.3,452.7,51577
2018-01-23,450.5,454.3,441.0,454.3,38657
2018-01-24,452.2,462.5,450.7,456.8,84120
2018-01-25,459.5,461.7,452.1,457.0,48276
2018-01-26,457.5,464.8,450.0,450.0,125655
2018-01-29,451.8,462.0,445.0,459.9,42701
2018-01-30,460.0,460.0,452.3,454.7,17817
2018-01-31,455.0,459.9,452.7,458.0,35674
2018-02-01,456.6,459.7,450.5,453.5,24445
2018-02-02,453.5,454.2,450.0,450.9,25632
2018-02-05,449.1,458.9,447.6,454.2,41526
2018-02-06,451.2,454.7,446.2,450.0,58319
2018-02-07,451.7,455.0,435.1,435.1,49047
2018-02-08,434.0,442.0,434.0,438.1,57537
2018-02-09,434.1,442.8,431.3,432.2,51136
2018-02-12,437.8,441.3,430.6,435.0,35718
2018-02-13,435.8,439.9,433.7,438.6,28898
2018-02-14,440.0,448.9,435.0,446.7,39499
2018-02-15,446.8,456.4,367.4,449.0,69282
2018-02-16,454.5,455.6,448.1,450.3,25508
2018-02-19,449.5,453.8,437.1,449.7,16624
2018-02-20,447.4,451.4,445.0,448.9,17686
2018-02-21,446.5,456.9,445.1,456.9,27381
2018-02-22,456.4,456.4,447.2,452.0,32161
2018-02-26,452.0,459.5,447.7,449.9,51094
2018-02-27,451.7,454.8,447.1,454.8,32833
2018-02-28,451.9,464.6,449.1,464.6,84052
2018-03-01,455.0,474.5,452.1,470.6,69444
2018-03-02,472.0,480.2,469.0,476.0,32957
2018-03-05,472.0,478.1,470.1,470.8,15490
2018-03-06,471.1,474.4,463.0,470.3,33973
2018-03-07,467.0,470.8,458.1,467.7,53213
2018-03-09,469.0,474.5,465.6,474.5,15670
2018-03-12,474.4,482.9,472.9,482.9,27016
2018-03-13,480.0,493.0,478.1,493.0,44911
2018-03-14,492.0,495.0,483.5,487.9,36429
2018-03-15,486.0,490.3,476.9,483.8,34255
2018-03-16,485.0,485.0,476.7,478.0,93553
2018-03-19,477.7,479.5,470.1,470.8,29730
2018-03-20,472.5,472.5,464.2,468.0,28747
2018-03-21,466.6,469.5,455.0,457.5,53566
2018-03-22,460.0,460.0,445.5,446.5,37510
2018-03-23,446.2,449.9,438.8,444.7,35955
2018-03-26,445.0,445.0,439.3,439.3,31472
2018-03-27,439.3,446.4,433.0,433.0,39057
2018-03-28,432.9,454.5,432.8,454.5,53375
2018-03-29,453.5,454.6,445.4,446.1,50427
2018-03-30,447.9,452.3,446.9,452.0,19829
2018-04-02,453.1,454.5,438.7,438.7,15556
2018-04-03,440.8,451.4,440.4,451.4,21966
2018-04-04,451.2,452.6,447.1,447.5,39455
2018-04-05,448.6,455.7,448.3,449.7,57718
2018-04-06,451.2,452.5,432.5,435.9,78146
2018-04-09,439.0,439.4,320.8,356.1,353567
2018-04-10,354.8,371.6,333.4,365.0,197675
2018-04-11,370.1,387.6,358.2,358.5,124818
2018-04-12,366.6,370.3,355.1,359.9,250620
2018-04-13,360.5,364.5,351.4,355.0,89118
2018-04-16,351.2,365.6,343.5,354.1,69432
2018-04-17,357.0,366.8,357.0,365.7,86172
2018-04-18,365.1,390.0,364.2,371.8,287365
2018-04-19,376.9,381.2,372.7,377.5,83235
2018-04-20,376.9,379.9,375.1,379.0,32839
2018-04-23,381.5,390.0,370.9,390.0,94394
2018-04-24,388.0,402.0,384.0,390.6,91761
2018-04-25,388.6,394.9,380.6,394.7,41247
2018-04-26,395.0,399.9,390.5,392.0,38534
2018-04-27,393.0,399.9,392.9,393.7,27715
2018-04-30,395.0,402.0,392.9,399.5,21501
2018-05-02,398.2,398.9,385.0,385.0,55302
2018-05-03,389.6,394.2,385.0,386.3,48401
2018-05-04,388.1,396.9,387.5,395.5,30751
2018-05-07,397.3,403.8,396.9,397.6,34623
2018-05-08,396.0,396.0,389.0,394.0,43871
2018-05-10,394.5,397.9,386.2,392.0,47647
2018-05-11,393.5,393.9,385.7,386.8,60739
2018-05-14,388.4,388.5,381.0,388.5,45532
2018-05-15,385.0,386.8,373.7,373.7,59624
2018-05-16,372.4,381.1,370.5,371.0,43259
2018-05-17,372.1,376.0,368.5,368.8,68992
2018-05-18,370.0,376.0,369.6,373.0,32996
2018-05-21,374.1,378.9,372.1,373.9,59519
2018-05-22,377.7,377.7,370.3,373.8,81226
2018-05-23,376.5,379.6,370.1,371.2,76938
2018-05-24,371.7,375.7,371.5,373.7,38140
2018-05-25,377.5,377.5,372.1,372.8,37663
2018-05-28,373.9,379.6,373.4,378.5,13618
2018-05-29,378.7,382.0,373.1,375.5,67226
2018-05-30,374.5,379.9,372.5,372.5,57423
2018-05-31,373.9,382.2,372.1,375.0,129451
2018-06-01,376.1,386.1,376.1,380.0,93632
2018-06-04,380.8,394.9,380.8,394.0,70894
2018-06-05,394.1,395.5,391.9,394.0,44236
2018-06-06,394.0,394.7,391.0,391.1,54527
2018-06-07,393.9,399.3,390.9,394.1,92439
2018-06-08,383.7,391.2,378.5,378.5,113229
2018-06-11,380.0,388.8,379.0,383.0,21457
2018-06-13,385.0,388.0,383.3,384.5,33068
2018-06-14,382.5,393.1,381.7,390.3,35420
2018-06-15,387.0,397.9,387.0,397.9,77611
2018-06-18,397.0,397.8,387.0,387.0,52297
2018-06-19,385.8,392.9,382.2,389.0,51743
2018-06-20,390.6,395.9,387.7,394.3,43971
2018-06-21,395.8,395.8,380.6,380.6,60607
2018-06-22,380.9,394.0,380.6,387.3,41267
2018-06-25,387.3,390.9,386.2,389.0,21788
2018-06-26,389.9,394.9,386.0,389.4,37122
2018-06-27,391.0,394.0,387.0,388.0,29959
2018-06-28,387.0,417.5,387.0,410.8,142231
2018-06-29,411.2,420.6,401.2,420.6,60689
2018-07-02,418.6,420.0,412.9,417.0,33812
2018-07-03,417.0,418.2,407.9,412.3,31824
2018-07-04,410.6,415.7,410.3,413.1,13586
2018-07-05,412.0,419.2,410.6,419.2,26452
2018-07-06,417.5,420.1,415.1,418.6,26183
2018-07-09,419.6,428.0,419.0,427.6,26163
2018-07-10,427.6,432.0,421.4,422.0,50498
2018-07-11,420.7,427.4,418.7,422.6,32772
2018-07-12,421.0,422.7,410.2,417.9,28465
2018-07-13,417.9,426.0,415.8,426.0,31337
2018-07-16,426.0,429.5,414.4,420.0,18813
2018-07-17,419.9,419.9,402.0,413.7,18504
2018-07-18,415.7,423.9,413.1,418.9,25501
2018-07-19,420.3,422.0,412.0,414.9,17218
2018-07-20,413.6,418.1,407.7,407.7,24838
2018-07-23,409.3,416.6,408.9,414.2,17738
2018-07-24,418.5,430.0,414.1,429.2,29381
2018-07-25,422.4,439.0,418.3,436.1,38241
2018-07-26,436.1,443.7,434.5,443.7,29329
2018-07-27,443.0,449.9,438.7,447.8,42299
2018-07-30,440.1,445.3,433.4,441.6,19553
2018-07-31,439.5,446.9,428.8,446.9,31524
2018-08-01,444.8,444.8,434.8,435.5,24963
2018-08-02,438.0,447.0,435.4,444.2,60653
2018-08-03,444.0,447.8,421.1,435.9,83011
2018-08-06,435.2,442.5,430.5,442.5,15192
2018-08-07,442.3,448.5,439.8,448.0,27544
2018-08-08,448.6,449.0,435.0,438.3,47934
2018-08-09,438.3,445.7,435.0,445.0,48939
2018-08-10,419.9,432.3,402.1,421.4,120740
2018-08-13,423.2,424.7,410.3,416.5,37340
2018-08-14,420.0,423.0,413.0,422.0,38722
2018-08-15,424.4,424.4,403.3,414.6,51132
2018-08-16,416.6,419.9,409.1,411.6,27298
2018-08-17,413.2,413.2,400.6,405.5,34069
2018-08-20,409.6,424.0,409.6,420.8,25840
2018-08-21,417.7,424.6,415.0,419.0,29140
2018-08-22,419.7,426.9,416.7,426.8,32614
2018-08-23,426.8,430.4,423.1,425.5,45409
2018-08-24,425.0,439.7,418.0,439.3,49708
2018-08-27,435.0,443.8,430.6,439.8,27679
2018-08-28,440.0,443.0,429.0,433.7,45941
2018-08-29,433.0,436.8,419.1,424.1,58938
2018-08-30,425.0,426.6,411.3,414.9,40961
2018-08-31,415.5,437.5,411.1,437.3,116641
2018-09-03,435.4,440.8,434.0,436.7,23285
2018-09-04,433.2,440.0,426.6,435.0,22358
2018-09-05,429.1,434.9,427.8,428.9,37961
2018-09-06,428.9,442.5,427.0,436.1,30984
2018-09-07,435.8,437.3,426.6,430.8,26248
2018-09-10,431.0,439.0,428.1,433.6,22440
2018-09-11,433.1,437.0,429.6,435.0,30211
2018-09-12,434.5,437.6,415.0,429.9,43338
2018-09-13,430.0,432.6,420.2,423.3,45519
2018-09-14,423.8,424.0,410.0,414.5,63517
2018-09-17,415.6,416.6,405.4,410.5,46538
2018-09-18,411.0,418.0,408.2,411.0,44857
2018-09-19,412.7,413.2,407.7,408.9,56691
2018-09-20,410.0,415.2,407.5,407.5,101171
2018-09-21,407.7,412.9,407.0,412.2,115738
2018-09-24,412.4,416.5,405.5,406.0,46946
2018-09-25,407.9,408.5,405.3,405.3,74394
2018-09-26,406.6,409.2,392.8,404.8,66414
2018-09-27,405.0,409.4,401.4,409.4,31906
2018-09-28,409.0,412.8,403.3,412.8,49276
2018-10-01,410.7,412.9,407.2,409.0,22272
2018-10-02,409.4,415.7,407.1,414.5,55400
2018-10-03,415.0,423.6,414.9,418.0,62963
2018-10-04,416.7,419.7,413.6,417.0,44561
2018-10-05,417.0,419.4,411.1,415.0,34975
2018-10-08,419.2,420.5,415.2,415.2,26150
2018-10-09,414.2,418.0,413.1,414.0,17439
2018-10-10,415.0,418.0,409.0,411.0,21288
2018-10-11,408.5,424.9,406.0,422.2,74849
2018-10-12,422.5,428.8,415.3,424.0,63105
2018-10-15,420.6,425.0,420.4,420.4,32843
2018-10-16,423.5,435.0,423.4,431.6,89016
2018-10-17,421.9,435.0,421.8,435.0,57137
2018-10-18,435.0,435.0,426.8,431.4,32726
2018-10-19,432.7,436.1,427.0,430.0,64209
2018-10-22,430.0,431.5,420.5,421.3,37056
2018-10-23,421.4,432.9,412.5,423.9,44036
2018-10-24,425.2,427.6,416.5,416.5,56935
2018-10-25,413.0,426.2,413.0,418.0,66107
2018-10-26,412.7,418.7,408.7,413.7,81595
2018-10-29,413.7,422.0,411.2,420.0,34199
2018-10-30,417.0,419.4,409.9,409.9,50174
2018-10-31,410.5,415.2,407.6,415.2,46252
2018-11-01,413.7,415.5,411.1,414.85,39447
2018-11-02,415.0,420.05,415.0,418.5,31162
2018-11-06,418.4,423.35,417.5,421.4,41529
2018-11-07,422.5,425.85,415.2,424.7,64651
2018-11-08,425.0,426.0,419.55,426.0,48687
2018-11-09,422.55,435.6,421.9,435.6,39073
2018-11-12,431.2,437.0,431.2,433.0,28783
2018-11-13,431.15,437.0,428.3,432.35,26509
2018-11-14,434.0,440.95,430.45,440.0,42290
2018-11-15,440.0,443.0,432.95,432.95,46708
2018-11-16,436.0,437.75,429.5,429.5,26789
2018-11-19,432.25,448.5,430.7,448.0,54526
2018-11-20,448.0,448.0,437.7,445.0,36115
2018-11-21,440.1,458.9,438.6,455.0,77790
2018-11-22,455.05,477.7,451.9,468.9,97034
2018-11-23,466.0,474.9,455.5,473.2,42574
2018-11-26,468.6,477.7,445.15,475.2,71596
2018-11-27,470.9,477.15,467.5,470.0,64896
2018-11-28,464.7,474.4,463.0,468.85,42610
2018-11-29,468.8,473.85,466.55,470.4,39678
2018-11-30,466.0,482.75,466.0,482.75,95924
2018-12-03,482.75,487.5,466.0,469.55,84432
2018-12-04,472.65,475.0,468.05,471.5,46105
2018-12-05,470.2,478.85,469.0,478.0,37817
2018-12-06,476.0,481.0,471.5,477.5,22684
2018-12-07,476.5,486.8,475.35,484.75,42177
2018-12-10,484.95,502.5,483.45,502.45,84801
2018-12-11,502.45,504.75,482.55,487.35,76881
2018-12-12,484.4,493.45,477.0,487.8,25329
2018-12-13,490.05,504.45,487.5,499.9,51222
2018-12-14,499.9,507.0,492.25,499.15,49780
2018-12-17,499.5,504.55,494.5,502.45,26276
2018-12-18,500.55,508.8,487.5,505.3,58485
2018-12-19,504.8,521.35,504.8,517.55,78850
2018-12-20,521.5,527.5,498.05,516.7,116067
2018-12-21,516.1,530.0,514.2,530.0,111087
2018-12-24,529.45,539.9,525.6,530.0,35211
2018-12-25,536.0,537.45,520.9,521.9,16457
2018-12-26,527.6,527.6,512.25,520.0,20941
2018-12-27,522.85,538.0,514.4,529.85,50138
2018-12-28,530.7,541.05,530.7,539.2,34462
2019-01-03,540.0,546.8,528.1,529.95,27782
2019-01-04,532.55,534.9,525.0,528.65,34476
2019-01-08,526.0,526.0,506.0,513.45,46091
2019-01-09,512.15,527.5,512.15,527.5,38262
2019-01-10,527.0,541.4,524.35,541.4,61688
2019-01-11,539.05,541.6,532.5,541.6,49216
2019-01-14,536.4,541.25,534.0,537.25,41119
2019-01-15,537.55,540.9,536.5,536.5,27745
2019-01-16,535.05,539.55,529.0,533.95,44198
2019-01-17,537.3,544.2,531.45,540.0,40927
2019-01-18,538.0,540.7,534.0,537.0,38248
2019-01-21,535.0,539.1,532.4,533.0,21163
2019-01-22,534.4,539.8,531.7,539.8,44077
2019-01-23,540.15,543.75,536.5,540.0,32780
2019-01-24,540.4,541.2,532.7,535.9,49776
2019-01-25,536.9,539.5,533.0,539.0,40470
2019-01-28,540.65,540.9,532.1,537.15,28555
2019-01-29,534.3,560.0,534.3,555.0,52483
2019-01-30,555.0,557.45,546.05,554.8,44779
2019-01-31,556.95,567.8,548.2,549.4,66688
2019-02-01,552.95,552.95,546.55,552.15,45824
2019-02-04,550.8,553.2,547.0,549.05,20202
2019-02-05,549.55,552.65,547.7,552.65,25246
2019-02-06,552.5,555.5,546.85,553.0,46265
2019-02-07,550.85,552.75,546.45,547.55,36882
2019-02-08,548.8,552.25,538.05,544.0,49481
2019-02-11,540.0,546.8,529.75,530.0,54656
2019-02-12,530.6,537.0,527.85,530.0,52137
2019-02-13,530.55,532.5,521.35,521.35,61087
2019-02-14,520.25,535.9,514.8,532.0,65445
2019-02-15,534.0,540.35,532.75,534.45,66213
2019-02-18,535.95,544.95,530.0,543.05,99942
2019-02-19,543.05,548.8,540.0,544.5,49038
2019-02-20,546.0,547.8,540.55,544.5,62087
2019-02-21,545.95,545.95,532.7,537.0,85608
2019-02-22,536.95,539.8,529.75,536.0,57742
2019-02-25,534.05,537.65,531.9,537.3,25198
2019-02-26,536.0,548.9,533.4,544.5,202870
2019-02-27,545.0,549.4,541.05,545.0,106649
2019-02-28,540.9,547.0,534.2,547.0,92935
2019-03-01,546.0,546.0,535.0,535.05,48325
2019-03-04,535.05,537.2,509.2,509.2,72335
2019-03-05,509.2,518.4,502.0,513.95,69058
2019-03-06,512.4,529.65,512.4,520.55,53376
2019-03-07,520.55,525.6,512.8,520.0,33387
2019-03-11,522.05,528.25,517.65,523.5,76311
2019-03-12,523.75,532.5,522.05,532.5,65093
2019-03-13,532.0,544.5,529.2,544.45,121299
2019-03-14,543.0,548.2,542.0,546.8,70559
2019-03-15,548.0,549.0,534.35,534.35,201290
2019-03-18,539.95,558.9,539.0,546.05,81701
2019-03-19,549.2,549.6,543.3,549.3,34887
2019-03-20,549.4,549.95,531.05,534.2,139040
2019-03-21,536.4,548.5,536.0,539.4,68339
2019-03-22,539.4,542.0,537.2,539.35,35965
2019-03-25,539.6,539.6,525.75,526.0,42301
2019-03-26,529.8,543.4,524.95,543.4,96348
2019-03-27,541.35,543.35,537.95,541.0,49566
2019-03-28,540.85,543.95,537.5,541.65,29432
2019-03-29,541.2,543.95,535.7,543.7,37543
2019-04-01,541.7,546.0,540.0,542.15,24663
2019-04-02,541.1,548.5,540.5,548.0,16348
2019-04-03,544.5,546.95,520.6,532.0,376908
2019-04-04,523.0,525.7,508.15,510.0,786452
2019-04-05,513.95,515.35,509.35,509.6,131557
2019-04-08,513.0,515.35,511.1,514.1,413639
2019-04-09,516.3,517.5,506.2,509.2,149008
2019-04-10,509.15,509.15,497.2,499.0,207882
2019-04-11,500.0,501.35,490.25,493.0,122092
2019-04-12,493.0,498.6,491.5,495.0,55735
2019-04-15,494.15,494.75,483.5,483.5,131093
2019-04-16,484.0,495.4,484.0,492.2,153629
2019-04-17,495.2,498.2,492.7,495.0,73872
2019-04-18,493.3,498.2,493.05,498.2,75642
2019-04-19,498.15,501.9,496.75,500.0,19717
2019-04-22,501.5,505.5,498.25,504.9,40042
2019-04-23,505.0,506.05,490.1,490.5,90775
2019-04-24,491.45,497.0,490.0,496.5,79042
2019-04-25,494.2,498.3,494.0,495.7,52549
2019-04-26,497.85,507.35,494.45,506.0,78357
2019-04-29,505.7,508.4,503.15,505.25,42495
2019-04-30,505.1,509.4,503.75,503.75,48979
2019-05-02,503.5,506.05,498.4,504.0,16898
2019-05-03,503.5,508.5,501.35,505.0,28387
2019-05-06,505.0,509.5,500.65,505.5,33568
2019-05-07,503.5,508.55,502.1,503.3,40129
2019-05-08,504.1,506.85,501.9,501.9,46235
2019-05-10,502.1,505.7,498.15,499.0,33210
2019-05-13,499.65,505.0,499.65,500.1,67243
2019-05-14,504.25,504.4,500.4,501.8,121835
2019-05-15,496.95,497.3,490.8,495.0,74601
2019-05-16,496.0,497.6,492.45,493.0,45462
2019-05-17,492.5,494.0,484.4,484.45,78972
2019-05-20,487.0,487.4,476.0,477.3,66960
2019-05-21,477.8,486.2,477.8,483.3,47274
2019-05-22,483.0,491.55,482.35,490.6,48645
2019-05-23,489.5,497.2,489.1,497.2,85720
2019-05-24,497.5,500.15,494.3,498.5,55233
2019-05-27,498.7,499.5,494.15,498.55,15996
2019-05-28,498.7,501.0,495.6,497.0,185264
2019-05-29,496.9,505.3,496.35,505.3,94526
2019-05-30,506.0,508.3,503.65,507.5,58289
2019-05-31,506.5,517.05,506.05,517.05,150799
2019-06-03,517.95,524.95,517.5,524.4,119818
2019-06-04,524.9,526.95,521.6,526.95,60566
2019-06-05,527.0,532.8,526.0,532.3,61059
2019-06-06,531.65,534.55,528.0,532.6,48022
2019-06-07,532.2,546.0,530.5,546.0,120584
2019-06-10,544.0,549.15,533.05,548.5,200776
2019-06-11,547.8,557.6,546.45,557.6,147501
2019-06-13,557.5,563.7,555.25,558.0,229087
2019-06-14,560.0,574.0,558.5,572.1,218379
2019-06-17,574.95,579.1,560.0,560.0,113002
2019-06-18,561.8,572.95,561.0,564.6,184852
2019-06-19,564.9,572.6,548.7,556.0,96346
2019-06-20,565.0,569.2,561.0,563.85,183843
2019-06-21,565.1,580.85,561.25,580.55,152263
2019-06-24,580.0,597.35,574.75,593.1,109138
2019-06-25,594.7,598.95,588.5,593.1,90992
2019-06-26,591.0,596.45,582.55,589.6,90815
2019-06-27,587.5,592.45,580.1,583.6,80250
2019-06-28,585.0,586.95,576.45,582.8,63243
2019-07-01,577.5,580.95,565.0,569.5,183789
2019-07-02,567.45,584.8,567.45,584.8,114999
2019-07-03,590.5,605.8,585.35,602.9,194616
2019-07-04,603.0,611.45,595.8,610.85,65089
2019-07-05,610.05,628.4,606.4,620.0,214330
2019-07-08,621.7,626.95,618.85,622.5,84778
2019-07-09,619.6,625.95,617.4,620.9,92244
2019-07-10,626.55,635.75,615.05,629.3,142451
2019-07-11,633.7,636.15,616.5,622.5,128801
2019-07-12,620.0,640.0,613.25,631.6,170676
2019-07-15,632.2,634.3,625.8,630.0,56649
2019-07-16,628.3,639.7,628.3,637.15,53096
2019-07-17,635.5,639.8,630.8,638.5,47027
2019-07-18,639.3,643.0,633.35,641.3,39099
2019-07-19,643.0,649.95,641.3,647.2,63011
2019-07-22,652.25,655.0,645.05,647.6,87393
2019-07-23,643.0,645.15,620.1,640.0,119180
2019-07-24,640.0,642.7,631.55,641.6,56268
2019-07-25,641.25,649.0,636.25,649.0,63737
2019-07-26,648.5,649.5,634.15,641.25,72992
2019-07-29,641.15,648.5,638.0,646.75,28479
2019-07-30,648.75,650.1,645.15,650.0,30545
2019-07-31,650.0,650.0,646.0,646.0,54126
2019-08-01,643.3,646.55,637.45,643.1,55558
2019-08-02,647.9,658.2,643.65,651.0,119957
2019-08-05,655.95,689.0,654.75,684.45,211893
2019-08-06,690.0,698.65,678.2,679.15,184406
2019-08-07,684.0,697.95,682.75,694.4,113375
2019-08-08,695.0,696.7,688.05,689.75,80367
2019-08-09,693.25,703.55,691.15,701.0,119776
2019-08-12,700.95,711.65,697.15,709.0,131842
2019-08-13,719.4,719.95,688.6,702.4,239036
2019-08-14,696.0,724.9,695.15,719.4,146955
2019-08-15,722.2,730.0,716.1,725.4,143390
2019-08-16,725.4,726.5,709.35,713.0,174973
2019-08-19,713.0,725.0,706.8,720.0,222363
2019-08-20,721.7,735.0,721.7,731.4,168356
2019-08-21,733.5,734.05,718.85,724.4,146547
2019-08-22,725.95,727.0,710.0,723.6,196581
2019-08-23,725.2,730.8,718.15,728.0,130080
2019-08-26,733.7,749.0,731.45,748.5,153337
2019-08-27,750.0,762.35,745.2,757.4,236146
2019-08-28,757.5,757.85,744.3,751.0,105398
2019-08-29,753.5,760.0,750.85,752.4,106187
2019-08-30,751.1,766.5,746.45,766.5,176967
2019-09-02,767.0,767.2,755.05,760.0,67417
2019-09-03,758.75,764.7,755.1,761.85,61379
2019-09-04,762.8,763.85,750.65,757.35,137694
2019-09-05,759.5,760.0,735.25,740.0,134432
2019-09-06,739.0,752.5,652.7,747.0,231997
2019-09-09,746.9,748.0,727.95,738.3,96371
2019-09-10,732.5,737.0,725.8,730.1,118141
2019-09-11,726.0,744.8,721.65,744.0,144796
2019-09-12,740.65,750.75,738.0,750.0,93706
2019-09-13,750.75,762.2,740.0,745.75,101679
2019-09-16,745.75,780.9,743.45,763.6,132776
2019-09-17,763.6,775.0,758.2,773.4,86928
2019-09-18,776.75,780.0,772.05,778.45,102820
2019-09-19,775.65,776.85,770.25,773.1,63794
2019-09-20,774.85,779.9,766.1,777.0,83507
2019-09-23,778.05,779.05,759.3,764.0,92011
2019-09-24,764.9,773.7,764.75,772.05,57251
2019-09-25,774.95,783.3,771.8,777.85,74454
2019-09-26,778.6,779.0,768.4,777.5,60503
2019-09-27,777.3,779.25,750.0,756.15,114144
2019-09-30,765.2,765.2,742.65,754.5,101545
2019-10-01,750.2,758.1,741.25,754.9,96092
2019-10-02,754.4,759.4,745.1,745.2,60519
2019-10-03,751.3,753.85,742.1,747.75,31429
2019-10-04,750.95,757.0,746.25,752.5,37410
2019-10-07,753.8,756.4,747.3,751.5,37064
2019-10-08,750.0,773.9,748.35,768.0,96279
2019-10-09,754.15,763.1,754.0,757.55,77103
2019-10-10,758.0,758.5,748.25,753.05,42627
2019-10-11,751.0,751.1,722.4,726.0,122622
2019-10-14,730.0,731.75,711.6,715.9,85542
2019-10-15,716.05,730.0,702.6,711.1,105609
2019-10-16,711.1,733.1,709.75,728.65,67647
2019-10-17,728.7,734.45,710.0,721.0,95165
2019-10-18,724.0,740.0,717.1,740.0,53962
2019-10-21,739.75,740.9,715.6,721.3,97203
2019-10-22,721.45,728.9,708.6,713.0,100796
2019-10-23,716.0,723.0,711.2,716.0,75088
2019-10-24,715.0,730.0,711.8,727.65,69377
2019-10-25,729.4,730.45,716.4,725.9,53853
2019-10-28,723.0,749.35,721.45,730.1,98248
2019-10-29,730.0,739.85,724.65,729.7,72673
2019-10-30,730.55,735.4,717.0,735.4,80881
2019-10-31,736.0,764.15,734.65,746.9,206119
2019-11-01,747.0,762.1,740.0,740.0,133946
2019-11-05,747.4,756.8,732.5,737.7,180565
2019-11-06,735.9,761.6,735.9,761.6,185409
2019-11-07,759.95,761.65,740.2,741.5,119211
2019-11-08,734.75,741.75,714.0,719.5,164754
2019-11-11,719.7,731.9,715.8,718.5,72559
2019-11-12,719.0,721.0,700.35,704.75,130785
2019-11-13,706.8,716.95,706.0,713.7,85464
2019-11-14,714.5,717.0,704.0,709.3,124377
2019-11-15,709.2,710.0,700.5,708.4,73793
2019-11-18,705.05,707.85,693.0,705.25,114045
2019-11-19,705.0,706.0,695.7,698.35,75768
2019-11-20,699.5,713.5,698.6,704.05,94364
2019-11-21,701.8,704.9,681.45,683.2,133485
2019-11-22,687.0,692.75,683.55,692.75,79980
2019-11-25,692.45,692.5,678.0,679.2,96791
2019-11-26,678.0,679.0,666.6,672.85,378814
2019-11-27,670.5,687.55,670.35,682.2,111094
2019-11-28,679.0,689.9,677.05,684.05,63253
2019-11-29,683.85,689.5,682.15,689.1,66095
2019-12-02,688.2,694.95,687.45,688.5,53246
2019-12-03,687.0,701.5,682.8,699.6,139323
2019-12-04,700.0,704.75,693.35,693.35,94763
2019-12-05,693.55,699.0,683.3,689.4,88415
2019-12-06,687.0,694.55,672.5,675.8,129597
2019-12-09,676.0,682.25,672.0,679.2,52843
2019-12-10,679.2,685.2,674.05,684.25,66862
2019-12-11,684.2,718.95,679.6,714.25,168156
2019-12-12,715.95,726.5,708.0,709.5,127208
2019-12-13,704.95,712.8,695.75,698.7,116240
2019-12-16,702.3,706.5,698.65,700.0,45077
2019-12-17,702.45,707.0,686.6,694.1,123007
2019-12-18,693.2,698.05,688.95,695.9,118381
2019-12-19,695.2,697.4,685.0,685.5,95909
2019-12-20,687.95,690.75,677.15,677.15,62766
2019-12-23,678.95,694.15,678.05,686.8,71772
2019-12-24,690.0,696.75,689.2,694.05,44393
2019-12-25,697.0,698.9,693.7,697.65,17903
2019-12-26,699.0,714.0,696.5,714.0,56719
2019-12-27,711.05,717.5,710.1,714.5,61435
2019-12-30,712.3,717.0,702.5,710.35,68236
2020-01-03,717.7,728.6,715.75,728.6,122316
2020-01-06,737.0,752.5,735.95,742.15,140372
2020-01-08,753.0,760.0,745.65,746.8,122933
2020-01-09,743.5,743.5,724.0,732.6,105171
2020-01-10,732.9,732.9,718.5,722.0,81847
2020-01-13,719.5,735.75,716.2,735.75,91594
2020-01-14,732.85,748.4,727.5,739.1,114099
2020-01-15,740.7,743.5,732.1,742.15,93684
2020-01-16,742.15,746.2,733.5,737.9,87620
2020-01-17,737.8,745.25,735.25,736.0,85253
2020-01-20,740.05,740.05,735.4,738.5,48198
2020-01-21,742.0,747.5,730.2,737.45,88453
2020-01-22,737.45,739.7,730.75,738.0,49891
2020-01-23,738.2,740.0,733.0,737.75,62158
2020-01-24,737.5,744.85,734.3,744.85,63061
2020-01-27,750.0,786.9,750.0,785.7,354128
2020-01-28,785.6,787.9,771.05,777.5,213609
2020-01-29,777.0,778.9,760.8,775.2,120039
2020-01-30,777.1,796.25,777.0,781.95,130660
2020-01-31,779.95,784.5,770.1,781.45,93011
2020-02-03,782.15,792.2,762.25,769.8,150480
2020-02-04,768.4,768.4,745.9,752.9,181368
2020-02-05,755.8,759.7,734.05,748.1,152346
2020-02-06,747.5,761.7,741.5,756.2,108182
2020-02-07,756.5,781.5,750.1,776.55,150711
2020-02-10,780.05,791.55,777.05,791.55,160471
2020-02-11,787.55,799.85,783.35,789.55,157010
2020-02-12,788.5,788.5,771.7,783.85,102844
2020-02-13,792.45,798.5,788.2,796.85,75410
2020-02-14,794.0,804.1,785.0,800.3,90238
2020-02-17,797.2,801.6,788.3,792.2,56222
2020-02-18,797.95,806.5,794.55,800.0,113234
2020-02-19,806.9,819.5,803.85,811.1,113439
2020-02-20,811.15,831.55,810.45,820.0,264412
2020-02-21,830.0,861.85,827.3,850.75,313247
2020-02-25,875.0,912.75,869.05,878.0,428376
2020-02-26,882.85,908.85,860.0,864.45,298697
2020-02-27,894.4,896.05,872.5,890.15,172262
2020-02-28,900.0,900.0,826.0,846.4,419875
2020-03-02,859.0,867.8,825.85,854.05,202843
2020-03-03,846.85,862.0,827.1,859.1,249849
2020-03-04,865.2,868.8,847.0,856.65,153935
2020-03-05,859.4,865.0,832.1,862.8,342244
2020-03-06,870.05,901.0,869.35,888.5,273601
2020-03-10,900.0,952.95,900.0,938.15,383341
2020-03-11,947.7,948.0,922.0,937.25,175693
2020-03-12,930.0,946.0,870.2,897.0,359910
2020-03-13,882.35,913.8,872.1,874.45,298759
2020-03-16,890.8,918.1,765.0,795.4,488866
2020-03-17,789.85,834.4,730.2,812.1,417086
2020-03-18,795.8,880.9,775.2,838.35,358047
2020-03-19,838.1,853.2,791.75,845.65,354496
2020-03-20,873.9,879.95,820.0,849.55,354585
2020-03-23,849.0,860.3,805.0,842.3,267100
2020-03-24,869.0,954.4,860.8,952.05,322210
2020-03-25,960.0,1009.55,959.75,999.5,319922
2020-03-26,1004.3,1108.85,1001.65,1104.75,358405
2020-03-27,1105.3,1105.3,1050.35,1082.05,197523
2020-03-30,1083.0,1129.5,1061.85,1117.25,236419
2020-03-31,1112.7,1148.4,1055.25,1063.75,344764
2020-04-01,1067.0,1108.9,995.2,1003.8,318407
2020-04-02,1008.0,1047.6,985.0,1035.45,324283
2020-04-03,1035.5,1045.6,1013.0,1039.45,160449
2020-04-06,1045.05,1100.0,1042.65,1081.85,205499
2020-04-07,1099.95,1111.1,1071.0,1097.0,137850
2020-04-08,1097.0,1107.0,1084.65,1105.05,161534
2020-04-09,1113.0,1132.4,1093.7,1126.05,215802
2020-04-10,1130.0,1150.0,1110.15,1140.1,111014
2020-04-13,1141.95,1164.5,1129.2,1152.5,123925
2020-04-14,1162.0,1235.8,1155.4,1215.0,377327
2020-04-15,1191.05,1216.45,1137.55,1147.25,296855
2020-04-16,1162.2,1213.9,1160.2,1194.0,273407
2020-04-17,1173.45,1188.8,1157.05,1168.5,233967
2020-04-20,1163.0,1167.5,1120.35,1163.5,259877
2020-04-21,1166.8,1200.0,1134.2,1179.45,309230
2020-04-22,1182.85,1250.0,1181.2,1220.9,353297
2020-04-23,1229.8,1248.85,1191.05,1195.1,408476
2020-04-24,1203.75,1224.5,1192.2,1209.5,164243
2020-04-27,1210.0,1234.75,1205.5,1208.1,188936
2020-04-28,1208.5,1217.2,1181.15,1191.65,254016
2020-04-29,1199.8,1199.8,1175.0,1193.55,198253
2020-04-30,1208.4,1211.0,1192.55,1211.0,151514
2020-05-04,1210.0,1235.0,1183.55,1202.3,190503
2020-05-05,1195.0,1204.0,1180.5,1183.2,111611
2020-05-06,1185.5,1204.3,1183.0,1192.05,126388
2020-05-07,1191.5,1203.2,1133.3,1183.9,142263
2020-05-08,1197.3,1198.5,1185.7,1197.3,76909
2020-05-12,1192.6,1204.7,1168.25,1197.9,164973
2020-05-13,1200.75,1239.0,1193.4,1229.5,245089
2020-05-14,1238.1,1249.0,1210.0,1235.0,143559
2020-05-15,1238.95,1244.45,1216.0,1230.6,124381
2020-05-18,1240.0,1273.8,1209.0,1225.7,264892
2020-05-19,1212.7,1225.7,1197.1,1211.0,203305
2020-05-20,1220.3,1226.95,1198.0,1207.35,183655
2020-05-21,1197.85,1204.4,1175.45,1192.5,137540
2020-05-22,1200.0,1208.85,1175.5,1181.45,136330
2020-05-25,1175.5,1198.2,1175.05,1197.5,59343
2020-05-26,1200.0,1200.0,1162.8,1162.8,147649
2020-05-27,1160.0,1162.0,1102.0,1126.25,302924
2020-05-28,1135.8,1142.45,1120.15,1134.0,189537
2020-05-29,1138.8,1170.1,1126.8,1167.3,655920
2020-06-01,1165.0,1168.65,1115.9,1140.0,172075
2020-06-02,1137.95,1142.6,1103.2,1114.2,213079
2020-06-03,1096.7,1102.9,1040.0,1056.7,423438
2020-06-04,1049.5,1103.6,1045.05,1068.85,395376
2020-06-05,1061.8,1062.05,1015.05,1024.6,311404
2020-06-08,1029.0,1030.25,995.2,1014.9,330705
2020-06-09,1014.95,1068.0,1007.5,1046.5,364118
2020-06-10,1053.8,1079.0,1045.6,1058.95,268000
2020-06-11,1080.1,1097.0,1061.6,1088.8,338322
2020-06-15,1088.9,1089.3,1031.5,1052.0,250140
2020-06-16,1051.8,1064.25,1034.5,1034.5,179185
2020-06-17,1039.95,1074.95,1039.5,1074.2,247865
2020-06-18,1075.3,1091.5,1067.0,1085.0,218863
2020-06-19,1087.95,1119.35,1080.2,1106.75,359407
2020-06-22,1117.75,1147.8,1109.55,1133.65,257826
2020-06-23,1130.35,1164.05,1123.4,1158.35,199922
2020-06-25,1153.0,1179.25,1150.85,1167.3,247832
2020-06-26,1169.0,1183.5,1162.8,1173.85,142151
2020-06-29,1175.0,1201.0,1171.8,1189.0,219174
2020-06-30,1189.9,1207.2,1185.1,1197.0,172987
2020-07-02,1194.2,1200.0,1178.0,1197.4,208227
2020-07-03,1197.0,1228.4,1193.35,1222.0,170542
2020-07-06,1222.0,1260.0,1212.5,1249.1,209437
2020-07-07,1247.0,1272.2,1245.3,1270.7,174710
2020-07-08,1271.0,1296.1,1255.6,1291.4,236782
2020-07-09,1295.45,1339.4,1292.1,1328.0,327243
2020-07-10,1325.0,1372.95,1305.6,1317.05,329078
2020-07-13,1328.0,1337.35,1276.5,1285.2,211209
2020-07-14,1288.0,1293.0,1236.6,1281.95,264651
2020-07-15,1284.0,1332.0,1282.55,1327.0,250084
2020-07-16,1326.9,1353.6,1294.0,1316.8,318624
2020-07-17,1313.25,1332.0,1310.55,1322.5,140339
2020-07-20,1329.05,1342.6,1312.15,1334.2,144374
2020-07-21,1340.05,1362.95,1325.1,1348.45,151642
2020-07-22,1355.85,1394.4,1350.35,1392.0,188305
2020-07-23,1397.3,1460.0,1392.1,1449.8,295189
2020-07-24,1454.95,1527.45,1445.2,1526.5,340898
2020-07-27,1557.0,1749.0,1547.7,1724.8,620592
2020-07-28,1709.25,1709.75,1602.8,1658.0,563457
2020-07-29,1668.9,1709.45,1621.5,1665.0,393061
2020-07-30,1632.7,1643.0,1607.5,1624.0,222351
2020-07-31,1657.8,1707.95,1646.6,1694.9,368890
2020-08-03,1707.45,1718.5,1672.0,1685.0,188257
2020-08-04,1683.1,1742.0,1670.75,1738.05,229203
2020-08-05,1746.35,1850.0,1745.05,1816.95,498629
2020-08-06,1840.0,1877.3,1802.3,1859.2,322328
2020-08-07,1844.0,1856.45,1775.5,1806.75,482098
2020-08-10,1800.0,1812.35,1771.0,1775.3,244733
2020-08-11,1729.15,1759.95,1675.0,1683.4,445790
2020-08-12,1682.9,1759.5,1652.6,1730.15,387220
2020-08-13,1731.5,1763.0,1712.2,1746.0,218349
2020-08-14,1731.05,1756.3,1718.35,1741.9,155017
2020-08-17,1753.0,1828.05,1751.7,1815.25,268967
2020-08-18,1833.85,1865.9,1788.7,1794.8,329605
2020-08-19,1785.6,1817.0,1756.05,1763.3,247392
2020-08-20,1778.9,1789.9,1731.7,1783.0,176987
2020-08-21,1775.5,1791.7,1742.0,1768.6,161842
2020-08-24,1772.5,1818.65,1758.8,1796.6,170160
2020-08-25,1798.35,1812.7,1782.05,1798.55,97574
2020-08-26,1792.95,1844.4,1780.05,1834.45,202145
2020-08-27,1820.0,1847.0,1807.75,1817.0,174104
2020-08-28,1830.0,1844.2,1805.2,1836.6,231331
2020-08-31,1840.05,1840.45,1789.05,1808.55,227940
2020-09-01,1822.0,1876.5,1770.75,1786.8,296656
2020-09-02,1780.0,1786.9,1725.35,1752.95,238993
2020-09-03,1737.4,1744.45,1676.35,1695.1,330001
2020-09-04,1696.85,1738.0,1692.85,1726.6,217930
2020-09-07,1723.0,1764.65,1723.0,1743.1,159204
2020-09-08,1749.3,1752.7,1682.05,1702.3,211925
2020-09-09,1701.45,1707.4,1651.8,1673.5,253314
2020-09-10,1670.0,1699.8,1660.7,1680.65,204313
2020-09-11,1682.0,1739.5,1676.2,1706.7,238284
2020-09-14,1707.75,1712.2,1677.8,1695.0,187427
2020-09-15,1698.0,1707.3,1677.6,1694.3,161175
2020-09-16,1693.85,1741.3,1688.6,1727.0,245718
2020-09-17,1628.0,1736.7,1628.0,1694.7,301910
2020-09-18,1709.2,1716.1,1678.95,1693.0,256708
2020-09-21,1694.0,1699.55,1590.2,1646.0,205996
2020-09-22,1625.5,1667.65,1612.6,1628.5,200456
2020-09-23,1609.7,1653.1,1580.0,1630.95,211273
2020-09-24,1620.0,1642.35,1587.05,1633.5,214814
2020-09-25,1634.5,1658.5,1616.1,1633.55,128871
2020-09-28,1632.0,1664.5,1622.45,1642.35,148335
2020-09-29,1650.0,1669.95,1627.3,1665.8,118379
2020-09-30,1655.0,1658.65,1624.75,1625.05,134698
2020-10-01,1634.8,1651.55,1612.5,1635.2,121496
2020-10-02,1649.5,1686.2,1636.95,1673.7,173807
2020-10-05,1668.5,1703.7,1647.5,1696.25,129335
2020-10-06,1697.0,1697.75,1640.0,1640.1,162649
2020-10-07,1650.0,1666.1,1642.5,1656.6,91061
2020-10-08,1663.0,1696.85,1655.1,1688.3,177610
2020-10-09,1695.0,1706.3,1678.0,1698.15,120279
2020-10-12,1703.9,1703.9,1671.5,1685.0,123984
2020-10-13,1679.0,1685.5,1661.5,1665.5,67084
2020-10-14,1670.0,1747.05,1669.0,1743.0,249854
2020-10-15,1739.9,1739.9,1708.55,1731.85,158858
2020-10-16,1738.0,1753.8,1725.5,1739.95,172712
2020-10-19,1729.95,1738.25,1714.9,1726.85,72599
2020-10-20,1722.95,1724.85,1703.7,1713.0,84193
2020-10-21,1715.3,1721.8,1666.75,1680.05,125572
2020-10-22,1683.9,1704.9,1662.0,1676.85,155783
2020-10-23,1688.0,1688.0,1631.6,1652.7,97749
2020-10-26,1646.8,1656.85,1607.8,1614.15,96849
2020-10-27,1605.05,1654.35,1605.05,1649.9,100507
2020-10-28,1641.2,1649.75,1545.55,1593.5,201473
2020-10-29,1600.0,1627.9,1542.1,1560.1,137427
2020-10-30,1552.0,1560.0,1512.7,1553.65,162179
2020-11-02,1559.85,1634.0,1552.45,1631.9,148982
2020-11-03,1625.1,1667.05,1623.55,1667.05,172615
2020-11-05,1671.0,1726.5,1661.0,1719.5,215722
2020-11-06,1711.8,1775.0,1705.65,1769.75,223882
2020-11-09,1781.25,1802.7,1580.25,1661.5,584435
2020-11-10,1661.5,1674.9,1601.0,1643.25,323933
2020-11-11,1648.3,1648.3,1546.45,1588.0,364559
2020-11-12,1582.5,1633.5,1565.0,1603.3,305271
2020-11-13,1596.4,1648.0,1582.55,1629.55,217888
2020-11-16,1621.3,1634.9,1590.75,1603.5,225301
2020-11-17,1597.05,1602.45,1573.05,1579.05,165600
2020-11-18,1574.6,1587.5,1560.8,1577.05,129016
2020-11-19,1572.0,1573.65,1544.05,1549.0,217219
2020-11-20,1544.2,1553.0,1531.5,1541.0,160854
2020-11-23,1544.0,1546.95,1445.45,1478.5,403352
2020-11-24,1459.2,1534.35,1436.2,1463.0,618664
2020-11-25,1458.0,1465.0,1425.9,1457.0,219779
2020-11-26,1458.0,1512.9,1458.0,1502.0,278035
2020-11-27,1498.95,1503.8,1447.2,1464.0,232892
2020-11-30,1456.85,1465.9,1435.05,1453.0,247391
2020-12-01,1457.25,1488.85,1454.7,1485.9,295057
2020-12-02,1476.75,1498.0,1454.35,1465.65,288251
2020-12-03,1474.95,1484.05,1441.6,1450.3,209806
2020-12-04,1453.0,1453.95,1428.0,1436.0,134168
2020-12-07,1437.95,1489.85,1397.55,1474.0,425702
2020-12-08,1479.2,1511.4,1463.0,1506.1,347289
2020-12-09,1499.95,1505.9,1451.05,1458.0,262042
2020-12-10,1455.0,1469.65,1433.3,1442.95,188076
2020-12-11,1440.0,1443.5,1411.9,1421.25,180005
2020-12-14,1418.0,1454.0,1401.0,1439.35,220036
2020-12-15,1453.0,1504.95,1440.0,1489.95,246845
2020-12-16,1500.0,1501.25,1454.0,1475.0,174854
2020-12-17,1482.0,1543.2,1475.4,1528.6,387853
2020-12-18,1515.05,1558.45,1513.8,1532.0,352167
2020-12-21,1563.0,1584.5,1533.0,1565.0,288245
2020-12-22,1555.0,1569.25,1500.45,1510.2,247239
2020-12-23,1513.0,1537.3,1505.7,1519.15,122009
2020-12-24,1523.0,1525.8,1510.9,1519.5,58376
2020-12-25,1514.25,1523.0,1514.2,1518.3,23781
2020-12-28,1526.0,1534.5,1512.5,1517.5,95429
2020-12-29,1512.7,1533.5,1512.7,1522.9,79363
2020-12-30,1525.0,1532.5,1514.1,1524.5,75278
2021-01-04,1550.0,1602.4,1540.05,1594.8,314058
2021-01-05,1595.0,1612.5,1561.15,1598.75,282060
2021-01-06,1595.0,1606.0,1552.2,1579.25,203989
2021-01-08,1572.15,1586.9,1530.4,1539.6,308972
2021-01-11,1540.2,1558.3,1533.45,1548.9,179879
2021-01-12,1555.5,1564.2,1525.25,1541.95,149972
2021-01-13,1549.0,1552.45,1532.85,1542.6,134414
2021-01-14,1535.0,1542.0,1501.5,1508.0,268319
2021-01-15,1507.95,1513.8,1480.0,1484.0,149740
2021-01-18,1495.0,1510.0,1471.5,1484.05,177463
2021-01-19,1489.15,1491.0,1462.05,1469.05,144679
2021-01-20,1478.0,1513.35,1465.6,1505.5,241474
2021-01-21,1508.9,1521.75,1493.7,1505.95,175697
2021-01-22,1489.65,1506.0,1466.0,1483.5,186665
2021-01-25,1487.3,1519.9,1473.9,1504.8,136342
2021-01-26,1508.9,1522.75,1481.5,1511.9,185084
2021-01-27,1515.0,1519.2,1478.3,1486.0,95998
2021-01-28,1484.0,1489.25,1454.25,1466.95,190318
2021-01-29,1473.25,1473.25,1427.95,1430.55,339605
2021-02-01,1447.0,1491.0,1437.75,1479.3,236030
2021-02-02,1474.3,1504.9,1457.5,1489.3,255826
2021-02-03,1502.0,1504.9,1449.95,1459.95,153541
2021-02-04,1447.0,1457.6,1430.85,1445.4,157213
2021-02-05,1443.8,1463.6,1441.0,1460.0,126219
2021-02-08,1459.0,1469.0,1446.4,1455.05,149542
2021-02-09,1460.0,1461.9,1445.05,1453.05,84601
2021-02-10,1456.9,1462.45,1427.6,1440.45,128140
2021-02-11,1435.5,1455.0,1431.9,1439.4,75540
2021-02-12,1440.0,1441.0,1429.0,1439.0,75830
2021-02-15,1439.0,1449.9,1435.9,1447.05,60384
2021-02-16,1447.1,1456.55,1432.8,1440.0,136704
2021-02-17,1436.0,1442.0,1391.25,1409.9,203197
2021-02-18,1410.0,1410.0,1366.55,1377.25,151925
2021-02-19,1372.5,1400.85,1361.7,1394.8,138795
2021-02-22,1404.0,1407.0,1386.0,1392.9,116853
2021-02-24,1382.05,1414.6,1370.6,1409.1,182519
2021-02-25,1401.85,1418.8,1401.0,1412.0,206490
2021-02-26,1398.95,1415.45,1392.0,1402.7,173415
2021-03-01,1410.0,1429.0,1400.0,1426.0,151464
2021-03-02,1417.0,1452.45,1411.5,1450.5,177988
2021-03-03,1452.9,1461.75,1440.0,1440.15,226510
2021-03-04,1448.3,1448.3,1404.0,1406.4,123448
2021-03-05,1421.0,1462.5,1411.5,1450.0,164634
2021-03-09,1450.0,1466.05,1435.0,1451.3,155492
2021-03-10,1451.2,1452.85,1395.45,1410.75,186072
2021-03-11,1423.95,1434.0,1414.4,1423.1,95582
2021-03-12,1420.0,1420.65,1397.4,1411.05,107253
2021-03-15,1423.0,1437.7,1399.05,1408.95,152405
2021-03-16,1408.95,1426.8,1399.0,1417.55,89988
2021-03-17,1422.2,1430.1,1409.45,1426.4,75812
2021-03-18,1430.0,1441.2,1417.0,1429.95,143356
2021-03-19,1429.95,1444.4,1426.5,1430.15,147888
2021-03-22,1430.2,1431.0,1404.5,1412.0,77741
2021-03-23,1419.0,1424.0,1406.5,1414.7,73517
2021-03-24,1419.8,1419.8,1389.5,1399.25,96272
2021-03-25,1392.7,1400.7,1382.85,1391.7,69870
2021-03-26,1395.0,1398.9,1380.95,1393.05,176768
2021-03-29,1392.2,1394.5,1374.0,1383.85,97212
2021-03-30,1381.8,1384.5,1340.0,1350.5,160312
2021-03-31,1351.4,1398.45,1348.5,1392.6,153497
2021-04-01,1399.4,1404.4,1366.0,1392.85,139594
2021-04-02,1400.0,1400.0,1385.3,1394.4,27182
2021-04-05,1394.35,1395.3,1377.3,1387.1,44737
2021-04-06,1391.5,1441.4,1388.0,1436.15,182276
2021-04-07,1432.3,1448.0,1424.3,1426.9,105999
2021-04-08,1431.05,1436.5,1416.95,1426.7,100512
2021-04-09,1418.7,1437.65,1413.05,1431.3,96523
2021-04-12,1434.05,1452.45,1425.0,1448.8,92284
2021-04-13,1455.0,1485.55,1446.05,1461.8,136195
2021-04-14,1467.0,1481.0,1451.45,1461.0,164207
2021-04-15,1457.55,1496.9,1456.35,1487.95,118400
2021-04-16,1495.9,1510.3,1473.9,1500.4,150615
2021-04-19,1504.8,1538.9,1495.35,1523.25,205802
2021-04-20,1523.5,1543.9,1518.65,1534.9,177739
2021-04-21,1544.9,1566.75,1533.25,1564.25,194316
2021-04-22,1567.0,1594.9,1564.55,1567.15,248183
2021-04-23,1565.15,1565.15,1516.05,1524.4,184171
2021-04-26,1530.0,1530.0,1481.0,1498.9,195162
2021-04-27,1502.0,1514.95,1455.8,1466.6,153705
2021-04-28,1470.0,1470.2,1441.2,1457.2,101645
2021-04-29,1461.75,1467.75,1394.0,1412.3,191641
2021-04-30,1412.75,1416.8,1385.4,1395.95,115622
2021-05-04,1409.95,1433.75,1395.6,1408.0,138512
2021-05-05,1408.05,1428.0,1398.65,1428.0,72165
2021-05-06,1430.0,1484.85,1428.55,1481.2,146450
2021-05-07,1485.3,1547.0,1481.1,1507.05,261894
2021-05-10,1522.0,1547.2,1487.0,1518.8,133855
2021-05-11,1512.25,1524.8,1495.25,1522.05,150587
2021-05-12,1523.0,1539.5,1487.7,1492.4,166548
2021-05-13,1492.7,1508.1,1469.05,1488.85,115266
2021-05-14,1495.0,1502.75,1486.5,1497.0,54785
2021-05-17,1513.6,1538.6,1499.2,1533.9,136874
2021-05-18,1547.0,1586.0,1538.2,1577.45,221063
2021-05-19,1579.5,1592.0,1543.05,1570.0,184301
2021-05-20,1584.5,1587.9,1562.85,1573.2,131297
2021-05-21,1573.2,1589.65,1560.0,1569.85,101963
2021-05-24,1570.05,1586.7,1565.85,1575.8,67658
2021-05-25,1572.9,1585.2,1566.0,1584.95,91897
2021-05-26,1586.1,1610.0,1584.1,1601.2,187427
2021-05-27,1609.8,1621.2,1567.7,1599.7,254210
2021-05-28,1603.65,1612.9,1578.05,1594.1,165519
2021-05-31,1599.0,1601.95,1573.75,1585.05,96325
2021-06-01,1594.95,1616.0,1591.0,1609.9,167525
2021-06-02,1609.9,1615.5,1586.4,1610.35,146652
2021-06-03,1608.0,1610.35,1585.0,1600.0,258870
2021-06-04,1570.0,1577.6,1530.15,1558.3,161087
2021-06-07,1550.95,1551.65,1497.1,1520.0,161514
2021-06-08,1523.95,1531.15,1500.0,1519.7,151319
2021-06-09,1525.7,1527.95,1498.9,1509.9,116989
2021-06-10,1509.9,1513.0,1480.1,1502.5,135098
2021-06-11,1512.6,1523.85,1476.7,1494.0,132594
2021-06-14,1489.55,1493.25,1466.3,1478.6,111757
2021-06-15,1479.4,1488.45,1474.3,1482.5,77486
2021-06-16,1486.0,1491.4,1460.55,1465.05,97350
2021-06-17,1464.75,1464.9,1432.7,1445.0,165886
2021-06-18,1449.0,1469.7,1442.25,1451.45,168943
2021-06-21,1449.7,1475.05,1449.6,1470.35,112505
2021-06-22,1470.95,1476.9,1452.7,1475.25,137554
2021-06-23,1478.0,1483.3,1463.0,1473.0,58158
2021-06-24,1473.0,1474.85,1437.15,1440.1,137099
2021-06-25,1450.0,1450.0,1425.75,1433.0,88066
2021-06-28,1433.5,1443.9,1421.9,1435.5,56787
2021-06-29,1435.5,1440.1,1388.8,1396.6,184146
2021-06-30,1392.0,1426.2,1378.2,1424.1,116212
2021-07-01,1426.8,1438.55,1407.55,1412.8,101879
2021-07-02,1416.95,1431.75,1409.5,1427.75,102916
2021-07-05,1431.7,1439.45,1404.1,1419.5,105354
2021-07-06,1425.0,1435.9,1410.0,1420.55,106673
2021-07-07,1425.05,1452.95,1420.0,1452.55,122144
2021-07-08,1442.2,1475.5,1436.25,1454.9,126874
2021-07-09,1454.5,1454.5,1411.1,1419.0,175274
2021-07-12,1411.6,1420.0,1406.4,1418.25,60546
2021-07-13,1418.6,1435.7,1413.0,1431.9,99175
2021-07-14,1432.15,1442.5,1417.0,1427.5,88181
2021-07-15,1433.5,1455.0,1426.35,1440.0,137871
2021-07-16,1437.95,1440.55,1403.9,1405.6,103903
2021-07-19,1400.15,1414.45,1383.05,1400.1,106224
2021-07-20,1399.95,1405.5,1381.9,1384.55,86398
2021-07-21,1382.0,1387.65,1364.0,1369.3,112027
2021-07-22,1375.0,1391.35,1364.4,1389.1,59619
2021-07-23,1389.2,1394.0,1355.0,1366.1,94262
2021-07-26,1368.8,1385.4,1362.45,1372.4,58285
2021-07-27,1366.6,1370.15,1355.75,1359.05,76338
2021-07-28,1353.0,1377.5,1353.0,1377.5,92115
2021-07-29,1382.5,1414.5,1380.0,1410.55,127710
2021-07-30,1405.5,1412.5,1390.2,1400.0,90803
2021-08-02,1403.95,1410.0,1382.1,1389.6,81002
2021-08-03,1385.0,1403.15,1381.65,1403.0,53290
2021-08-04,1405.15,1422.35,1398.2,1406.0,84979
2021-08-05,1409.6,1412.5,1385.05,1394.05,69435
2021-08-06,1389.45,1391.7,1360.15,1367.4,95927
2021-08-09,1361.95,1370.0,1350.8,1355.85,90268
2021-08-10,1362.0,1363.5,1336.0,1350.0,104049
2021-08-11,1350.1,1352.7,1331.5,1340.05,134223
2021-08-12,1340.25,1351.0,1335.0,1343.25,68061
2021-08-13,1348.7,1350.0,1341.0,1349.25,70028
2021-08-16,1342.2,1348.25,1336.65,1338.0,88073
2021-08-17,1338.0,1361.0,1335.5,1356.1,148429
2021-08-18,1354.35,1362.4,1340.1,1344.85,81662
2021-08-19,1340.05,1374.95,1337.95,1357.75,151936
2021-08-20,1365.9,1374.95,1344.25,1347.65,99097
2021-08-23,1354.9,1375.3,1342.25,1372.85,65732
2021-08-24,1377.65,1383.7,1359.5,1371.0,77433
2021-08-25,1363.0,1366.7,1354.0,1356.55,60430
2021-08-26,1355.6,1359.65,1338.0,1346.35,71781
2021-08-27,1348.6,1353.5,1336.0,1352.9,74847
2021-08-30,1353.6,1355.0,1343.15,1345.8,49913
2021-08-31,1348.2,1349.0,1308.25,1325.95,237088
2021-09-01,1327.0,1331.0,1311.0,1325.8,151542
2021-09-02,1326.15,1341.25,1319.1,1331.1,165135
2021-09-03,1337.35,1362.35,1322.3,1358.3,159864
2021-09-06,1360.0,1365.85,1338.9,1351.8,61983
2021-09-07,1345.0,1347.55,1332.05,1333.0,83109
2021-09-08,1332.5,1346.0,1316.75,1328.3,155774
2021-09-09,1332.0,1354.4,1317.55,1329.55,115215
2021-09-10,1335.0,1336.45,1312.15,1316.2,85823
2021-09-13,1316.2,1317.55,1290.55,1298.8,142838
2021-09-14,1300.0,1300.0,1277.5,1290.5,173192
2021-09-15,1291.0,1294.95,1260.1,1263.05,160466
2021-09-16,1260.0,1262.45,1226.55,1242.5,223304
2021-09-17,1250.0,1277.25,1237.0,1254.55,247666
2021-09-20,1254.55,1300.0,1249.2,1288.0,317454
2021-09-21,1279.85,1283.85,1261.4,1276.05,124682
2021-09-22,1275.0,1287.5,1267.8,1273.55,97911
2021-09-23,1271.0,1279.55,1244.3,1258.25,135204
2021-09-24,1268.5,1268.5,1231.0,1234.05,111839
2021-09-27,1237.0,1241.0,1204.0,1208.0,164093
2021-09-28,1200.0,1202.95,1186.0,1188.2,133077
2021-09-29,1188.2,1208.8,1165.1,1169.45,159055
2021-09-30,1168.9,1204.9,1152.5,1204.8,176419
2021-10-01,1204.95,1207.7,1178.0,1182.05,137604
2021-10-04,1184.05,1193.9,1154.8,1193.2,141170
2021-10-05,1195.85,1213.8,1181.0,1212.4,152434
2021-10-06,1212.4,1223.0,1202.8,1215.95,162017
2021-10-07,1220.0,1249.35,1213.15,1236.0,189370
2021-10-08,1210.0,1257.75,1197.7,1238.1,194029
2021-10-11,1245.0,1245.35,1214.05,1221.9,106266
2021-10-12,1228.8,1278.7,1226.0,1271.1,183598
2021-10-13,1280.0,1331.45,1272.55,1324.4,354701
2021-10-14,1327.9,1379.75,1316.55,1368.8,355609
2021-10-15,1368.0,1369.05,1328.0,1336.35,235755
2021-10-18,1335.3,1360.45,1322.75,1345.35,168396
2021-10-19,1357.85,1399.0,1351.2,1387.9,210408
2021-10-20,1392.15,1436.45,1382.45,1385.0,342580
2021-10-21,1391.2,1414.5,1386.5,1401.35,129362
2021-10-22,1412.75,1447.55,1392.25,1426.1,226224
2021-10-25,1428.0,1439.0,1396.75,1407.0,137673
2021-10-26,1402.5,1409.45,1365.1,1366.2,133812
2021-10-27,1365.05,1421.3,1354.15,1414.95,195643
2021-10-28,1417.65,1434.0,1405.05,1409.0,194753
2021-10-29,1400.05,1415.25,1392.0,1398.55,144676
2021-11-01,1398.7,1417.15,1397.55,1415.0,82350
2021-11-02,1418.75,1428.6,1405.55,1409.05,79009
2021-11-03,1411.55,1415.0,1375.8,1406.65,134784
2021-11-05,1417.0,1458.6,1415.05,1449.85,173582
2021-11-08,1459.75,1495.0,1452.7,1485.8,228760
2021-11-09,1477.7,1484.75,1457.0,1480.0,115625
2021-11-10,1475.0,1522.0,1462.05,1511.7,239278
2021-11-11,1520.9,1593.25,1517.5,1578.5,443935
2021-11-12,1576.0,1611.3,1561.65,1597.2,402144
2021-11-15,1592.7,1609.5,1568.2,1575.0,145130
2021-11-16,1586.0,1616.0,1575.0,1577.65,200761
2021-11-17,1588.9,1595.05,1566.75,1578.0,124549
2021-11-18,1578.0,1593.9,1567.3,1580.45,113969
2021-11-19,1579.0,1601.0,1572.0,1579.85,125950
2021-11-22,1569.15,1581.2,1477.7,1490.4,373782
2021-11-23,1500.0,1542.35,1460.0,1475.1,352860
2021-11-24,1482.55,1496.5,1400.4,1428.05,321868
2021-11-25,1444.8,1449.1,1420.0,1437.2,115586
2021-11-26,1452.0,1466.95,1410.85,1419.45,268887
2021-11-29,1432.5,1432.5,1380.0,1397.7,210173
2021-11-30,1406.7,1461.5,1383.15,1417.0,390448
2021-12-01,1430.0,1439.95,1387.05,1396.0,149114
2021-12-02,1395.25,1404.75,1369.2,1377.6,117126
2021-12-03,1384.95,1399.5,1339.6,1397.55,198189
2021-12-06,1397.5,1403.4,1357.9,1373.8,84494
2021-12-07,1377.4,1396.5,1361.9,1371.9,121336
2021-12-08,1378.4,1387.0,1346.2,1355.5,95304
2021-12-09,1360.8,1360.8,1306.2,1315.05,132918
2021-12-10,1317.95,1318.2,1287.2,1294.3,131549
2021-12-13,1299.55,1308.2,1246.5,1261.8,163279
2021-12-14,1250.8,1264.5,1190.0,1239.35,164812
2021-12-15,1245.1,1263.0,1231.4,1254.55,137705
2021-12-16,1260.0,1289.9,1247.65,1285.0,153731
2021-12-17,1289.9,1363.35,1274.25,1348.25,555124
2021-12-20,1348.35,1388.8,1312.0,1323.2,203351
2021-12-21,1320.1,1333.0,1293.1,1300.45,155498
2021-12-22,1315.0,1315.0,1287.1,1302.6,139371
2021-12-23,1312.95,1318.0,1282.5,1292.55,143017
2021-12-24,1290.55,1303.2,1278.0,1301.0,69929
2021-12-27,1301.0,1311.0,1292.9,1304.6,66374
2021-12-28,1304.55,1313.4,1293.55,1296.05,117850
2021-12-29,1296.55,1304.4,1263.75,1279.3,148646
2021-12-30,1279.8,1312.0,1268.05,1308.7,111897
2022-01-03,1312.0,1325.9,1286.6,1296.45,92344
2022-01-04,1304.65,1307.25,1279.4,1299.6,101454
2022-01-05,1300.55,1301.5,1251.0,1255.15,174902
2022-01-06,1255.0,1282.45,1218.05,1231.5,180954
2022-01-10,1232.0,1251.35,1210.0,1225.15,168316
2022-01-11,1229.9,1243.45,1217.5,1238.1,122127
2022-01-12,1238.0,1241.3,1211.0,1238.6,217747
2022-01-13,1235.0,1241.45,1212.8,1223.3,171373
2022-01-14,1223.0,1236.65,1185.15,1192.9,236457
2022-01-17,1204.3,1204.6,1138.45,1160.7,221266
2022-01-18,1164.0,1164.7,1103.2,1143.9,262724
2022-01-19,1143.9,1205.0,1110.3,1194.95,514063
2022-01-20,1190.2,1236.9,1164.05,1193.0,394329
2022-01-21,1193.0,1246.3,1173.55,1231.0,344306
2022-01-24,1233.8,1266.2,1162.0,1227.4,414549
2022-01-25,1221.2,1248.65,1169.0,1210.9,243974
2022-01-26,1207.0,1242.0,1183.0,1190.0,202933
2022-01-27,1185.05,1207.9,1168.25,1179.75,276166
2022-01-28,1195.0,1195.0,1155.45,1180.95,156014
2022-01-31,1178.0,1234.8,1177.1,1223.0,183055
2022-02-01,1224.0,1249.5,1211.2,1221.15,192635
2022-02-02,1221.15,1237.95,1206.0,1232.0,107635
2022-02-03,1220.75,1228.9,1185.4,1221.0,146272
2022-02-04,1221.15,1227.5,1183.4,1211.85,162393
2022-02-07,1215.0,1218.85,1191.6,1207.6,90810
2022-02-08,1207.6,1214.95,1181.2,1205.0,130963
2022-02-09,1208.0,1224.85,1195.45,1221.65,183199
2022-02-10,1223.0,1261.0,1217.45,1230.2,200519
2022-02-11,1231.2,1239.4,1193.4,1228.45,173050
2022-02-14,1232.0,1286.5,1213.75,1279.9,298170
2022-02-15,1283.2,1302.55,1240.0,1259.05,257947
2022-02-16,1265.0,1291.3,1247.1,1291.05,181565
2022-02-17,1295.0,1336.95,1268.0,1334.05,344387
2022-02-18,1333.0,1338.8,1289.4,1289.4,288478
2022-02-21,1284.6,1331.65,1170.0,1232.0,450150
2022-02-22,1232.0,1315.0,1133.9,1301.4,505154
2022-02-24,1271.15,1275.4,860.0,981.0,495258
2022-02-25,979.0,1143.9,971.95,1063.3,282390
2022-03-24,1168.1,1300.45,1111.05,1230.0,107835
2022-03-25,1210.0,1246.6,1180.0,1220.0,38684
2022-03-28,1220.0,1228.0,1187.0,1198.5,29277
2022-03-29,1198.5,1214.9,1074.05,1098.25,68794
2022-03-30,1120.0,1218.25,1108.45,1207.4,35224
2022-03-31,1204.5,1289.0,1160.0,1272.7,86096
2022-04-01,1275.05,1287.2,1230.1,1250.0,46559
2022-04-04,1259.2,1299.9,1254.15,1295.05,38100
2022-04-05,1297.0,1395.0,1250.0,1351.2,73072
2022-04-06,1350.0,1394.0,1330.0,1345.0,73826
2022-04-07,1369.95,1412.55,1310.5,1397.5,51319
2022-04-08,1400.0,1410.0,1325.0,1363.6,33818
2022-04-11,1363.6,1439.45,1345.5,1437.55,73247
2022-04-12,1440.0,1495.0,1423.55,1439.25,92460
2022-04-13,1455.0,1455.0,1400.4,1405.1,51142
2022-04-14,1405.1,1412.35,1336.0,1336.5,49559
2022-04-15,1340.0,1418.05,1260.0,1390.0,56798
2022-04-18,1399.9,1428.35,1362.6,1370.0,31600
2022-04-19,1371.15,1395.7,1337.25,1365.0,32241
2022-04-20,1367.0,1384.8,1343.9,1384.8,27398
2022-04-21,1378.5,1378.5,1330.6,1364.2,34978
2022-04-22,1363.35,1363.35,1325.95,1340.0,13895
2022-04-25,1328.05,1333.95,1270.0,1278.9,25419
2022-04-26,1278.85,1310.0,1275.4,1300.5,33111
2022-04-27,1300.5,1322.05,1285.1,1313.0,35920
2022-04-28,1314.5,1347.5,1304.55,1326.2,44094
2022-04-29,1330.0,1380.0,1316.0,1363.0,40304
2022-05-04,1363.0,1374.4,1330.95,1349.8,25511
2022-05-05,1358.0,1390.0,1345.5,1361.5,52264
2022-05-06,1361.2,1361.45,1335.1,1348.5,17320
2022-05-11,1346.85,1348.45,1300.8,1310.0,32634
2022-05-12,1310.0,1310.0,1250.0,1275.7,26048
2022-05-13,1273.9,1278.95,1227.0,1227.0,29034
2022-05-16,1230.0,1240.0,1200.1,1233.5,50020
2022-05-17,1236.0,1257.25,1230.0,1238.0,42075
2022-05-18,1238.0,1245.0,1224.35,1235.1,40821
2022-05-19,1230.05,1235.0,1204.9,1235.0,18896
2022-05-20,1236.0,1245.45,1200.0,1200.0,29504
2022-05-23,1209.2,1212.4,1160.0,1162.45,24936
2022-05-24,1166.3,1169.8,1092.05,1146.1,37739
2022-05-25,1146.1,1165.0,1126.1,1165.0,24725
2022-05-26,1164.0,1177.0,1141.7,1166.6,30588
2022-05-27,1164.5,1190.6,1140.1,1144.0,26688
2022-05-30,1159.8,1180.0,1110.0,1180.0,35019
2022-05-31,1180.0,1180.0,1132.55,1162.4,23153
2022-06-01,1141.25,1156.7,1134.25,1156.7,24378
2022-06-02,1150.0,1156.7,1130.3,1140.0,19069
2022-06-03,1142.0,1148.9,1111.0,1114.5,31213
2022-06-06,1114.5,1120.0,1101.1,1109.0,17893
2022-06-07,1109.0,1114.1,1057.0,1084.9,49495
2022-06-08,1080.55,1096.85,1067.0,1079.95,27438
2022-06-09,1079.95,1084.55,1040.7,1068.0,31840
2022-06-10,1051.5,1059.85,1012.65,1019.2,56356
2022-06-14,1015.7,1035.7,1001.05,1030.0,40535
2022-06-15,1019.7,1030.0,1011.4,1015.2,31015
2022-06-16,1024.05,1025.0,1010.0,1024.5,39846
2022-06-17,1024.9,1035.05,1011.5,1035.05,43427
2022-06-20,1032.05,1040.85,1015.0,1022.8,70131
2022-06-21,1022.45,1023.9,973.0,977.7,107424
2022-06-22,969.95,969.95,946.0,960.95,100864
2022-06-23,955.0,956.9,910.65,928.8,119727
2022-06-24,929.9,943.95,912.2,943.15,81451
2022-06-27,915.0,922.0,900.2,922.0,99382
2022-06-28,918.3,922.0,901.0,910.1,61038
2022-06-29,909.5,937.95,904.1,922.5,76766
2022-06-30,926.2,929.0,882.45,885.0,102613
2022-07-01,883.05,895.85,836.25,846.4,98412
2022-07-04,848.45,850.5,785.55,799.75,169244
2022-07-05,796.5,817.4,792.5,810.0,106655
2022-07-06,809.8,830.0,798.0,802.0,92301
2022-07-07,802.0,834.2,800.9,822.5,97282
2022-07-08,830.5,849.6,812.0,837.6,74628
2022-07-11,840.0,867.3,828.0,848.4,121258
2022-07-12,849.1,856.7,812.9,832.0,79749
2022-07-13,838.5,838.85,786.2,817.1,113175
2022-07-14,815.0,834.2,807.1,818.2,50193
2022-07-15,820.6,837.5,812.0,837.5,32672
2022-07-18,837.0,849.4,827.15,827.15,39983
2022-07-19,829.0,834.4,810.7,826.0,28182
2022-07-20,827.15,835.3,811.7,817.95,33882
2022-07-21,813.2,816.8,787.05,793.35,81978
2022-07-22,792.0,792.0,751.1,771.7,94791
2022-07-25,770.65,784.3,753.9,767.65,93572
2022-07-26,767.6,799.85,767.6,799.85,61379
2022-07-27,800.3,827.9,800.3,815.55,74322
2022-07-28,824.0,837.35,795.8,824.25,78666
2022-07-29,829.65,864.4,819.5,864.4,93195
2022-08-01,865.4,885.05,827.5,852.7,206898
2022-08-02,850.0,864.8,809.55,809.55,90794
2022-08-03,809.7,816.65,777.5,781.3,179901
2022-08-04,783.7,786.5,747.9,751.4,167515
2022-08-05,750.6,755.0,715.55,726.1,183380
2022-08-08,725.6,753.5,720.0,720.0,139421
2022-08-09,720.0,725.0,695.1,710.0,204570
2022-08-10,711.0,747.6,700.4,743.9,182716
2022-08-11,746.15,767.7,735.0,747.55,186902
2022-08-12,748.5,753.55,732.5,751.0,104308
2022-08-15,752.0,769.95,744.05,761.0,79872
2022-08-16,763.8,797.9,760.35,797.5,130074
2022-08-17,801.0,807.7,778.25,785.5,111523
2022-08-18,785.5,789.7,767.0,781.45,104371
2022-08-19,780.15,794.5,772.7,789.0,64863
2022-08-22,780.9,788.0,771.45,775.0,68270
2022-08-23,775.0,785.05,771.4,782.0,51917
2022-08-24,783.0,793.5,782.0,790.8,55682
2022-08-25,793.0,818.25,793.0,800.1,117548
2022-08-26,800.1,823.5,786.2,819.7,88988
2022-08-29,820.0,823.0,805.0,819.8,69558
2022-08-30,820.0,841.25,814.6,818.0,150282
2022-08-31,818.45,832.0,806.0,832.0,98538
2022-09-01,828.8,835.8,815.55,827.5,77369
2022-09-02,829.75,837.85,827.6,837.85,72111
2022-09-05,837.85,844.85,824.85,831.5,119725
2022-09-06,831.6,859.5,775.75,805.0,535830
2022-09-07,805.1,814.75,793.45,797.0,99360
2022-09-08,805.0,805.0,795.1,797.5,62487
2022-09-09,803.0,822.5,801.0,820.8,145711
2022-09-12,822.8,834.45,817.0,831.45,81648
2022-09-13,832.0,836.45,817.0,818.2,86363
2022-09-14,813.65,816.8,801.9,815.2,68009
2022-09-15,814.75,817.7,807.5,811.0,58254
2022-09-16,810.0,813.3,777.1,803.2,77843
2022-09-19,804.3,814.5,795.8,807.2,66290
2022-09-20,809.9,813.0,719.6,744.8,240623
2022-09-21,695.0,744.45,661.7,701.95,184654
2022-09-22,700.15,719.0,686.0,694.95,148556
2022-09-23,694.95,696.5,629.25,636.6,219072
2022-09-26,629.2,630.0,550.0,557.25,227462
2022-09-27,568.25,578.45,515.1,548.4,227021
2022-09-28,547.5,547.5,527.55,539.0,186866
2022-09-29,540.3,543.95,502.0,511.25,249550
2022-09-30,513.85,519.0,491.0,501.8,318927
2022-10-03,502.0,556.0,496.1,555.85,591451
2022-10-04,558.5,607.0,545.75,599.9,703023
2022-10-05,601.0,606.0,562.5,579.0,543589
2022-10-06,579.9,589.0,573.1,581.2,228954
2022-10-07,579.5,579.9,531.3,536.0,330781
2022-10-10,521.55,542.5,512.4,530.0,356187
2022-10-11,532.0,539.0,520.85,531.05,235532
2022-10-12,534.0,535.65,519.0,521.0,180033
2022-10-13,520.0,529.0,513.1,523.0,285643
2022-10-14,526.0,526.0,507.1,511.9,196747
2022-10-17,514.5,536.8,511.05,535.2,259889
2022-10-18,535.0,575.0,525.2,557.0,629569
2022-10-19,552.5,569.5,544.2,566.35,360736
2022-10-20,566.4,605.0,561.55,594.3,532350
2022-10-21,595.0,629.5,581.25,625.05,768090
2022-10-24,630.8,646.5,616.0,621.3,418479
2022-10-25,619.0,639.5,616.15,630.8,286768
2022-10-26,634.55,640.95,600.7,611.4,440376
2022-10-27,612.95,624.9,605.0,611.65,293580
2022-10-28,612.0,612.0,594.0,603.05,268807
2022-10-31,603.75,623.5,597.3,604.7,292971
2022-11-01,605.15,614.35,598.5,605.6,159553
2022-11-02,606.0,606.8,583.0,590.05,160703
2022-11-03,589.95,597.0,585.0,590.8,205534
2022-11-07,601.55,620.0,599.05,617.85,340992
2022-11-08,618.0,659.4,606.5,650.85,523805
2022-11-09,653.0,672.8,636.1,643.45,658618
2022-11-10,645.65,672.0,637.7,671.5,405391
2022-11-11,673.5,683.95,665.2,673.3,316370
2022-11-14,673.0,680.0,661.1,668.2,205221
2022-11-15,668.0,677.5,621.0,648.2,388339
2022-11-16,650.0,666.7,645.1,663.4,203686
2022-11-17,663.4,665.3,647.0,657.45,130684
2022-11-18,657.0,661.0,651.15,657.5,74203
2022-11-21,654.65,654.75,633.1,642.8,212749
2022-11-22,643.5,677.0,637.0,674.15,347858
2022-11-23,676.7,717.85,673.85,714.05,976054
2022-11-24,715.9,723.7,694.25,706.8,502582
2022-11-25,708.8,709.5,691.0,700.8,299921
2022-11-28,697.1,721.9,688.6,715.05,415277
2022-11-29,717.5,734.4,715.9,723.7,415618
2022-11-30,724.8,734.05,716.7,733.85,316107
2022-12-01,740.0,754.0,733.0,752.5,585511
2022-12-02,749.9,766.0,737.4,750.45,650018
2022-12-05,753.35,764.0,736.65,744.65,385906
2022-12-06,740.2,747.9,732.6,738.2,251525
2022-12-07,738.0,746.7,726.5,745.25,236455
2022-12-08,747.3,749.5,735.05,740.2,177161
2022-12-09,742.6,746.0,736.9,742.05,150444
2022-12-12,741.0,744.5,737.0,741.8,99737
2022-12-13,742.1,771.0,736.0,763.85,420371
2022-12-14,764.0,783.0,759.35,773.8,374889
2022-12-15,770.9,772.95,742.75,746.3,315982
2022-12-16,747.5,759.7,741.1,752.55,225807
2022-12-19,755.0,760.75,734.8,750.35,255897
2022-12-20,749.0,783.0,747.35,780.3,362053
2022-12-21,785.0,802.95,776.4,785.3,458173
2022-12-22,787.7,800.4,767.2,776.05,283806
2022-12-23,780.0,786.8,771.3,782.35,141784
2022-12-26,781.0,789.85,773.15,780.9,136624
2022-12-27,784.95,788.0,781.0,786.2,126253
2022-12-28,782.5,786.0,775.05,777.0,101442
2022-12-29,777.5,780.2,762.5,773.4,130845
2022-12-30,775.0,777.7,762.8,769.2,113019
2023-01-03,777.8,791.0,775.35,790.3,180375
2023-01-04,794.4,803.6,792.5,801.45,161839
2023-01-05,801.45,801.5,783.3,787.55,124266
2023-01-06,789.05,793.6,778.0,790.5,145785
2023-01-09,798.0,799.95,780.0,784.5,189192
2023-01-10,783.0,790.0,775.1,787.6,124591
2023-01-11,790.5,792.0,785.6,788.15,103052
2023-01-12,789.9,797.45,785.0,793.4,132621
2023-01-13,793.7,812.0,790.15,806.8,294338
2023-01-16,809.5,826.0,807.6,822.8,299549
2023-01-17,822.75,828.0,810.7,812.9,216465
2023-01-18,812.8,824.85,808.05,815.5,163646
2023-01-19,816.0,820.0,803.9,816.45,158990
2023-01-20,816.9,820.5,813.0,817.45,97678
2023-01-23,820.0,826.9,816.15,822.4,131783
2023-01-24,825.0,844.7,825.0,843.5,404338
2023-01-25,847.0,856.95,843.5,856.95,247464
2023-01-26,857.1,876.9,852.85,876.6,419351
2023-01-27,877.45,878.0,866.25,876.8,200047
2023-01-30,883.0,929.8,878.1,925.25,673608
2023-01-31,924.8,951.5,907.0,947.8,666765
2023-02-01,947.5,981.5,935.5,972.0,1084265
2023-02-02,980.0,980.0,943.0,944.9,645288
2023-02-03,944.75,954.5,915.8,924.8,850812
2023-02-06,926.35,943.4,921.0,934.2,314275
2023-02-07,935.0,939.0,902.5,911.15,427163
2023-02-08,909.95,928.7,902.5,921.85,388662
2023-02-09,924.95,929.8,912.1,913.95,189302
2023-02-10,910.25,915.0,904.25,912.35,151353
2023-02-13,912.35,924.0,906.3,908.0,157625
2023-02-14,910.1,914.45,889.0,893.15,282553
2023-02-15,887.65,887.7,808.55,837.5,1014185
2023-02-16,847.3,862.0,830.3,842.7,582271
2023-02-17,830.1,869.35,822.7,866.7,412027
2023-02-20,864.3,894.9,842.2,892.25,666283
2023-02-21,892.65,915.0,882.4,896.35,619415
2023-02-22,899.85,899.85,870.45,874.3,293322
2023-02-24,874.95,884.6,866.1,878.8,174318
2023-02-27,870.5,890.8,870.0,887.8,214138
2023-02-28,889.95,894.0,871.0,878.85,278294
2023-03-01,882.0,898.5,879.0,893.9,278952
2023-03-02,893.0,899.0,878.15,883.6,334088
2023-03-03,889.5,896.9,883.9,895.6,164090
2023-03-06,899.55,906.8,897.2,900.35,138958
2023-03-07,900.7,901.9,888.5,891.95,140933
2023-03-09,890.0,895.45,882.1,889.25,136341
2023-03-10,888.0,904.1,885.6,897.6,161038
2023-03-13,908.0,939.5,905.1,939.5,709444
2023-03-14,943.0,948.8,919.1,923.95,513122
2023-03-15,923.9,937.0,906.45,926.85,568229
2023-03-16,926.05,932.0,917.8,922.0,191282
2023-03-17,924.95,947.5,922.0,941.2,328168
2023-03-20,949.4,960.0,937.5,941.95,411778
2023-03-21,939.0,942.95,926.15,931.0,184062
2023-03-22,932.05,953.2,928.9,948.8,263240
2023-03-23,953.1,959.0,943.1,948.8,260227
2023-03-24,947.5,953.95,944.0,947.5,122087
2023-03-27,946.55,949.5,934.1,940.85,196064
2023-03-28,940.0,949.5,931.1,944.9,206583
2023-03-29,941.5,946.85,940.6,942.75,90608
2023-03-30,944.6,948.5,940.1,945.4,86674
2023-03-31,948.25,950.0,934.5,944.15,141934
2023-04-03,942.1,967.5,937.5,960.0,239842
2023-04-04,960.0,975.0,955.0,972.5,250073
2023-04-05,975.0,978.9,962.6,969.9,195487
2023-04-06,966.75,971.0,957.2,958.95,124478
2023-04-07,960.1,964.5,951.65,960.0,100126
2023-04-10,958.0,968.65,955.55,966.65,120750
2023-04-11,968.75,990.95,955.75,961.9,396062
2023-04-12,967.9,976.75,956.75,967.3,142399
2023-04-13,969.9,988.85,966.1,988.3,246769
2023-04-14,989.3,997.6,972.5,983.5,285801
2023-04-17,988.3,1036.95,984.95,1035.4,614728
2023-04-18,1036.8,1048.8,1024.5,1042.15,310159
2023-04-19,1041.95,1041.95,1012.5,1019.75,271102
2023-04-20,1020.5,1047.0,1010.1,1041.1,240253
2023-04-21,1038.0,1043.75,1025.0,1038.25,119569
2023-04-24,1038.0,1059.5,1037.0,1054.0,218118
2023-04-25,1055.5,1060.0,1042.9,1054.3,161628
2023-04-26,1055.5,1059.2,1050.0,1054.3,118351
2023-04-27,1058.5,1064.5,1050.6,1058.6,151099
2023-04-28,1058.6,1060.8,1000.1,1040.4,227547
2023-05-02,1032.55,1049.0,1028.0,1046.0,166239
2023-05-03,1048.3,1052.7,1021.35,1031.95,200933
2023-05-04,1034.55,1060.0,1030.0,1057.5,264958
2023-05-05,1060.0,1062.0,1035.15,1047.4,163070
2023-05-08,1046.0,1055.0,1044.3,1050.7,47832
2023-05-10,1050.7,1075.0,1050.0,1074.25,235941
2023-05-11,1077.7,1079.3,1025.2,1043.95,528499
2023-05-12,1044.5,1052.2,1034.1,1045.4,130015
2023-05-15,1048.5,1056.6,1046.25,1051.05,110382
2023-05-16,1052.6,1055.0,1045.2,1051.25,91488
2023-05-17,1050.0,1051.0,1039.0,1044.8,67619
2023-05-18,1044.7,1044.75,1028.05,1033.75,107500
2023-05-19,1020.0,1027.8,985.0,1017.5,406326
2023-05-22,1020.6,1026.5,993.0,995.4,137804
2023-05-23,995.1,1020.0,984.0,1005.3,245267
2023-05-24,1012.2,1019.75,1005.05,1012.8,107683
2023-05-25,1015.0,1016.85,999.0,1005.4,75911
2023-05-26,1007.1,1022.5,1005.0,1020.15,81590
2023-05-29,1025.0,1099.6,1022.0,1077.3,438082
2023-05-30,1064.8,1079.35,1040.2,1051.2,244475
2023-05-31,1057.6,1077.75,1037.05,1059.4,199543
2023-06-01,1060.05,1070.5,1053.9,1062.25,94923
2023-06-02,1065.45,1069.0,1050.1,1055.0,146729
2023-06-05,1060.0,1060.0,995.0,1018.2,336633
2023-06-06,1018.5,1035.1,993.5,1028.75,894524
2023-06-07,1027.0,1043.2,1020.05,1031.5,213876
2023-06-08,1034.0,1036.9,1020.85,1033.7,96933
2023-06-09,1033.8,1036.75,1026.1,1031.3,58649
2023-06-13,1032.0,1040.0,1025.0,1035.8,157638
2023-06-14,1037.25,1047.0,1030.0,1039.5,111888
2023-06-15,1036.4,1048.5,1032.0,1045.0,118437
2023-06-16,1047.0,1071.1,1042.05,1067.1,239896
2023-06-19,1067.2,1075.4,1055.75,1064.9,153412
2023-06-20,1064.9,1105.6,1060.35,1098.0,370242
2023-06-21,1097.9,1138.0,1086.75,1127.3,363747
2023-06-22,1126.8,1148.0,1110.9,1115.15,455145
2023-06-23,1113.0,1117.5,1072.6,1084.55,314908
2023-06-26,1115.0,1115.0,1047.4,1079.55,327164
2023-06-27,1080.1,1097.6,1062.0,1087.6,175864
2023-06-28,1087.4,1095.0,1069.05,1086.1,101965
2023-06-29,1086.75,1095.0,1074.0,1079.8,84515
2023-06-30,1082.5,1088.75,1072.0,1080.4,80574
2023-07-03,1082.2,1089.9,1061.35,1071.7,151066
2023-07-04,1074.7,1078.5,1066.0,1072.0,90798
2023-07-05,1074.2,1093.25,1070.5,1084.7,202564
2023-07-06,1088.2,1094.65,1072.55,1078.0,131476
2023-07-07,1078.0,1083.1,1065.0,1071.25,121705
2023-07-10,1074.0,1230.85,1073.05,1095.95,3009192
2023-07-11,1102.25,1104.5,1060.0,1075.6,746954
2023-07-12,1075.55,1084.85,1065.1,1077.4,238585
2023-07-13,1079.7,1082.7,1068.55,1072.8,165827
2023-07-14,1072.8,1086.45,1065.4,1082.3,193791
2023-07-17,1079.05,1118.75,1075.0,1115.2,305065
2023-07-18,1118.2,1146.8,1116.1,1141.1,482528
2023-07-19,1144.8,1153.05,1125.35,1143.8,335355
2023-07-20,1147.3,1173.8,1135.5,1152.15,436531
2023-07-21,1153.5,1168.0,1148.2,1154.6,165474
2023-07-24,1152.5,1164.25,1146.6,1152.45,128801
2023-07-25,1152.55,1168.0,1148.25,1164.3,148860
2023-07-26,1166.15,1179.35,1147.5,1161.5,286754
2023-07-27,1162.1,1174.7,1158.1,1165.95,122698
2023-07-28,1165.0,1172.5,1159.55,1168.5,93444
2023-07-31,1172.8,1192.5,1169.15,1189.2,156799
2023-08-01,1192.0,1192.25,1173.0,1178.5,103067
2023-08-02,1180.0,1188.55,1173.7,1179.95,74256
2023-08-03,1181.9,1185.0,1172.0,1182.05,89214
2023-08-04,1182.05,1186.95,1150.0,1162.25,155814
2023-08-07,1164.2,1183.6,1160.0,1163.95,135101
2023-08-08,1167.45,1167.45,1130.75,1150.45,118009
2023-08-09,1151.0,1156.75,1142.0,1150.55,73095
2023-08-10,1150.6,1172.0,1148.0,1169.75,117002
2023-08-11,1169.65,1177.75,1165.8,1167.8,82077
2023-08-14,1171.45,1182.5,1145.2,1147.1,159407
2023-08-15,1147.1,1165.3,1130.8,1152.15,107365
2023-08-16,1153.0,1160.0,1115.0,1126.85,131300
2023-08-17,1131.8,1138.2,1115.6,1131.7,97027
2023-08-18,1133.75,1162.0,1125.1,1158.8,134533
2023-08-21,1160.5,1169.05,1140.25,1149.15,115541
2023-08-22,1150.0,1150.95,1138.25,1142.0,63401
2023-08-23,1143.5,1158.45,1131.35,1140.45,137544
2023-08-24,1145.0,1151.0,1135.75,1146.8,58427
2023-08-25,1143.5,1148.7,1140.45,1145.5,43122
2023-08-28,1147.15,1180.0,1147.0,1174.8,161440
2023-08-29,1178.6,1184.5,1155.5,1167.4,252158
2023-08-30,1167.4,1171.95,1158.1,1167.05,63477
2023-08-31,1167.05,1175.0,1163.2,1167.1,48876
2023-09-01,1167.1,1199.1,1164.8,1182.4,160325
2023-09-04,1190.0,1214.25,1186.1,1207.3,150827
2023-09-05,1209.0,1215.0,1195.3,1203.7,141963
2023-09-06,1203.4,1203.4,1183.1,1185.7,89303
2023-09-07,1184.0,1189.05,1151.55,1165.35,145474
2023-09-08,1165.35,1171.6,1127.75,1138.9,120602
2023-09-11,1138.0,1162.0,1132.5,1139.55,111980
2023-09-12,1140.55,1153.05,1133.65,1147.1,96827
2023-09-13,1148.5,1158.3,1143.9,1148.85,59338
2023-09-14,1145.0,1150.0,1120.1,1145.65,99712
2023-09-15,1145.0,1165.85,1142.0,1159.35,79023
2023-09-18,1165.0,1169.0,1147.6,1164.2,66045
2023-09-19,1162.0,1167.55,1127.75,1135.2,107101
2023-09-20,1135.5,1147.1,1112.55,1141.85,102629
2023-09-21,1140.5,1146.0,1114.9,1116.1,113800
2023-09-22,1118.5,1123.9,1083.8,1115.9,129647
2023-09-25,1121.95,1123.5,1100.0,1103.2,59871
2023-09-26,1102.6,1119.75,1087.95,1109.4,89385
2023-09-27,1109.4,1135.0,1109.4,1122.3,57735
2023-09-28,1119.7,1132.2,1114.2,1123.7,42693
2023-09-29,1125.3,1160.0,1123.55,1141.8,130210
2023-10-02,1146.75,1146.8,1117.7,1118.1,112167
2023-10-03,1116.6,1143.3,1110.15,1139.6,94252
2023-10-04,1137.45,1146.3,1134.0,1137.0,48626
2023-10-05,1138.1,1142.0,1130.0,1136.25,46048
2023-10-06,1137.1,1155.0,1136.25,1148.65,50192
2023-10-09,1153.2,1169.8,1153.2,1162.7,72679
2023-10-10,1161.95,1167.7,1147.5,1156.95,67698
2023-10-11,1157.2,1177.95,1140.1,1145.7,93070
2023-10-12,1142.5,1160.0,1142.5,1151.35,53899
2023-10-13,1154.5,1175.0,1150.6,1168.6,86657
2023-10-16,1172.0,1179.6,1165.4,1171.55,64391
2023-10-17,1172.45,1190.0,1168.0,1184.95,95427
2023-10-18,1185.05,1198.75,1181.8,1192.85,80442
2023-10-19,1192.7,1199.9,1175.0,1188.75,102836
2023-10-20,1190.0,1190.9,1177.5,1182.9,78793
2023-10-23,1187.9,1187.9,1175.15,1179.7,46797
2023-10-24,1180.0,1180.2,1163.0,1175.9,65204
2023-10-25,1178.8,1187.4,1163.2,1175.6,63172
2023-10-26,1180.0,1182.65,1155.0,1157.7,69207
2023-10-27,1157.7,1180.0,1142.6,1172.6,73508
2023-10-30,1173.6,1186.7,1164.1,1165.0,83590
2023-10-31,1165.0,1165.6,1122.35,1132.3,89532
2023-11-01,1132.3,1148.8,1132.3,1147.25,50003
2023-11-02,1147.2,1149.8,1140.0,1140.05,39267
2023-11-03,1140.0,1145.8,1130.1,1141.35,40235
2023-11-06,1141.55,1147.55,1130.0,1136.35,59974
2023-11-07,1139.8,1140.0,1130.1,1135.15,63433
2023-11-08,1135.5,1139.65,1125.9,1129.45,90314
2023-11-09,1128.7,1136.0,1120.0,1128.55,87710
2023-11-10,1129.95,1129.95,1114.5,1117.9,87464
2023-11-13,1117.8,1142.8,1117.5,1125.6,79770
2023-11-14,1124.0,1134.85,1105.8,1130.85,76285
2023-11-15,1132.65,1135.0,1121.0,1126.3,45576
2023-11-16,1126.4,1134.0,1120.0,1120.7,39909
2023-11-17,1120.0,1134.6,1117.1,1122.0,99479
2023-11-20,1121.35,1126.95,1117.8,1120.9,36320
2023-11-21,1125.0,1135.0,1120.75,1133.85,64165
2023-11-22,1135.05,1147.25,1126.5,1131.3,84386
2023-11-23,1134.9,1136.0,1123.75,1133.95,36573
2023-11-24,1134.2,1135.75,1111.0,1120.5,75473
2023-11-27,1124.45,1125.05,1100.15,1100.15,48270
2023-11-28,1100.5,1124.6,1100.5,1119.5,73549
2023-11-29,1123.2,1127.4,1101.65,1107.95,57789
2023-11-30,1108.7,1111.45,1076.1,1079.8,109979
2023-12-01,1080.0,1099.85,1060.1,1097.15,165498
2023-12-04,1110.0,1118.6,1070.1,1071.0,126798
2023-12-05,1071.0,1084.0,1070.05,1075.25,56846
2023-12-06,1079.15,1085.0,1050.7,1055.15,75240
2023-12-07,1058.35,1067.2,1050.7,1060.2,89072
2023-12-08,1060.75,1076.95,1050.0,1050.8,89637
2023-12-11,1051.0,1052.5,1005.05,1005.05,140713
2023-12-12,1006.1,1009.9,982.5,997.6,163501
2023-12-13,994.1,1014.0,991.4,1006.1,94392
2023-12-14,1011.45,1019.5,988.5,988.5,110617
2023-12-15,996.8,1026.95,990.6,1019.4,80452
2023-12-18,1025.5,1030.85,1019.0,1024.25,77187
2023-12-19,1024.45,1048.75,1024.45,1040.35,145852
2023-12-20,1042.5,1063.5,1040.5,1062.65,121708
2023-12-21,1063.5,1068.0,1045.2,1059.35,105477
2023-12-22,1064.75,1072.5,1048.35,1055.55,106132
2023-12-25,1062.95,1062.95,1045.0,1049.65,65256
2023-12-26,1055.0,1070.4,1050.0,1061.3,87236
2023-12-27,1064.0,1069.8,1060.1,1067.0,62333
2023-12-28,1067.1,1078.5,1060.5,1061.95,89860
2023-12-29,1062.0,1068.4,1053.15,1067.45,45115
2024-01-03,1070.0,1092.0,1068.05,1083.0,53721
2024-01-04,1090.45,1090.45,1076.0,1086.25,24870
2024-01-05,1088.0,1088.0,1078.5,1080.0,16200
2024-01-08,1085.5,1091.8,1072.65,1090.0,48800
2024-01-09,1092.05,1101.9,1086.05,1089.85,55728
2024-01-10,1089.9,1090.2,1080.65,1080.9,31929
2024-01-11,1081.2,1088.6,1068.45,1085.15,99210
2024-01-12,1087.8,1120.85,1086.8,1099.9,138223
2024-01-15,1102.15,1110.35,1093.0,1104.9,60405
2024-01-16,1105.0,1106.85,1095.55,1099.55,35792
2024-01-17,1099.55,1104.4,1094.95,1096.6,33764
2024-01-18,1096.6,1113.75,1096.6,1103.05,58891
2024-01-19,1101.5,1113.7,1098.3,1100.3,52723
2024-01-22,1104.95,1109.25,1099.5,1106.3,38166
2024-01-23,1108.4,1108.45,1101.35,1105.2,24213
2024-01-24,1103.0,1111.0,1093.5,1093.6,61912
2024-01-25,1093.9,1100.0,1087.55,1095.15,53880
2024-01-26,1095.55,1099.55,1094.7,1095.8,27696
2024-01-29,1096.0,1102.0,1096.0,1098.1,28536
2024-01-30,1098.5,1110.0,1094.85,1107.75,71475
2024-01-31,1107.7,1144.0,1105.05,1141.3,154857
2024-02-01,1142.0,1155.0,1125.0,1137.3,143794
2024-02-02,1140.0,1147.7,1126.0,1129.5,52840
2024-02-05,1129.5,1135.85,1126.0,1132.0,37898
2024-02-06,1131.0,1133.5,1127.0,1131.0,29386
2024-02-07,1131.5,1145.6,1131.2,1139.0,61147
2024-02-08,1139.0,1142.05,1113.05,1115.2,137452
2024-02-09,1115.2,1121.0,1106.6,1116.7,76545
2024-02-12,1118.0,1118.0,1102.5,1111.1,57597
2024-02-13,1110.2,1114.0,1106.7,1108.0,40335
2024-02-14,1108.0,1110.8,1098.3,1099.9,70166
2024-02-15,1102.9,1113.4,1091.3,1103.8,68058
2024-02-16,1104.0,1109.85,1077.6,1084.6,119109
2024-02-19,1085.1,1100.95,1081.1,1092.75,81261
2024-02-20,1095.1,1108.65,1061.0,1073.55,99649
2024-02-21,1070.45,1087.6,1064.85,1072.8,91563
2024-02-22,1072.8,1084.35,1068.15,1077.4,56017
2024-02-26,1089.9,1101.4,1086.0,1100.2,67648
2024-02-27,1100.5,1108.7,1086.55,1090.45,66907
2024-02-28,1090.0,1104.7,1089.0,1104.55,58697
2024-02-29,1106.75,1119.5,1095.9,1101.4,168423
2024-03-01,1101.0,1105.3,1089.0,1100.5,75433
2024-03-04,1101.5,1159.8,1101.5,1159.2,287693
2024-03-05,1159.2,1167.4,1136.1,1136.55,250711
2024-03-06,1139.9,1182.95,1137.2,1175.2,252384
2024-03-07,1178.6,1188.45,1160.1,1170.25,152870
2024-03-11,1175.95,1189.95,1165.1,1174.15,106925
2024-03-12,1170.0,1175.3,1155.5,1164.6,87500
2024-03-13,1166.2,1193.55,1162.5,1187.0,118552
2024-03-14,1186.9,1192.9,1171.3,1175.25,125580
2024-03-15,1175.25,1187.6,1175.0,1176.0,98749
2024-03-18,1178.65,1178.9,1157.25,1167.3,88649
2024-03-19,1162.5,1173.3,1146.95,1153.4,104176
2024-03-20,1156.9,1182.5,1137.15,1175.95,125865
2024-03-21,1185.0,1193.6,1163.2,1166.6,170505
2024-03-22,1166.0,1168.05,1125.35,1140.6,192903
2024-03-25,1142.45,1151.9,1127.55,1148.1,124685
2024-03-26,1152.75,1166.65,1146.55,1157.35,95172
2024-03-27,1159.75,1162.85,1140.0,1152.3,145355
2024-03-28,1156.5,1174.95,1147.0,1171.65,139728
2024-03-29,1175.0,1204.75,1172.8,1198.5,308683
2024-04-01,1215.5,1249.75,1210.35,1245.0,405623
2024-04-02,1248.8,1300.0,1248.8,1300.0,410699
2024-04-03,1308.0,1348.0,1300.25,1331.35,532087
2024-04-04,1331.35,1333.45,1303.25,1310.5,243009
2024-04-05,1300.15,1342.0,1275.0,1336.35,531898
2024-04-08,1349.45,1372.9,1326.5,1345.5,299838
2024-04-09,1348.0,1398.4,1343.3,1392.0,474746
2024-04-10,1398.5,1398.6,1366.1,1371.05,217862
2024-04-11,1371.05,1418.0,1371.05,1415.8,244822
2024-04-12,1422.0,1483.15,1421.3,1456.25,866805
2024-04-15,1461.25,1469.85,1424.1,1456.95,414555
2024-04-16,1457.6,1460.0,1439.2,1446.9,177102
2024-04-17,1446.3,1447.95,1413.05,1413.05,203502
2024-04-18,1415.0,1429.8,1408.0,1423.5,114229
2024-04-19,1429.6,1442.75,1417.3,1425.35,109572
2024-04-22,1412.0,1413.45,1377.5,1386.1,258657
2024-04-23,1370.0,1379.4,1350.0,1360.0,249707
2024-04-24,1365.0,1368.8,1330.85,1331.1,173279
2024-04-25,1335.95,1367.8,1331.1,1359.2,203670
2024-04-26,1363.85,1388.25,1362.05,1378.45,142343
2024-04-29,1371.0,1371.0,1351.15,1357.75,57049
2024-04-30,1353.0,1354.05,1317.9,1322.6,128235
2024-05-02,1332.5,1337.8,1318.7,1330.1,100911
2024-05-03,1329.5,1332.75,1301.75,1320.25,134833
2024-05-06,1326.0,1366.9,1325.1,1363.5,179189
2024-05-07,1364.1,1364.7,1342.0,1351.5,92652
2024-05-08,1354.45,1362.0,1344.55,1348.9,51533
2024-05-10,1368.0,1405.0,1367.85,1391.0,203884
2024-05-13,1386.9,1397.0,1374.0,1395.0,114107
2024-05-14,1394.6,1394.6,1376.75,1390.5,85562
2024-05-15,1390.0,1434.0,1390.0,1433.5,189692
2024-05-16,1435.1,1438.8,1409.95,1417.0,108875
2024-05-17,1422.2,1438.0,1405.5,1435.55,122816
2024-05-20,1450.1,1475.25,1441.65,1449.8,257719
2024-05-21,1440.5,1462.65,1423.2,1446.7,131503
2024-05-22,1445.0,1453.5,1391.3,1391.55,171930
2024-05-23,1385.2,1417.8,1366.2,1393.85,241632
2024-05-24,1405.55,1412.3,1370.05,1377.0,164413
2024-05-27,1389.3,1389.3,1318.95,1337.1,202887
2024-05-28,1325.0,1362.2,1302.0,1308.5,233698
2024-05-29,1310.0,1315.0,1243.5,1280.9,641644
2024-05-30,1277.75,1293.0,1243.75,1256.0,184789
2024-05-31,1264.5,1269.0,1203.4,1228.0,211815
2024-06-03,1216.1,1267.1,1150.5,1255.65,338631
2024-06-04,1260.0,1264.8,1206.05,1231.95,190749
2024-06-05,1232.6,1265.5,1222.5,1246.0,150286
2024-06-06,1255.0,1274.0,1243.1,1259.85,118566
2024-06-07,1265.0,1271.7,1227.0,1236.75,197307
2024-06-10,1236.7,1237.45,1200.0,1209.95,129164
2024-06-11,1199.8,1228.9,1182.0,1205.25,200831
2024-06-13,1171.2,1211.75,1110.0,1202.95,122531
2024-06-14,1204.9,1235.0,1200.6,1233.15,101624
2024-06-17,1232.0,1232.8,1206.05,1207.8,67723
2024-06-18,1208.0,1218.05,1177.0,1186.15,140883
2024-06-19,1195.0,1195.0,1116.3,1133.3,270760
2024-06-20,1136.0,1192.95,1126.6,1189.8,293413
2024-06-21,1190.0,1204.4,1167.8,1185.95,96349
2024-06-24,1188.25,1198.95,1170.0,1172.2,74963
2024-06-25,1172.2,1179.7,1154.8,1175.9,109807
2024-06-26,1179.0,1190.0,1167.6,1189.2,84045
2024-06-27,1189.3,1213.4,1178.9,1210.9,93971
2024-06-28,1211.5,1224.7,1206.15,1209.8,95611
2024-07-01,1212.0,1225.5,1195.0,1218.5,78721
2024-07-02,1223.35,1248.0,1220.2,1247.0,121265
2024-07-03,1255.0,1257.95,1229.05,1235.05,123460
2024-07-04,1241.5,1247.0,1206.05,1214.0,96155
2024-07-05,1214.0,1249.8,1210.2,1241.65,121704
2024-07-08,1248.0,1256.75,1211.95,1220.75,138970
2024-07-09,1223.1,1226.35,1175.9,1189.0,131557
2024-07-10,1193.7,1194.0,1135.0,1140.85,165461
2024-07-11,1139.0,1222.5,1137.35,1220.75,209237
2024-07-12,1220.0,1234.5,1196.8,1230.0,194351
2024-07-15,1229.5,1239.15,1190.7,1195.9,119690
2024-07-16,1198.35,1268.35,1195.0,1253.95,327851
2024-07-17,1260.0,1298.6,1246.8,1280.15,363484
2024-07-18,1280.7,1302.8,1268.5,1274.55,190983
2024-07-19,1269.75,1284.9,1255.1,1271.3,130080
2024-07-22,1309.5,1309.5,1280.0,1290.8,117490
2024-07-23,1289.8,1307.5,1280.0,1302.8,136269
2024-07-24,1307.05,1309.0,1290.45,1295.95,72570
2024-07-25,1289.95,1290.0,1271.1,1275.3,81853
2024-07-26,1280.35,1292.75,1240.0,1260.55,172231
2024-07-29,1260.55,1265.8,1224.35,1228.3,95696
2024-07-30,1232.05,1274.4,1225.0,1272.5,94558
2024-07-31,1275.0,1297.9,1262.0,1292.95,145228
2024-08-01,1294.95,1305.3,1280.0,1285.0,190492
2024-08-02,1290.1,1299.85,1250.1,1260.7,125212
2024-08-05,1250.0,1252.0,1200.7,1229.7,216464
2024-08-06,1235.05,1248.75,1225.4,1237.9,76352
2024-08-07,1240.5,1242.9,1212.65,1232.6,82432
2024-08-08,1238.9,1244.5,1226.7,1236.85,67671
2024-08-09,1236.8,1245.0,1228.5,1230.5,41121
2024-08-12,1232.0,1275.0,1217.05,1273.15,153889
2024-08-13,1273.2,1291.4,1262.55,1283.25,109317
2024-08-14,1285.9,1289.2,1247.6,1257.2,124778
2024-08-15,1255.0,1266.0,1250.0,1259.15,73684
2024-08-16,1259.1,1276.5,1250.0,1271.45,117292
2024-08-19,1279.3,1288.15,1260.95,1270.3,147058
2024-08-20,1271.6,1314.5,1265.6,1298.55,309383
2024-08-21,1298.55,1308.95,1279.0,1298.7,149355
2024-08-22,1298.1,1306.35,1236.0,1261.45,154643
2024-08-23,1262.9,1286.6,1254.2,1274.5,156312
2024-08-26,1314.5,1319.65,1285.35,1294.9,144332
2024-08-27,1295.0,1313.95,1276.4,1295.25,227347
2024-08-28,1285.4,1296.6,1250.5,1259.35,134772
2024-08-29,1265.35,1273.9,1227.2,1248.45,144123
2024-08-30,1248.45,1250.9,1191.9,1200.0,195043
2024-09-02,1189.0,1203.4,1135.5,1153.9,199542
2024-09-03,1153.9,1189.9,1135.15,1151.7,185319
2024-09-04,1145.0,1199.0,1140.65,1190.3,152811
2024-09-05,1199.5,1222.5,1186.5,1199.7,186165
2024-09-06,1196.0,1220.0,1193.0,1209.95,86143
2024-09-09,1210.0,1255.0,1204.7,1254.6,130293
2024-09-10,1254.7,1266.3,1235.2,1248.1,96543
2024-09-11,1252.8,1263.75,1238.0,1244.6,102215
2024-09-12,1245.0,1269.95,1238.5,1265.7,147955
2024-09-13,1270.0,1290.0,1246.0,1283.45,190029
2024-09-16,1291.0,1329.8,1291.0,1327.3,202365
2024-09-17,1327.75,1332.0,1305.3,1317.8,132711
2024-09-18,1317.8,1328.4,1290.15,1304.85,203285
2024-09-19,1311.0,1334.5,1310.45,1323.5,175564
2024-09-20,1329.0,1353.0,1327.95,1351.0,146458
2024-09-23,1361.2,1378.0,1351.4,1363.0,160148
2024-09-24,1361.0,1376.5,1335.45,1374.75,208656
2024-09-25,1376.0,1384.5,1341.55,1344.15,180231
2024-09-26,1346.15,1374.55,1342.15,1352.8,175310
2024-09-27,1352.8,1355.0,1331.0,1339.75,126413
2024-09-30,1340.6,1351.0,1313.75,1318.95,128576
2024-10-01,1320.9,1361.2,1312.05,1353.9,180223
2024-10-02,1355.4,1369.2,1339.0,1341.95,136952
2024-10-03,1342.0,1349.0,1326.45,1344.8,114809
2024-10-04,1345.1,1353.9,1340.0,1342.3,101586
2024-10-07,1341.5,1343.0,1328.0,1335.95,71303
2024-10-08,1335.95,1351.55,1325.05,1328.85,104868
2024-10-09,1328.85,1329.6,1297.0,1301.95,98474
2024-10-10,1303.4,1309.95,1292.4,1302.85,93687
2024-10-11,1303.6,1326.85,1303.0,1325.95,104071
2024-10-14,1326.0,1336.8,1325.95,1332.8,84220
2024-10-15,1334.35,1353.5,1325.05,1350.8,80087
2024-10-16,1359.2,1370.0,1344.4,1351.3,111985
2024-10-17,1355.0,1368.4,1347.45,1352.65,101617
2024-10-18,1354.25,1369.9,1354.25,1364.1,95155
2024-10-21,1373.0,1455.5,1373.0,1455.45,1077154
2024-10-22,1463.2,1482.6,1445.3,1460.2,585659
2024-10-23,1463.35,1490.0,1436.8,1450.0,957711
2024-10-24,1454.0,1482.5,1446.5,1481.5,255351
2024-10-25,1485.0,1497.85,1441.2,1459.4,404059
2024-10-28,1454.95,1468.4,1425.6,1436.5,280190
2024-10-29,1441.15,1459.0,1417.0,1453.8,228457
2024-10-30,1462.0,1486.45,1460.1,1479.95,194904
2024-10-31,1468.6,1496.5,1463.9,1471.55,209850
2024-11-01,1473.0,1517.6,1467.0,1516.4,198151
2024-11-05,1525.2,1534.0,1517.4,1523.2,139775
2024-11-06,1528.8,1548.95,1457.0,1471.85,451592
2024-11-07,1471.85,1498.9,1441.0,1485.0,233266
2024-11-08,1485.95,1490.0,1459.2,1474.6,131313
2024-11-11,1462.65,1471.2,1420.0,1425.8,240624
2024-11-12,1420.85,1447.7,1390.0,1437.0,242514
2024-11-13,1444.5,1454.5,1411.45,1415.25,171800
2024-11-14,1412.0,1422.35,1395.55,1414.35,168383
2024-11-15,1417.35,1440.0,1414.6,1436.55,130085
2024-11-18,1430.2,1468.0,1426.85,1457.1,235683
2024-11-19,1465.0,1469.35,1435.25,1441.8,169369
2024-11-20,1445.0,1461.0,1421.65,1440.9,116073
2024-11-21,1448.35,1454.95,1425.25,1442.1,126475
2024-11-22,1454.15,1485.0,1445.0,1476.2,300407
2024-11-25,1468.0,1494.8,1445.15,1451.3,292226
2024-11-26,1450.0,1450.05,1394.0,1418.0,209367
2024-11-27,1418.0,1451.7,1390.05,1430.75,249456
2024-11-28,1432.55,1439.3,1400.05,1420.35,143945
2024-11-29,1426.6,1445.0,1410.0,1412.45,136883
2024-12-02,1412.5,1450.0,1412.5,1443.0,123959
2024-12-03,1449.5,1474.0,1438.35,1451.25,135823
2024-12-04,1456.2,1460.0,1420.2,1426.0,90541
2024-12-05,1430.0,1441.4,1421.0,1431.9,93522
2024-12-06,1436.5,1443.0,1426.35,1432.3,60284
2024-12-09,1440.0,1480.0,1436.0,1479.9,193899
2024-12-10,1483.7,1489.85,1452.0,1477.7,246924
2024-12-11,1479.0,1504.4,1468.7,1504.4,233022
2024-12-12,1505.25,1515.9,1464.2,1477.0,238463
2024-12-13,1361.2,1387.3,1352.75,1369.25,297936
2024-12-16,1369.0,1383.1,1305.0,1307.4,243277
2024-12-17,1310.1,1362.0,1310.1,1362.0,197776
2024-12-18,1367.0,1406.8,1364.15,1382.0,226989
2024-12-19,1381.5,1399.65,1321.55,1333.6,448953
2024-12-20,1335.1,1371.8,1326.5,1360.0,305388
2024-12-23,1383.4,1399.8,1369.0,1392.95,187722
2024-12-24,1395.0,1405.0,1360.6,1371.9,175869
2024-12-25,1373.5,1399.0,1360.55,1397.35,129456
2024-12-26,1397.5,1413.8,1387.0,1400.1,127159
2024-12-27,1400.1,1414.0,1398.25,1413.9,92412
2024-12-30,1398.9,1404.45,1392.7,1398.1,63179
2025-01-03,1405.0,1414.0,1401.0,1409.5,66109
2025-01-06,1409.5,1411.8,1398.8,1407.0,27584
2025-01-08,1409.0,1443.0,1407.05,1441.0,103506
2025-01-09,1444.8,1457.0,1431.55,1453.3,130856
2025-01-10,1457.5,1493.0,1455.05,1488.6,150971
2025-01-13,1494.0,1508.55,1470.6,1490.3,135900
2025-01-14,1491.4,1499.65,1480.4,1491.4,85626
2025-01-15,1493.2,1509.0,1487.0,1508.4,83448
2025-01-16,1509.9,1523.5,1505.45,1520.75,91638
2025-01-17,1520.8,1529.5,1505.55,1516.35,86607
2025-01-20,1521.7,1529.9,1485.6,1497.1,124375
2025-01-21,1502.9,1583.55,1498.0,1580.0,306502
2025-01-22,1580.0,1610.0,1565.05,1601.0,330138
2025-01-23,1598.5,1647.0,1595.05,1646.55,338841
2025-01-24,1650.5,1709.8,1650.5,1708.0,383715
2025-01-27,1710.5,1743.8,1658.0,1690.2,495892
2025-01-28,1695.0,1725.0,1665.2,1720.55,233918
2025-01-29,1720.0,1725.0,1685.0,1701.7,152478
2025-01-30,1703.6,1732.4,1696.5,1725.0,151401
2025-01-31,1727.5,1737.0,1705.85,1717.0,160119
2025-02-03,1713.0,1747.7,1655.2,1735.95,269936
2025-02-04,1735.05,1777.1,1735.0,1767.8,275918
2025-02-05,1770.0,1799.5,1770.0,1784.65,280022
2025-02-06,1787.9,1797.7,1761.2,1772.95,154249
2025-02-07,1774.95,1788.0,1752.55,1783.0,125593
2025-02-10,1787.5,1806.6,1786.2,1797.35,134399
2025-02-11,1797.75,1818.0,1786.25,1817.05,162629
2025-02-12,1817.05,1900.0,1812.0,1888.25,284181
2025-02-13,1891.0,1985.35,1891.0,1931.9,396387
2025-02-14,1926.7,1969.5,1852.5,1870.95,301535
2025-02-17,1881.55,1898.0,1805.5,1850.0,265901
2025-02-18,1850.0,1883.0,1816.5,1871.7,230158
2025-02-19,1874.85,1906.05,1871.4,1897.35,179472
2025-02-20,1901.5,1933.0,1884.25,1900.9,163152
2025-02-21,1901.1,1902.95,1860.0,1884.9,114642
2025-02-24,1889.0,1895.95,1864.2,1871.7,107160
2025-02-25,1865.65,1966.2,1860.0,1952.1,320784
2025-02-26,1952.1,1980.0,1932.5,1956.25,178367
2025-02-27,1956.25,1962.55,1902.3,1916.8,196924
2025-02-28,1915.8,1935.3,1890.0,1931.3,187706
2025-03-03,1936.0,1944.75,1888.5,1915.9,172913
2025-03-04,1919.5,1980.0,1909.2,1970.25,245609
2025-03-05,1975.0,1984.65,1941.2,1953.15,233507
2025-03-06,1955.7,1987.5,1942.85,1955.0,153555
2025-03-07,1945.1,1967.0,1907.45,1939.95,157184
2025-03-10,1945.0,1960.0,1877.3,1887.1,330784
2025-03-11,1887.1,1915.15,1861.25,1903.05,141610
2025-03-12,1909.75,1912.5,1886.8,1902.15,56896
2025-03-13,1903.6,1915.0,1845.0,1899.7,177072
2025-03-14,1902.4,1941.0,1890.0,1933.3,170867
2025-03-17,1944.4,1953.05,1925.55,1940.65,110164
2025-03-18,1940.9,1953.8,1900.0,1900.1,100364
2025-03-19,1909.0,1939.95,1890.05,1905.45,88234
2025-03-20,1910.0,1914.2,1871.8,1903.95,113222
2025-03-21,1906.1,1915.35,1894.0,1901.7,57758
2025-03-27,1901.8,1971.0,1830.0,1867.6,1481423
2025-03-28,1869.2,1907.2,1854.4,1880.0,949781
2025-03-31,1856.0,1911.8,1840.0,1863.6,867425
2025-04-01,1868.0,1882.8,1755.0,1783.0,1718044
2025-04-02,1789.0,1819.6,1756.0,1811.4,1150960
2025-04-03,1818.8,1828.6,1692.4,1741.2,2069178
2025-04-04,1750.0,1800.0,1713.0,1741.2,2002495
2025-04-07,1742.6,1776.2,1665.8,1727.2,1952873
2025-04-08,1736.0,1828.0,1728.8,1776.8,1984075
2025-04-09,1787.6,1850.0,1762.2,1818.2,2420757
2025-04-10,1830.6,1846.8,1803.0,1830.0,758458
2025-04-11,1863.8,1910.0,1863.0,1899.6,1599860
2025-04-14,1927.0,1943.4,1883.2,1897.8,1220869
2025-04-15,1905.4,1914.6,1883.4,1898.0,491056
2025-04-16,1911.0,1950.0,1906.2,1950.0,1473102
2025-04-17,1952.0,1958.0,1903.0,1924.2,1139881
2025-04-18,1924.0,1928.0,1854.2,1917.2,742721
2025-04-21,1929.4,1960.0,1922.4,1958.0,1677290
2025-04-22,1966.6,2003.0,1950.8,1954.2,1991526
2025-04-23,1948.0,1952.0,1890.0,1911.0,1111906
2025-04-24,1911.2,1943.0,1887.0,1904.8,1041290
2025-04-25,1856.0,1877.0,1829.4,1856.8,2181002
2025-04-28,1850.0,1854.8,1794.2,1816.6,1468026
2025-04-29,1804.0,1812.6,1756.4,1761.8,1002267
2025-04-30,1764.0,1765.0,1707.2,1751.4,1090638
2025-05-02,1751.4,1784.0,1700.8,1701.8,867127
2025-05-05,1722.2,1756.6,1703.8,1744.6,885206
2025-05-06,1752.0,1809.8,1750.2,1804.2,1053239
2025-05-07,1794.8,1803.8,1751.0,1763.4,1036610
2025-05-08,1772.0,1778.0,1738.0,1748.8,404342
2025-05-12,1744.4,1763.8,1702.2,1736.6,1356154
2025-05-13,1736.8,1776.6,1731.0,1759.8,746116
2025-05-14,1755.0,1757.6,1710.4,1712.0,779130
2025-05-15,1708.0,1710.0,1667.2,1684.6,1046598
2025-05-16,1682.8,1699.0,1652.2,1663.4,1045151
2025-05-19,1681.0,1683.4,1651.0,1655.6,643228
2025-05-20,1652.2,1715.6,1625.8,1705.0,1551568
2025-05-21,1706.0,1729.8,1688.4,1706.0,971374
2025-05-22,1710.6,1718.6,1649.4,1669.8,1058374
2025-05-23,1671.4,1724.2,1660.4,1719.4,972752
2025-05-26,1719.4,1738.6,1650.6,1663.0,885117
2025-05-27,1663.0,1665.0,1617.0,1653.6,670092
2025-05-28,1650.0,1692.0,1644.8,1688.8,648351
2025-05-29,1690.0,1700.0,1673.2,1680.8,514079
2025-05-30,1680.0,1695.6,1668.2,1687.0,427901
2025-06-02,1652.8,1735.0,1650.0,1729.8,1160194
2025-06-03,1727.6,1754.4,1724.4,1739.0,765192
2025-06-04,1741.0,1787.8,1728.8,1761.8,806587
2025-06-05,1762.0,1833.8,1762.0,1823.8,1181513
2025-06-06,1824.0,1845.8,1731.6,1746.2,1544158
2025-06-09,1741.0,1754.6,1690.6,1711.8,848713
2025-06-10,1713.2,1737.2,1685.4,1722.4,567415
2025-06-11,1733.6,1759.8,1711.8,1734.0,490367
2025-06-13,1757.0,1787.4,1743.2,1764.4,648986
2025-06-16,1762.6,1773.8,1701.8,1757.0,819174
2025-06-17,1757.0,1768.0,1725.0,1744.4,601112
2025-06-18,1745.0,1755.0,1725.0,1732.8,384774
2025-06-19,1733.0,1740.0,1703.0,1733.0,832422
2025-06-20,1730.2,1738.0,1710.2,1715.4,315789
2025-06-23,1729.4,1729.4,1701.0,1701.8,553626
2025-06-24,1701.0,1719.4,1669.0,1717.8,683009
2025-06-25,1719.6,1761.0,1710.4,1755.6,771545
2025-06-26,1759.0,1799.2,1751.2,1790.0,842664
2025-06-27,1768.0,1799.0,1756.0,1797.2,990663
2025-06-30,1783.8,1831.0,1778.0,1817.4,702425
2025-07-01,1819.0,1894.4,1813.2,1865.0,1554022
2025-07-02,1865.2,1889.0,1829.4,1867.0,971596
2025-07-03,1858.4,1880.0,1839.4,1851.6,598365
2025-07-04,1855.8,1916.8,1848.0,1908.0,1415565
2025-07-07,1897.8,1899.6,1866.2,1882.0,723182
2025-07-08,1880.2,1888.6,1841.0,1845.2,760412
2025-07-09,1840.2,1851.4,1802.4,1828.4,941250
2025-07-10,1830.0,1877.2,1822.8,1860.8,583113
2025-07-11,1863.0,1867.0,1777.0,1790.0,1270948
2025-07-14,1787.0,1838.4,1750.2,1837.6,1108760
2025-07-15,1839.6,1888.0,1835.8,1862.0,720223
2025-07-16,1862.0,1900.8,1841.0,1884.4,777626
2025-07-17,1884.2,1900.0,1872.2,1891.0,413572
2025-07-18,1897.6,1948.2,1854.0,1873.0,1653670
2025-07-21,1877.8,1955.0,1875.0,1943.2,1233070
2025-07-22,1945.0,1973.6,1925.6,1970.0,890945
2025-07-23,1964.0,1991.6,1960.6,1968.8,885103
2025-07-24,1961.0,1983.2,1951.4,1973.0,637158
2025-07-25,1970.0,1978.0,1907.4,1914.6,877967
2025-07-28,1926.6,1956.4,1903.0,1931.0,734370
2025-07-29,1936.8,2011.0,1929.0,1987.0,1748124
2025-07-30,1994.6,2007.0,1930.0,1930.8,1031622
2025-07-31,1938.2,1980.0,1934.0,1967.2,674120
2025-08-01,1968.0,1985.0,1943.0,1966.4,655782
2025-08-04,1966.6,2035.0,1958.2,2031.6,1501318
2025-08-05,2036.6,2063.8,2016.0,2048.0,1354103
2025-08-06,2046.2,2071.2,2022.6,2053.8,1300246
2025-08-07,2053.8,2085.0,2044.0,2079.4,1057327
2025-08-08,2084.8,2147.0,2073.8,2145.0,1330038
2025-08-11,2150.0,2248.2,2090.0,2108.4,2024626
2025-08-12,2116.6,2129.8,2045.2,2077.0,1627085
2025-08-13,2083.8,2120.0,2080.4,2097.4,1011431
2025-08-14,2107.8,2127.6,2080.0,2108.0,763294
2025-08-15,2109.0,2132.0,2105.6,2116.2,652604
2025-08-18,2081.2,2124.4,2081.2,2115.6,585027
2025-08-19,2116.4,2166.0,2116.4,2137.8,1413497
2025-08-20,2136.2,2163.6,2126.0,2146.8,739190
2025-08-21,2150.0,2181.8,2135.6,2147.4,766521
2025-08-22,2148.0,2203.2,2144.8,2194.0,1016114
2025-08-25,2215.0,2233.2,2187.0,2198.0,947294
2025-08-26,2205.4,2213.4,2176.2,2209.6,579692
2025-08-27,2209.6,2219.4,2124.2,2143.8,2032851
2025-08-28,2145.2,2170.0,2125.2,2165.0,868462
2025-08-29,2165.0,2166.6,2100.0,2138.2,948838
2025-09-01,2145.4,2190.0,2141.0,2182.4,863321
2025-09-02,2190.0,2228.0,2166.2,2223.8,1273684
2025-09-03,2225.0,2238.2,2204.0,2232.2,1273063
2025-09-04,2220.6,2232.8,2205.2,2219.4,784306
2025-09-05,2222.0,2240.0,2215.8,2235.6,1133415
2025-09-08,2240.0,2290.0,2231.4,2280.8,1564999
2025-09-09,2281.2,2348.8,2281.2,2327.4,2120992
2025-09-10,2330.0,2344.0,2311.8,2336.4,1017724
2025-09-11,2330.2,2334.6,2310.8,2328.4,1121816
2025-09-12,2334.8,2367.2,2286.4,2312.8,1770081
2025-09-15,2318.0,2345.0,2267.0,2345.0,1374931
2025-09-16,2345.0,2360.0,2323.2,2340.2,1183077
2025-09-17,2340.2,2355.0,2295.8,2309.6,1114821
2025-09-18,2315.4,2320.0,2281.6,2296.0,1218527
2025-09-19,2299.8,2310.0,2285.2,2293.6,643624
2025-09-22,2297.2,2340.0,2277.0,2328.6,1555788
2025-09-23,2330.2,2365.0,2306.0,2322.8,1311797
2025-09-24,2324.0,2334.6,2301.2,2309.0,832525
2025-09-25,2310.0,2336.4,2303.6,2313.0,573741
2025-09-26,2312.0,2325.8,2306.0,2320.2,470693
2025-09-29,2333.0,2407.6,2333.0,2386.6,1630626
2025-09-30,2405.0,2439.0,2340.0,2362.4,1659985
2025-10-01,2367.0,2405.0,2344.2,2368.2,1094567
2025-10-02,2368.0,2378.8,2286.4,2317.2,1147066
2025-10-03,2317.4,2337.0,2295.0,2321.8,728830
2025-10-06,2346.0,2382.0,2340.0,2377.4,1102894
2025-10-07,2382.0,2396.0,2363.8,2386.0,749081
2025-10-08,2396.0,2411.0,2308.2,2352.0,1833046
2025-10-09,2352.0,2377.4,2300.0,2323.0,1422574
2025-10-10,2322.8,2322.8,2235.6,2292.4,1598534
2025-10-13,2270.0,2282.6,2205.8,2223.6,1485441
2025-10-14,2230.2,2255.2,2081.6,2128.2,2898644
2025-10-15,2140.0,2232.6,2094.0,2212.8,2575089
2025-10-16,2220.0,2340.0,2180.0,2340.0,3050062
2025-10-17,2360.0,2383.6,2185.0,2196.2,3355551
2025-10-20,2202.8,2208.0,2122.8,2186.0,2905672
2025-10-21,2186.0,2188.6,2039.0,2058.2,3168418
2025-10-22,2061.8,2095.0,2023.0,2043.8,1936766
2025-10-23,2033.0,2072.0,1990.0,2037.2,2006315
2025-10-24,2041.0,2094.0,2035.0,2043.2,1791988
2025-10-27,2041.6,2041.6,1951.2,1971.0,1385676
2025-10-28,1971.0,2006.8,1956.0,1980.6,1022996
2025-10-29,1980.4,2072.0,1980.0,2045.8,1898465
2025-10-30,2040.0,2097.0,2039.4,2094.6,981509
2025-10-31,2094.0,2119.8,2041.0,2052.8,1069213
2025-11-03,2068.0,2107.0,2063.2,2098.8,350387
2025-11-05,2094.6,2122.6,2055.2,2087.0,1003159
2025-11-06,2088.0,2098.0,2070.2,2072.8,373578
2025-11-07,2073.0,2100.0,2072.8,2084.8,443013
2025-11-10,2098.0,2148.2,2096.0,2148.0,1043849
2025-11-11,2154.0,2179.8,2142.2,2153.8,707673
2025-11-12,2151.0,2165.2,2119.0,2153.6,626000
2025-11-13,2159.0,2205.0,2155.8,2167.8,1182589
2025-11-14,2178.2,2189.0,2113.4,2150.2,942778
2025-11-17,2159.0,2164.6,2090.0,2095.0,847520
2025-11-18,2087.8,2150.0,2066.2,2130.2,995958
2025-11-19,2130.0,2189.0,2119.4,2145.0,1182942
2025-11-20,2145.0,2185.0,2131.2,2170.2,1021038
2025-11-21,2170.2,2177.0,2140.0,2161.0,683338
2025-11-24,2161.2,2182.6,2112.0,2140.0,757288
2025-11-25,2140.4,2149.8,2120.6,2133.6,560686
2025-11-26,2143.2,2145.2,2110.2,2136.6,422693
2025-11-27,2136.0,2138.0,2111.0,2111.2,349833
2025-11-28,2116.0,2149.0,2112.0,2140.4,652272
2025-12-01,2152.6,2163.0,2116.2,2144.8,512825
2025-12-02,2145.2,2151.0,2121.4,2135.0,374880
2025-12-03,2129.6,2143.0,2110.4,2128.0,429076
2025-12-04,2131.0,2152.0,2119.4,2136.8,581541
2025-12-05,2136.8,2192.0,2136.0,2168.6,860567
2025-12-08,2168.6,2190.0,2133.0,2138.0,823270
2025-12-09,2145.0,2179.4,2126.6,2168.0,501988
2025-12-10,2170.0,2185.0,2166.8,2183.8,307826
2025-12-11,2188.8,2268.0,2181.0,2255.6,1205717
2025-12-12,2259.6,2301.4,2222.0,2241.8,1485304
2025-12-15,2264.0,2295.0,2257.4,2294.2,904522
2025-12-16,2294.2,2314.2,2280.2,2312.4,816524
2025-12-17,2313.0,2315.8,2283.6,2310.2,649941
2025-12-18,2309.6,2326.0,2281.0,2294.4,1075667
2025-12-19,2294.4,2315.0,2281.6,2304.8,873123
2025-12-22,2294.0,2344.2,2266.0,2286.8,1655240
2025-12-23,2295.4,2346.4,2288.0,2328.0,1261876
2025-12-24,2330.0,2332.0,2305.0,2325.2,435073
2025-12-25,2330.0,2333.6,2307.4,2324.6,362776
2025-12-26,2328.6,2379.0,2324.0,2373.4,786921
2025-12-29,2450.0,2464.0,2346.0,2372.0,1558987
2025-12-30,2377.0,2408.0,2370.0,2398.4,708772
2026-01-05,2415.0,2443.0,2412.0,2438.8,436322
2026-01-06,2442.0,2457.8,2430.4,2442.0,334595
2026-01-08,2430.6,2439.8,2390.2,2408.0,408546
2026-01-09,2412.0,2428.6,2396.0,2416.4,278314
2026-01-12,2431.6,2580.0,2430.0,2547.0,2593243
2026-01-13,2547.0,2607.4,2527.2,2580.0,2378741
2026-01-14,2599.0,2629.0,2544.2,2593.2,1453870
2026-01-15,2565.4,2578.0,2539.2,2569.8,680808
2026-01-16,2560.0,2589.0,2543.0,2561.0,849366
2026-01-19,2601.4,2620.0,2596.4,2609.0,857799
2026-01-20,2620.0,2649.0,2605.2,2649.0,1300156
2026-01-21,2660.6,2728.4,2640.8,2643.0,2456344
2026-01-22,2645.6,2702.0,2641.0,2696.0,1277822
2026-01-23,2703.2,2720.0,2673.0,2709.0,1083109
2026-01-26,2760.0,2776.8,2718.2,2737.4,1735949
2026-01-27,2744.8,2749.6,2661.4,2714.8,1608841
2026-01-28,2735.2,2764.8,2684.0,2738.0,2359759
2026-01-29,2763.0,2765.0,2620.0,2706.0,2824383
2026-01-30,2660.0,2678.0,2535.0,2601.2,3373663
2026-02-02,2559.0,2638.4,2506.2,2629.8,2709354
2026-02-03,2659.0,2694.0,2646.0,2690.0,1185154
2026-02-04,2700.6,2726.0,2645.0,2674.8,1178982
2026-02-05,2640.0,2666.8,2591.0,2601.6,1135373
2026-02-06,2601.8,2640.0,2595.8,2631.8,517172
2026-02-09,2644.0,2683.0,2632.2,2677.8,799744
2026-02-10,2666.4,2677.2,2643.0,2661.6,700327
2026-02-11,2669.0,2694.8,2653.0,2676.0,644876
2026-02-12,2677.0,2677.2,2569.0,2573.2,1633559
2026-02-13,2581.0,2594.0,2502.0,2533.8,1576437
2026-02-16,2528.4,2528.8,2452.8,2469.0,1182484
2026-02-17,2464.8,2464.8,2410.2,2421.6,1263749
2026-02-18,2427.2,2492.6,2424.2,2485.6,1087682
2026-02-19,2485.8,2545.8,2482.0,2499.6,1254206
2026-02-20,2505.0,2530.0,2480.4,2505.0,722122
2026-02-23,2522.0,2533.8,2517.8,2531.6,199689
2026-02-24,2532.6,2539.0,2484.4,2488.0,566549
2026-02-25,2491.0,2516.0,2486.6,2511.4,516796
2026-02-26,2512.0,2520.8,2468.6,2481.0,593219
2026-02-27,2476.6,2514.6,2466.0,2505.4,671078
2026-03-02,2588.4,2600.0,2500.0,2543.0,2520074
2026-03-03,2550.0,2552.0,2446.0,2476.4,1952294
2026-03-04,2485.6,2516.0,2468.2,2492.4,778030
2026-03-05,2500.0,2508.4,2458.8,2475.0,635027
2026-03-06,2477.4,2484.0,2415.0,2436.4,1118155
2026-03-09,2425.0,2425.0,2351.0,2402.2,971833
2026-03-10,2405.8,2476.6,2404.4,2464.4,1407573
2026-03-11,2462.4,2471.2,2414.4,2431.6,676497
2026-03-12,2424.0,2430.2,2404.8,2408.6,489577
2026-03-13,2417.0,2442.0,2405.2,2421.2,522281
2026-03-16,2431.8,2436.6,2383.2,2392.6,857137
2026-03-17,2394.6,2406.2,2382.8,2386.2,373078
2026-03-18,2387.0,2404.6,2320.0,2322.4,1376009
2026-03-19,2330.0,2344.6,2237.0,2283.0,2191142
2026-03-20,2299.6,2340.4,2278.0,2296.0,1405622
2026-03-23,2248.2,2303.0,2212.8,2283.6,2473429
2026-03-24,2265.0,2313.2,2261.0,2273.0,961256
2026-03-25,2288.6,2300.0,2238.8,2251.4,1446101
2026-03-26,2251.4,2254.0,2213.2,2227.6,1104309
2026-03-27,2236.0,2243.8,2158.8,2165.6,1544758
2026-03-30,2184.4,2188.6,2115.0,2121.0,1278679
2026-03-31,2124.2,2141.0,2068.4,2115.4,1870976
2026-04-01,2120.8,2176.0,2105.6,2167.8,1704631
2026-04-02,2155.6,2175.0,2124.2,2150.0,1077287
2026-04-03,2150.0,2167.0,2133.0,2138.6,554198
2026-04-06,2142.4,2185.0,2135.4,2171.2,916542
2026-04-07,2172.0,2266.0,2169.2,2259.0,1730370
2026-04-08,2293.0,2338.0,2251.0,2260.2,2250358
2026-04-09,2261.4,2276.0,2206.2,2224.2,1058247
2026-04-10,2225.0,2232.8,2153.4,2163.4,1179220
2026-04-13,2140.0,2152.0,2105.8,2131.0,724374
2026-04-14,2131.0,2218.8,2131.0,2207.4,1454848
2026-04-15,2209.0,2257.4,2202.2,2238.2,1288813
2026-04-16,2243.4,2258.6,2222.2,2230.0,650675
2026-04-17,2236.0,2295.6,2224.0,2263.2,1222758
2026-04-20,2233.4,2304.8,2220.8,2280.2,1413545
2026-04-21,2276.8,2315.0,2270.2,2296.6,1217173
2026-04-22,2303.0,2332.0,2296.2,2303.4,889172
2026-04-23,2303.0,2314.4,2284.0,2288.0,494154
2026-04-24,2288.0,2308.0,2275.2,2289.8,619783
2026-04-27,2296.2,2312.0,2244.6,2251.0,562198
2026-04-28,2249.0,2254.4,2150.0,2162.4,1302412
2026-04-29,2172.8,2179.6,2020.0,2069.2,3275735
2026-04-30,2071.4,2120.6,2031.0,2099.0,1546912
2026-05-01,2100.0,2117.0,2081.4,2103.8,118323
2026-05-04,2103.6,2110.2,2042.6,2057.0,796833
2026-05-05,2051.6,2080.0,2031.0,2067.0,631196
2026-05-06,2086.0,2195.2,2072.0,2195.0,3114553
2026-05-07,2188.6,2216.0,2124.4,2139.0,1491525
2026-05-08,2139.0,2180.0,2126.2,2159.0,635354
2026-05-11,2158.0,2183.0,2151.0,2181.6,376456
2026-05-12,2181.6,2196.8,2164.4,2180.8,510207
2026-05-13,2177.0,2189.0,2171.8,2175.2,285114
2026-05-14,2186.0,2186.0,2125.4,2132.2,440331
2026-05-15,2129.0,2146.4,2092.8,2120.0,971457
2026-05-18,2076.0,2119.0,2060.0,2090.4,695618
2026-05-19,2093.0,2099.4,2065.0,2073.2,420940
2026-05-20,2075.0,2087.0,2062.0,2071.0,406817
2026-05-21,2071.6,2119.8,2046.2,2105.8,802663
2026-05-22,2106.0,2136.0,2077.0,2082.8,539566
2026-05-25,2110.4,2150.8,2094.0,2129.6,947687
2026-05-26,2126.4,2129.0,2096.0,2102.6,490811
2026-05-27,2117.4,2139.4,2095.4,2107.2,750897
2026-05-28,2100.0,2109.6,2082.0,2102.0,628396
2026-05-29,2106.8,2109.8,2082.0,2087.2,376148
2026-06-01,2085.0,2099.0,2050.0,2069.6,617402
2026-06-02,2070.2,2125.0,2063.8,2110.6,673068
2026-06-03,2111.2,2130.0,2090.2,2094.0,446821
2026-06-04,2095.4,2119.8,2092.0,2097.6,418728
2026-06-05,2092.0,2107.8,2060.2,2064.0,397819
2026-06-08,2050.8,2052.8,2010.0,2018.0,921797
2026-06-09,2023.2,2061.8,2000.0,2034.2,887115
2026-06-10,2028.8,2028.8,1936.0,1950.0,1836579
2026-06-11,1950.2,2015.0,1937.2,1995.0,1110024
2026-06-12,1994.0,2036.0,1986.2,2015.0,333408
2026-06-15,2040.0,2100.0,2032.8,2082.4,1563588
2026-06-16,2092.8,2098.6,2026.6,2049.4,878765
2026-06-17,2049.4,2064.2,2016.0,2029.8,784962
2026-06-18,2037.2,2063.2,2014.0,2047.0,896286
2026-06-19,2038.0,2039.0,2000.6,2016.4,877872
2026-06-22,2016.4,2039.6,1952.0,1994.6,1254479
2026-06-23,1989.2,2017.0,1962.0,1997.4,952227
2026-06-24,1990.8,2002.6,1886.6,1917.0,1289564
2026-06-25,1915.0,1937.0,1888.0,1917.8,1100245
2026-06-26,1911.0,2006.6,1857.0,1975.0,1697277
2026-06-29,1947.8,2012.2,1920.0,1987.4,795654
2026-06-30,1984.0,2005.0,1957.4,1980.4,738241
2026-07-01,1960.0,2017.0,1952.0,1983.8,747259
2026-07-02,1998.0,2003.8,1920.2,1932.2,770457
2026-07-03,1945.6,1966.8,1901.2,1924.4,742658
2026-07-06,1927.8,1937.0,1831.0,1854.4,742608
2026-07-07,1854.8,1855.0,1720.0,1828.0,1778423
2026-07-08,1825.0,1825.0,1330.2,1345.0,16168221
2026-07-09,1342.2,1396.8,1321.0,1334.0,5975643
2026-07-10,1334.0,1358.6,1174.8,1191.6,8211992
2026-07-13,1146.4,1250.0,1140.0,1193.4,7686490
2026-07-14,1192.0,1215.0,1170.0,1183.8,2560806
2026-07-15,1184.8,1186.8,1144.0,1156.6,2035152
2026-07-16,1155.0,1195.2,1006.4,1006.4,6197206
2026-07-17,1000.4,1039.4,898.0,927.6,7873493
2026-07-20,962.8,1025.4,917.0,1025.4,5168235
2026-07-21,1035.0,1163.2,1034.6,1163.2,7328269
2026-07-22,1180.0,1312.8,1126.6,1288.0,11847582
2026-07-23,1288.0,1292.0,1202.6,1212.0,6026879
2026-07-24,1210.0,1241.0,1139.0,1227.2,5381182
2026-07-27,1251.0,1339.6,1236.2,1336.4,5765648
2026-07-28,1336.4,1396.6,1296.2,1309.2,8852553
2026-07-29,1310.0,1341.8,1272.0,1316.4,4664317
2026-07-30,1316.4,1332.0,1277.0,1292.6,3450721
2026-07-31,1291.0,1298.0,1255.4,1286.0,2168021
2026-08-03,1286.0,1317.8,1286.0,1309.0,1327332
2026-08-04,1310.0,1315.6,1275.2,1303.0,1327722
2026-08-05,1310.0,1382.2,1300.0,1367.0,4356537
2026-08-06,1369.2,1389.6,1326.2,1344.6,3024468
2026-08-07,1348.6,1366.6,1313.8,1322.6,2355299
2026-08-10,1349.8,1362.4,1320.8,1344.2,1845761
2026-08-11,1345.2,1354.6,1317.8,1324.2,1910545
2026-08-12,1326.0,1333.0,1260.0,1261.6,2918073
2026-08-13,1260.0,1263.0,1147.4,1154.6,6630766
2026-08-14,1154.6,1185.6,1070.8,1099.2,6526120
2026-08-17,1099.0,1142.6,1060.2,1104.8,6243830
2026-08-18,1100.2,1136.6,1090.0,1115.8,3200524
2026-08-19,1118.6,1193.2,1078.0,1190.0,5992949
2026-08-20,1191.2,1198.0,1135.2,1150.4,4914706
2026-08-21,1148.0,1183.6,1143.8,1171.8,3154934
2026-08-24,1157.0,1175.2,1122.0,1126.8,3334915
2026-08-25,1126.6,1142.2,1083.6,1109.4,3778475
2026-08-26,1108.8,1109.2,1053.2,1060.0,2420683
2026-08-27,1066.0,1090.0,1050.0,1068.4,2829553
2026-08-28,1069.4,1083.0,1033.0,1045.0,2279986
