timestamp,open,high,low,close,volume
2015-01-16,143.0,146.7,142.4,144.0,114890
2015-01-19,144.3,150.4,143.4,146.7,278280
2015-01-20,146.7,150.2,146.2,150.1,99800
2015-01-21,150.1,154.9,149.8,154.3,461300
2015-01-22,154.5,157.3,153.2,155.5,1449970
2015-01-23,155.5,156.5,153.0,153.8,620340
2015-01-26,154.2,154.6,150.5,151.3,179010
2015-01-27,150.0,155.0,148.4,152.5,217370
2015-01-28,154.5,155.7,151.0,151.7,318810
2015-01-29,152.1,154.7,152.1,152.9,109630
2015-01-30,150.8,158.2,150.8,156.9,457450
2015-02-02,158.2,159.4,155.7,155.9,187700
2015-02-03,155.8,158.1,155.0,156.9,161120
2015-02-04,158.9,161.8,155.0,159.2,455180
2015-02-05,159.0,159.1,156.6,158.5,252130
2015-02-06,158.6,163.5,158.6,160.3,1050370
2015-02-09,161.2,166.0,160.5,166.0,576040
2015-02-10,164.6,208.0,164.4,171.0,533230
2015-02-11,172.9,179.0,171.4,176.0,432400
2015-02-12,177.1,237.0,160.2,189.0,1484420
2015-02-13,191.4,197.0,188.1,190.5,578960
2015-02-16,191.0,194.8,177.1,181.5,378160
2015-02-17,181.8,189.0,180.2,181.1,502640
2015-02-18,181.7,185.0,177.8,180.8,323930
2015-02-19,180.6,181.1,172.6,175.5,253330
2015-02-20,170.8,184.2,170.8,172.4,519540
2015-02-24,170.0,178.5,165.2,166.6,604100
2015-02-25,167.0,170.0,164.0,166.5,612450
2015-02-26,168.0,169.7,164.0,168.4,617510
2015-02-27,169.0,175.9,169.0,172.6,298430
2015-03-02,172.0,179.9,170.0,171.9,708630
2015-03-03,173.2,175.9,168.5,175.1,216100
2015-03-04,175.5,178.6,172.0,172.0,332030
2015-03-05,172.6,174.6,172.0,172.6,208490
2015-03-06,173.7,174.5,170.1,171.2,174440
2015-03-10,170.0,174.8,162.1,163.8,1168540
2015-03-11,163.5,165.0,161.0,161.9,516810
2015-03-12,163.8,163.8,159.1,159.6,430710
2015-03-13,150.2,160.9,150.2,156.7,224270
2015-03-16,156.5,161.1,155.8,157.0,356300
2015-03-17,159.6,159.6,155.3,156.1,163760
2015-03-18,156.7,159.2,155.9,157.6,284950
2015-03-19,159.0,162.0,158.4,159.4,1031400
2015-03-20,159.9,160.5,157.8,159.7,134440
2015-03-23,160.1,160.7,157.4,157.8,60640
2015-03-24,158.0,158.5,155.0,155.9,458460
2015-03-25,156.1,158.0,155.0,155.6,141640
2015-03-26,156.1,159.0,154.0,154.9,374610
2015-03-27,155.8,157.1,154.4,155.7,107780
2015-03-30,157.0,157.7,156.4,157.7,115110
2015-03-31,157.4,160.7,156.8,159.5,512870
2015-04-01,159.3,160.0,156.2,158.8,441400
2015-04-02,159.1,159.9,156.7,157.6,379170
2015-04-03,156.6,159.8,156.6,159.1,344190
2015-04-06,159.9,161.4,159.5,160.0,236880
2015-04-07,164.2,164.2,157.0,157.8,342660
2015-04-08,158.3,158.3,153.4,154.5,588530
2015-04-09,155.0,155.5,152.2,153.1,461090
2015-04-10,153.9,154.0,148.6,151.5,533410
2015-04-13,152.0,153.2,151.1,152.3,219600
2015-04-14,148.0,152.4,148.0,149.2,292340
2015-04-15,149.6,150.5,146.8,149.7,805350
2015-04-16,151.0,151.2,145.5,147.4,629830
2015-04-17,148.0,148.9,145.9,147.9,422000
2015-04-20,148.0,148.5,146.2,146.8,356470
2015-04-21,149.0,151.5,147.2,148.1,471250
2015-04-22,149.4,149.5,145.2,146.8,477310
2015-04-23,147.0,147.0,142.0,144.2,576270
2015-04-24,145.5,146.0,142.2,145.2,402050
2015-04-27,145.5,147.0,144.9,145.6,264370
2015-04-28,145.2,147.0,143.6,144.5,391040
2015-04-29,145.0,145.9,142.3,142.9,587050
2015-04-30,142.9,145.7,142.0,145.7,447600
2015-05-05,145.7,147.5,144.6,145.3,487170
2015-05-06,146.4,146.7,143.0,143.5,537770
2015-05-07,143.5,143.6,142.2,142.8,163990
2015-05-08,143.0,143.9,142.5,143.3,127690
2015-05-12,148.5,148.5,142.4,144.2,601780
2015-05-13,140.2,144.1,138.8,139.8,2702590
2015-05-14,140.0,141.5,139.5,140.6,313480
2015-05-15,139.9,141.5,139.8,141.0,212570
2015-05-18,141.0,144.4,139.5,141.3,857330
2015-05-19,141.4,142.1,139.2,139.7,343300
2015-05-20,140.4,141.1,139.6,140.3,149860
2015-05-21,140.8,141.0,139.1,140.0,289770
2015-05-22,140.0,141.0,139.0,140.1,206440
2015-05-25,140.1,140.3,139.3,139.6,491150
2015-05-26,139.7,141.4,139.6,141.0,367830
2015-05-27,142.8,142.8,139.8,140.0,135330
2015-05-28,143.0,143.0,139.3,139.7,155740
2015-05-29,139.7,140.2,137.2,137.8,492110
2015-06-01,138.7,138.8,137.5,138.0,129820
2015-06-02,138.5,138.5,135.2,135.5,481210
2015-06-03,135.8,136.3,133.8,134.9,462820
2015-06-04,134.9,135.9,133.3,134.5,236320
2015-06-05,135.4,136.6,134.4,136.5,613510
2015-06-08,136.7,139.0,135.7,138.0,269410
2015-06-09,137.7,141.8,137.1,140.7,661900
2015-06-10,141.5,141.9,137.6,138.0,301430
2015-06-11,138.9,139.8,137.6,139.0,98630
2015-06-15,138.7,140.0,138.0,140.0,99670
2015-06-16,140.0,140.3,139.0,139.5,97300
2015-06-17,139.5,142.4,139.5,140.7,326950
2015-06-18,140.6,141.2,139.1,140.5,338920
2015-06-19,139.1,139.1,137.3,137.7,251890
2015-06-22,138.4,138.4,136.2,136.3,410530
2015-06-23,136.4,137.1,136.0,136.2,186210
2015-06-24,136.2,137.0,135.0,135.3,452720
2015-06-25,135.4,136.0,134.4,135.5,275460
2015-06-26,136.0,138.7,134.8,136.6,212810
2015-06-29,135.6,136.0,133.3,134.0,939500
2015-06-30,134.0,137.3,133.6,136.0,598320
2015-07-01,136.5,136.5,135.2,136.4,179220
2015-07-02,135.5,136.6,135.0,136.6,152200
2015-07-03,136.4,136.5,134.8,135.2,135100
2015-07-06,134.6,137.6,134.1,135.2,330730
2015-07-07,135.6,135.9,134.1,135.0,194590
2015-07-08,135.2,136.6,133.6,134.6,527850
2015-07-09,135.1,137.3,135.0,136.6,217530
2015-07-10,137.1,137.5,136.1,136.1,111670
2015-07-13,136.1,138.3,135.8,138.0,218990
2015-07-14,138.0,138.9,137.5,138.1,118530
2015-07-15,138.7,141.6,137.8,139.4,362170
2015-07-16,139.0,142.2,138.7,141.7,343860
2015-07-17,142.3,142.6,136.0,139.8,155390
2015-07-20,140.0,140.2,137.7,137.9,282930
2015-07-21,138.4,138.5,137.6,138.0,88280
2015-07-22,137.8,138.2,135.6,136.2,164880
2015-07-23,136.3,136.4,134.9,135.2,179370
2015-07-24,135.1,135.6,133.8,134.6,192740
2015-07-27,134.6,135.0,133.8,134.3,150810
2015-07-28,134.6,135.7,133.9,134.6,451240
2015-07-29,134.5,135.7,133.8,135.7,462790
2015-07-30,135.7,137.0,134.9,136.6,145300
2015-07-31,136.6,137.5,135.3,137.4,282770
2015-08-03,137.0,138.0,136.6,136.9,148700
2015-08-04,136.7,138.7,136.4,137.4,244610
2015-08-05,138.3,139.6,137.8,138.1,259320
2015-08-06,138.1,138.9,136.7,137.6,125660
2015-08-07,138.4,138.7,137.4,138.0,151440
2015-08-10,139.3,139.3,137.7,139.3,171910
2015-08-11,139.2,142.0,138.3,140.3,971000
2015-08-12,140.2,145.5,140.2,145.1,1115560
2015-08-13,146.1,147.9,144.0,145.0,1631660
2015-08-14,145.4,146.8,144.4,146.2,474330
2015-08-17,146.6,147.0,144.5,146.0,325010
2015-08-18,146.7,146.9,143.3,143.5,257190
2015-08-19,143.5,144.3,142.1,142.8,243690
2015-08-20,143.5,146.1,142.9,145.8,361070
2015-08-21,146.0,146.1,143.8,144.8,278030
2015-08-24,143.2,144.9,137.7,142.0,700830
2015-08-25,142.0,146.7,141.1,143.0,688560
2015-08-26,143.0,144.5,141.8,143.1,104190
2015-08-27,143.4,146.0,143.4,145.5,307080
2015-08-28,146.0,148.3,145.4,147.6,547350
2015-08-31,147.2,147.5,145.5,146.9,292480
2015-09-01,147.2,148.0,145.5,146.5,113520
2015-09-02,146.0,147.5,145.1,147.4,304090
2015-09-03,147.6,149.2,147.3,148.1,321030
2015-09-04,148.1,148.5,146.9,147.9,125990
2015-09-07,147.9,148.5,147.3,147.7,167530
2015-09-08,147.6,148.8,147.5,148.6,511980
2015-09-09,149.0,150.2,148.6,150.0,452610
2015-09-10,149.9,150.9,148.3,150.4,405870
2015-09-11,151.4,151.4,149.5,149.8,143170
2015-09-14,151.4,151.4,149.5,150.0,288670
2015-09-15,150.4,150.4,149.5,149.5,184140
2015-09-16,149.5,152.5,147.2,152.5,774890
2015-09-17,151.5,151.5,148.5,148.9,515230
2015-09-18,149.5,150.3,148.2,148.6,1097600
2015-09-21,149.5,149.5,147.0,147.6,377880
2015-09-22,148.2,148.3,145.5,145.8,336070
2015-09-23,146.2,146.9,144.0,144.7,406890
2015-09-24,145.8,146.9,144.1,146.7,409480
2015-09-25,146.9,146.9,144.5,145.5,283950
2015-09-28,145.6,147.0,144.3,145.0,364080
2015-09-29,145.0,146.0,144.6,145.2,215350
2015-09-30,145.8,147.0,145.0,145.9,194830
2015-10-01,146.5,146.7,144.7,145.0,518120
2015-10-02,145.2,146.9,145.0,146.5,523580
2015-10-05,147.1,149.2,146.6,148.6,276980
2015-10-06,148.8,150.4,148.6,149.3,506350
2015-10-07,149.4,150.8,148.5,149.5,328320
2015-10-08,150.0,151.8,147.8,150.0,619410
2015-10-09,150.9,151.8,149.7,151.4,427350
2015-10-12,151.9,152.1,149.7,150.4,305490
2015-10-13,150.6,151.6,149.8,151.6,304110
2015-10-14,151.1,152.0,150.8,151.9,650680
2015-10-15,147.0,148.8,145.7,148.2,674940
2015-10-16,148.6,148.7,146.9,147.4,203070
2015-10-19,146.0,147.9,146.0,146.2,223190
2015-10-20,146.2,148.6,144.8,147.0,262050
2015-10-21,146.7,147.0,145.1,145.2,181040
2015-10-22,145.6,145.8,144.8,145.8,75160
2015-10-23,145.9,147.0,145.1,146.5,192130
2015-10-26,146.5,147.5,146.1,146.7,77970
2015-10-27,146.3,148.6,144.3,147.0,476000
2015-10-28,147.0,147.5,144.2,145.5,458630
2015-10-29,145.5,146.4,144.9,145.4,158810
2015-10-30,145.4,146.2,144.9,145.7,143130
2015-11-02,145.6,146.05,144.6,145.75,79710
2015-11-03,146.0,147.0,145.35,146.4,268130
2015-11-05,146.95,147.6,145.95,147.0,233280
2015-11-06,147.3,147.9,145.0,147.1,356040
2015-11-09,147.4,147.4,145.3,145.55,95660
2015-11-10,145.95,146.0,144.4,145.2,116980
2015-11-11,145.15,145.9,144.8,144.9,168850
2015-11-12,145.15,145.5,144.45,144.95,86320
2015-11-13,144.0,144.75,143.0,143.3,295900
2015-11-16,143.15,145.2,143.05,144.75,392880
2015-11-17,144.8,146.1,144.0,146.0,1245060
2015-11-18,146.0,148.5,145.0,148.45,573040
2015-11-19,148.7,149.2,145.55,146.35,356150
2015-11-20,147.0,147.1,146.0,146.5,165050
2015-11-23,146.5,148.25,146.0,147.95,411260
2015-11-24,148.05,148.5,145.55,146.35,342900
2015-11-25,146.5,147.95,146.2,147.5,243560
2015-11-26,147.2,149.2,146.95,147.55,436070
2015-11-27,147.55,148.55,146.45,146.8,207110
2015-11-30,145.85,148.2,145.85,147.05,207990
2015-12-01,147.15,148.45,146.75,147.35,237800
2015-12-02,148.3,148.6,147.1,147.9,166800
2015-12-03,147.65,149.0,147.65,148.85,160530
2015-12-04,146.35,151.75,146.35,149.7,864980
2015-12-07,150.85,151.85,148.0,148.25,202470
2015-12-08,148.1,149.5,146.4,147.6,502860
2015-12-09,147.8,149.0,147.65,148.5,259570
2015-12-10,148.1,148.7,147.35,148.25,97220
2015-12-11,148.0,149.3,147.5,148.3,104690
2015-12-14,148.05,149.1,146.9,148.5,194740
2015-12-15,148.8,150.95,148.65,149.2,130810
2015-12-16,149.1,151.0,149.0,150.0,160680
2015-12-17,150.0,151.65,149.4,151.35,299860
2015-12-18,150.9,151.85,149.05,151.85,119460
2015-12-21,150.9,151.5,149.4,149.9,50310
2015-12-22,149.75,151.8,149.15,151.0,109340
2015-12-23,151.5,151.7,150.45,151.7,291030
2015-12-24,151.7,154.5,151.15,154.0,187560
2015-12-25,154.0,155.9,150.15,151.25,218340
2015-12-28,151.0,152.35,149.55,150.3,114490
2015-12-29,150.5,154.2,150.05,153.2,91600
2015-12-30,154.05,154.5,152.6,153.95,113860
2016-01-04,153.4,155.9,152.25,153.0,65150
2016-01-05,152.8,154.95,152.55,154.4,68260
2016-01-06,154.0,155.8,153.7,154.55,85530
2016-01-11,151.05,152.85,150.8,152.3,100000
2016-01-12,151.1,151.9,149.0,149.95,103960
2016-01-13,150.2,150.3,148.5,148.75,127310
2016-01-14,148.7,149.05,146.75,147.75,207450
2016-01-15,147.75,147.95,144.1,144.9,174190
2016-01-18,144.0,144.35,142.15,143.3,143630
2016-01-19,143.55,145.6,142.8,142.9,344780
2016-01-20,142.9,144.05,140.3,143.0,241020
2016-01-21,143.2,144.8,141.55,141.55,279080
2016-01-22,143.6,145.5,141.25,144.25,1020000
2016-01-25,145.45,145.8,142.8,143.75,282490
2016-01-26,143.3,146.25,141.8,144.5,458320
2016-01-27,144.7,145.2,143.85,144.9,131790
2016-01-28,144.75,145.9,143.7,145.05,793840
2016-01-29,145.7,147.0,145.0,145.75,333960
2016-02-01,145.6,145.8,144.85,145.1,95460
2016-02-02,145.0,146.45,144.7,145.15,208680
2016-02-03,144.5,146.85,144.0,144.85,178980
2016-02-04,146.75,147.4,145.8,146.75,164270
2016-02-05,146.65,148.0,146.35,147.9,117500
2016-02-08,147.65,148.7,146.1,147.0,171770
2016-02-09,147.0,147.0,145.25,145.6,77600
2016-02-10,145.25,146.35,144.6,145.25,283800
2016-02-11,146.75,146.75,143.05,143.9,223560
2016-02-12,144.75,145.05,143.65,144.3,190880
2016-02-15,145.5,146.7,145.0,145.5,178620
2016-02-16,145.7,146.7,144.8,144.8,206470
2016-02-17,145.3,146.4,144.9,145.9,151430
2016-02-18,146.65,147.3,146.0,146.9,335940
2016-02-19,146.3,147.0,144.9,145.25,134530
2016-02-22,146.8,146.8,145.15,145.45,258390
2016-02-24,144.75,145.3,144.0,144.2,299990
2016-02-25,144.55,145.4,144.0,144.55,181640
2016-02-26,145.0,147.75,144.65,146.2,597480
2016-02-29,146.05,148.45,145.8,148.45,263160
2016-03-01,148.45,149.35,147.1,147.7,236170
2016-03-02,148.15,149.5,145.85,146.25,304880
2016-03-03,146.6,148.6,145.3,147.75,312280
2016-03-04,147.3,148.55,145.8,146.65,502200
2016-03-07,147.0,148.95,146.25,148.55,328950
2016-03-09,147.2,148.75,146.6,147.5,270500
2016-03-10,147.4,147.6,146.0,146.0,211920
2016-03-11,146.45,146.65,145.05,145.05,306750
2016-03-14,145.55,145.9,145.0,145.55,193680
2016-03-15,145.55,146.0,145.0,145.45,169350
2016-03-16,145.7,146.2,144.85,146.0,456410
2016-03-17,146.7,147.4,145.1,145.5,484240
2016-03-18,145.95,147.85,145.5,145.5,1188880
2016-03-21,145.75,146.2,145.1,145.8,237110
2016-03-22,145.9,147.95,145.8,147.5,309200
2016-03-23,147.1,148.7,146.3,148.6,504090
2016-03-24,147.5,148.95,146.5,148.65,252650
2016-03-25,148.65,149.0,147.65,147.85,58820
2016-03-28,149.45,149.45,147.0,147.8,198710
2016-03-29,147.4,148.4,146.8,148.0,172290
2016-03-30,148.2,151.7,147.8,150.5,401890
2016-03-31,150.05,152.5,148.3,149.75,568400
2016-04-01,149.35,151.0,148.2,149.25,234520
2016-04-04,149.55,150.9,148.8,149.6,210330
2016-04-05,149.95,151.5,149.0,150.45,512640
2016-04-06,151.45,151.45,149.8,149.85,362490
2016-04-07,149.9,150.8,148.9,149.0,187820
2016-04-08,149.0,149.95,148.2,149.15,291690
2016-04-11,150.25,151.15,149.05,150.1,307580
2016-04-12,150.4,151.5,149.55,151.5,335490
2016-04-13,150.05,153.65,150.05,152.0,278620
2016-04-14,152.05,153.55,151.75,152.15,531270
2016-04-15,152.15,152.8,148.9,150.3,244010
2016-04-18,149.6,149.6,147.35,148.85,179960
2016-04-19,149.0,154.6,148.15,152.9,849480
2016-04-20,152.7,155.45,151.8,154.85,554730
2016-04-21,155.0,155.8,153.0,153.05,552500
2016-04-22,153.2,154.5,153.2,153.3,176240
2016-04-25,153.3,154.85,153.3,153.95,254350
2016-04-26,154.0,154.6,152.35,154.15,186510
2016-04-27,154.65,155.25,152.0,152.9,338840
2016-04-28,153.0,153.85,152.4,153.2,78400
2016-04-29,155.75,155.75,152.2,152.4,149280
2016-05-04,153.25,156.1,152.2,152.9,419510
2016-05-05,152.7,155.35,152.7,153.1,166030
2016-05-06,154.45,154.45,152.5,153.95,62020
2016-05-10,153.0,155.7,152.05,154.4,277440
2016-05-11,154.4,156.15,154.35,155.6,352190
2016-05-12,155.5,156.0,153.8,153.8,131450
2016-05-13,153.6,154.55,152.75,153.85,50580
2016-05-16,154.95,155.25,153.2,154.6,95460
2016-05-17,154.6,160.0,154.6,156.8,262170
2016-05-18,156.7,157.1,155.05,155.5,175230
2016-05-19,155.4,157.35,154.6,155.9,323410
2016-05-20,157.4,157.4,154.3,156.4,258930
2016-05-23,156.0,156.3,154.5,155.0,156810
2016-05-24,154.8,155.55,154.2,155.0,67340
2016-05-25,154.8,156.6,154.55,155.65,176010
2016-05-26,156.0,157.5,155.75,156.6,125270
2016-05-27,156.6,157.4,155.85,156.15,277410
2016-05-30,156.5,156.5,155.6,156.05,14680
2016-05-31,156.9,158.5,155.25,157.1,423960
2016-06-01,156.35,157.8,156.35,156.4,201320
2016-06-02,156.4,160.0,155.7,157.2,335420
2016-06-03,157.1,159.9,157.1,159.0,484410
2016-06-06,159.7,163.2,158.75,158.85,85820
2016-06-07,160.9,162.3,158.55,162.0,348920
2016-06-08,161.95,162.4,160.45,161.25,102740
2016-06-09,161.55,162.3,158.25,158.75,188950
2016-06-10,158.75,158.75,157.0,157.6,91010
2016-06-14,157.5,157.5,150.0,154.85,272080
2016-06-15,154.5,156.45,153.25,156.15,115070
2016-06-16,156.75,158.45,154.25,155.35,83080
2016-06-17,155.45,158.3,152.2,152.2,268160
2016-06-20,154.85,159.75,154.85,157.95,115340
2016-06-21,159.6,159.65,157.15,158.65,470750
2016-06-22,158.65,160.15,158.65,159.1,155650
2016-06-23,158.0,163.0,157.9,161.8,446950
2016-06-24,155.0,160.9,155.0,159.95,440270
2016-06-27,160.0,160.45,157.3,158.25,57320
2016-06-28,157.55,158.2,156.65,157.0,47560
2016-06-29,157.7,161.85,157.2,160.6,118420
2016-06-30,160.0,162.0,159.25,161.35,81240
2016-07-01,161.1,163.7,161.0,163.2,70970
2016-07-04,163.95,164.0,161.1,162.15,94970
2016-07-05,163.35,165.5,162.3,163.95,253060
2016-07-06,163.85,163.85,161.15,162.3,89920
2016-07-07,162.7,164.2,161.9,163.1,405210
2016-07-08,163.35,163.65,161.95,162.65,184470
2016-07-11,162.95,164.6,161.6,162.35,120520
2016-07-12,162.0,165.5,161.9,163.65,87630
2016-07-13,165.6,165.8,162.55,162.8,208690
2016-07-14,163.25,164.95,162.0,164.3,148070
2016-07-15,164.35,164.35,162.25,163.55,179290
2016-07-18,163.2,164.4,162.2,162.3,32510
2016-07-19,162.2,163.5,161.15,163.0,60230
2016-07-20,162.0,163.5,162.0,162.75,56660
2016-07-21,163.05,165.1,162.95,164.5,83400
2016-07-22,164.7,167.2,164.7,166.3,60810
2016-07-25,166.3,166.4,164.95,165.85,44660
2016-07-26,166.5,167.0,163.3,164.55,69210
2016-07-27,164.9,165.35,164.6,164.6,23550
2016-07-28,164.95,167.0,163.3,164.55,112040
2016-07-29,164.5,166.4,164.05,165.8,40600
2016-08-01,166.0,166.4,163.9,165.6,45120
2016-08-02,165.0,166.0,164.45,165.2,107210
2016-08-03,165.75,166.0,164.75,165.85,78490
2016-08-04,165.65,167.0,164.25,166.3,426870
2016-08-05,166.4,167.55,165.25,166.0,62570
2016-08-08,166.05,166.05,164.05,165.15,131120
2016-08-09,164.55,165.7,164.5,165.0,142360
2016-08-10,165.75,165.95,164.15,164.55,70010
2016-08-11,164.5,165.05,162.05,164.5,286360
2016-08-12,162.9,165.5,162.9,165.0,83150
2016-08-15,165.0,168.25,164.95,167.35,113010
2016-08-16,167.75,169.35,167.5,168.45,107470
2016-08-17,168.35,170.95,168.0,170.3,129150
2016-08-18,170.55,171.3,168.6,170.05,95330
2016-08-19,169.7,171.6,168.6,170.3,249130
2016-08-22,168.75,171.9,168.75,170.6,185750
2016-08-23,169.45,170.9,167.7,169.85,306410
2016-08-24,169.5,174.7,169.5,173.1,171780
2016-08-25,172.85,174.55,167.25,172.65,216870
2016-08-26,174.3,174.5,172.0,172.9,79920
2016-08-29,172.85,173.85,172.5,173.25,46590
2016-08-30,175.0,175.0,172.15,173.05,60630
2016-08-31,173.2,173.8,171.6,172.1,76530
2016-09-01,172.15,172.8,171.35,171.8,67180
2016-09-02,171.45,172.15,170.75,171.4,68300
2016-09-05,171.45,171.65,169.65,171.5,130430
2016-09-06,171.5,173.5,169.95,171.3,410570
2016-09-07,171.15,175.0,170.05,173.8,181800
2016-09-08,175.3,176.45,174.35,175.6,151410
2016-09-09,175.95,176.55,172.35,174.2,119200
2016-09-12,173.0,174.3,172.25,172.9,82220
2016-09-13,172.65,176.0,172.45,175.4,270200
2016-09-14,175.4,176.9,173.4,175.65,114580
2016-09-15,175.1,176.55,175.05,175.7,125250
2016-09-16,175.35,178.35,175.35,177.4,79680
2016-09-19,177.0,178.9,174.4,175.2,96250
2016-09-20,174.6,177.8,174.1,176.45,92020
2016-09-21,177.55,178.9,176.0,177.3,154610
2016-09-22,178.2,179.7,177.5,178.7,125970
2016-09-23,179.45,179.75,177.0,178.4,92540
2016-09-26,178.4,179.7,177.7,178.55,59110
2016-09-27,178.6,184.45,176.65,178.5,238880
2016-09-28,178.5,180.45,176.85,177.45,100070
2016-09-29,179.9,180.05,176.0,177.4,316010
2016-09-30,177.6,178.3,176.1,176.9,91420
2016-10-03,177.0,179.5,173.2,178.45,257170
2016-10-04,178.55,179.0,176.05,176.5,170740
2016-10-05,177.0,177.0,174.0,175.2,79880
2016-10-06,175.1,176.7,173.6,175.75,80830
2016-10-07,176.2,177.3,174.3,175.95,86580
2016-10-10,176.35,177.9,176.15,177.05,61840
2016-10-11,177.75,178.2,176.35,177.25,90500
2016-10-12,177.3,177.65,175.1,177.4,54130
2016-10-13,176.7,178.55,175.5,177.5,115960
2016-10-14,177.2,178.8,176.4,177.3,55810
2016-10-17,176.0,178.85,175.35,177.15,68560
2016-10-18,176.9,177.9,176.35,177.05,61120
2016-10-19,177.1,180.3,176.35,179.8,311490
2016-10-20,179.5,180.85,178.9,179.9,445620
2016-10-21,179.8,181.95,179.55,180.5,374610
2016-10-24,181.6,182.45,180.65,180.95,771390
2016-10-25,181.0,182.0,179.1,180.7,285650
2016-10-26,180.55,182.95,179.7,182.85,142820
2016-10-27,183.0,187.8,182.75,185.55,381070
2016-10-28,186.0,186.5,183.7,184.9,129430
2016-10-31,185.0,185.0,182.45,184.7,95880
2016-11-01,185.0,186.0,182.25,185.4,134570
2016-11-02,185.3,186.55,183.7,184.5,86780
2016-11-03,184.9,185.7,182.9,184.75,111210
2016-11-07,184.1,184.8,181.05,182.1,86100
2016-11-08,182.1,183.55,180.1,180.2,480260
2016-11-09,179.8,183.0,175.55,182.55,245680
2016-11-10,182.25,189.9,182.05,186.4,337540
2016-11-11,186.5,188.0,181.55,182.0,154460
2016-11-14,182.1,184.65,179.0,179.55,199410
2016-11-15,180.0,183.8,180.0,182.0,152290
2016-11-16,182.1,186.0,182.1,185.0,185120
2016-11-17,184.5,187.0,184.3,186.0,209970
2016-11-18,186.0,187.75,185.5,186.8,120820
2016-11-21,186.8,190.45,186.8,189.85,190470
2016-11-22,191.0,191.75,188.55,190.0,192960
2016-11-23,190.5,193.6,189.1,192.75,254530
2016-11-24,192.75,200.0,191.3,198.85,398080
2016-11-25,200.35,200.95,196.0,196.6,332020
2016-11-28,197.25,198.9,193.0,193.25,178550
2016-11-29,193.05,198.5,193.05,196.95,203480
2016-11-30,197.25,199.9,196.1,199.9,163130
2016-12-01,199.85,201.85,198.85,200.3,120630
2016-12-02,202.9,207.7,200.45,202.4,342280
2016-12-05,201.9,206.7,200.3,204.0,357410
2016-12-06,204.0,205.35,202.9,205.0,221780
2016-12-07,205.0,205.2,203.0,203.9,187450
2016-12-08,203.85,210.5,203.05,209.95,330020
2016-12-09,210.2,211.8,204.45,206.85,402970
2016-12-12,206.85,209.6,205.05,206.55,568750
2016-12-13,207.25,207.85,203.1,206.55,385750
2016-12-14,206.55,209.05,203.15,206.1,419760
2016-12-15,205.3,209.65,205.0,207.55,1150270
2016-12-16,206.8,209.55,206.8,208.0,356820
2016-12-19,206.8,209.5,206.8,207.85,342650
2016-12-20,206.7,211.45,203.5,209.25,402870
2016-12-21,209.35,210.95,206.6,208.9,188000
2016-12-22,207.7,209.05,205.4,208.05,208590
2016-12-23,207.3,209.85,207.0,208.35,93590
2016-12-26,208.0,209.7,206.0,207.05,19630
2016-12-27,207.9,209.05,207.0,208.6,25980
2016-12-28,209.0,213.75,208.25,211.7,439340
2016-12-29,210.85,215.9,210.1,214.15,251960
2016-12-30,213.0,218.95,213.0,214.0,168430
2017-01-03,216.0,228.2,214.35,222.6,177000
2017-01-04,223.0,233.25,221.6,232.2,445170
2017-01-05,232.95,239.9,225.35,229.1,522730
2017-01-06,231.35,236.9,225.4,228.35,192790
2017-01-09,228.9,232.0,225.3,228.5,122480
2017-01-10,228.5,230.25,225.6,228.7,93820
2017-01-11,228.6,230.0,227.0,228.95,239930
2017-01-12,229.0,232.1,228.35,230.3,242560
2017-01-13,231.45,232.25,226.6,227.3,135260
2017-01-16,228.3,228.3,225.0,225.3,141350
2017-01-17,225.6,229.95,225.55,226.8,141530
2017-01-18,228.05,229.55,227.0,227.45,95360
2017-01-19,227.15,228.65,224.0,225.85,110090
2017-01-20,225.05,227.6,224.9,225.9,104560
2017-01-23,224.7,227.25,220.3,220.9,82740
2017-01-24,221.9,224.55,221.8,223.3,73610
2017-01-25,224.7,225.65,223.25,224.2,102580
2017-01-26,226.2,229.7,224.45,228.0,175820
2017-01-27,228.15,229.7,225.2,227.3,157590
2017-01-30,227.95,229.5,226.25,226.35,62390
2017-01-31,226.6,233.35,226.6,230.7,122540
2017-02-01,231.0,233.0,227.7,230.25,96670
2017-02-02,231.0,233.2,230.55,231.7,57480
2017-02-03,232.9,235.9,229.9,233.95,111700
2017-02-06,233.95,234.0,230.2,230.8,67420
2017-02-07,231.7,233.55,230.0,232.25,72920
2017-02-08,232.3,233.4,231.0,232.15,107670
2017-02-09,233.1,233.5,228.0,229.85,60460
2017-02-10,230.6,231.2,227.95,229.3,81050
2017-02-13,228.8,230.75,228.2,230.15,90690
2017-02-14,231.2,232.4,225.15,226.5,68400
2017-02-15,226.0,233.25,221.25,230.05,165380
2017-02-16,230.2,231.9,229.15,230.25,89510
2017-02-17,230.25,234.95,230.25,233.8,443080
2017-02-20,233.9,235.0,231.0,232.85,168180
2017-02-21,233.0,237.85,231.4,232.0,140950
2017-02-22,232.85,237.4,231.6,234.0,174810
2017-02-24,235.95,235.95,231.75,233.2,165340
2017-02-27,233.9,234.25,228.55,229.85,226340
2017-02-28,230.2,232.6,228.0,229.0,235260
2017-03-01,229.9,230.8,222.55,224.0,282650
2017-03-02,225.0,225.95,222.7,223.15,244800
2017-03-03,223.15,223.5,213.05,218.6,387780
2017-03-06,216.0,220.8,216.0,216.45,133760
2017-03-07,217.3,217.6,199.2,203.8,1058540
2017-03-09,201.55,201.55,197.2,199.45,368310
2017-03-10,197.45,199.95,195.3,197.45,170510
2017-03-13,196.7,207.8,196.0,206.5,413630
2017-03-14,207.2,212.95,207.1,209.8,213430
2017-03-15,210.15,212.45,203.6,204.8,197250
2017-03-16,206.35,208.45,200.35,202.0,250020
2017-03-17,203.5,207.0,202.7,204.5,181080
2017-03-20,206.35,206.7,201.85,202.45,201780
2017-03-21,203.2,203.3,197.5,198.65,255750
2017-03-22,199.0,199.0,195.0,198.8,349420
2017-03-23,198.8,201.7,198.7,199.4,207700
2017-03-24,199.05,202.1,199.05,200.5,175100
2017-03-27,199.95,200.0,196.55,199.5,132290
2017-03-28,199.95,201.1,198.0,198.6,121210
2017-03-29,199.2,201.55,198.1,201.3,154220
2017-03-30,201.3,205.3,200.75,204.5,142660
2017-03-31,204.0,204.4,202.7,203.7,92870
2017-04-03,204.7,209.0,203.35,207.95,128270
2017-04-04,208.0,208.9,205.8,207.35,54880
2017-04-05,208.8,208.95,206.85,208.05,181010
2017-04-06,206.7,211.7,206.7,210.65,149260
2017-04-07,210.55,211.55,206.6,207.3,185520
2017-04-10,207.3,208.7,201.95,204.35,213340
2017-04-11,203.4,204.85,201.35,202.6,70850
2017-04-12,203.1,203.1,200.0,200.65,144590
2017-04-13,200.65,204.85,190.1,199.9,223700
2017-04-14,197.7,205.4,197.7,201.5,117350
2017-04-17,201.85,206.1,199.05,205.7,42190
2017-04-18,205.7,207.3,205.0,206.3,133730
2017-04-19,204.75,206.5,201.35,203.5,143270
2017-04-20,202.95,203.25,199.2,200.85,153150
2017-04-21,201.45,202.95,199.05,200.45,265350
2017-04-24,200.55,202.4,197.8,199.4,245620
2017-04-25,200.1,200.6,194.35,200.0,179390
2017-04-26,200.95,201.65,198.05,200.15,244270
2017-04-27,201.0,201.0,195.8,197.9,261830
2017-04-28,198.0,200.95,196.8,200.35,187860
2017-05-02,201.2,202.1,199.65,202.0,129200
2017-05-03,202.25,202.8,200.35,200.85,122130
2017-05-04,200.8,202.05,199.65,199.7,27570
2017-05-05,199.65,199.65,197.0,199.25,51120
2017-05-10,199.25,201.05,196.6,198.9,136270
2017-05-11,200.0,200.0,195.5,197.0,123790
2017-05-12,196.3,196.95,193.25,196.55,151050
2017-05-15,197.0,198.9,195.0,196.4,34590
2017-05-16,196.6,197.9,190.15,192.7,191990
2017-05-17,192.65,193.2,191.5,192.8,82270
2017-05-18,192.7,195.6,191.3,193.4,49640
2017-05-19,191.5,195.5,191.5,193.55,34590
2017-05-22,192.7,195.5,191.5,195.35,93630
2017-05-23,194.55,197.85,191.55,196.2,282840
2017-05-24,195.5,202.1,194.55,197.8,222560
2017-05-25,197.65,202.1,195.1,201.4,377170
2017-05-26,201.4,203.2,198.15,199.95,204680
2017-05-29,200.8,203.15,198.1,198.1,77560
2017-05-30,198.4,203.85,198.1,202.45,114650
2017-05-31,202.45,204.35,199.05,202.0,154390
2017-06-01,202.5,203.25,195.75,198.0,183980
2017-06-02,198.95,199.9,193.7,196.0,374270
2017-06-05,196.0,201.05,196.0,198.95,418130
2017-06-06,198.8,200.5,198.75,200.25,196130
2017-06-07,202.0,202.0,198.4,198.4,102870
2017-06-08,198.7,199.3,195.6,196.05,333430
2017-06-09,196.1,198.5,195.8,196.45,60890
2017-06-13,196.0,196.7,193.45,194.3,138710
2017-06-14,195.25,195.45,189.1,190.4,783300
2017-06-15,189.5,189.5,183.7,187.0,236330
2017-06-16,189.8,190.95,185.0,186.65,179800
2017-06-19,187.9,188.55,185.0,188.4,93580
2017-06-20,189.0,190.45,187.75,189.25,146460
2017-06-21,189.15,193.1,189.15,192.0,192300
2017-06-22,192.05,193.95,189.7,192.4,364590
2017-06-23,184.35,186.45,183.55,184.9,533510
2017-06-26,186.2,189.9,182.3,182.85,274340
2017-06-27,182.7,185.5,182.2,184.85,118040
2017-06-28,184.85,185.5,183.55,183.9,107040
2017-06-29,184.6,185.15,183.4,183.45,66100
2017-06-30,184.05,184.25,180.5,181.15,136410
2017-07-03,182.0,182.65,180.5,181.1,202010
2017-07-04,181.1,182.5,179.75,182.25,214760
2017-07-05,182.3,184.0,180.7,183.3,150020
2017-07-06,183.1,186.75,182.8,186.3,272030
2017-07-07,186.15,188.4,185.25,187.2,113350
2017-07-10,187.2,188.7,184.4,186.7,44410
2017-07-11,186.25,188.1,183.75,187.6,113100
2017-07-12,188.0,190.95,187.05,190.65,193200
2017-07-13,190.6,190.85,186.25,186.3,167130
2017-07-14,188.55,190.05,184.3,189.95,277890
2017-07-17,190.45,191.45,187.15,190.9,222920
2017-07-18,191.4,191.95,189.75,191.75,234960
2017-07-19,191.4,194.65,191.4,194.5,202120
2017-07-20,194.7,199.7,194.65,198.0,456180
2017-07-21,198.0,199.5,195.4,197.15,211600
2017-07-24,196.5,196.7,193.1,193.55,138600
2017-07-25,195.4,198.0,193.2,194.3,311480
2017-07-26,194.3,197.85,194.3,197.45,165510
2017-07-27,197.3,198.35,197.25,198.1,125620
2017-07-28,198.3,198.5,194.95,197.55,198760
2017-07-31,197.55,199.65,195.4,199.6,269880
2017-08-01,199.7,203.35,199.55,202.4,346840
2017-08-02,203.85,206.3,203.15,203.5,332910
2017-08-03,204.95,205.2,202.2,203.15,402340
2017-08-04,202.85,203.95,202.3,203.0,266790
2017-08-07,203.85,206.0,202.8,206.0,145280
2017-08-08,206.0,209.8,204.25,207.6,281590
2017-08-09,208.5,208.5,196.55,206.0,267890
2017-08-10,206.0,209.0,205.55,207.15,177260
2017-08-11,207.0,207.0,202.5,206.0,192420
2017-08-14,206.1,208.55,204.9,205.55,136830
2017-08-15,205.55,206.45,204.1,204.5,52390
2017-08-16,205.0,207.1,204.6,206.3,55340
2017-08-17,207.0,207.85,205.25,205.8,90600
2017-08-18,207.0,209.4,203.6,208.9,144730
2017-08-21,209.8,210.2,209.0,210.2,89450
2017-08-22,210.55,212.05,208.5,209.8,142730
2017-08-23,211.6,211.85,204.55,205.45,216720
2017-08-24,206.0,206.15,203.0,203.5,368030
2017-08-25,204.0,206.85,203.9,206.65,110860
2017-08-28,207.8,207.8,206.1,207.1,72340
2017-08-29,207.0,208.0,202.55,206.5,138710
2017-08-30,207.95,208.0,205.25,208.0,33080
2017-08-31,209.45,209.45,206.95,207.55,75410
2017-09-01,207.95,208.4,205.1,207.95,52140
2017-09-04,208.0,208.0,205.6,205.6,30970
2017-09-05,204.5,207.0,204.5,206.25,52490
2017-09-06,205.5,208.45,201.7,207.5,332830
2017-09-07,208.0,210.3,207.6,210.3,154320
2017-09-08,209.9,216.8,209.4,216.0,635170
2017-09-11,216.1,224.55,216.1,224.05,266250
2017-09-12,224.3,225.0,221.45,223.1,117470
2017-09-13,224.3,227.7,222.7,224.15,181800
2017-09-14,223.95,224.9,220.7,221.75,429310
2017-09-15,220.8,222.85,220.6,222.3,362350
2017-09-18,221.6,225.95,220.75,225.4,187260
2017-09-19,224.1,225.25,220.8,224.35,282360
2017-09-20,224.4,224.85,221.9,223.2,54570
2017-09-21,223.5,225.05,220.8,222.2,147480
2017-09-22,221.4,222.7,217.25,218.8,271640
2017-09-25,220.9,220.9,216.1,218.7,275920
2017-09-26,220.0,224.05,219.45,223.2,272020
2017-09-27,223.85,226.7,223.2,226.0,361380
2017-09-28,226.0,229.6,225.0,229.0,211810
2017-09-29,228.4,228.6,225.7,227.0,166220
2017-10-02,227.95,228.5,224.75,225.35,49200
2017-10-03,224.85,227.0,223.75,226.35,73480
2017-10-04,227.95,227.95,225.05,225.75,38790
2017-10-05,226.7,228.7,223.55,227.7,125180
2017-10-06,226.0,228.75,226.0,227.0,98500
2017-10-09,228.45,228.45,226.75,227.55,45670
2017-10-10,227.05,227.55,224.85,226.8,39970
2017-10-11,223.8,227.5,223.8,226.85,47940
2017-10-12,227.65,229.55,225.45,225.95,186300
2017-10-13,226.85,228.2,224.7,227.05,71350
2017-10-16,228.95,235.5,227.2,235.0,252210
2017-10-17,235.05,236.9,233.15,233.15,166200
2017-10-18,234.7,236.5,233.35,234.7,97420
2017-10-19,235.9,238.1,233.5,235.0,94130
2017-10-20,235.1,236.95,234.25,234.7,125590
2017-10-23,236.15,236.15,227.1,231.15,229510
2017-10-24,231.8,236.5,230.25,236.4,113330
2017-10-25,236.5,237.4,229.7,231.75,154380
2017-10-26,231.35,235.6,228.25,233.65,697730
2017-10-27,233.7,236.0,232.5,234.95,239900
2017-10-30,235.1,236.45,231.55,235.95,187960
2017-10-31,236.4,246.05,235.05,245.0,358410
2017-11-01,245.55,248.2,245.0,247.05,268660
2017-11-02,247.8,247.85,246.0,246.0,96980
2017-11-03,247.4,252.05,246.85,250.6,316160
2017-11-07,252.5,262.85,252.5,262.5,293780
2017-11-08,263.5,264.35,256.5,256.85,303430
2017-11-09,258.0,260.15,252.25,260.1,220810
2017-11-10,260.2,260.5,255.05,256.9,119010
2017-11-13,258.0,259.9,255.6,259.9,134070
2017-11-14,256.9,259.8,256.0,257.9,126500
2017-11-15,258.6,258.6,255.15,256.7,222030
2017-11-16,256.75,256.75,253.6,255.2,136300
2017-11-17,255.75,258.05,253.85,258.05,64080
2017-11-20,258.05,259.9,256.9,257.0,77960
2017-11-21,259.4,264.0,257.1,261.5,155450
2017-11-22,262.1,263.45,257.9,259.6,62200
2017-11-23,258.2,261.25,258.2,259.2,90180
2017-11-24,259.3,262.95,258.95,262.45,104980
2017-11-27,263.0,264.2,260.7,263.3,166290
2017-11-28,264.0,264.1,255.15,260.5,319930
2017-11-29,261.6,261.6,253.5,255.85,191540
2017-11-30,255.0,255.0,246.8,251.0,239940
2017-12-01,253.75,254.85,252.2,253.85,72770
2017-12-04,253.9,254.65,251.8,253.4,37000
2017-12-05,253.3,253.3,249.0,252.95,163390
2017-12-06,252.95,253.7,250.1,250.35,97260
2017-12-07,253.7,256.15,247.55,249.55,138980
2017-12-08,250.25,251.3,245.3,245.35,122560
2017-12-11,245.4,252.1,245.35,251.45,92400
2017-12-12,252.35,255.5,251.6,253.9,255770
2017-12-13,254.85,255.9,248.95,252.5,399380
2017-12-14,252.3,253.8,246.0,252.0,181160
2017-12-15,252.75,252.75,249.6,251.0,108970
2017-12-18,251.9,252.4,248.5,251.0,116310
2017-12-19,251.05,251.05,246.6,248.0,268700
2017-12-20,248.0,248.05,243.1,244.65,555320
2017-12-21,245.3,245.6,243.1,243.8,145590
2017-12-22,245.0,246.65,243.5,245.55,281390
2017-12-25,245.8,249.95,245.35,249.0,265840
2017-12-26,249.0,251.4,246.3,249.65,400660
2017-12-27,250.0,250.35,248.5,249.95,501280
2017-12-28,242.9,245.5,241.2,245.5,412150
2017-12-29,246.15,247.5,243.95,244.1,317700
2018-01-03,244.4,246.6,242.15,242.5,174460
2018-01-04,243.35,245.25,242.05,243.7,193550
2018-01-05,243.85,244.75,242.05,244.2,144310
2018-01-09,244.55,249.1,244.25,249.1,325810
2018-01-10,249.25,253.25,246.75,253.0,419770
2018-01-11,253.8,256.85,250.2,255.7,415510
2018-01-12,256.45,268.3,253.8,259.9,525850
2018-01-15,260.4,264.0,257.95,258.55,259790
2018-01-16,258.05,260.7,258.0,259.1,156400
2018-01-17,259.1,262.05,253.95,262.05,271840
2018-01-18,262.0,271.0,261.45,269.95,702940
2018-01-19,269.95,272.1,264.0,266.45,190510
2018-01-22,267.9,269.25,265.75,268.5,173730
2018-01-23,268.5,270.35,265.0,269.35,330750
2018-01-24,268.15,270.95,266.55,269.0,139950
2018-01-25,269.7,278.5,268.7,277.9,329410
2018-01-26,278.95,280.0,274.0,276.7,212180
2018-01-29,276.5,280.0,276.15,279.6,168090
2018-01-30,279.4,282.35,277.05,280.1,146910
2018-01-31,281.45,281.45,278.6,279.1,223420
2018-02-01,280.5,285.2,280.1,281.2,310400
2018-02-02,282.2,285.2,281.5,283.7,245990
2018-02-05,283.3,283.3,279.6,281.2,352110
2018-02-06,259.5,279.0,259.5,274.0,380790
2018-02-07,278.45,282.3,274.6,281.9,256220
2018-02-08,278.1,287.2,276.45,286.2,214390
2018-02-09,285.0,285.0,278.7,280.15,245180
2018-02-12,280.1,287.9,278.55,281.45,222240
2018-02-13,281.35,284.95,278.8,282.3,271940
2018-02-14,282.95,283.35,279.4,280.0,495710
2018-02-15,284.65,285.5,279.3,283.95,291400
2018-02-16,285.0,285.8,276.8,278.05,407380
2018-02-19,278.55,282.5,278.55,282.3,214080
2018-02-20,282.3,283.95,280.75,281.6,161780
2018-02-21,282.2,282.85,280.1,281.95,114380
2018-02-22,282.0,285.0,278.25,283.05,216460
2018-02-26,285.0,288.05,283.45,284.65,299740
2018-02-27,284.65,287.0,283.7,286.9,211140
2018-02-28,287.2,287.85,283.9,283.9,158290
2018-03-01,283.35,294.8,281.05,294.8,323420
2018-03-02,293.4,293.45,287.1,291.45,110140
2018-03-05,291.45,294.55,288.1,291.85,126340
2018-03-06,291.75,294.9,291.7,294.65,119570
2018-03-07,293.65,294.2,290.55,291.85,77550
2018-03-09,292.25,294.2,290.3,292.75,81910
2018-03-12,293.55,295.9,289.65,290.05,87460
2018-03-13,290.05,292.3,286.0,288.0,234870
2018-03-14,287.65,287.7,285.4,286.7,82680
2018-03-15,287.6,288.0,281.15,284.5,154110
2018-03-16,284.0,289.05,282.0,289.05,195730
2018-03-19,289.0,292.15,287.35,290.35,134920
2018-03-20,288.75,292.6,288.5,292.45,211500
2018-03-21,292.15,293.25,291.2,292.9,107640
2018-03-22,293.0,293.25,289.0,290.0,213750
2018-03-23,290.85,290.85,288.0,288.0,138940
2018-03-26,288.0,291.0,288.0,288.45,82630
2018-03-27,294.0,297.0,290.55,296.95,228130
2018-03-28,294.1,296.95,294.1,295.25,74930
2018-03-29,295.0,297.0,295.0,295.1,51410
2018-03-30,295.5,297.0,295.5,295.85,33600
2018-04-02,296.1,299.2,296.1,299.15,63610
2018-04-03,297.35,300.0,292.95,298.9,203920
2018-04-04,300.2,303.35,298.85,303.35,82220
2018-04-05,303.55,315.9,302.95,314.0,335160
2018-04-06,314.0,314.7,310.8,312.05,115480
2018-04-09,312.85,312.85,289.8,297.4,703430
2018-04-10,292.7,309.0,291.5,296.25,410510
2018-04-11,296.15,305.0,287.0,288.8,441700
2018-04-12,294.3,298.3,292.2,296.75,234730
2018-04-13,298.0,299.7,295.3,296.7,163720
2018-04-16,293.0,304.0,291.25,302.1,281810
2018-04-17,304.0,309.8,304.0,306.5,128730
2018-04-18,308.4,311.95,307.45,310.1,169040
2018-04-19,311.0,313.1,296.2,302.35,351720
2018-04-20,303.0,305.75,299.8,301.1,317120
2018-04-23,302.3,306.15,301.3,304.3,251920
2018-04-24,305.2,305.55,299.05,299.85,166780
2018-04-25,300.0,301.5,295.4,297.0,137740
2018-04-26,299.1,302.45,297.7,302.3,475660
2018-04-27,303.25,306.3,301.35,305.0,298780
2018-04-30,306.65,310.25,306.2,308.2,191720
2018-05-02,308.5,312.15,308.45,309.0,189580
2018-05-03,309.75,309.75,304.0,304.1,89440
2018-05-04,303.0,309.0,302.0,307.85,91640
2018-05-07,308.25,315.5,308.25,315.5,323120
2018-05-08,315.0,316.8,311.6,313.7,275870
2018-05-10,320.0,321.75,313.3,313.65,289040
2018-05-11,313.75,332.45,313.75,332.45,420320
2018-05-14,329.1,335.05,316.2,325.1,1070970
2018-05-15,325.75,328.5,324.3,326.15,356000
2018-05-16,327.0,329.95,324.55,329.85,166500
2018-05-17,332.0,332.05,322.5,323.0,312140
2018-05-18,323.0,327.5,323.0,325.0,144020
2018-05-21,326.25,328.5,326.25,327.45,156000
2018-05-22,327.5,332.45,326.1,332.45,170520
2018-05-23,332.0,336.0,329.75,333.1,215190
2018-05-24,333.1,336.0,331.25,332.25,107190
2018-05-25,331.7,334.9,327.8,331.0,182610
2018-05-28,329.5,335.0,327.9,331.2,49400
2018-05-29,332.35,332.4,329.0,329.9,37530
2018-05-30,329.5,331.35,326.4,328.95,116700
2018-05-31,327.4,328.55,318.5,321.9,121950
2018-06-01,323.0,323.6,313.05,318.0,414970
2018-06-04,320.0,321.95,316.7,321.7,165020
2018-06-05,322.0,326.0,321.15,326.0,179410
2018-06-06,328.25,328.25,325.0,326.0,96020
2018-06-07,326.65,330.0,326.45,327.2,73430
2018-06-08,327.75,330.0,325.15,326.1,85790
2018-06-11,323.7,330.35,323.7,329.75,71660
2018-06-13,328.3,329.7,320.55,322.95,140850
2018-06-14,321.7,321.7,318.05,320.0,152000
2018-06-15,318.4,324.65,317.95,323.55,83340
2018-06-18,320.1,323.55,320.1,322.0,53460
2018-06-19,320.1,324.0,319.4,320.0,59260
2018-06-20,319.2,322.45,302.35,315.1,219310
2018-06-21,314.5,314.85,305.85,314.75,374010
2018-06-22,314.9,315.9,311.45,312.4,127300
2018-06-25,309.0,309.2,303.35,308.95,162300
2018-06-26,306.8,309.55,304.05,309.2,163590
2018-06-27,309.5,313.75,306.55,311.0,150010
2018-06-28,311.75,315.25,310.1,313.6,210570
2018-06-29,312.0,328.95,312.0,324.0,266650
2018-07-02,321.15,328.7,321.15,323.9,191540
2018-07-03,323.0,332.3,323.0,327.8,411640
2018-07-04,329.05,334.4,324.95,334.4,261260
2018-07-05,333.2,335.1,332.15,335.0,133930
2018-07-06,335.3,335.35,327.1,335.0,285450
2018-07-09,336.0,339.5,334.25,339.2,229210
2018-07-10,340.4,342.5,337.95,340.3,253020
2018-07-11,341.4,342.0,336.55,338.45,213320
2018-07-12,339.0,339.5,336.75,339.2,157650
2018-07-13,339.5,340.3,338.3,340.1,102440
2018-07-16,340.35,341.9,338.25,338.95,133890
2018-07-17,338.9,339.3,334.3,338.9,120520
2018-07-18,338.8,345.7,337.25,342.1,106060
2018-07-19,341.5,344.95,336.35,338.65,157240
2018-07-20,340.4,341.0,337.0,337.75,87680
2018-07-23,337.75,340.95,337.75,340.9,203220
2018-07-24,341.0,341.6,333.4,334.7,107120
2018-07-25,336.0,336.75,329.05,330.35,204750
2018-07-26,331.9,335.7,328.0,329.7,123400
2018-07-27,331.25,333.45,325.6,328.9,179440
2018-07-30,329.4,331.65,320.5,325.2,189450
2018-07-31,326.75,329.3,321.45,328.2,179690
2018-08-01,328.9,335.7,325.9,333.5,174160
2018-08-02,330.9,335.5,328.0,328.6,86140
2018-08-03,329.5,329.5,322.1,327.0,110150
2018-08-06,328.2,331.5,327.5,328.3,56370
2018-08-07,329.1,332.1,328.4,329.2,83940
2018-08-08,329.8,329.9,312.5,316.0,393730
2018-08-09,316.1,338.0,312.8,329.4,403770
2018-08-10,331.9,337.6,328.4,330.6,279720
2018-08-13,327.0,332.8,326.2,331.6,86710
2018-08-14,332.4,332.8,327.3,330.3,66140
2018-08-15,331.4,334.5,327.5,332.2,214450
2018-08-16,333.0,345.0,331.1,342.8,369560
2018-08-17,344.1,355.0,335.1,336.3,292160
2018-08-20,337.0,339.8,332.8,336.3,132800
2018-08-21,336.1,337.2,334.3,335.0,109790
2018-08-22,335.6,341.1,334.2,334.3,236000
2018-08-23,334.6,337.7,330.1,330.1,194430
2018-08-24,331.5,335.0,327.2,330.3,314760
2018-08-27,331.9,338.5,330.0,338.5,93960
2018-08-28,338.6,339.4,335.5,335.5,109610
2018-08-29,336.8,343.0,335.7,341.2,139010
2018-08-30,340.6,342.4,336.2,338.8,158290
2018-08-31,339.5,339.5,335.0,335.8,67160
2018-09-03,336.7,340.4,335.9,339.9,53460
2018-09-04,340.5,342.0,336.1,337.2,130200
2018-09-05,337.9,337.9,332.0,332.5,100750
2018-09-06,332.4,335.8,330.3,331.3,243470
2018-09-07,332.0,332.0,324.4,327.8,190340
2018-09-10,327.8,334.9,327.0,334.1,219090
2018-09-11,334.8,336.3,320.5,324.3,536220
2018-09-12,325.0,328.6,316.4,323.0,590460
2018-09-13,320.5,325.2,317.8,323.1,482460
2018-09-14,324.8,331.1,322.3,328.7,284800
2018-09-17,331.2,333.6,327.3,331.8,231890
2018-09-18,331.7,334.2,327.8,332.2,337680
2018-09-19,333.9,338.0,332.7,333.4,259710
2018-09-20,335.9,338.0,334.1,334.7,154020
2018-09-21,336.6,338.9,333.8,335.0,245540
2018-09-24,339.6,345.0,336.0,343.4,254410
2018-09-25,341.8,349.9,341.8,348.8,230990
2018-09-26,348.9,359.8,348.0,356.0,554380
2018-09-27,359.0,360.2,351.5,358.2,474860
2018-09-28,359.8,379.0,355.2,370.7,526870
2018-10-01,374.0,384.0,363.1,368.6,390020
2018-10-02,370.2,379.5,366.6,367.0,366330
2018-10-03,368.5,378.5,367.0,377.6,581700
2018-10-04,380.0,386.9,373.9,383.8,518410
2018-10-05,385.0,387.0,372.1,385.5,339470
2018-10-08,386.0,391.8,383.5,384.9,307700
2018-10-09,389.0,404.6,388.8,395.4,467700
2018-10-10,397.8,402.0,387.0,390.8,380060
2018-10-11,382.0,384.0,375.0,377.7,739340
2018-10-12,377.9,387.6,377.7,386.5,194050
2018-10-15,389.2,398.9,388.8,394.2,299520
2018-10-16,394.2,398.8,393.0,395.6,175990
2018-10-17,399.0,399.3,383.0,383.7,199600
2018-10-18,385.9,391.6,368.7,372.0,357830
2018-10-19,374.9,374.9,362.7,366.0,326890
2018-10-22,366.5,375.0,362.7,367.3,249300
2018-10-23,367.5,367.5,360.2,365.1,182880
2018-10-24,367.0,379.4,355.7,379.0,279140
2018-10-25,377.0,377.5,362.9,372.1,308870
2018-10-26,368.0,371.9,366.1,369.8,211930
2018-10-29,366.0,378.9,366.0,373.3,182040
2018-10-30,377.7,382.4,374.3,378.5,175880
2018-10-31,380.0,387.0,379.5,385.0,238680
2018-11-01,385.0,388.5,382.0,386.5,125550
2018-11-02,387.0,395.7,383.8,387.0,444730
2018-11-06,386.5,393.0,375.0,386.0,520920
2018-11-07,386.6,391.0,381.0,386.0,285440
2018-11-08,389.9,394.0,389.1,389.5,345820
2018-11-09,389.2,389.2,370.0,377.0,419500
2018-11-12,380.9,384.6,374.0,377.0,175640
2018-11-13,381.0,389.5,375.0,375.0,692530
2018-11-14,373.5,373.5,365.2,372.2,818620
2018-11-15,370.1,377.0,370.1,373.5,310130
2018-11-16,377.8,384.1,376.6,377.0,416720
2018-11-19,379.0,383.5,368.3,370.6,518430
2018-11-20,370.5,374.0,357.5,361.8,535050
2018-11-21,358.2,369.9,356.7,363.9,538020
2018-11-22,364.3,369.2,351.7,362.8,365560
2018-11-23,359.3,361.1,345.9,351.0,512500
2018-11-26,352.0,357.0,340.8,345.5,427950
2018-11-27,340.4,358.8,340.4,357.6,364360
2018-11-28,357.9,365.2,357.9,364.1,343130
2018-11-29,364.5,368.0,356.0,359.1,527110
2018-11-30,358.6,365.0,356.5,363.2,366740
2018-12-03,367.0,379.0,367.0,378.2,822070
2018-12-04,379.0,387.0,378.5,385.0,668750
2018-12-05,383.0,388.0,375.2,382.1,410360
2018-12-06,380.0,392.3,376.3,380.0,922740
2018-12-07,380.2,385.6,377.0,382.0,709450
2018-12-10,380.8,381.0,371.0,371.0,572270
2018-12-11,373.0,376.4,361.0,366.7,618900
2018-12-12,367.5,370.6,363.6,365.6,330020
2018-12-13,363.6,367.0,361.0,363.8,363570
2018-12-14,363.5,370.0,361.2,362.8,443110
2018-12-17,362.8,368.0,361.2,363.1,402610
2018-12-18,361.5,362.5,352.6,354.2,752130
2018-12-19,352.1,355.2,350.7,350.7,598470
2018-12-20,350.6,351.5,346.0,350.0,585190
2018-12-21,349.5,359.5,347.7,353.0,541080
2018-12-24,352.8,358.6,352.8,355.4,439760
2018-12-25,353.4,355.0,344.9,351.5,510720
2018-12-26,350.1,359.8,349.4,359.5,807940
2018-12-27,344.6,349.2,343.6,344.0,842360
2018-12-28,343.6,348.4,341.2,344.1,453530
2019-01-03,344.0,349.4,344.0,345.8,184560
2019-01-04,347.8,348.6,345.5,348.5,259370
2019-01-08,349.0,352.9,347.1,348.8,228410
2019-01-09,349.5,353.0,349.5,352.0,258980
2019-01-10,353.0,356.0,350.3,354.8,314050
2019-01-11,354.4,359.8,354.4,357.7,413330
2019-01-14,358.0,358.0,351.7,355.7,298310
2019-01-15,356.0,357.8,355.1,355.4,227980
2019-01-16,355.6,356.6,348.0,351.0,1018850
2019-01-17,352.4,352.4,343.9,345.0,694700
2019-01-18,348.0,348.5,344.4,346.0,532390
2019-01-21,347.0,348.8,344.0,344.0,303600
2019-01-22,345.0,346.2,343.0,344.2,311980
2019-01-23,344.0,351.0,343.5,349.3,658820
2019-01-24,351.3,351.3,343.7,344.9,477610
2019-01-25,348.2,348.3,343.0,343.0,340000
2019-01-28,345.6,345.6,340.6,340.6,1319600
2019-01-29,340.4,343.1,328.0,340.6,596440
2019-01-30,341.7,346.5,339.2,345.5,584880
2019-01-31,347.2,350.4,342.0,342.0,764400
2019-02-01,343.95,345.85,342.25,345.45,483050
2019-02-04,345.95,347.5,343.5,345.15,306040
2019-02-05,345.05,346.85,343.0,345.7,281330
2019-02-06,345.75,346.9,344.5,345.7,184510
2019-02-07,345.55,346.3,340.4,341.95,408160
2019-02-08,341.0,343.8,340.5,341.2,262440
2019-02-11,343.45,344.6,341.1,341.2,275720
2019-02-12,341.75,342.85,340.65,341.0,288380
2019-02-13,342.0,342.2,338.05,339.0,314650
2019-02-14,336.5,344.9,333.65,343.0,576900
2019-02-15,345.0,345.1,342.3,343.4,444040
2019-02-18,343.9,345.1,342.25,343.15,396400
2019-02-19,342.8,344.0,337.1,337.75,243000
2019-02-20,340.45,340.95,336.2,336.8,753550
2019-02-21,338.85,343.5,334.9,335.45,926710
2019-02-22,336.0,337.7,335.0,335.9,354940
2019-02-25,336.45,337.0,334.0,334.85,533120
2019-02-26,334.8,335.5,330.6,331.25,453970
2019-02-27,331.6,334.1,326.05,327.6,709900
2019-02-28,328.25,329.0,322.2,327.9,478150
2019-03-01,328.0,332.6,328.0,331.0,500830
2019-03-04,331.45,334.95,329.0,334.0,292120
2019-03-05,333.85,334.8,328.4,332.0,316440
2019-03-06,333.0,333.0,330.05,332.0,229410
2019-03-07,332.45,332.45,328.1,329.9,245280
2019-03-11,328.0,330.65,324.65,325.0,479970
2019-03-12,326.0,327.45,321.7,323.15,530210
2019-03-13,324.0,324.9,321.1,322.5,203320
2019-03-14,323.15,324.2,317.75,318.5,544480
2019-03-15,319.35,319.45,312.15,313.8,546930
2019-03-18,314.7,319.95,313.55,318.95,509500
2019-03-19,320.85,326.45,319.05,323.7,643730
2019-03-20,323.7,329.0,323.15,327.75,606080
2019-03-21,327.85,333.0,327.85,332.55,880990
2019-03-22,332.75,333.0,321.9,324.1,842860
2019-03-25,323.1,328.0,321.7,322.55,370250
2019-03-26,322.15,324.65,320.5,322.85,181050
2019-03-27,323.0,324.0,322.45,322.45,111640
2019-03-28,321.15,323.5,317.6,319.65,348310
2019-03-29,320.4,325.5,319.55,324.25,362490
2019-04-01,323.65,327.0,322.95,324.65,444260
2019-04-02,324.65,326.9,323.25,325.75,187300
2019-04-03,325.1,329.25,325.1,325.85,195450
2019-04-04,325.55,326.55,321.6,324.0,249940
2019-04-05,323.6,327.75,322.25,325.75,232160
2019-04-08,327.6,336.75,326.55,336.75,833030
2019-04-09,337.75,342.05,337.4,340.7,1122680
2019-04-10,341.0,345.7,340.1,345.65,501400
2019-04-11,345.5,346.0,333.0,338.5,667820
2019-04-12,338.15,345.3,338.05,345.2,652640
2019-04-15,345.4,354.4,345.25,346.8,1120190
2019-04-16,350.2,352.25,347.55,348.35,384010
2019-04-17,350.5,350.5,349.0,349.45,220440
2019-04-18,349.3,349.3,345.0,348.4,325280
2019-04-19,349.9,352.1,346.75,348.7,206500
2019-04-22,352.0,357.4,347.8,354.0,436670
2019-04-23,357.6,362.1,355.95,361.45,981030
2019-04-24,361.5,364.0,356.7,360.0,343260
2019-04-25,360.0,366.65,360.0,365.0,764560
2019-04-26,364.45,366.0,361.1,363.8,449750
2019-04-29,365.0,365.0,361.0,362.9,156880
2019-04-30,362.9,364.2,355.0,360.0,681400
2019-05-02,360.2,363.7,359.05,361.7,147500
2019-05-03,363.4,365.0,359.2,362.7,147380
2019-05-06,357.7,361.85,357.0,359.3,177750
2019-05-07,359.9,359.9,351.85,356.9,249760
2019-05-08,353.2,356.5,348.1,355.05,323290
2019-05-10,351.15,357.4,345.85,349.8,469310
2019-05-13,350.0,354.0,342.55,345.25,553010
2019-05-14,345.6,351.1,342.55,350.0,421210
2019-05-15,350.0,355.0,344.6,348.0,620700
2019-05-16,348.0,355.3,346.45,351.8,342590
2019-05-17,348.25,355.0,348.0,349.95,327670
2019-05-20,351.4,352.6,345.5,351.7,397510
2019-05-21,352.5,369.95,351.05,367.0,1697470
2019-05-22,368.0,385.0,368.0,380.0,1692810
2019-05-23,380.0,381.95,375.5,376.0,680810
2019-05-24,377.8,380.0,372.8,375.0,397000
2019-05-27,377.0,379.0,371.4,374.7,267770
2019-05-28,374.7,375.35,367.3,368.0,725300
2019-05-29,370.35,371.25,364.15,370.5,286320
2019-05-30,372.85,380.65,372.85,374.0,665080
2019-05-31,372.0,374.25,367.55,372.6,389770
2019-06-03,371.25,374.25,366.5,370.4,1096260
2019-06-04,367.5,373.95,365.4,367.0,672090
2019-06-05,369.45,373.6,366.25,368.3,1110530
2019-06-06,367.05,376.2,367.05,369.5,612100
2019-06-07,372.45,374.45,367.15,369.45,627920
2019-06-10,368.75,371.95,365.75,368.1,568620
2019-06-11,369.15,379.0,368.05,379.0,965830
2019-06-13,376.3,392.3,376.3,392.3,1050750
2019-06-14,392.35,399.85,387.1,398.0,2272240
2019-06-17,399.95,405.0,397.75,400.1,734110
2019-06-18,399.3,404.25,392.15,402.2,1050420
2019-06-19,404.45,412.0,401.25,403.35,770120
2019-06-20,405.05,407.5,400.2,402.0,1337410
2019-06-21,404.5,406.9,401.1,404.9,483170
2019-06-24,405.55,408.0,401.0,402.1,470740
2019-06-25,402.9,402.9,397.2,399.05,467630
2019-06-26,400.0,402.3,400.0,401.65,382610
2019-06-27,401.05,405.25,401.05,403.9,939240
2019-06-28,398.0,402.4,397.2,400.95,831240
2019-07-01,403.0,407.0,401.3,403.4,902700
2019-07-02,405.0,412.5,404.05,411.0,740060
2019-07-03,410.5,415.0,406.8,412.05,437870
2019-07-04,412.05,414.5,409.7,412.1,333360
2019-07-05,414.0,414.7,409.0,414.0,453250
2019-07-08,413.0,415.0,408.1,409.9,346340
2019-07-09,410.2,413.8,410.0,413.3,468880
2019-07-10,413.75,419.45,413.6,416.25,673840
2019-07-11,416.25,420.0,410.6,414.9,583950
2019-07-12,416.0,416.75,405.85,411.0,653640
2019-07-15,415.7,415.7,408.0,412.9,378790
2019-07-16,410.25,411.85,408.05,409.95,710870
2019-07-17,408.0,411.75,405.85,408.0,283720
2019-07-18,406.85,406.85,401.05,403.25,565910
2019-07-19,404.0,405.5,401.8,402.0,367220
2019-07-22,406.0,406.95,400.3,402.6,511380
2019-07-23,404.0,406.45,402.75,404.65,317760
2019-07-24,405.0,409.0,404.4,408.45,1173460
2019-07-25,408.7,416.5,408.7,411.55,358880
2019-07-26,412.0,416.95,410.6,415.0,509160
2019-07-29,416.0,417.5,412.9,415.15,372350
2019-07-30,416.2,419.4,414.0,418.1,278320
2019-07-31,419.0,427.85,416.8,426.55,557260
2019-08-01,426.0,438.1,425.05,435.95,924590
2019-08-02,432.2,436.05,420.0,424.4,1443890
2019-08-05,421.9,425.75,417.7,418.15,487390
2019-08-06,418.15,427.85,418.15,421.2,499420
2019-08-07,421.6,424.45,418.5,422.0,614260
2019-08-08,423.5,428.8,417.9,422.0,901990
2019-08-09,423.0,426.3,421.1,422.5,298160
2019-08-12,424.6,426.45,422.75,425.35,197530
2019-08-13,423.65,424.25,421.1,422.6,273790
2019-08-14,424.7,426.4,420.25,422.55,537900
2019-08-15,423.6,423.95,418.25,419.2,530030
2019-08-16,419.2,423.3,414.0,414.0,588030
2019-08-19,416.2,416.75,410.1,415.65,798420
2019-08-20,416.8,417.05,412.05,416.5,333090
2019-08-21,416.95,420.7,415.95,420.2,478230
2019-08-22,419.05,420.55,414.2,414.2,357040
2019-08-23,419.7,419.7,411.0,418.7,437990
2019-08-26,415.0,420.35,415.0,419.6,362810
2019-08-27,420.9,423.3,415.4,417.4,419420
2019-08-28,418.05,419.4,413.4,417.0,574930
2019-08-29,417.25,418.9,415.35,418.2,456700
2019-08-30,418.5,419.0,412.4,412.5,844780
2019-09-02,412.55,416.2,412.5,414.5,370570
2019-09-03,414.5,415.85,399.15,407.4,1712970
2019-09-04,408.9,420.0,407.7,408.7,995620
2019-09-05,412.0,414.3,411.35,413.8,1035720
2019-09-06,410.85,413.9,409.8,409.9,562950
2019-09-09,413.8,414.2,410.2,410.2,450050
2019-09-10,412.0,412.0,409.9,411.0,270760
2019-09-11,412.0,415.2,410.0,413.4,830670
2019-09-12,413.25,417.8,413.1,416.5,830300
2019-09-13,415.4,416.4,410.35,413.95,532300
2019-09-16,419.0,429.45,417.5,427.3,2211550
2019-09-17,425.65,435.0,422.0,423.0,1334480
2019-09-18,422.7,426.15,417.55,419.1,762550
2019-09-19,419.95,419.95,415.1,415.3,748110
2019-09-20,415.3,419.2,414.0,416.1,461000
2019-09-23,417.0,418.0,414.05,415.05,363920
2019-09-24,417.3,419.35,415.1,418.1,436160
2019-09-25,415.5,418.9,415.45,418.0,673380
2019-09-26,418.5,421.7,416.55,421.0,517270
2019-09-27,420.55,425.0,418.85,423.0,477330
2019-09-30,423.9,426.6,420.7,423.75,364130
2019-10-01,424.7,425.2,419.8,423.1,411440
2019-10-02,423.7,423.95,416.25,418.75,646170
2019-10-03,418.1,418.6,412.65,415.6,432850
2019-10-04,415.55,419.95,410.6,413.65,691090
2019-10-07,411.5,418.5,411.0,417.5,580810
2019-10-08,415.3,418.4,413.3,414.9,346770
2019-10-09,414.1,418.65,413.9,416.8,580860
2019-10-10,418.5,419.5,416.4,419.0,208630
2019-10-11,419.95,424.5,418.5,422.0,637470
2019-10-14,423.9,427.3,423.0,425.9,667770
2019-10-15,426.2,426.6,422.45,424.9,764950
2019-10-16,424.55,428.2,424.55,428.2,1400530
2019-10-17,413.0,419.05,412.3,418.0,1655800
2019-10-18,418.9,418.9,415.0,415.0,701990
2019-10-21,416.15,416.45,414.1,414.3,544300
2019-10-22,415.95,417.25,414.0,415.2,489640
2019-10-23,415.0,415.8,413.25,415.0,616480
2019-10-24,415.45,417.45,414.05,416.65,818990
2019-10-25,417.0,417.9,415.75,417.45,628970
2019-10-28,418.5,421.15,417.45,417.45,646390
2019-10-29,416.7,418.4,412.0,416.85,1070930
2019-10-30,416.7,416.85,413.45,413.45,653780
2019-10-31,415.0,416.45,413.45,415.0,571090
2019-11-01,415.0,416.6,413.65,416.6,572380
2019-11-05,417.05,424.0,416.85,420.9,1299610
2019-11-06,420.55,422.4,417.55,421.8,763050
2019-11-07,422.45,424.5,419.2,421.55,961660
2019-11-08,421.85,423.45,418.0,420.0,599770
2019-11-11,420.6,424.4,419.45,423.0,674610
2019-11-12,423.0,424.45,421.5,422.1,666640
2019-11-13,420.1,423.0,418.5,419.35,383540
2019-11-14,418.85,421.6,416.55,417.0,981050
2019-11-15,417.1,423.2,417.05,420.8,461860
2019-11-18,425.0,426.6,417.5,423.0,1669650
2019-11-19,425.0,425.9,423.5,425.1,708290
2019-11-20,425.15,425.2,422.5,423.35,491580
2019-11-21,424.35,425.0,421.3,424.75,462710
2019-11-22,424.8,424.9,423.55,424.9,401000
2019-11-25,425.05,427.5,424.05,426.2,409600
2019-11-26,427.0,427.4,423.3,424.2,412500
2019-11-27,425.4,425.6,422.0,422.0,495820
2019-11-28,422.3,423.3,417.1,417.1,666700
2019-11-29,417.55,420.9,417.55,418.6,713580
2019-12-02,420.15,424.0,419.05,421.0,615770
2019-12-03,421.0,424.65,415.0,415.0,701780
2019-12-04,416.3,419.45,414.35,416.7,770730
2019-12-05,418.6,419.45,416.35,416.6,320450
2019-12-06,418.0,419.15,415.55,418.5,573310
2019-12-09,419.5,421.5,418.2,419.1,560720
2019-12-10,420.75,421.45,416.75,417.2,373630
2019-12-11,417.05,421.4,413.25,421.0,437920
2019-12-12,421.55,422.5,419.5,422.5,636060
2019-12-13,423.0,424.05,421.2,421.85,433920
2019-12-16,422.0,423.8,417.65,423.5,579460
2019-12-17,423.7,424.65,421.25,423.4,599880
2019-12-18,422.55,423.85,417.7,423.3,1172930
2019-12-19,422.8,424.3,421.4,424.1,518610
2019-12-20,424.5,424.85,418.75,422.95,438030
2019-12-23,422.95,422.95,420.95,422.0,409350
2019-12-24,422.85,423.25,411.5,418.8,604220
2019-12-25,418.05,421.0,418.05,420.0,227890
2019-12-26,420.55,421.3,419.7,420.85,351680
2019-12-27,421.9,422.3,420.3,421.8,321780
2019-12-30,421.15,422.2,419.6,420.15,379460
2020-01-03,422.0,426.8,421.0,425.7,606190
2020-01-06,426.1,428.95,425.55,426.65,380190
2020-01-08,426.95,434.45,426.5,432.0,632770
2020-01-09,432.1,434.3,427.6,432.55,672370
2020-01-10,432.6,450.9,431.0,446.6,2157680
2020-01-13,449.95,471.75,446.0,465.1,2525610
2020-01-14,465.3,478.55,451.0,457.6,2584770
2020-01-15,459.85,464.8,453.05,458.65,1479460
2020-01-16,462.45,466.9,460.65,465.45,1220550
2020-01-17,465.95,471.0,463.0,467.75,1754150
2020-01-20,468.65,471.4,463.25,470.0,773930
2020-01-21,468.1,469.85,461.3,463.0,609290
2020-01-22,464.0,466.0,456.25,456.25,657760
2020-01-23,452.0,452.8,446.0,450.0,1011790
2020-01-24,455.0,456.8,450.1,454.0,555730
2020-01-27,446.55,455.5,440.15,444.0,1179450
2020-01-28,444.0,455.15,437.75,455.15,901330
2020-01-29,455.1,460.5,453.2,457.4,649160
2020-01-30,454.85,456.95,448.5,454.15,593120
2020-01-31,455.05,459.0,445.15,446.45,460400
2020-02-03,441.4,446.0,440.6,442.8,562870
2020-02-04,446.0,449.65,441.0,445.75,557810
2020-02-05,448.5,461.7,442.3,455.25,840220
2020-02-06,460.0,460.0,448.5,450.15,472290
2020-02-07,450.05,456.3,444.0,444.5,775680
2020-02-10,444.5,445.65,435.3,440.0,923500
2020-02-11,442.0,458.25,439.1,455.0,1643050
2020-02-12,459.0,467.0,457.5,465.0,1466860
2020-02-13,463.5,469.0,458.15,460.8,958170
2020-02-14,463.0,467.2,456.85,459.1,616820
2020-02-17,459.0,462.2,454.4,458.7,760150
2020-02-18,457.0,459.6,450.0,451.05,700330
2020-02-19,454.0,460.1,452.05,454.7,790730
2020-02-20,458.65,461.2,456.0,459.0,494050
2020-02-21,453.7,458.95,453.7,456.8,354550
2020-02-25,447.7,451.8,441.6,442.5,1245320
2020-02-26,441.6,443.2,437.05,439.3,1753080
2020-02-27,437.3,438.0,421.5,430.6,1684210
2020-02-28,420.0,423.85,395.85,395.85,3317200
2020-03-02,410.0,425.3,395.05,398.7,2500560
2020-03-03,408.0,410.0,401.0,407.15,1565090
2020-03-04,404.3,406.65,398.95,404.55,1572140
2020-03-05,408.5,408.95,399.1,401.6,1088340
2020-03-06,396.1,399.1,373.25,375.05,3127310
2020-03-10,337.55,356.95,309.0,324.0,3983640
2020-03-11,330.45,336.75,313.1,317.75,2516620
2020-03-12,305.0,307.9,285.9,285.9,3063200
2020-03-13,285.0,303.95,279.0,286.6,3323700
2020-03-16,286.6,286.6,259.0,264.0,3017340
2020-03-17,264.4,289.0,243.7,252.0,2778940
2020-03-18,240.0,251.45,233.0,240.0,2321900
2020-03-19,245.05,270.0,236.0,269.0,3852200
2020-03-20,277.0,299.95,274.35,281.4,5172450
2020-03-23,260.1,277.8,257.05,265.5,2987260
2020-03-24,278.0,290.0,269.5,280.0,3212760
2020-03-25,288.8,306.95,281.1,291.5,4087200
2020-03-26,291.5,301.55,283.0,297.7,2288610
2020-03-27,299.95,351.95,278.7,290.0,3285030
2020-03-30,280.2,290.65,280.0,287.05,2213260
2020-03-31,295.2,305.0,292.0,305.0,2569160
2020-04-01,298.2,302.8,291.25,300.7,1861420
2020-04-02,315.55,325.0,305.5,315.5,3871760
2020-04-03,321.8,341.65,316.3,333.1,6038130
2020-04-06,342.0,342.0,335.2,339.4,3382440
2020-04-07,343.9,346.8,332.05,336.8,3000990
2020-04-08,336.8,341.4,333.7,338.9,1468480
2020-04-09,344.4,348.25,340.1,341.65,4984490
2020-04-10,341.5,342.2,327.0,337.0,1585030
2020-04-13,340.0,341.0,327.65,332.1,1686960
2020-04-14,334.5,337.6,323.7,325.0,2171350
2020-04-15,320.0,323.25,305.1,308.2,2341590
2020-04-16,307.0,315.95,297.0,304.0,2882240
2020-04-17,312.75,314.7,305.7,310.1,1798170
2020-04-20,307.3,312.55,306.45,310.0,1214400
2020-04-21,300.0,305.5,296.2,303.95,3125700
2020-04-22,297.0,317.5,296.95,316.0,3117000
2020-04-23,319.0,322.5,313.45,319.2,2146350
2020-04-24,319.7,319.7,311.1,314.35,1431630
2020-04-27,314.3,318.5,312.0,316.0,1162310
2020-04-28,321.0,344.9,319.0,321.95,4159150
2020-04-29,323.5,334.3,323.05,330.35,2828410
2020-04-30,336.9,344.5,331.05,335.45,2674650
2020-05-04,331.95,331.95,323.6,329.55,1343060
2020-05-05,335.5,336.95,331.15,334.15,1728190
2020-05-06,336.4,336.4,330.5,331.05,1753840
2020-05-07,331.7,333.65,328.5,329.85,2014020
2020-05-08,330.8,331.9,326.0,331.9,848920
2020-05-12,330.0,331.5,325.0,328.3,1840860
2020-05-13,325.3,326.9,322.05,322.3,1041220
2020-05-14,322.0,324.2,315.6,316.65,2140620
2020-05-15,321.1,323.6,318.05,320.2,1478220
2020-05-18,327.0,329.95,322.3,329.95,3036090
2020-05-19,330.0,333.1,328.05,328.05,2490450
2020-05-20,329.2,334.0,326.2,333.3,2895630
2020-05-21,334.1,338.3,327.0,328.75,2009610
2020-05-22,325.2,329.0,321.05,327.45,1467410
2020-05-25,326.25,333.15,326.25,332.85,940730
2020-05-26,335.3,337.3,333.0,334.0,2558150
2020-05-27,333.8,335.45,330.0,334.0,2143490
2020-05-28,334.2,337.7,332.4,336.0,2238480
2020-05-29,335.0,336.0,332.35,333.0,1735820
2020-06-01,336.0,339.7,334.75,337.5,1700570
2020-06-02,339.85,346.0,337.2,345.0,2765710
2020-06-03,348.85,357.65,346.55,352.4,4886630
2020-06-04,352.0,352.0,342.1,345.0,3182400
2020-06-05,350.0,353.45,346.05,351.75,3188950
2020-06-08,355.15,366.0,354.05,358.0,5508150
2020-06-09,358.6,359.95,352.5,358.2,2870500
2020-06-10,359.7,362.5,354.6,357.5,2404940
2020-06-11,355.95,355.95,348.0,348.8,3150800
2020-06-15,344.95,350.85,337.05,350.85,2989560
2020-06-16,355.9,360.4,354.05,355.5,3460110
2020-06-17,358.0,358.0,352.0,354.05,1549060
2020-06-18,354.05,355.5,349.0,351.9,1424420
2020-06-19,355.6,357.4,353.15,355.3,1733230
2020-06-22,356.45,357.75,353.2,354.9,2293460
2020-06-23,355.0,356.45,353.55,354.1,4395170
2020-06-25,333.0,339.85,331.1,338.85,4331840
2020-06-26,339.05,341.7,334.95,337.0,1420520
2020-06-29,333.95,336.25,328.85,335.55,2238380
2020-06-30,335.3,336.35,328.95,332.55,1518930
2020-07-02,333.25,335.0,331.05,333.2,1598620
2020-07-03,333.15,334.5,331.95,334.0,609560
2020-07-06,336.0,337.5,334.8,334.8,1157700
2020-07-07,336.5,336.5,328.5,330.55,1907970
2020-07-08,328.55,329.8,327.05,327.9,1050410
2020-07-09,328.95,329.15,322.45,322.65,1474310
2020-07-10,321.85,327.45,320.0,324.6,1031790
2020-07-13,325.65,328.3,322.65,325.0,862000
2020-07-14,323.6,325.2,317.6,321.35,1473920
2020-07-15,322.55,323.5,316.5,317.1,2527260
2020-07-16,317.75,319.9,316.65,316.65,1108660
2020-07-17,317.35,318.6,313.1,317.15,1806470
2020-07-20,317.45,320.9,316.15,317.5,1457270
2020-07-21,320.0,322.8,318.0,318.0,2403410
2020-07-22,319.0,322.95,318.5,321.8,1326400
2020-07-23,322.6,325.85,321.3,322.85,1307220
2020-07-24,321.8,323.45,319.0,323.3,835100
2020-07-27,323.85,324.9,321.75,323.1,882390
2020-07-28,325.1,325.1,322.25,324.85,872950
2020-07-29,323.6,326.6,322.6,325.5,866970
2020-07-30,326.4,327.0,320.3,320.5,873250
2020-07-31,321.15,325.4,320.8,320.8,638870
2020-08-03,321.5,322.8,316.15,318.75,2435600
2020-08-04,318.95,320.4,317.0,319.1,1037920
2020-08-05,320.0,323.8,319.0,322.8,1524940
2020-08-06,322.85,324.5,320.0,320.5,1397840
2020-08-07,320.45,322.0,319.4,321.3,685740
2020-08-10,322.7,323.3,320.7,322.3,602290
2020-08-11,323.0,326.15,321.9,325.0,1228070
2020-08-12,325.95,328.75,325.0,328.75,2484320
2020-08-13,329.25,333.3,328.75,331.0,2333900
2020-08-14,332.1,333.15,326.55,329.7,2010330
2020-08-17,332.1,333.0,327.15,327.45,1686240
2020-08-18,328.2,330.15,326.25,326.55,889700
2020-08-19,327.0,328.15,324.05,325.5,1924620
2020-08-20,324.0,324.5,318.4,319.55,2239730
2020-08-21,321.5,323.15,317.75,319.1,1440810
2020-08-24,321.0,322.4,319.2,320.15,1338900
2020-08-25,321.3,321.8,319.15,319.5,1053070
2020-08-26,320.95,320.95,319.2,320.7,1192350
2020-08-27,320.85,322.3,318.1,320.0,1237180
2020-08-28,320.0,320.05,317.0,317.55,913280
2020-08-31,318.2,320.0,316.55,317.95,1137740
2020-09-01,318.05,318.9,316.1,317.95,1055640
2020-09-02,317.75,318.9,313.25,313.25,1696960
2020-09-03,312.95,315.1,311.75,313.35,1236830
2020-09-04,312.95,315.9,311.2,314.0,622000
2020-09-07,314.0,314.85,311.35,313.4,593470
2020-09-08,313.75,314.6,302.7,305.3,2041660
2020-09-09,304.5,308.9,303.4,304.4,885260
2020-09-10,304.6,307.9,302.55,306.05,713830
2020-09-11,303.7,309.2,303.7,307.15,663920
2020-09-14,309.45,314.9,308.65,310.35,686020
2020-09-15,311.15,317.3,310.35,316.6,1229880
2020-09-16,317.8,319.55,312.15,314.5,1408130
2020-09-17,311.95,313.95,304.5,305.7,2923490
2020-09-18,306.8,309.05,304.15,304.95,1413900
2020-09-21,305.0,306.4,295.15,295.6,2041760
2020-09-22,296.0,299.7,295.15,295.4,1596210
2020-09-23,296.75,299.5,291.0,292.35,1765470
2020-09-24,292.2,297.0,288.5,289.65,1760680
2020-09-25,292.0,293.45,289.5,292.2,986150
2020-09-28,293.05,298.5,292.25,298.5,1007810
2020-09-29,299.05,302.0,293.6,293.6,846740
2020-09-30,293.2,295.4,292.0,294.85,665510
2020-10-01,295.95,295.95,292.4,293.0,531020
2020-10-02,291.85,291.95,287.2,289.2,995320
2020-10-05,290.5,292.4,287.4,291.7,885620
2020-10-06,292.2,297.0,292.15,297.0,932630
2020-10-07,295.0,295.95,287.35,288.25,1298850
2020-10-08,288.3,290.7,283.05,283.05,1229250
2020-10-09,286.0,288.25,283.55,286.05,578660
2020-10-12,287.2,288.85,284.2,286.3,392600
2020-10-13,286.25,287.15,281.5,283.95,825480
2020-10-14,284.0,285.0,282.15,282.25,658790
2020-10-15,283.25,283.75,277.7,278.1,1203000
2020-10-16,279.4,279.45,272.5,276.55,1108500
2020-10-19,276.55,278.8,273.0,273.5,833370
2020-10-20,274.0,277.7,270.65,277.05,1335430
2020-10-21,277.1,281.2,275.4,278.9,1443730
2020-10-22,277.7,283.6,277.0,283.2,748630
2020-10-23,284.75,288.4,280.5,284.65,993340
2020-10-26,282.8,284.6,279.3,280.85,682660
2020-10-27,280.7,281.85,275.85,277.0,522670
2020-10-28,275.55,276.1,270.45,272.5,1007310
2020-10-29,272.4,277.2,271.15,273.0,964630
2020-10-30,272.75,275.2,270.2,273.45,766060
2020-11-02,270.7,279.5,270.25,274.0,1046230
2020-11-03,276.0,284.2,275.4,284.0,1028270
2020-11-05,287.35,291.15,284.2,289.0,1551700
2020-11-06,287.0,290.85,284.05,288.1,910390
2020-11-09,290.4,300.0,288.5,299.0,2482870
2020-11-10,298.0,307.4,292.2,302.8,2516510
2020-11-11,305.3,312.8,305.0,308.6,3777040
2020-11-12,306.9,309.3,297.2,307.25,2206580
2020-11-13,304.3,308.9,302.7,308.9,1198600
2020-11-16,310.05,314.75,308.3,314.7,1845540
2020-11-17,314.5,315.5,309.2,311.55,1933310
2020-11-18,309.8,318.6,309.55,316.0,1829510
2020-11-19,314.85,317.1,313.65,314.6,1088550
2020-11-20,314.75,316.4,312.3,315.35,745200
2020-11-23,316.25,319.9,315.45,316.6,1160730
2020-11-24,318.15,320.0,315.5,320.0,1767500
2020-11-25,320.95,325.55,318.65,325.5,5076880
2020-11-26,325.6,327.7,319.2,322.5,1748340
2020-11-27,322.0,323.1,319.5,322.45,1025020
2020-11-30,320.0,321.3,314.4,315.8,1574390
2020-12-01,317.25,331.0,306.05,323.2,5984840
2020-12-02,322.7,325.2,320.4,323.55,1553110
2020-12-03,324.55,326.5,319.25,319.45,1077180
2020-12-04,322.8,325.0,322.0,322.8,1192960
2020-12-07,323.45,324.8,321.15,323.5,833410
2020-12-08,322.35,324.25,319.5,322.15,798490
2020-12-09,323.0,325.65,321.1,322.35,914110
2020-12-10,323.0,326.95,320.65,324.55,1317310
2020-12-11,325.9,328.0,324.55,328.0,1524740
2020-12-14,329.7,331.7,323.65,325.5,2243230
2020-12-15,324.5,329.6,323.05,326.45,1085310
2020-12-16,328.0,328.5,323.6,327.8,877250
2020-12-17,329.0,332.3,326.5,328.0,2121370
2020-12-18,328.75,328.75,322.05,324.4,1257900
2020-12-21,322.5,322.5,312.35,312.8,2329110
2020-12-22,312.55,319.3,310.05,315.75,1546490
2020-12-23,316.0,320.5,315.75,318.05,802830
2020-12-24,319.7,321.05,317.65,319.1,643660
2020-12-25,320.6,320.95,318.9,319.0,782400
2020-12-28,317.35,317.45,315.0,316.9,1798880
2020-12-29,316.75,318.5,316.1,317.15,644510
2020-12-30,316.2,319.2,316.2,316.95,1158420
2021-01-04,319.4,324.2,318.35,322.75,1347120
2021-01-05,322.25,324.3,319.5,323.9,872030
2021-01-06,326.0,329.6,324.5,326.7,2265620
2021-01-08,329.25,337.0,328.15,337.0,3128710
2021-01-11,335.15,339.15,330.85,334.3,2443970
2021-01-12,337.85,338.5,332.5,334.3,1664980
2021-01-13,336.0,338.5,332.7,333.75,1546720
2021-01-14,333.75,345.55,331.7,342.1,3478280
2021-01-15,342.5,349.9,339.7,341.35,3069790
2021-01-18,339.8,341.85,334.3,339.8,1266470
2021-01-19,342.35,343.75,336.75,337.3,1103940
2021-01-20,337.9,340.9,337.2,338.7,855800
2021-01-21,339.1,339.8,329.2,332.3,1998600
2021-01-22,332.25,332.25,321.85,323.5,2153580
2021-01-25,324.5,327.45,322.2,325.2,1088770
2021-01-26,324.25,327.05,321.5,325.85,900030
2021-01-27,325.85,327.7,321.0,322.0,980580
2021-01-28,321.0,324.1,317.1,322.2,1069490
2021-01-29,321.0,321.6,314.7,315.7,1792590
2021-02-01,316.9,316.95,313.15,315.0,1029010
2021-02-02,318.0,322.2,316.75,320.75,1821960
2021-02-03,320.0,323.9,318.0,318.5,1267090
2021-02-04,320.6,326.95,318.6,325.85,1934780
2021-02-05,328.2,335.05,327.55,334.95,3000300
2021-02-08,337.5,343.1,336.2,343.1,2117230
2021-02-09,345.3,347.9,337.25,339.5,2380700
2021-02-10,339.4,342.35,332.95,333.0,1445080
2021-02-11,333.05,336.7,327.3,331.3,2024130
2021-02-12,330.95,339.0,326.35,339.0,2057980
2021-02-15,345.0,345.5,339.1,344.2,2304860
2021-02-16,345.0,347.7,341.6,346.6,2506590
2021-02-17,346.7,353.0,343.5,347.65,3310600
2021-02-18,350.0,351.95,338.1,338.1,2217740
2021-02-19,338.0,342.4,333.1,338.2,1562360
2021-02-22,340.7,343.5,336.4,340.35,953930
2021-02-24,338.6,346.05,338.6,344.0,1482600
2021-02-25,345.9,349.35,345.85,348.95,2155340
2021-02-26,343.75,345.1,338.5,339.0,1524210
2021-03-01,342.5,345.8,340.15,343.8,875280
2021-03-02,341.15,346.7,337.7,346.7,1759410
2021-03-03,348.7,349.6,341.25,343.95,1367470
2021-03-04,343.0,347.4,342.05,346.9,1115290
2021-03-05,346.5,362.0,346.5,359.3,4842300
2021-03-09,359.3,379.7,356.2,377.0,5068560
2021-03-10,373.5,381.45,366.1,372.4,2745560
2021-03-11,375.7,382.0,373.2,378.35,2325660
2021-03-12,378.7,386.95,374.55,381.5,2650140
2021-03-15,384.8,388.0,377.05,384.5,2563160
2021-03-16,381.55,383.7,378.0,382.8,1432620
2021-03-17,383.7,383.75,372.05,373.5,1654610
2021-03-18,374.15,378.35,366.5,369.3,2470000
2021-03-19,364.75,373.45,361.0,369.15,2018720
2021-03-22,369.3,374.95,368.4,372.25,1023400
2021-03-23,370.25,372.35,364.55,367.5,1513500
2021-03-24,367.0,370.7,364.2,370.45,1549410
2021-03-25,370.45,370.9,365.15,365.2,688820
2021-03-26,368.95,375.45,368.85,371.0,860390
2021-03-29,370.35,376.7,369.1,372.15,1110010
2021-03-30,373.0,377.55,371.6,377.2,1261200
2021-03-31,377.9,378.9,369.25,370.0,1986990
2021-04-01,370.05,374.8,368.15,368.15,1624440
2021-04-02,371.7,375.05,371.4,371.65,561290
2021-04-05,372.25,373.95,370.85,371.85,428430
2021-04-06,371.85,371.85,364.6,365.55,1643250
2021-04-07,362.2,367.35,358.5,362.5,2174000
2021-04-08,362.95,365.0,361.15,364.0,841080
2021-04-09,363.3,363.95,353.2,355.2,1847050
2021-04-12,354.95,357.55,349.0,357.0,1107740
2021-04-13,357.0,359.8,350.6,354.05,1220300
2021-04-14,358.05,361.0,356.0,359.0,2477180
2021-04-15,355.0,357.4,352.15,354.0,2450960
2021-04-16,357.0,359.8,355.15,358.0,1615710
2021-04-19,355.55,359.3,352.5,352.85,944070
2021-04-20,353.35,358.45,350.0,354.5,2178600
2021-04-21,351.6,364.6,351.6,361.55,1327590
2021-04-22,361.8,362.2,355.75,358.0,2031700
2021-04-23,357.7,368.2,355.55,364.45,3181690
2021-04-26,365.9,365.95,359.3,365.5,1193070
2021-04-27,366.0,367.25,360.0,363.0,1231490
2021-04-28,363.6,363.95,356.6,356.9,1303180
2021-04-29,360.0,365.85,357.55,363.25,1594910
2021-04-30,363.25,365.5,358.35,361.2,1156100
2021-05-04,362.05,368.7,361.25,365.0,789030
2021-05-05,367.95,370.0,366.7,368.6,1003690
2021-05-06,367.0,373.8,367.0,370.5,1097190
2021-05-07,371.3,374.75,371.1,374.25,720590
2021-05-10,375.0,376.0,371.8,373.05,728760
2021-05-11,372.3,372.3,365.3,367.2,1187000
2021-05-12,367.95,371.65,367.2,370.5,722640
2021-05-13,369.0,370.0,363.7,370.0,785840
2021-05-14,370.0,373.1,369.1,373.1,599900
2021-05-17,373.4,374.35,369.0,373.2,613560
2021-05-18,375.15,377.95,373.75,377.0,1129950
2021-05-19,377.35,379.5,366.15,366.3,1459450
2021-05-20,367.1,370.7,360.1,365.7,999930
2021-05-21,367.1,375.0,366.1,373.5,832370
2021-05-24,375.15,379.0,371.8,378.0,877580
2021-05-25,379.95,381.15,375.85,377.45,1286660
2021-05-26,377.45,382.55,377.45,382.55,1233320
2021-05-27,382.4,382.4,377.15,379.35,636820
2021-05-28,380.1,384.0,375.0,379.05,1188800
2021-05-31,381.95,383.85,379.0,383.35,551170
2021-06-01,384.0,393.95,383.65,393.05,1470890
2021-06-02,393.05,402.45,392.9,399.9,2295410
2021-06-03,402.0,407.05,396.2,406.65,1612490
2021-06-04,406.7,414.2,403.4,412.3,2333730
2021-06-07,408.55,423.4,407.1,415.05,1984710
2021-06-08,413.7,417.65,406.55,406.55,1283410
2021-06-09,410.0,412.1,408.5,409.0,894160
2021-06-10,409.0,411.5,407.25,410.25,939380
2021-06-11,410.25,411.0,408.0,410.0,667160
2021-06-14,412.1,416.3,410.0,415.0,581730
2021-06-15,416.45,421.9,413.05,416.1,1848040
2021-06-16,417.7,426.25,417.7,424.0,1564360
2021-06-17,423.7,428.25,421.0,425.7,1017440
2021-06-18,422.3,425.0,419.05,420.8,1371180
2021-06-21,423.8,428.2,420.5,422.3,1002430
2021-06-22,427.6,435.75,425.15,435.75,1557400
2021-06-23,435.75,439.6,433.2,435.5,1591700
2021-06-24,428.5,431.65,425.8,430.65,1229080
2021-06-25,430.0,430.6,426.2,430.05,636900
2021-06-28,430.0,433.0,426.9,430.0,900510
2021-06-29,429.0,429.0,420.4,424.75,1379820
2021-06-30,426.35,437.0,418.9,434.0,2778200
2021-07-01,436.35,447.85,435.0,442.9,2328680
2021-07-02,442.0,450.8,439.3,447.1,2181450
2021-07-05,446.0,446.85,441.6,443.9,1099750
2021-07-06,445.0,450.95,443.25,449.9,1142270
2021-07-07,449.8,451.8,446.15,450.0,844500
2021-07-08,449.0,449.5,438.9,440.05,1215750
2021-07-09,440.05,442.45,437.1,440.0,984530
2021-07-12,438.85,441.1,435.05,435.05,1179960
2021-07-13,435.05,436.1,433.55,436.0,771670
2021-07-14,436.05,441.0,432.1,439.5,1138270
2021-07-15,439.6,439.6,432.25,433.9,547650
2021-07-16,433.9,433.95,428.35,428.4,536840
2021-07-19,428.4,428.6,414.1,414.75,1417980
2021-07-20,419.35,424.1,418.1,421.45,1186950
2021-07-21,423.5,429.75,419.05,420.25,964200
2021-07-22,424.35,426.75,420.35,423.0,439630
2021-07-23,423.0,425.9,421.3,421.8,438620
2021-07-26,421.0,422.75,414.35,421.0,423280
2021-07-27,419.15,424.9,417.95,422.7,549510
2021-07-28,425.95,427.5,423.0,426.2,374340
2021-07-29,427.15,429.95,426.2,428.45,549750
2021-07-30,426.5,426.95,423.2,425.35,608380
2021-08-02,427.4,427.65,420.75,422.35,658560
2021-08-03,424.45,426.0,417.95,426.0,791370
2021-08-04,426.0,428.65,421.7,424.45,542390
2021-08-05,422.4,424.3,420.1,421.65,843240
2021-08-06,422.0,427.9,420.0,427.4,919180
2021-08-09,423.1,426.5,421.0,421.15,679890
2021-08-10,434.05,434.05,422.8,425.7,1407880
2021-08-11,428.45,430.0,425.2,429.8,632170
2021-08-12,431.9,433.0,427.65,429.55,408880
2021-08-13,430.75,431.15,423.3,426.65,424010
2021-08-16,421.55,428.9,421.15,428.8,502970
2021-08-17,425.05,429.7,424.8,426.5,673430
2021-08-18,429.8,429.8,425.95,427.2,259030
2021-08-19,424.95,425.3,415.8,415.8,1256970
2021-08-20,418.0,419.65,416.0,417.8,443670
2021-08-23,419.85,427.2,419.5,425.5,617350
2021-08-24,427.4,427.75,423.6,423.9,737780
2021-08-25,425.9,429.65,424.1,428.05,600570
2021-08-26,428.05,432.3,420.4,420.7,958020
2021-08-27,425.3,426.0,421.8,425.45,310560
2021-08-30,425.6,431.0,425.6,429.45,668530
2021-08-31,430.1,431.7,425.1,426.1,674270
2021-09-01,428.85,430.8,426.25,430.0,381280
2021-09-02,430.0,432.2,427.2,431.7,406980
2021-09-03,430.45,438.25,429.05,438.1,821440
2021-09-06,438.1,440.95,432.95,437.2,711040
2021-09-07,435.0,436.65,397.85,430.65,2232920
2021-09-08,432.25,433.0,426.5,430.3,847210
2021-09-09,431.0,432.2,427.9,430.7,451410
2021-09-10,432.65,434.55,427.3,427.3,622710
2021-09-13,430.4,437.5,428.5,436.4,635470
2021-09-14,439.75,440.0,433.15,440.0,1137860
2021-09-15,440.7,459.45,439.4,458.1,3534820
2021-09-16,459.6,460.0,450.1,452.15,1005630
2021-09-17,452.95,458.3,449.3,454.5,1317650
2021-09-20,453.15,453.15,444.1,446.15,955540
2021-09-21,446.35,451.95,445.4,446.95,1078500
2021-09-22,449.8,455.95,449.8,455.75,945340
2021-09-23,459.25,465.45,452.6,462.5,1264400
2021-09-24,462.65,467.2,457.6,463.5,1797540
2021-09-27,465.5,473.9,464.25,473.25,1745950
2021-09-28,476.0,484.6,467.5,477.55,3059410
2021-09-29,474.05,484.9,470.65,481.3,1068190
2021-09-30,481.55,483.95,472.0,473.0,1334070
2021-10-01,471.35,481.35,469.7,477.0,860370
2021-10-04,476.95,497.95,476.95,496.6,1705710
2021-10-05,498.85,522.95,498.85,522.45,2736770
2021-10-06,523.15,531.65,508.5,510.45,3598230
2021-10-07,511.3,516.75,489.5,515.0,3317960
2021-10-08,524.7,527.8,510.1,514.0,1639990
2021-10-11,519.5,524.35,513.65,515.95,1624970
2021-10-12,512.55,518.8,508.65,513.6,1156460
2021-10-13,516.0,516.1,501.3,508.5,1317000
2021-10-14,510.5,515.7,505.95,505.95,681660
2021-10-15,511.0,519.0,507.15,519.0,1147010
2021-10-18,520.0,525.95,514.7,525.0,1498040
2021-10-19,525.85,525.85,516.25,516.25,935420
2021-10-20,517.0,520.5,512.05,520.5,606490
2021-10-21,517.15,520.0,512.6,518.75,613010
2021-10-22,517.2,519.5,510.5,513.8,671480
2021-10-25,515.0,521.75,510.9,518.5,817520
2021-10-26,519.0,524.65,514.7,519.15,698440
2021-10-27,515.0,519.05,508.95,514.7,674320
2021-10-28,510.15,514.45,504.4,513.1,1202610
2021-10-29,513.1,513.1,505.0,505.0,716880
2021-11-01,504.0,515.6,495.9,510.1,831700
2021-11-02,509.8,515.6,502.1,503.05,788430
2021-11-03,503.0,503.7,490.8,490.85,891930
2021-11-05,492.85,498.95,485.9,498.3,971860
2021-11-08,500.05,505.5,498.55,502.85,805080
2021-11-09,499.1,507.5,491.15,492.0,698730
2021-11-10,493.0,503.15,493.0,501.5,815140
2021-11-11,499.05,501.35,492.55,501.35,785370
2021-11-12,501.35,502.3,489.3,500.0,803890
2021-11-15,498.45,524.0,493.75,515.1,1415970
2021-11-16,522.0,529.9,511.15,519.15,1765670
2021-11-17,518.05,528.2,515.35,525.65,981440
2021-11-18,523.05,524.9,517.2,518.85,1400220
2021-11-19,520.0,524.5,501.0,501.1,1674540
2021-11-22,498.9,504.45,481.15,491.5,2506790
2021-11-23,486.6,512.0,481.0,509.5,2209450
2021-11-24,513.0,520.95,502.85,505.45,1589970
2021-11-25,506.75,515.0,496.0,503.95,1158340
2021-11-26,497.7,501.85,490.3,491.9,1701770
2021-11-29,495.7,509.0,494.8,500.25,1426350
2021-11-30,499.0,503.5,495.65,498.0,903120
2021-12-01,501.2,520.85,500.05,515.0,2103770
2021-12-02,517.85,526.0,512.5,518.25,1155770
2021-12-03,520.2,532.0,520.2,526.0,1994160
2021-12-06,530.0,533.95,509.8,522.95,1208110
2021-12-07,523.55,536.55,517.7,525.5,1399340
2021-12-08,529.0,532.75,519.65,522.8,941930
2021-12-09,523.5,528.0,517.05,523.2,704510
2021-12-10,520.3,522.55,516.1,518.9,556720
2021-12-13,520.15,524.2,511.65,512.1,757860
2021-12-14,508.0,519.0,494.05,509.0,867380
2021-12-15,513.35,528.75,513.35,520.0,1043160
2021-12-16,526.0,537.25,524.25,535.85,1326280
2021-12-17,534.85,539.0,530.15,534.4,1295930
2021-12-20,530.95,539.7,526.8,535.4,1393080
2021-12-21,539.8,544.4,534.5,543.9,1642790
2021-12-22,543.95,547.7,540.15,545.95,1832290
2021-12-23,546.5,557.0,546.45,551.5,2186240
2021-12-24,552.0,563.75,546.0,562.0,2093100
2021-12-27,523.0,529.0,520.0,526.25,2509620
2021-12-28,527.15,541.25,527.15,540.7,2129660
2021-12-29,542.5,545.95,530.8,539.0,1148430
2021-12-30,538.1,546.0,534.7,544.8,1426260
2022-01-03,546.15,551.5,530.3,536.5,1484130
2022-01-04,538.5,545.05,533.45,545.05,1131090
2022-01-05,543.0,545.65,538.75,540.5,520930
2022-01-06,540.95,542.3,534.0,537.9,698320
2022-01-10,540.4,546.15,532.55,534.5,1146120
2022-01-11,534.05,540.9,533.1,537.05,615410
2022-01-12,537.75,545.25,530.95,540.35,1121130
2022-01-13,540.3,544.9,535.0,535.3,1038120
2022-01-14,536.0,540.95,516.0,526.25,1690450
2022-01-17,530.0,535.9,520.0,522.7,1844170
2022-01-18,520.05,523.35,493.0,503.0,2104340
2022-01-19,500.0,518.7,479.8,499.95,2330730
2022-01-20,517.0,523.95,503.05,510.0,1312500
2022-01-21,505.1,512.6,494.0,501.6,1393190
2022-01-24,503.05,503.05,466.1,477.6,2318470
2022-01-25,495.0,495.0,476.05,480.15,1531370
2022-01-26,485.45,498.75,481.35,487.7,1109270
2022-01-27,487.7,519.4,482.9,506.9,2617710
2022-01-28,512.05,517.05,502.5,505.8,1050020
2022-01-31,511.85,514.2,500.05,500.25,692610
2022-02-01,500.95,513.6,496.35,510.8,1126930
2022-02-02,510.8,515.35,498.2,512.05,1369230
2022-02-03,505.7,510.25,495.55,502.0,1005620
2022-02-04,505.0,513.75,498.5,500.5,1594870
2022-02-07,506.3,510.0,497.0,507.65,939220
2022-02-08,507.5,515.6,503.55,515.6,1210080
2022-02-09,519.0,523.3,517.15,520.9,755410
2022-02-10,520.9,534.7,517.0,532.3,1177830
2022-02-11,528.8,532.25,520.7,531.3,1169020
2022-02-14,521.0,528.9,500.5,504.85,3178100
2022-02-15,512.0,527.7,509.2,521.15,2030680
2022-02-16,527.0,530.4,518.1,525.15,1003870
2022-02-17,524.15,524.15,507.55,511.0,1282260
2022-02-18,514.95,518.15,488.55,505.35,1266160
2022-02-21,510.5,515.95,450.05,453.15,3993380
2022-02-22,436.95,508.0,409.05,477.4,3533010
2022-02-24,432.1,432.1,308.8,350.0,1968780
2022-02-25,377.0,467.65,377.0,400.45,929240
2022-03-28,440.5,473.95,362.0,389.0,844393
2022-03-29,389.2,409.9,369.0,398.0,351968
2022-03-30,399.6,427.0,398.0,422.0,333044
2022-03-31,422.0,449.0,420.05,447.9,430594
2022-04-01,450.75,467.9,410.0,431.7,946870
2022-04-04,439.65,441.0,412.0,434.0,456667
2022-04-05,435.6,439.9,410.6,412.55,775140
2022-04-06,411.0,438.95,400.05,430.05,497391
2022-04-07,428.75,439.0,420.0,430.1,418579
2022-04-08,430.15,438.35,430.1,437.3,360428
2022-04-11,437.0,439.85,423.0,424.0,459907
2022-04-12,424.75,429.15,410.0,428.1,381062
2022-04-13,429.0,434.45,420.0,425.0,139157
2022-04-14,421.05,426.9,403.1,404.55,196202
2022-04-15,404.55,423.95,400.6,423.95,267331
2022-04-18,420.0,420.0,403.1,403.1,263695
2022-04-19,404.0,407.7,375.0,384.8,1408751
2022-04-20,387.9,402.8,371.6,401.75,522881
2022-04-21,400.75,402.85,382.05,384.7,205912
2022-04-22,383.55,398.0,380.0,388.65,195728
2022-04-25,394.0,394.0,376.05,379.45,151752
2022-04-26,382.0,399.6,379.9,399.6,255730
2022-04-27,399.6,410.0,392.05,402.5,217550
2022-04-28,407.0,414.6,403.15,408.8,305186
2022-04-29,411.25,418.0,400.0,417.0,243298
2022-05-04,416.9,419.4,401.05,408.9,182023
2022-05-05,408.1,413.9,405.0,408.0,102786
2022-05-06,407.0,407.0,391.75,394.7,272455
2022-05-11,394.7,397.9,390.0,396.9,191593
2022-05-12,393.95,396.55,380.0,383.05,151307
2022-05-13,383.8,386.15,380.0,380.0,96881
2022-05-16,381.95,394.75,381.95,394.75,288927
2022-05-17,394.75,407.0,393.75,398.05,344155
2022-05-18,403.0,438.8,403.0,430.0,967881
2022-05-19,445.5,457.2,412.4,418.0,752451
2022-05-20,420.6,423.5,401.0,407.0,302587
2022-05-23,408.0,410.55,390.05,399.5,350777
2022-05-24,399.75,401.75,388.0,395.45,292318
2022-05-25,399.9,405.9,392.6,397.7,225179
2022-05-26,397.7,407.9,396.0,401.65,292687
2022-05-27,406.85,422.7,402.15,414.55,489572
2022-05-30,420.0,422.3,416.0,420.2,505834
2022-05-31,420.65,420.65,412.9,419.45,168093
2022-06-01,417.0,418.0,411.5,411.7,136421
2022-06-02,413.95,414.0,395.0,410.1,406373
2022-06-03,410.0,420.0,406.05,412.0,421813
2022-06-06,411.5,411.8,408.4,409.7,172433
2022-06-07,408.45,409.0,397.0,408.7,412838
2022-06-08,410.0,432.9,405.8,430.0,852431
2022-06-09,432.0,444.0,428.15,432.1,546366
2022-06-10,430.8,438.0,423.0,427.5,436325
2022-06-14,422.4,437.0,418.2,434.65,394542
2022-06-15,434.05,435.2,428.85,431.2,171399
2022-06-16,435.5,443.0,432.25,443.0,390848
2022-06-17,443.4,449.85,440.0,444.0,428928
2022-06-20,447.8,452.5,437.0,452.5,308131
2022-06-21,454.95,457.5,439.0,444.05,395272
2022-06-22,440.7,443.0,425.5,426.25,411958
2022-06-23,429.8,438.45,413.75,416.0,886511
2022-06-24,419.2,424.45,417.95,419.75,259514
2022-06-27,420.3,431.0,418.45,426.9,456970
2022-06-28,431.0,433.2,412.7,414.5,873394
2022-06-29,415.0,416.5,401.0,411.05,537634
2022-06-30,412.3,418.8,391.0,396.2,616619
2022-07-01,393.2,414.65,393.2,395.05,497161
2022-07-04,398.1,408.2,398.1,400.85,300920
2022-07-05,403.9,403.9,391.7,397.0,465422
2022-07-06,397.5,402.0,394.05,397.35,467215
2022-07-07,383.0,390.0,379.55,387.95,632029
2022-07-08,388.0,391.75,385.0,390.3,248299
2022-07-11,390.3,390.3,384.0,385.3,255167
2022-07-12,385.3,387.2,375.25,382.0,311867
2022-07-13,382.0,383.95,367.35,369.6,267392
2022-07-14,368.9,373.05,360.0,365.0,323198
2022-07-15,364.9,385.0,361.0,380.0,238696
2022-07-18,385.0,385.0,370.1,370.1,165274
2022-07-19,371.5,375.0,365.0,367.7,190738
2022-07-20,368.85,371.5,367.0,371.0,97372
2022-07-21,371.45,373.35,356.0,357.95,292860
2022-07-22,359.0,368.0,357.75,364.0,375945
2022-07-25,363.0,368.0,361.05,361.05,220874
2022-07-26,362.0,383.0,361.65,381.4,548253
2022-07-27,383.2,394.5,378.7,386.0,618716
2022-07-28,388.0,388.0,380.1,385.0,278435
2022-07-29,385.5,386.95,378.15,381.95,375164
2022-08-01,380.8,390.0,380.0,383.0,347627
2022-08-02,385.3,389.0,378.0,386.0,296858
2022-08-03,385.0,387.0,380.1,383.7,121262
2022-08-04,385.0,385.0,378.0,378.0,194785
2022-08-05,379.35,381.45,368.0,373.0,374836
2022-08-08,380.95,382.8,373.7,375.0,149952
2022-08-09,376.0,382.0,373.3,381.0,147192
2022-08-10,381.1,388.95,381.05,388.95,201667
2022-08-11,388.05,394.85,385.75,387.05,253044
2022-08-12,387.05,391.8,375.3,382.7,345075
2022-08-15,384.0,389.9,380.5,389.9,217767
2022-08-16,389.9,402.0,388.75,398.2,521606
2022-08-17,398.5,403.2,394.6,394.6,266424
2022-08-18,394.6,400.75,393.05,400.5,212810
2022-08-19,400.0,404.55,396.05,403.8,188972
2022-08-22,403.3,408.0,400.8,407.95,199978
2022-08-23,407.95,411.7,405.15,406.7,172611
2022-08-24,406.8,408.95,401.65,403.9,175648
2022-08-25,403.1,407.75,400.1,400.1,196218
2022-08-26,400.15,407.95,398.1,407.95,181201
2022-08-29,406.45,409.95,405.35,407.5,207268
2022-08-30,409.9,418.9,406.0,406.5,387555
2022-08-31,417.45,433.95,412.0,420.05,961191
2022-09-01,423.4,429.0,411.3,412.1,447433
2022-09-02,413.5,433.0,412.45,423.05,664953
2022-09-05,425.7,440.0,420.6,437.0,430378
2022-09-06,442.1,442.1,415.0,433.0,564909
2022-09-07,431.0,432.0,423.0,423.0,423949
2022-09-08,422.0,427.85,420.4,426.85,236520
2022-09-09,429.0,440.0,424.0,429.15,754498
2022-09-12,430.0,434.65,427.1,433.9,243371
2022-09-13,433.9,439.2,432.5,433.2,306985
2022-09-14,433.2,433.2,423.65,428.85,246682
2022-09-15,429.85,439.95,428.85,439.95,240746
2022-09-16,439.8,443.4,431.05,436.7,388362
2022-09-19,435.35,436.0,427.0,430.0,295941
2022-09-20,431.0,431.0,375.15,394.9,1452966
2022-09-21,364.8,394.9,350.0,371.0,730700
2022-09-22,371.25,394.9,371.25,385.5,531358
2022-09-23,384.3,388.9,360.0,365.1,504244
2022-09-26,362.8,362.8,321.0,345.5,1075267
2022-09-27,347.7,368.95,336.65,340.0,704917
2022-09-28,344.0,347.15,331.0,345.95,318092
2022-09-29,346.2,349.7,331.85,335.55,259679
2022-09-30,336.9,348.9,328.1,338.8,538290
2022-10-03,343.0,364.75,341.85,362.5,353173
2022-10-04,365.0,374.25,352.45,362.0,386239
2022-10-05,361.85,372.0,352.05,358.55,432589
2022-10-06,359.5,370.95,359.35,368.0,398361
2022-10-07,369.0,369.9,347.5,350.65,223959
2022-10-10,329.0,361.65,327.0,359.2,342667
2022-10-11,361.95,370.95,359.0,363.8,305434
2022-10-12,365.8,374.9,364.0,365.25,243583
2022-10-13,367.5,382.95,365.25,376.3,447889
2022-10-14,378.85,382.0,372.55,377.85,260021
2022-10-17,378.8,389.0,376.45,387.55,241272
2022-10-18,391.55,392.6,382.0,388.9,263879
2022-10-19,383.8,388.7,378.2,385.0,271914
2022-10-20,386.5,396.8,385.05,390.0,286291
2022-10-21,391.0,397.05,387.05,396.15,160168
2022-10-24,402.8,406.3,395.0,406.3,225237
2022-10-25,408.8,417.65,404.8,416.45,352152
2022-10-26,415.0,415.0,408.5,415.0,298599
2022-10-27,417.0,421.6,415.2,420.2,270523
2022-10-28,418.95,435.0,415.0,430.5,396090
2022-10-31,430.5,434.0,424.35,430.5,652528
2022-11-01,430.5,440.0,430.5,437.1,821009
2022-11-02,436.05,448.05,434.05,441.5,1225027
2022-11-03,439.2,446.55,434.15,445.95,935790
2022-11-07,447.9,450.45,444.5,448.4,512236
2022-11-08,450.15,452.5,436.0,446.0,477785
2022-11-09,446.0,449.9,437.05,437.05,430749
2022-11-10,437.05,448.0,437.0,445.3,569139
2022-11-11,448.0,460.45,445.05,455.55,1432449
2022-11-14,460.7,460.75,445.15,458.2,1044455
2022-11-15,458.6,459.0,447.15,448.5,646216
2022-11-16,446.0,472.0,441.8,463.05,3801676
2022-11-17,465.8,468.6,458.2,460.0,1297064
2022-11-18,460.0,462.15,456.2,459.45,680905
2022-11-21,459.95,460.4,447.6,450.0,900830
2022-11-22,453.0,460.0,452.0,460.0,695436
2022-11-23,460.2,470.95,458.5,464.0,943384
2022-11-24,465.75,468.0,462.5,464.3,367871
2022-11-25,465.4,466.0,462.95,465.5,248560
2022-11-28,462.5,465.75,460.05,465.0,528877
2022-11-29,466.0,468.5,464.0,465.3,373016
2022-11-30,465.55,467.7,461.9,467.7,216899
2022-12-01,467.95,470.65,465.0,469.0,451960
2022-12-02,468.0,469.45,464.0,469.45,418574
2022-12-05,468.6,477.95,465.65,475.5,556296
2022-12-06,475.4,479.9,472.1,479.9,459163
2022-12-07,478.45,479.85,474.4,477.5,406211
2022-12-08,477.5,478.45,473.85,475.25,316565
2022-12-09,475.25,475.8,470.2,471.35,334500
2022-12-12,471.9,479.1,468.0,475.0,525411
2022-12-13,475.0,476.55,470.0,472.8,399403
2022-12-14,472.8,473.75,463.2,465.35,578767
2022-12-15,464.0,466.8,458.25,463.25,538187
2022-12-16,463.0,469.55,455.0,464.95,574132
2022-12-19,466.55,467.65,460.35,461.0,530842
2022-12-20,461.1,476.75,461.1,474.9,946798
2022-12-21,476.05,494.4,474.9,482.5,1565119
2022-12-22,484.85,492.85,484.05,491.85,854623
2022-12-23,491.8,497.0,490.0,496.1,759349
2022-12-26,499.85,512.85,495.85,505.0,1933227
2022-12-27,505.0,507.5,501.1,503.4,1434241
2022-12-28,503.0,514.85,501.0,514.8,2518840
2022-12-29,463.35,463.35,446.1,459.75,4044220
2022-12-30,457.7,459.5,456.15,459.5,520767
2023-01-03,456.25,459.9,455.95,456.9,439519
2023-01-04,457.4,457.55,455.1,456.2,426749
2023-01-05,456.2,456.8,454.3,455.0,235328
2023-01-06,455.0,455.65,453.1,454.55,137264
2023-01-09,454.05,456.9,453.25,454.65,288919
2023-01-10,454.8,455.9,453.4,454.5,200839
2023-01-11,453.65,455.95,453.6,455.45,275689
2023-01-12,454.8,458.85,453.65,453.65,324259
2023-01-13,454.2,455.5,450.25,452.6,341190
2023-01-16,451.5,454.25,447.35,452.05,510801
2023-01-17,451.0,451.4,446.5,446.5,339687
2023-01-18,446.0,450.45,444.05,446.85,394734
2023-01-19,448.45,448.95,442.5,442.55,216007
2023-01-20,442.55,444.1,435.25,436.0,633365
2023-01-23,438.05,446.6,436.0,445.5,505027
2023-01-24,447.55,449.95,441.6,441.6,410324
2023-01-25,441.6,445.95,437.1,444.3,260960
2023-01-26,445.4,448.75,442.8,448.5,474960
2023-01-27,448.5,450.0,446.1,447.0,181481
2023-01-30,448.4,451.15,443.35,444.75,272983
2023-01-31,443.8,445.8,440.25,441.0,312860
2023-02-01,440.95,443.95,440.0,442.0,334099
2023-02-02,442.85,445.9,441.5,442.9,302484
2023-02-03,442.8,442.8,434.0,440.55,778626
2023-02-06,437.65,446.0,435.5,440.9,633747
2023-02-07,442.5,445.15,441.05,442.75,322691
2023-02-08,444.9,450.0,442.05,442.65,806046
2023-02-09,444.4,444.85,438.0,438.5,591769
2023-02-10,438.0,438.0,429.1,430.6,1065143
2023-02-13,434.2,435.55,430.0,431.05,501712
2023-02-14,430.5,432.5,417.5,417.5,647972
2023-02-15,417.6,426.95,410.1,415.0,888121
2023-02-16,415.3,425.45,415.0,415.0,336360
2023-02-17,415.05,421.5,413.3,421.2,366227
2023-02-20,424.1,424.7,414.35,419.3,449478
2023-02-21,421.5,427.2,418.0,420.9,634607
2023-02-22,421.0,421.7,411.25,413.5,956043
2023-02-24,414.5,414.5,408.2,409.2,721768
2023-02-27,408.4,417.2,407.9,416.7,652509
2023-02-28,420.8,428.8,417.45,425.85,921552
2023-03-01,429.5,435.0,426.85,432.4,839926
2023-03-02,433.9,436.5,417.6,422.7,1032819
2023-03-03,420.2,429.6,420.2,429.0,415439
2023-03-06,433.25,438.75,431.8,434.5,597356
2023-03-07,435.0,441.8,434.7,437.55,724775
2023-03-09,439.95,442.1,426.0,439.7,733416
2023-03-10,437.45,442.65,435.25,441.3,430845
2023-03-13,442.35,444.85,437.1,438.9,509573
2023-03-14,437.6,443.5,432.6,439.55,598472
2023-03-15,440.0,443.3,435.5,437.65,342948
2023-03-16,438.8,444.15,434.8,444.0,476979
2023-03-17,445.0,453.0,443.6,453.0,869513
2023-03-20,456.9,463.1,451.55,460.35,953844
2023-03-21,463.8,464.6,451.7,455.4,698554
2023-03-22,455.0,457.0,447.0,450.85,474368
2023-03-23,450.6,458.3,449.2,456.85,374675
2023-03-24,455.55,462.5,455.2,459.85,284358
2023-03-27,461.45,469.0,460.1,468.15,590487
2023-03-28,469.2,469.6,463.3,467.0,407039
2023-03-29,466.0,473.2,463.25,470.65,529828
2023-03-30,470.65,477.7,468.55,477.0,415205
2023-03-31,478.0,478.05,469.5,475.15,518904
2023-04-03,482.95,492.35,480.0,488.15,1388445
2023-04-04,488.05,490.4,479.25,481.15,887909
2023-04-05,482.5,486.6,476.3,485.65,414059
2023-04-06,486.7,488.5,471.05,482.0,558426
2023-04-07,482.0,488.35,472.7,486.6,649582
2023-04-10,487.7,490.2,484.3,489.2,341103
2023-04-11,490.2,491.45,480.5,482.9,480038
2023-04-12,485.0,489.6,482.0,486.3,264317
2023-04-13,487.25,487.25,481.25,485.2,234100
2023-04-14,485.95,495.0,482.0,493.55,307601
2023-04-17,496.0,500.0,495.2,498.45,456352
2023-04-18,498.45,501.6,496.1,498.8,356719
2023-04-19,496.2,501.8,496.0,496.75,407836
2023-04-20,494.0,501.45,490.1,499.0,395447
2023-04-21,500.45,506.05,500.0,505.4,560228
2023-04-24,505.5,509.6,501.05,508.5,385895
2023-04-25,508.5,509.55,505.05,506.0,203530
2023-04-26,507.5,509.35,502.2,505.05,314421
2023-04-27,504.9,509.15,503.7,506.95,216335
2023-04-28,506.25,507.7,495.7,501.1,388779
2023-05-02,500.9,501.85,478.55,489.35,507670
2023-05-03,488.25,488.35,470.0,472.0,727269
2023-05-04,472.0,476.75,461.0,470.9,432983
2023-05-05,471.1,480.15,465.55,476.0,352319
2023-05-08,478.95,480.1,474.6,475.95,101129
2023-05-10,476.25,498.95,473.65,494.35,507339
2023-05-11,497.0,507.55,484.3,497.8,801562
2023-05-12,497.85,503.65,494.0,498.9,250313
2023-05-15,499.0,512.05,499.0,512.05,603984
2023-05-16,514.9,521.45,510.0,520.45,576323
2023-05-17,521.0,523.25,513.75,519.15,376722
2023-05-18,519.0,549.2,516.4,548.35,1566241
2023-05-19,548.6,550.0,537.7,550.0,973048
2023-05-22,558.0,564.5,523.3,540.3,4910279
2023-05-23,543.0,579.45,510.4,512.7,7079650
2023-05-24,512.7,520.6,506.8,515.65,1236503
2023-05-25,518.6,520.4,511.0,518.8,554296
2023-05-26,518.8,521.5,511.45,512.4,758406
2023-05-29,513.0,520.0,512.0,517.0,708822
2023-05-30,515.8,516.9,509.0,510.2,490756
2023-05-31,509.0,517.0,502.0,515.2,599532
2023-06-01,516.0,520.8,515.15,517.7,498154
2023-06-02,519.0,519.6,514.15,518.45,314912
2023-06-05,520.1,530.0,509.8,512.0,1199276
2023-06-06,512.05,518.9,501.0,515.9,562239
2023-06-07,518.5,524.45,508.9,514.5,395427
2023-06-08,514.5,517.95,508.0,514.55,255287
2023-06-09,514.55,519.85,513.85,516.7,180338
2023-06-13,516.7,530.0,516.35,527.7,491468
2023-06-14,530.55,532.45,523.15,527.05,415490
2023-06-15,527.2,532.45,524.45,529.55,329810
2023-06-16,531.6,531.8,525.0,527.0,193413
2023-06-19,527.0,528.4,520.55,524.85,212329
2023-06-20,522.9,530.25,521.35,528.1,326181
2023-06-21,530.0,540.0,528.6,533.5,598145
2023-06-22,534.0,534.0,522.3,526.15,290493
2023-06-23,526.05,529.3,510.2,513.95,590054
2023-06-26,516.0,525.0,507.05,517.95,443456
2023-06-27,520.0,527.25,518.05,523.15,356227
2023-06-28,527.4,527.7,522.05,523.35,187510
2023-06-29,525.0,527.95,520.0,526.6,238098
2023-06-30,526.6,530.15,521.7,527.95,301032
2023-07-03,529.55,535.0,521.7,523.55,445581
2023-07-04,525.2,528.25,519.15,521.3,308613
2023-07-05,522.0,524.9,516.45,518.85,522671
2023-07-06,518.85,524.5,516.45,519.5,763180
2023-07-07,507.75,520.2,507.75,518.3,602900
2023-07-10,520.0,525.65,513.35,524.55,339618
2023-07-11,524.55,531.65,524.0,530.15,382206
2023-07-12,530.75,533.2,526.05,529.1,516680
2023-07-13,530.0,530.6,521.1,525.25,375165
2023-07-14,525.95,531.55,523.95,529.9,369947
2023-07-17,527.0,530.9,527.0,530.0,196615
2023-07-18,531.5,540.0,530.8,539.85,549893
2023-07-19,540.0,551.8,533.65,539.6,861486
2023-07-20,541.4,541.4,530.0,530.15,412505
2023-07-21,530.0,534.75,525.35,534.3,437877
2023-07-24,533.8,536.0,529.1,533.15,394977
2023-07-25,534.95,546.65,533.0,541.2,477912
2023-07-26,541.3,544.0,534.4,541.85,511535
2023-07-27,543.1,550.9,539.55,545.8,491758
2023-07-28,546.65,555.0,543.75,549.5,478393
2023-07-31,554.2,578.75,554.0,574.25,1503775
2023-08-01,576.2,592.05,571.15,585.05,1010389
2023-08-02,585.15,589.25,576.5,582.65,821919
2023-08-03,584.4,587.9,580.4,585.5,561052
2023-08-04,588.2,606.0,570.0,579.9,1955641
2023-08-07,585.0,596.0,573.3,583.8,835359
2023-08-08,583.8,590.0,570.5,588.05,603073
2023-08-09,588.7,591.95,579.0,587.6,486535
2023-08-10,590.2,619.0,582.0,614.0,1514652
2023-08-11,614.0,633.5,609.8,630.15,1463070
2023-08-14,634.6,665.95,615.0,638.0,3836117
2023-08-15,630.5,657.0,630.0,644.1,1291009
2023-08-16,647.6,647.6,620.0,635.0,1502865
2023-08-17,638.0,646.95,624.3,637.45,947418
2023-08-18,634.45,645.9,626.3,643.9,611868
2023-08-21,647.0,671.0,647.0,669.45,1357867
2023-08-22,672.9,677.45,660.0,668.9,1107757
2023-08-23,666.95,669.05,631.3,645.5,1584446
2023-08-24,645.3,654.8,642.0,652.4,619127
2023-08-25,652.4,664.0,646.4,660.95,690273
2023-08-28,663.6,667.4,655.0,661.1,525463
2023-08-29,663.5,663.5,652.15,655.75,518358
2023-08-30,657.0,657.0,643.4,652.95,619797
2023-08-31,654.95,654.95,648.2,651.75,335329
2023-09-01,651.5,663.35,651.05,661.4,489057
2023-09-04,663.0,666.95,654.8,666.95,574866
2023-09-05,667.0,680.0,660.0,671.25,954086
2023-09-06,671.3,676.3,664.05,671.9,438125
2023-09-07,671.9,676.4,647.4,657.4,1138111
2023-09-08,657.4,659.5,632.55,646.5,901595
2023-09-11,645.0,664.0,638.0,652.0,802565
2023-09-12,652.0,670.0,652.0,668.95,789336
2023-09-13,668.95,681.5,658.2,662.35,932626
2023-09-14,665.2,668.0,645.5,658.45,624738
2023-09-15,658.15,699.0,652.1,677.85,498295
2023-09-18,679.7,693.7,673.8,677.35,509053
2023-09-19,676.9,676.9,657.05,664.35,639223
2023-09-20,662.5,679.75,644.35,669.65,1626824
2023-09-21,669.0,669.0,646.55,647.45,1019824
2023-09-22,649.45,665.7,636.0,660.6,669034
2023-09-25,663.95,664.45,653.1,660.45,205023
2023-09-26,660.25,666.6,649.7,663.5,385889
2023-09-27,669.8,673.5,665.5,670.95,338670
2023-09-28,670.5,690.0,666.85,689.4,639915
2023-09-29,689.4,725.0,682.2,717.4,2200619
2023-10-02,722.1,729.0,703.05,713.5,1844603
2023-10-03,711.0,727.8,704.4,723.95,844002
2023-10-04,723.9,729.7,700.1,702.8,998116
2023-10-05,704.45,721.95,694.0,712.0,1050597
2023-10-06,718.1,720.0,707.05,718.7,648277
2023-10-09,723.45,735.9,721.0,733.9,990541
2023-10-10,733.85,736.6,727.65,734.25,610890
2023-10-11,736.0,749.95,721.65,727.0,1251615
2023-10-12,727.0,739.25,722.45,734.0,837610
2023-10-13,734.4,748.3,731.0,747.45,591390
2023-10-16,746.2,767.9,746.2,767.7,997022
2023-10-17,767.7,769.8,755.05,766.0,890264
2023-10-18,769.4,792.0,767.0,789.85,2089874
2023-10-19,789.5,799.9,781.0,798.0,1122872
2023-10-20,798.0,810.95,788.0,806.0,1180893
2023-10-23,808.0,808.25,793.1,795.15,749974
2023-10-24,795.2,795.2,785.0,790.2,450749
2023-10-25,788.05,805.0,781.35,796.2,771453
2023-10-26,796.2,804.85,779.1,785.6,661392
2023-10-27,786.25,803.0,780.65,799.9,753384
2023-10-30,799.8,799.9,791.85,793.3,395674
2023-10-31,791.5,799.9,775.05,797.3,921436
2023-11-01,796.95,820.0,795.25,819.8,1930277
2023-11-02,820.0,830.3,808.4,813.0,2071884
2023-11-03,812.9,820.0,805.15,818.55,896176
2023-11-06,822.5,826.7,817.55,825.7,354920
2023-11-07,826.1,842.75,823.0,832.75,1208363
2023-11-08,832.75,834.8,811.5,815.95,1942119
2023-11-09,815.95,864.45,808.1,858.7,7989855
2023-11-10,863.0,867.0,846.25,857.4,3278016
2023-11-13,857.9,872.85,852.3,861.95,2070382
2023-11-14,860.0,861.9,851.4,855.1,1216242
2023-11-15,854.9,859.7,851.1,857.0,898879
2023-11-16,856.1,856.1,838.3,841.1,1054765
2023-11-17,838.05,853.05,829.0,848.15,1211252
2023-11-20,851.0,861.5,848.3,854.8,826142
2023-11-21,854.75,856.1,844.95,849.1,725858
2023-11-22,849.3,860.9,846.1,860.7,1423997
2023-11-23,861.0,869.95,860.95,866.95,923487
2023-11-24,866.95,879.65,863.0,870.2,990958
2023-11-27,874.0,876.0,868.55,872.95,751239
2023-11-28,872.95,876.5,864.0,871.3,870732
2023-11-29,871.3,871.3,863.2,867.7,432480
2023-11-30,869.6,879.0,865.0,875.1,720228
2023-12-01,877.75,877.8,866.3,870.7,520439
2023-12-04,867.0,869.9,858.2,861.1,636410
2023-12-05,860.75,870.95,855.0,866.95,588325
2023-12-06,869.9,869.9,856.25,861.8,566727
2023-12-07,861.85,862.95,849.15,851.3,948903
2023-12-08,852.0,859.4,850.1,857.0,516897
2023-12-11,857.05,863.0,850.8,856.1,866206
2023-12-12,854.0,858.7,843.0,846.4,723757
2023-12-13,845.0,850.05,837.05,841.0,736948
2023-12-14,841.1,843.0,825.6,826.85,1094743
2023-12-15,826.85,856.1,825.6,853.7,1278225
2023-12-18,859.0,874.85,858.0,874.7,1560648
2023-12-19,875.0,882.75,870.0,881.9,1358174
2023-12-20,883.55,909.2,881.15,908.5,2130807
2023-12-21,910.0,921.4,903.4,913.8,1925609
2023-12-22,915.1,917.8,905.2,912.3,1277190
2023-12-25,908.3,915.75,907.1,913.45,1648872
2023-12-26,909.0,935.6,909.0,934.25,4074149
2023-12-27,854.95,873.1,851.35,857.05,6294912
2023-12-28,857.05,858.0,836.7,839.95,2254955
2023-12-29,839.0,851.9,828.55,847.65,1822474
2024-01-03,849.35,854.0,841.0,848.1,632043
2024-01-04,848.0,850.95,841.7,843.5,333825
2024-01-05,843.5,845.55,840.5,842.6,313163
2024-01-08,840.0,841.9,830.2,832.45,676437
2024-01-09,832.4,841.75,826.1,836.6,931511
2024-01-10,836.7,862.2,836.7,857.4,1535952
2024-01-11,857.4,868.7,851.0,853.8,1161835
2024-01-12,857.95,863.0,847.35,851.0,843153
2024-01-15,851.95,856.0,847.9,852.9,575092
2024-01-16,852.9,853.35,839.0,842.6,631567
2024-01-17,843.15,856.05,839.9,854.3,449777
2024-01-18,855.0,858.0,843.0,845.95,439412
2024-01-19,846.0,848.4,837.6,844.0,593868
2024-01-22,844.4,847.65,835.05,840.2,625474
2024-01-23,840.6,840.9,830.45,831.8,697693
2024-01-24,830.3,836.75,808.2,813.6,1533152
2024-01-25,815.25,816.6,797.0,807.75,1750707
2024-01-26,807.8,819.9,806.3,816.85,839559
2024-01-29,822.8,836.95,821.0,823.8,1158688
2024-01-30,824.0,825.25,817.65,823.65,528240
2024-01-31,824.85,824.85,816.0,817.5,517509
2024-02-01,818.0,824.25,815.95,818.2,569999
2024-02-02,820.1,821.0,813.6,818.0,469497
2024-02-05,820.0,836.1,811.35,835.05,916606
2024-02-06,835.1,846.85,832.6,837.4,933778
2024-02-07,838.45,840.6,830.9,831.9,483776
2024-02-08,831.4,840.5,822.6,828.25,680401
2024-02-09,828.5,835.55,823.0,824.7,350717
2024-02-12,825.4,834.8,819.1,828.45,494095
2024-02-13,829.2,833.75,826.05,829.8,250050
2024-02-14,830.0,834.85,820.25,821.6,458518
2024-02-15,825.7,825.7,812.3,817.1,705758
2024-02-16,817.1,822.5,814.5,816.7,557750
2024-02-19,814.6,817.9,808.25,809.55,594488
2024-02-20,809.65,815.0,800.0,809.1,1105898
2024-02-21,805.6,808.85,785.0,791.1,1469998
2024-02-22,791.1,796.7,780.0,790.2,679106
2024-02-26,792.7,811.55,792.7,809.65,624901
2024-02-27,812.75,812.75,793.65,801.05,478940
2024-02-28,802.35,803.15,790.0,791.4,575295
2024-02-29,791.4,806.65,790.35,800.5,499679
2024-03-01,800.4,817.85,792.9,817.45,743174
2024-03-04,817.45,832.4,817.45,826.25,1154618
2024-03-05,827.0,836.35,823.8,831.05,909108
2024-03-06,831.05,835.8,823.75,826.2,555791
2024-03-07,825.0,832.5,825.0,829.8,417395
2024-03-11,832.05,835.5,828.4,830.7,526366
2024-03-12,832.0,832.6,820.05,822.0,797455
2024-03-13,822.0,825.7,815.0,815.85,555313
2024-03-14,815.85,820.0,806.25,810.8,939944
2024-03-15,811.0,814.9,804.35,811.9,592051
2024-03-18,812.1,818.65,808.25,813.4,407528
2024-03-19,813.45,818.05,767.75,778.25,4701329
2024-03-20,780.0,783.4,748.1,753.35,9209989
2024-03-21,755.7,763.5,750.15,754.6,2570959
2024-03-22,756.8,756.8,733.9,737.95,2791107
2024-03-25,737.0,748.2,735.05,746.4,1623316
2024-03-26,747.0,748.35,737.25,741.45,1206385
2024-03-27,741.8,745.75,726.3,729.1,2111190
2024-03-28,729.5,737.7,722.55,727.4,2044350
2024-03-29,729.95,744.85,729.25,741.8,2195678
2024-04-01,746.7,752.0,743.2,751.3,1809651
2024-04-02,754.2,757.0,746.95,756.9,1207877
2024-04-03,757.5,761.0,745.0,760.95,1711028
2024-04-04,760.95,779.8,759.5,776.6,2391879
2024-04-05,776.6,777.45,763.55,764.5,2015364
2024-04-08,765.0,771.65,761.0,762.45,1004994
2024-04-09,762.45,764.65,745.65,755.3,1614421
2024-04-10,755.3,776.3,754.2,774.75,1361970
2024-04-11,772.75,776.0,766.55,767.25,890616
2024-04-12,768.0,772.5,764.25,772.05,911676
2024-04-15,772.9,784.4,770.0,775.1,1492816
2024-04-16,776.35,787.3,772.2,786.8,1004976
2024-04-17,787.45,788.9,771.0,771.3,851397
2024-04-18,771.3,772.0,756.1,762.65,1263098
2024-04-19,765.9,769.0,755.5,757.85,1020786
2024-04-22,757.7,759.0,748.2,753.0,1025024
2024-04-23,753.95,763.65,750.15,751.45,1007640
2024-04-24,752.7,755.5,747.0,750.95,566913
2024-04-25,750.95,757.65,750.0,751.3,260407
2024-04-26,751.5,755.9,749.2,750.0,399899
2024-04-29,748.55,752.2,748.55,750.4,175973
2024-04-30,750.5,750.7,744.3,748.55,204302
2024-05-02,748.6,750.5,744.4,745.8,370634
2024-05-03,744.15,745.25,738.75,739.8,525444
2024-05-06,739.8,741.4,733.5,735.6,561733
2024-05-07,735.6,745.1,735.6,738.4,396933
2024-05-08,738.65,751.7,737.1,748.9,516595
2024-05-10,750.0,757.55,749.95,751.0,271749
2024-05-13,749.0,753.55,745.0,747.8,376030
2024-05-14,747.8,751.6,739.3,740.25,614893
2024-05-15,740.25,759.95,738.15,757.6,905791
2024-05-16,757.7,766.0,757.7,764.8,931026
2024-05-17,765.1,770.0,753.5,762.8,827319
2024-05-20,762.8,768.0,750.0,752.05,932360
2024-05-21,758.0,764.95,745.05,751.8,1801929
2024-05-22,751.8,758.75,746.4,748.65,874100
2024-05-23,749.7,752.0,740.7,742.85,680815
2024-05-24,742.95,744.4,722.3,729.2,817853
2024-05-27,726.6,729.1,705.15,710.55,1259588
2024-05-28,709.85,726.4,691.1,718.2,1692690
2024-05-29,718.2,720.65,697.0,707.1,1670045
2024-05-30,707.1,712.5,692.8,696.45,627618
2024-05-31,692.2,698.9,666.25,676.15,1708109
2024-06-03,676.15,689.7,646.95,672.7,2431962
2024-06-04,672.7,682.0,630.1,674.15,4858509
2024-06-05,675.0,699.85,670.0,690.9,2107885
2024-06-06,696.9,707.0,685.8,705.0,844704
2024-06-07,706.5,732.9,703.1,725.7,2581249
2024-06-10,730.0,734.8,712.8,717.8,1501006
2024-06-11,715.0,732.45,708.0,731.8,1237209
2024-06-13,695.0,742.05,665.2,738.4,1630734
2024-06-14,738.8,744.35,721.0,733.4,1193855
2024-06-17,734.0,736.5,722.0,726.05,854504
2024-06-18,725.0,727.65,701.15,703.0,718414
2024-06-19,700.7,715.0,685.0,696.7,1340234
2024-06-20,697.1,713.75,680.9,710.3,776488
2024-06-21,711.2,713.5,697.25,699.2,359693
2024-06-24,700.0,703.4,686.0,686.4,444969
2024-06-25,686.5,705.2,684.35,703.2,619929
2024-06-26,703.2,710.7,691.55,700.45,683036
2024-06-27,701.0,704.35,695.7,698.75,612987
2024-06-28,699.7,702.4,691.35,693.3,658462
2024-07-01,695.8,717.8,694.5,705.0,1023486
2024-07-02,707.8,710.8,696.75,700.6,1352281
2024-07-03,700.6,702.45,694.4,695.1,525185
2024-07-04,695.0,697.55,684.05,687.6,820200
2024-07-05,687.6,692.75,684.95,689.0,1144089
2024-07-08,679.0,684.2,671.3,671.3,1194071
2024-07-09,671.3,672.5,654.0,656.8,1034069
2024-07-10,656.0,658.8,631.0,634.9,1502065
2024-07-11,634.9,656.8,634.9,652.0,2378478
2024-07-12,652.0,671.05,646.85,655.3,2456433
2024-07-15,656.0,662.0,635.2,642.0,1369350
2024-07-16,644.1,650.1,634.0,649.7,1371483
2024-07-17,652.25,662.0,641.0,652.9,1118046
2024-07-18,652.85,668.5,646.65,666.2,1347777
2024-07-19,667.0,683.0,662.85,683.0,1387519
2024-07-22,692.95,697.4,683.75,695.35,1248138
2024-07-23,696.25,696.35,685.35,691.9,704625
2024-07-24,694.95,702.0,689.5,699.85,984544
2024-07-25,699.7,712.5,699.7,705.35,1393729
2024-07-26,705.3,709.2,684.0,684.4,1878322
2024-07-29,679.65,683.6,665.05,671.4,1154077
2024-07-30,669.8,678.9,665.6,676.8,755963
2024-07-31,678.0,686.55,677.05,684.85,704194
2024-08-01,685.95,686.0,677.2,677.6,519004
2024-08-02,677.05,679.0,662.5,677.0,885163
2024-08-05,667.0,673.25,647.65,658.05,1576226
2024-08-06,661.5,672.8,659.1,672.65,806488
2024-08-07,674.0,677.5,662.15,674.1,892629
2024-08-08,677.0,684.45,668.0,672.0,521263
2024-08-09,672.0,674.95,667.05,668.8,308975
2024-08-12,668.8,680.0,660.5,680.0,457699
2024-08-13,680.0,691.2,680.0,685.7,799843
2024-08-14,689.2,696.0,678.0,682.55,818114
2024-08-15,685.65,685.65,675.0,677.1,388125
2024-08-16,679.8,679.8,667.0,671.4,372331
2024-08-19,671.4,674.0,661.45,665.7,660119
2024-08-20,666.95,669.5,652.0,654.65,985736
2024-08-21,654.65,662.25,649.0,657.5,628482
2024-08-22,660.45,667.4,637.45,644.45,980531
2024-08-23,644.45,649.85,620.0,640.0,2045362
2024-08-26,663.0,676.4,640.3,676.4,2001776
2024-08-27,686.0,695.1,665.0,676.0,4026689
2024-08-28,671.5,679.6,660.35,675.35,1646909
2024-08-29,675.35,678.35,663.0,671.0,800971
2024-08-30,671.0,673.3,648.0,656.2,916527
2024-09-02,654.85,656.2,631.9,641.95,1881453
2024-09-03,641.9,655.0,629.0,640.9,1732820
2024-09-04,639.0,657.4,636.7,654.7,998863
2024-09-05,658.9,666.35,650.0,659.55,1221986
2024-09-06,658.6,663.95,655.0,661.25,1048554
2024-09-09,661.6,673.45,661.6,672.0,1508573
2024-09-10,673.2,680.5,658.05,662.7,1394400
2024-09-11,663.1,672.0,660.15,662.0,706081
2024-09-12,664.5,667.9,655.45,667.9,755481
2024-09-13,667.85,680.2,648.2,675.5,1956366
2024-09-16,682.45,692.2,682.45,688.65,1614614
2024-09-17,691.5,707.35,686.1,706.0,1580719
2024-09-18,708.5,709.35,699.2,703.55,883037
2024-09-19,703.7,706.3,697.0,704.9,964731
2024-09-20,704.9,725.0,704.9,724.2,1737466
2024-09-23,729.0,736.3,726.25,730.5,1401310
2024-09-24,730.55,733.95,710.0,717.25,2840550
2024-09-25,717.55,721.9,703.55,708.0,1901230
2024-09-26,707.85,714.85,701.1,706.45,1358754
2024-09-27,707.3,712.0,704.0,708.3,1649295
2024-09-30,711.7,714.75,701.65,701.9,2408176
2024-10-01,701.2,709.9,682.1,707.55,4457599
2024-10-02,710.1,713.35,692.0,698.0,2396955
2024-10-03,697.0,704.35,688.75,700.2,2925573
2024-10-04,701.0,707.7,697.4,702.7,1664207
2024-10-07,705.0,707.6,695.1,700.45,1881957
2024-10-08,700.0,709.45,697.5,704.0,1775288
2024-10-09,704.1,707.1,696.1,702.0,1702375
2024-10-10,702.5,704.05,697.8,700.05,1335683
2024-10-11,700.75,702.2,695.25,697.15,2911069
2024-10-14,650.85,654.2,645.05,652.1,3464047
2024-10-15,652.2,652.25,642.1,646.4,1672667
2024-10-16,646.4,651.85,644.8,647.75,1345900
2024-10-17,648.0,649.5,632.4,635.65,929881
2024-10-18,635.6,635.6,627.0,630.65,761495
2024-10-21,631.05,634.5,627.0,629.6,794105
2024-10-22,630.65,631.15,616.55,617.85,1280017
2024-10-23,618.1,618.8,602.0,602.5,1566329
2024-10-24,602.5,618.4,602.1,614.1,1312981
2024-10-25,615.05,616.9,590.0,594.8,1607535
2024-10-28,586.0,586.0,568.0,570.6,2387701
2024-10-29,573.0,577.95,561.8,576.05,1592295
2024-10-30,576.5,582.3,566.7,568.75,1062103
2024-10-31,568.75,574.65,556.05,559.6,1202108
2024-11-01,560.0,564.45,544.2,549.4,2750315
2024-11-05,550.05,554.8,544.45,550.3,1367915
2024-11-06,558.95,576.15,545.5,553.55,3601304
2024-11-07,552.9,567.25,550.15,566.8,2483573
2024-11-08,569.0,577.8,565.0,577.1,2801189
2024-11-11,580.0,588.65,580.0,583.3,1894813
2024-11-12,584.85,585.25,570.75,577.6,1204895
2024-11-13,577.0,580.75,561.35,566.2,1207849
2024-11-14,566.2,570.3,559.0,560.9,1050205
2024-11-15,559.0,571.65,554.2,571.05,811118
2024-11-18,559.0,566.9,555.0,558.4,830723
2024-11-19,560.15,560.15,538.25,548.2,1570258
2024-11-20,548.0,553.95,533.35,535.05,1268213
2024-11-21,535.0,541.95,525.0,539.3,1935739
2024-11-22,539.95,544.7,525.9,531.8,1424141
2024-11-25,532.45,535.75,518.8,521.05,1202285
2024-11-26,521.05,528.0,515.3,527.0,2405430
2024-11-27,528.05,541.8,519.6,541.35,3089573
2024-11-28,541.35,549.3,537.1,542.15,1671731
2024-11-29,542.15,558.15,541.0,556.2,880056
2024-12-02,561.05,572.2,560.15,564.5,1205498
2024-12-03,564.5,572.0,551.4,562.6,2433967
2024-12-04,563.0,565.8,535.0,539.5,1941294
2024-12-05,541.7,558.5,534.2,553.9,1420970
2024-12-06,553.9,562.2,547.85,559.25,775425
2024-12-09,563.0,571.5,560.1,567.15,1000532
2024-12-10,569.05,569.05,555.7,557.45,947795
2024-12-11,557.4,566.2,549.05,564.95,837360
2024-12-12,566.35,566.6,548.6,548.6,652446
2024-12-13,548.9,557.0,546.95,552.4,701939
2024-12-16,552.0,554.85,532.55,537.2,1107479
2024-12-17,537.2,542.75,529.95,541.5,980398
2024-12-18,542.0,547.9,531.05,544.9,924731
2024-12-19,546.0,549.0,538.0,542.4,979845
2024-12-20,542.4,583.0,536.1,574.1,3250110
2024-12-23,580.2,601.2,579.0,600.0,2854854
2024-12-24,600.0,620.0,591.15,617.55,2469336
2024-12-25,616.0,629.0,602.55,624.5,2144112
2024-12-26,624.3,629.4,616.0,617.6,1219529
2024-12-27,618.95,624.95,611.05,621.0,1053717
2024-12-30,634.85,666.5,634.0,657.7,1553087
2025-01-03,659.0,660.65,630.45,631.9,862791
2025-01-06,630.3,636.6,619.0,624.1,690922
2025-01-08,624.85,629.0,618.2,620.9,480220
2025-01-09,620.9,622.95,591.65,593.75,2044253
2025-01-10,596.25,620.0,560.0,602.8,15028116
2025-01-13,603.05,609.0,581.0,584.1,4466123
2025-01-14,584.1,599.95,577.0,595.9,2403193
2025-01-15,594.0,610.0,591.1,607.0,2834791
2025-01-16,609.35,615.55,603.35,611.95,1877013
2025-01-17,611.95,617.5,606.25,611.6,1626545
2025-01-20,617.0,620.0,601.0,605.95,1861575
2025-01-21,606.0,615.0,596.3,613.9,969848
2025-01-22,612.85,631.5,607.15,621.0,2176277
2025-01-23,621.6,624.75,611.05,619.7,964100
2025-01-24,620.0,625.75,611.05,615.25,1030498
2025-01-27,609.15,617.65,601.15,603.2,955652
2025-01-28,603.55,624.5,598.45,622.25,989212
2025-01-29,622.5,625.6,610.6,616.35,1111222
2025-01-30,618.7,630.0,611.8,629.65,778117
2025-01-31,630.9,639.0,613.15,618.0,1796945
2025-02-03,617.0,618.75,611.45,615.0,618698
2025-02-04,617.0,623.7,606.0,608.9,946775
2025-02-05,611.1,624.95,603.0,624.25,1217892
2025-02-06,624.25,628.0,614.05,617.95,952749
2025-02-07,617.95,620.45,606.0,608.75,1242138
2025-02-10,615.1,615.4,606.0,607.95,1917690
2025-02-11,609.45,617.5,601.1,616.3,2005280
2025-02-12,618.1,662.1,614.0,658.2,4766453
2025-02-13,662.5,665.3,629.0,633.95,3633340
2025-02-14,640.0,648.45,612.0,624.3,4950072
2025-02-17,635.0,648.7,628.15,648.5,3263280
2025-02-18,645.9,655.0,632.55,637.95,2177129
2025-02-19,642.4,649.0,634.0,644.0,829852
2025-02-20,644.65,661.85,642.7,657.65,1541595
2025-02-21,658.0,673.0,645.6,659.2,2991601
2025-02-24,655.8,665.0,646.2,656.0,1675279
2025-02-25,657.5,676.0,650.05,668.55,3258007
2025-02-26,666.7,673.7,645.0,649.0,2330537
2025-02-27,649.0,656.0,631.9,637.65,1684249
2025-02-28,638.0,648.0,625.0,642.95,1548939
2025-03-03,643.1,645.0,614.45,628.0,1818277
2025-03-04,631.35,642.0,619.2,627.2,2472473
2025-03-05,627.8,630.25,615.9,617.55,1761397
2025-03-06,616.1,625.95,610.45,612.8,1162087
2025-03-07,612.8,618.9,607.0,610.65,1022208
2025-03-10,612.65,616.85,603.05,604.65,1159906
2025-03-11,605.0,614.0,595.05,607.45,1305864
2025-03-12,609.55,611.9,600.0,606.1,784484
2025-03-13,607.45,611.45,596.0,605.7,1151738
2025-03-14,603.9,608.0,600.25,605.95,848547
2025-03-17,610.0,627.95,609.9,624.5,1476909
2025-03-18,625.9,637.6,618.0,619.2,1930013
2025-03-19,619.2,631.3,618.0,627.9,644330
2025-03-20,629.0,633.9,621.75,626.25,860752
2025-03-21,626.2,628.85,621.0,623.65,465941
2025-03-24,625.0,627.0,607.5,610.7,879709
2025-03-25,613.15,616.5,603.5,611.4,844209
2025-03-26,612.0,617.3,603.7,608.6,481198
2025-03-27,611.75,611.75,598.2,598.2,682345
2025-03-28,599.0,599.4,574.5,580.05,2050361
2025-03-31,565.05,595.15,562.65,578.65,1382474
2025-04-01,579.0,593.1,571.2,583.45,1325000
2025-04-02,577.0,586.25,568.8,577.8,1135226
2025-04-03,577.9,582.9,562.8,569.25,1035515
2025-04-04,572.5,573.35,540.0,543.45,1985081
2025-04-07,538.75,553.2,509.05,537.0,3206398
2025-04-08,537.0,550.75,521.85,524.35,976955
2025-04-09,524.35,549.45,510.0,548.5,1954470
2025-04-10,548.5,557.45,534.3,543.8,1154251
2025-04-11,544.05,556.9,538.05,544.45,1394108
2025-04-14,555.45,556.15,541.0,545.5,714532
2025-04-15,548.3,550.7,538.0,540.25,541459
2025-04-16,539.65,554.0,535.0,552.65,1006025
2025-04-17,553.2,562.05,542.5,558.75,1233160
2025-04-18,553.9,560.0,545.0,549.5,598357
2025-04-21,551.6,561.0,551.3,557.95,460221
2025-04-22,558.25,567.95,552.3,564.7,852857
2025-04-23,564.95,586.25,554.0,572.95,1809608
2025-04-24,572.9,580.6,564.3,567.1,1022786
2025-04-25,567.8,580.9,567.8,578.0,824770
2025-04-28,583.2,593.95,576.0,580.6,1222723
2025-04-29,582.75,583.55,561.75,561.75,685324
2025-04-30,564.4,564.5,545.1,561.05,1162231
2025-05-02,561.75,562.65,539.0,539.85,358537
2025-05-05,545.0,548.5,521.05,528.25,1803320
2025-05-06,528.3,536.35,520.15,529.95,999300
2025-05-07,532.75,541.4,528.15,537.65,536297
2025-05-08,537.7,548.8,537.7,543.75,303663
2025-05-12,549.5,562.45,549.5,556.85,450272
2025-05-13,558.7,559.25,551.9,554.05,222354
2025-05-14,554.05,558.25,542.15,544.25,675996
2025-05-15,542.05,552.2,538.4,541.65,460732
2025-05-16,541.75,544.65,532.7,544.5,572421
2025-05-19,554.5,554.85,537.9,539.3,577521
2025-05-20,541.45,542.25,533.4,536.95,546151
2025-05-21,538.55,545.5,533.5,535.35,725095
2025-05-22,535.65,536.0,522.0,522.2,829756
2025-05-23,523.5,524.2,512.0,514.15,857819
2025-05-26,514.55,516.95,500.3,510.7,2572935
2025-05-27,511.0,523.1,503.0,522.1,833002
2025-05-28,525.6,535.4,520.15,529.25,937018
2025-05-29,530.0,531.65,520.3,520.85,770167
2025-05-30,520.85,529.85,518.05,526.55,231258
2025-06-02,515.7,539.45,515.2,533.4,518851
2025-06-03,533.35,544.45,533.35,541.0,543596
2025-06-04,542.0,547.6,536.25,541.2,592935
2025-06-05,541.25,552.0,540.55,546.25,556799
2025-06-06,547.55,552.95,536.3,537.3,560255
2025-06-09,541.65,545.0,522.3,526.2,891901
2025-06-10,528.65,528.8,508.2,515.15,783229
2025-06-11,516.95,521.3,512.65,520.55,309498
2025-06-13,531.05,543.7,529.8,541.05,1087789
2025-06-16,548.5,548.5,527.8,532.5,1109267
2025-06-17,533.85,543.55,530.7,543.2,989354
2025-06-18,545.5,545.85,534.75,540.6,579834
2025-06-19,541.0,542.5,535.25,538.65,356637
2025-06-20,538.4,538.95,530.55,532.35,299217
2025-06-23,544.0,546.9,525.85,527.65,1164556
2025-06-24,527.65,532.55,523.0,529.45,468781
2025-06-25,530.05,535.4,529.7,531.65,301162
2025-06-26,532.85,543.0,531.5,538.4,626196
2025-06-27,538.7,542.8,535.65,540.15,659241
2025-06-30,540.0,546.0,537.7,542.45,366563
2025-07-01,542.8,548.55,538.15,539.65,809696
2025-07-02,539.2,542.5,532.0,536.2,375524
2025-07-03,536.0,542.35,534.9,535.05,512434
2025-07-04,535.05,535.95,528.7,529.5,356432
2025-07-07,528.0,529.8,521.3,525.45,741215
2025-07-08,501.75,513.2,501.75,507.5,1498038
2025-07-09,507.5,510.55,500.0,501.55,953781
2025-07-10,501.55,504.95,495.0,499.8,709727
2025-07-11,500.0,500.75,492.05,494.6,779473
2025-07-14,492.35,507.0,485.0,503.7,1208405
2025-07-15,503.7,506.8,501.4,502.5,289673
2025-07-16,502.5,510.0,497.9,508.9,656785
2025-07-17,509.3,514.85,504.1,505.0,480879
2025-07-18,505.0,510.8,499.4,508.95,1006696
2025-07-21,522.0,523.1,514.6,517.4,869695
2025-07-22,517.95,523.0,515.25,521.4,588640
2025-07-23,521.65,528.5,517.0,519.85,924537
2025-07-24,520.2,523.55,517.0,519.15,567344
2025-07-25,519.85,521.85,510.3,512.3,466775
2025-07-28,515.0,515.15,503.4,505.9,686312
2025-07-29,505.85,510.0,504.4,506.75,468036
2025-07-30,506.85,511.45,502.05,504.25,421230
2025-07-31,504.3,507.55,502.1,505.35,200887
2025-08-01,505.35,510.0,503.8,506.05,215523
2025-08-04,507.1,514.15,504.15,513.95,798541
2025-08-05,513.95,519.75,509.05,518.55,1209671
2025-08-06,518.4,533.4,510.25,527.1,1359732
2025-08-07,525.9,536.9,522.0,529.3,1007684
2025-08-08,530.0,537.45,523.0,533.55,1032227
2025-08-11,538.4,548.9,534.45,542.3,1577019
2025-08-12,542.35,550.0,536.4,546.45,675786
2025-08-13,547.0,547.85,538.85,542.5,695256
2025-08-14,542.8,548.7,540.0,548.55,775769
2025-08-15,549.9,553.3,545.0,548.1,995544
2025-08-18,537.5,555.0,533.75,551.25,832933
2025-08-19,551.25,553.0,540.85,541.85,445907
2025-08-20,541.05,548.7,541.05,542.9,601186
2025-08-21,543.5,544.45,529.95,534.75,753646
2025-08-22,534.8,540.0,532.5,537.7,300072
2025-08-25,538.25,541.2,524.65,529.95,707165
2025-08-26,529.95,535.0,526.05,529.85,302222
2025-08-27,530.85,533.7,522.0,531.85,1298169
2025-08-28,532.95,533.0,525.0,527.85,469123
2025-08-29,528.0,532.3,525.0,529.25,349929
2025-09-01,530.0,532.35,520.0,522.05,821135
2025-09-02,522.2,524.1,511.0,517.7,678290
2025-09-03,517.8,519.65,513.4,517.7,518947
2025-09-04,518.1,522.65,517.25,520.15,256945
2025-09-05,521.5,526.3,520.0,522.5,434409
2025-09-08,524.5,539.1,523.85,534.95,914389
2025-09-09,534.95,536.85,527.8,531.1,678148
2025-09-10,531.5,532.3,526.2,527.0,600492
2025-09-11,527.0,531.4,525.0,529.6,307011
2025-09-12,530.8,532.5,515.4,517.65,495962
2025-09-15,520.35,521.7,513.85,515.4,235707
2025-09-16,515.4,523.8,511.4,513.55,452075
2025-09-17,513.55,517.0,509.0,514.4,570204
2025-09-18,515.55,519.4,511.2,512.5,287154
2025-09-19,512.5,515.0,502.55,503.0,593369
2025-09-22,503.05,504.9,487.15,495.6,1442741
2025-09-23,497.8,506.0,490.45,493.0,670063
2025-09-24,494.0,502.6,487.25,499.85,472412
2025-09-25,499.7,502.9,494.4,497.8,372500
2025-09-26,499.15,505.0,493.1,504.75,520683
2025-09-29,505.0,506.8,496.6,500.1,679526
2025-09-30,500.1,509.0,495.05,499.1,648931
2025-10-01,498.0,506.8,495.0,497.9,938404
2025-10-02,497.05,498.9,488.0,491.0,1266667
2025-10-03,490.1,497.2,486.3,490.0,738246
2025-10-06,493.05,505.0,491.35,504.5,1408689
2025-10-07,504.4,506.4,501.3,505.35,500934
2025-10-08,505.35,508.8,493.0,500.05,835080
2025-10-09,500.05,505.0,486.25,501.5,1593596
2025-10-10,501.0,507.5,498.5,501.0,1818922
2025-10-13,489.0,492.7,475.15,477.45,1753944
2025-10-14,476.5,478.5,460.45,466.0,1130669
2025-10-15,467.0,475.8,459.0,469.3,1073866
2025-10-16,469.05,497.2,465.1,495.3,1390797
2025-10-17,497.0,498.0,486.3,487.95,551893
2025-10-20,489.6,501.5,489.6,498.95,766717
2025-10-21,499.25,500.55,485.0,492.3,991528
2025-10-22,492.3,496.0,478.25,482.35,681453
2025-10-23,478.0,487.15,469.3,485.55,859804
2025-10-24,486.5,489.8,473.55,475.55,615978
2025-10-27,475.0,476.35,452.0,459.9,1312130
2025-10-28,459.9,465.7,455.0,460.5,559339
2025-10-29,461.0,468.55,456.55,457.65,661234
2025-10-30,458.4,476.2,455.45,471.55,894510
2025-10-31,471.7,473.9,467.65,473.65,464028
2025-11-03,471.8,477.75,471.65,473.4,174739
2025-11-05,472.45,476.45,470.4,474.5,276447
2025-11-06,475.0,476.9,467.5,470.55,432889
2025-11-07,468.1,498.65,468.1,480.05,716341
2025-11-10,481.6,484.85,472.05,472.65,576846
2025-11-11,473.25,474.55,470.4,472.85,376559
2025-11-12,473.1,473.8,465.9,468.1,341964
2025-11-13,469.0,471.1,461.8,467.75,467404
2025-11-14,467.05,471.1,465.1,470.8,592107
2025-11-17,471.6,481.0,466.0,466.2,620048
2025-11-18,466.05,479.5,463.8,475.1,461235
2025-11-19,474.6,489.6,467.15,481.95,1308968
2025-11-20,481.95,502.6,478.6,502.5,1807070
2025-11-21,502.5,505.0,489.5,495.15,872642
2025-11-24,496.15,504.5,487.95,493.1,524740
2025-11-25,493.5,504.3,486.7,501.55,539762
2025-11-26,501.15,502.25,495.25,495.95,261943
2025-11-27,496.85,499.35,480.5,485.7,1116265
2025-11-28,486.6,493.65,483.55,491.0,412923
2025-12-01,493.9,498.0,487.2,495.45,515848
2025-12-02,495.6,496.5,486.2,491.4,283201
2025-12-03,487.5,489.95,482.0,488.0,237356
2025-12-04,488.0,491.65,483.65,484.0,343485
2025-12-05,484.95,494.0,483.95,488.95,428869
2025-12-08,488.5,494.35,480.0,483.5,640088
2025-12-09,484.45,491.95,481.05,489.0,483490
2025-12-10,490.0,491.8,487.25,489.55,193756
2025-12-11,490.55,503.0,489.6,498.05,974066
2025-12-12,499.75,501.45,488.45,488.45,563364
2025-12-15,490.05,498.65,490.05,497.9,450083
2025-12-16,498.0,503.0,492.0,499.05,998142
2025-12-17,499.4,502.6,496.5,499.9,542748
2025-12-18,499.95,502.0,496.0,497.9,465471
2025-12-19,497.9,512.5,494.15,506.0,2228317
2025-12-22,506.2,508.0,493.1,494.75,653363
2025-12-23,494.75,497.25,488.2,489.3,351919
2025-12-24,490.3,490.75,485.3,487.55,344419
2025-12-25,487.5,488.5,481.0,482.1,289472
2025-12-26,483.0,489.0,483.0,489.0,307307
2025-12-29,493.05,498.25,487.6,489.9,1059934
2025-12-30,490.9,494.8,487.0,488.65,285050
2026-01-05,489.25,489.85,481.5,483.75,308212
2026-01-06,483.3,486.95,482.5,482.5,139844
2026-01-08,480.5,483.0,471.4,474.85,331477
2026-01-09,474.85,480.8,474.85,479.85,183542
2026-01-12,479.85,486.35,478.95,480.65,290893
2026-01-13,481.6,483.55,478.3,479.15,463803
2026-01-14,479.15,485.65,477.5,481.4,464361
2026-01-15,480.3,488.55,480.15,484.55,447304
2026-01-16,487.15,489.55,484.6,486.0,259908
2026-01-19,487.7,495.75,484.4,494.0,831891
2026-01-20,493.5,497.55,490.2,492.75,311756
2026-01-21,493.05,500.9,490.6,497.5,454246
2026-01-22,499.15,506.95,493.3,497.9,840356
2026-01-23,496.95,501.4,494.15,499.95,326625
2026-01-26,502.55,506.6,496.65,498.9,595944
2026-01-27,499.0,512.7,499.0,508.45,830533
2026-01-28,510.0,512.9,503.0,503.85,505707
2026-01-29,503.9,517.25,502.95,509.15,1011173
2026-01-30,510.85,510.85,499.6,504.1,710628
2026-02-02,506.45,507.35,497.95,504.6,423712
2026-02-03,504.6,509.1,503.3,506.95,273035
2026-02-04,507.0,510.0,502.0,507.3,305631
2026-02-05,507.5,507.5,497.95,497.95,399657
2026-02-06,498.95,501.0,494.05,497.3,593208
2026-02-09,497.9,497.9,487.55,491.2,329470
2026-02-10,491.05,496.25,489.55,492.1,217775
2026-02-11,492.1,495.7,487.15,490.6,653350
2026-02-12,490.55,495.9,490.0,491.8,341701
2026-02-13,493.5,495.5,489.55,491.8,313510
2026-02-16,491.8,504.8,491.8,503.2,831058
2026-02-17,502.2,505.0,499.25,501.05,322177
2026-02-18,501.05,502.0,495.5,500.6,458959
2026-02-19,501.6,506.75,500.0,501.9,422498
2026-02-20,503.65,509.5,499.95,507.35,400691
2026-02-23,508.85,510.0,507.65,508.2,32244
2026-02-24,510.0,510.55,501.05,501.5,477340
2026-02-25,501.5,505.5,498.45,505.1,407595
2026-02-26,505.35,506.2,502.1,503.65,160957
2026-02-27,503.65,507.9,500.2,506.5,378149
2026-03-02,527.85,537.9,525.0,535.0,4706063
2026-03-03,537.0,545.45,520.25,522.0,3578559
2026-03-04,523.15,529.5,518.05,519.2,1319362
2026-03-05,520.3,532.0,520.3,530.0,1008599
2026-03-06,529.3,542.85,526.5,538.0,1945198
2026-03-09,560.0,587.5,545.9,547.75,3499827
2026-03-10,551.2,553.95,530.15,540.15,2014103
2026-03-11,539.4,545.3,535.3,543.05,923983
2026-03-12,551.0,554.45,544.2,548.35,952192
2026-03-13,549.1,551.0,540.6,543.9,764071
2026-03-16,548.85,552.0,535.5,543.5,1118565
2026-03-17,546.9,551.1,541.8,545.4,676487
2026-03-18,545.0,560.0,539.0,558.5,2093849
2026-03-19,560.75,565.0,552.0,553.5,1849674
2026-03-20,555.0,560.0,548.25,556.95,968534
2026-03-23,559.8,563.0,532.55,543.95,2026585
2026-03-24,543.2,548.15,538.1,542.55,692133
2026-03-25,539.0,545.7,537.65,543.85,587424
2026-03-26,543.85,548.05,539.0,542.15,784854
2026-03-27,539.25,546.45,528.75,534.1,998891
2026-03-30,538.7,542.35,532.6,537.5,434679
2026-03-31,537.8,538.0,524.1,526.6,755127
2026-04-01,527.35,528.75,520.0,523.55,599085
2026-04-02,525.95,534.5,525.0,532.0,583661
2026-04-03,533.9,535.75,530.0,532.55,384849
2026-04-06,538.0,538.75,527.05,534.65,882146
2026-04-07,533.3,547.0,533.3,539.35,1099548
2026-04-08,524.5,533.0,518.65,533.0,1673873
2026-04-09,534.0,537.3,525.6,530.35,751834
2026-04-10,531.0,534.9,523.5,524.75,467428
2026-04-13,544.5,545.0,524.2,526.0,853518
2026-04-14,526.0,531.0,522.0,522.1,481745
2026-04-15,522.0,525.9,519.0,525.9,521655
2026-04-16,525.0,528.8,521.05,522.9,395085
2026-04-17,523.9,527.05,503.0,511.35,1058136
2026-04-20,522.9,523.85,512.15,516.0,498113
2026-04-21,516.05,525.25,512.0,524.2,617915
2026-04-22,525.0,525.25,520.2,523.85,298142
2026-04-23,522.8,531.2,522.8,527.7,492020
2026-04-24,528.0,529.8,518.05,522.8,530648
2026-04-27,523.3,527.4,519.4,522.1,579209
2026-04-28,521.25,528.75,512.3,513.7,711584
2026-04-29,512.55,516.2,499.2,509.7,977527
2026-04-30,513.5,515.0,505.2,512.25,627274
2026-05-01,513.3,513.5,510.75,512.25,43097
2026-05-04,512.95,513.5,502.15,509.1,638942
2026-05-05,508.05,513.7,500.05,510.35,406864
2026-05-06,512.0,512.05,502.5,504.7,559872
2026-05-07,505.7,508.95,501.6,505.55,360974
2026-05-08,505.55,508.9,498.15,505.5,433149
2026-05-11,510.0,519.15,509.55,518.5,325722
2026-05-12,518.0,523.0,514.6,516.05,595220
2026-05-13,516.3,518.85,512.3,515.7,468149
2026-05-14,515.7,519.2,511.25,512.6,532284
2026-05-15,512.6,518.85,510.0,513.5,385868
2026-05-18,515.0,521.35,510.85,519.25,520703
2026-05-19,519.65,521.75,515.6,519.05,311736
2026-05-20,519.05,520.5,510.0,511.95,492199
2026-05-21,511.15,517.85,506.8,510.4,525360
2026-05-22,513.95,520.0,505.35,518.75,1195064
2026-05-25,514.1,517.35,506.1,509.35,558291
2026-05-26,510.05,513.95,506.75,510.4,457610
2026-05-27,510.4,513.2,507.6,511.3,342506
2026-05-28,512.0,514.95,504.35,506.1,446153
2026-05-29,506.5,508.3,498.3,501.9,532863
2026-06-01,503.3,509.3,501.55,508.35,580621
2026-06-02,507.3,512.4,503.85,511.45,541636
2026-06-03,513.8,514.0,505.05,507.45,425064
2026-06-04,507.45,508.8,502.25,504.35,367063
2026-06-05,505.1,505.4,500.75,501.55,167996
2026-06-08,503.55,507.15,487.65,493.65,1158953
2026-06-09,493.85,497.25,480.7,484.35,775372
2026-06-10,486.95,489.95,478.6,485.2,524341
2026-06-11,486.0,489.7,483.1,485.75,261311
2026-06-12,486.2,488.0,484.65,485.4,47333
2026-06-15,487.75,495.5,484.1,491.85,640118
2026-06-16,491.85,494.6,471.6,478.6,1236693
2026-06-17,478.7,478.95,472.85,476.0,319051
2026-06-18,474.0,474.0,454.0,462.05,1923902
2026-06-19,463.3,470.0,457.1,459.75,860243
2026-06-22,459.75,463.8,444.4,448.15,1233944
2026-06-23,448.15,461.1,438.85,454.55,959237
2026-06-24,454.0,458.4,437.4,441.9,933374
2026-06-25,441.85,444.95,420.1,424.9,1867162
2026-06-26,421.0,446.5,414.0,436.9,1849338
2026-06-29,441.0,453.45,434.75,447.35,866009
2026-06-30,445.85,461.95,445.5,459.95,1007173
2026-07-01,460.0,465.85,455.45,461.25,449737
2026-07-02,462.65,462.65,440.05,442.9,919491
2026-07-03,442.85,454.65,438.6,453.0,1135631
2026-07-06,431.6,431.65,400.0,403.95,2668540
2026-07-07,403.75,414.9,381.7,408.1,3550473
2026-07-08,409.0,419.0,397.85,412.2,2479902
2026-07-09,412.2,415.85,393.0,393.35,1044318
2026-07-10,394.95,401.2,391.25,395.7,738389
2026-07-13,403.2,411.05,399.35,404.4,911934
2026-07-14,404.5,412.8,401.9,405.0,834327
2026-07-15,405.95,405.95,389.0,391.75,845807
2026-07-16,392.0,393.4,375.0,375.15,1396371
2026-07-17,377.4,386.6,365.0,369.75,1366252
2026-07-20,380.0,397.55,370.95,393.95,1485126
2026-07-21,395.0,403.45,385.65,398.55,1242434
2026-07-22,400.0,413.55,386.6,412.0,1179173
2026-07-23,412.35,422.55,409.45,416.0,1375036
2026-07-24,414.2,424.95,406.45,422.6,1090802
2026-07-27,417.0,430.0,413.05,427.6,863084
2026-07-28,428.0,433.8,419.9,421.4,1014967
2026-07-29,425.5,451.95,424.0,451.0,1874287
2026-07-30,450.95,464.4,443.15,447.45,1023425
2026-07-31,447.5,454.85,439.75,454.0,1011906
2026-08-03,448.0,486.6,440.2,480.55,1810346
2026-08-04,483.55,485.0,464.55,469.8,1629217
2026-08-05,469.65,475.95,466.0,472.75,871069
2026-08-06,472.75,475.7,459.5,474.5,1272019
2026-08-07,474.5,497.0,472.75,481.1,3002865
2026-08-10,484.6,486.9,476.5,485.95,848283
2026-08-11,485.2,508.0,482.35,504.1,1902896
2026-08-12,504.1,508.95,492.2,495.0,1207681
2026-08-13,495.65,499.9,473.3,479.6,1284501
2026-08-14,480.6,487.1,455.9,463.8,1244588
2026-08-17,468.5,480.95,453.3,460.0,1957223
2026-08-18,460.95,474.7,452.05,466.5,1815846
2026-08-19,466.5,480.0,463.65,478.95,1189958
2026-08-20,478.95,486.6,470.5,472.1,1100869
2026-08-21,474.05,476.95,461.35,472.05,1324468
2026-08-24,462.0,475.85,454.8,474.35,1402068
2026-08-25,474.3,486.1,470.0,476.2,1632035
2026-08-26,476.05,480.4,467.55,472.3,1364972
2026-08-27,470.1,485.95,466.15,481.1,1223000
2026-08-28,481.1,506.55,477.6,500.0,2649628
2026-08-31,514.65,523.95,513.6,519.8,1512611
2026-09-01,520.0,533.6,513.95,528.95,1648141
2026-09-02,528.9,535.8,526.75,531.95,791051
2026-09-03,532.0,543.9,528.2,542.25,1448605
2026-09-04,543.95,544.75,526.1,541.05,1822375
