timestamp,open,high,low,close,volume
2015-01-16,0.004855,0.004875,0.00472,0.004865,247500000
2015-01-19,0.004715,0.004895,0.00469,0.004775,105600000
2015-01-20,0.004705,0.00479,0.004655,0.004695,67300000
2015-01-21,0.004665,0.00479,0.004635,0.00475,101700000
2015-01-22,0.00475,0.00475,0.004665,0.004745,243000000
2015-01-23,0.004735,0.004875,0.0046,0.00464,656900000
2015-01-26,0.004585,0.00465,0.00447,0.004575,489500000
2015-01-27,0.004455,0.00453,0.00438,0.004495,819700000
2015-01-28,0.004495,0.004495,0.004365,0.004385,711000000
2015-01-29,0.004385,0.004395,0.004235,0.00429,280800000
2015-01-30,0.00432,0.00432,0.004155,0.00432,410100000
2015-02-02,0.004305,0.00433,0.00425,0.004295,292800000
2015-02-03,0.0043,0.0043,0.00419,0.00423,301500000
2015-02-04,0.004275,0.0043,0.004205,0.004285,309000000
2015-02-05,0.004285,0.004295,0.004215,0.004245,774500000
2015-02-06,0.004295,0.004395,0.00426,0.00426,396600000
2015-02-09,0.00426,0.00433,0.004165,0.004245,1523600000
2015-02-10,0.004185,0.0045,0.004185,0.00426,457900000
2015-02-11,0.00428,0.00433,0.00402,0.00415,1255100000
2015-02-12,0.00422,0.0043,0.00415,0.00425,1448600000
2015-02-13,0.00427,0.004545,0.00425,0.004455,4716200000
2015-02-16,0.004555,0.00475,0.00445,0.004495,4455400000
2015-02-17,0.0045,0.0045,0.004385,0.00442,2052000000
2015-02-18,0.00468,0.00468,0.0044,0.00449,852900000
2015-02-19,0.004455,0.00448,0.004285,0.0044,1934700000
2015-02-20,0.004445,0.00462,0.00439,0.00462,2368400000
2015-02-24,0.004435,0.0047,0.00429,0.004545,1570500000
2015-02-25,0.0046,0.0047,0.004495,0.00469,7340500000
2015-02-26,0.00472,0.004995,0.00465,0.00487,16769200000
2015-02-27,0.0049,0.005,0.00475,0.004875,3611400000
2015-03-02,0.00489,0.00489,0.00476,0.0048,634000000
2015-03-03,0.0048,0.004825,0.0047,0.00475,1858900000
2015-03-04,0.00474,0.00482,0.00474,0.0048,2261700000
2015-03-05,0.00481,0.00485,0.0046,0.004765,3926400000
2015-03-06,0.004795,0.004835,0.00461,0.00468,2373900000
2015-03-10,0.0046,0.00465,0.00451,0.004535,1775000000
2015-03-11,0.005465,0.005465,0.00451,0.004595,1892400000
2015-03-12,0.0046,0.00461,0.00456,0.0046,405500000
2015-03-13,0.004605,0.004685,0.00453,0.00459,2099200000
2015-03-16,0.004525,0.004585,0.00448,0.004505,276100000
2015-03-17,0.00456,0.00456,0.004425,0.00445,261700000
2015-03-18,0.004475,0.00454,0.004445,0.004515,1309800000
2015-03-19,0.00447,0.00463,0.00442,0.004475,629000000
2015-03-20,0.00459,0.00465,0.00417,0.00428,7952600000
2015-03-23,0.004325,0.004575,0.004165,0.00451,5211100000
2015-03-24,0.00442,0.00465,0.00432,0.004465,13084900000
2015-03-25,0.0045,0.00476,0.0044,0.00475,6444700000
2015-03-26,0.004795,0.00521,0.004315,0.004335,10460400000
2015-03-27,0.00435,0.00439,0.00416,0.0042,2696100000
2015-03-30,0.004195,0.00425,0.00417,0.00423,2483400000
2015-03-31,0.0042,0.0042,0.004085,0.00411,1717900000
2015-04-01,0.00411,0.00433,0.004,0.004255,11534600000
2015-04-02,0.004255,0.0044,0.00421,0.004335,5731400000
2015-04-03,0.004365,0.004455,0.00434,0.00434,5477400000
2015-04-06,0.004395,0.004465,0.00434,0.00439,3933600000
2015-04-07,0.0044,0.004435,0.00428,0.004365,2479200000
2015-04-08,0.004315,0.00437,0.004275,0.0043,1985800000
2015-04-09,0.0043,0.004725,0.0043,0.004535,21828100000
2015-04-10,0.004695,0.004785,0.004415,0.00453,6262600000
2015-04-13,0.00458,0.00463,0.00453,0.004575,3510600000
2015-04-14,0.004595,0.004635,0.00445,0.00449,3285200000
2015-04-15,0.00445,0.0049,0.00445,0.004725,6656200000
2015-04-16,0.004735,0.00479,0.00458,0.0047,2012200000
2015-04-17,0.0047,0.004755,0.004585,0.004615,1458200000
2015-04-20,0.00461,0.00461,0.004305,0.00451,3411900000
2015-04-21,0.004575,0.0047,0.00451,0.004605,3002200000
2015-04-22,0.004625,0.004675,0.004515,0.004625,3268000000
2015-04-23,0.00462,0.0048,0.004475,0.004755,6986400000
2015-04-24,0.004715,0.00485,0.00465,0.004785,1348900000
2015-04-27,0.00477,0.00477,0.00469,0.004735,1185800000
2015-04-28,0.004775,0.00485,0.0046,0.004695,2489200000
2015-04-29,0.0047,0.0047,0.004575,0.004615,574900000
2015-04-30,0.00463,0.00465,0.00449,0.00454,1296800000
2015-05-05,0.004515,0.004625,0.00451,0.00461,836600000
2015-05-06,0.00459,0.00475,0.00457,0.00468,1651900000
2015-05-07,0.00464,0.004735,0.0046,0.004655,501400000
2015-05-08,0.00469,0.0048,0.00463,0.00471,1361500000
2015-05-12,0.00469,0.004785,0.004635,0.0047,1405400000
2015-05-13,0.004685,0.004765,0.004635,0.00475,2027800000
2015-05-14,0.00476,0.004825,0.004735,0.004785,1295300000
2015-05-15,0.0048,0.00489,0.0048,0.004875,2233500000
2015-05-18,0.004895,0.00494,0.004865,0.00493,327900000
2015-05-19,0.00493,0.00514,0.0049,0.00511,3140800000
2015-05-20,0.005155,0.005155,0.00495,0.005,2392800000
2015-05-21,0.00502,0.00522,0.00497,0.005215,1758600000
2015-05-22,0.005105,0.00528,0.005105,0.005185,720500000
2015-05-25,0.0051,0.005235,0.004955,0.005205,925300000
2015-05-26,0.00512,0.00517,0.00504,0.00511,559300000
2015-05-27,0.004955,0.00513,0.00481,0.005095,2409900000
2015-05-28,0.005,0.00515,0.00495,0.005145,367800000
2015-05-29,0.00516,0.0053,0.005085,0.005105,874900000
2015-06-01,0.005105,0.00523,0.00491,0.0051,896600000
2015-06-02,0.00504,0.00513,0.00495,0.00511,1553000000
2015-06-03,0.00517,0.005175,0.00491,0.005,805300000
2015-06-04,0.005,0.00509,0.004945,0.004995,2297600000
2015-06-05,0.004965,0.005,0.0048,0.004955,1677600000
2015-06-08,0.004995,0.005005,0.004835,0.00495,1989800000
2015-06-09,0.00497,0.00503,0.00491,0.005,1323000000
2015-06-10,0.005015,0.005125,0.004945,0.0051,474100000
2015-06-11,0.0051,0.005125,0.00502,0.0051,216600000
2015-06-15,0.005015,0.0054,0.004855,0.00531,1794200000
2015-06-16,0.00535,0.005385,0.005225,0.005325,704700000
2015-06-17,0.00526,0.00532,0.00524,0.0053,313600000
2015-06-18,0.00534,0.005465,0.00519,0.00546,1652700000
2015-06-19,0.0054,0.00547,0.00535,0.00545,223900000
2015-06-22,0.005405,0.005435,0.005205,0.00538,157000000
2015-06-23,0.005375,0.005375,0.0051,0.00515,1295700000
2015-06-24,0.0051,0.00519,0.005075,0.00515,460200000
2015-06-25,0.0051,0.00522,0.005,0.005055,421800000
2015-06-26,0.00515,0.00515,0.004915,0.0051,1584500000
2015-06-29,0.005,0.005105,0.00496,0.00505,708600000
2015-06-30,0.00505,0.005085,0.004965,0.005,267900000
2015-07-01,0.00497,0.00505,0.00492,0.00505,236600000
2015-07-02,0.00505,0.00505,0.00499,0.005,142600000
2015-07-03,0.004965,0.00502,0.004965,0.005,191000000
2015-07-06,0.004985,0.00505,0.00487,0.004895,601200000
2015-07-07,0.004865,0.00488,0.0047,0.004775,2657700000
2015-07-08,0.00477,0.00478,0.00462,0.00476,2548500000
2015-07-09,0.004515,0.004635,0.004515,0.004595,1532900000
2015-07-10,0.00464,0.00464,0.004585,0.004595,119600000
2015-07-13,0.004635,0.004635,0.004555,0.00458,132100000
2015-07-14,0.004605,0.004605,0.004465,0.004555,2813000000
2015-07-15,0.004495,0.00458,0.004445,0.00455,869900000
2015-07-16,0.004525,0.004575,0.004475,0.00457,743100000
2015-07-17,0.00456,0.0046,0.004545,0.00456,402600000
2015-07-20,0.00451,0.004595,0.00441,0.004465,559900000
2015-07-21,0.00443,0.00465,0.00443,0.004625,1529200000
2015-07-22,0.004645,0.00469,0.004585,0.00461,164600000
2015-07-23,0.004585,0.00464,0.00456,0.00458,96200000
2015-07-24,0.00456,0.00463,0.004535,0.00457,190800000
2015-07-27,0.004595,0.004595,0.004495,0.004555,941700000
2015-07-28,0.004515,0.00457,0.00447,0.004555,89800000
2015-07-29,0.00456,0.00456,0.004505,0.004535,52600000
2015-07-30,0.00451,0.00456,0.0045,0.00455,160200000
2015-07-31,0.004475,0.004555,0.004435,0.004545,4476600000
2015-08-03,0.00455,0.00463,0.00449,0.00462,1076800000
2015-08-04,0.0046,0.00467,0.00455,0.004605,336700000
2015-08-05,0.00464,0.00466,0.004535,0.004655,331000000
2015-08-06,0.004705,0.00478,0.0046,0.00463,319900000
2015-08-07,0.00468,0.00468,0.00452,0.004645,230600000
2015-08-10,0.00464,0.0047,0.00461,0.004675,719700000
2015-08-11,0.004645,0.00472,0.004645,0.004695,208400000
2015-08-12,0.00466,0.0047,0.004625,0.00469,393500000
2015-08-13,0.0047,0.004725,0.00462,0.00468,418200000
2015-08-14,0.00464,0.004715,0.004625,0.00471,265000000
2015-08-17,0.004705,0.00476,0.004685,0.00474,419400000
2015-08-18,0.004765,0.004765,0.004605,0.00461,1323600000
2015-08-19,0.004505,0.00467,0.004505,0.0046,286000000
2015-08-20,0.00462,0.00462,0.004535,0.0046,328800000
2015-08-21,0.004595,0.0046,0.00447,0.00452,657400000
2015-08-24,0.0045,0.0045,0.0042,0.00425,2201700000
2015-08-25,0.00426,0.004395,0.004255,0.004325,1014900000
2015-08-26,0.00433,0.00438,0.00429,0.00435,340400000
2015-08-27,0.0044,0.004445,0.004365,0.00443,287800000
2015-08-28,0.00443,0.0045,0.00435,0.004475,470300000
2015-08-31,0.004405,0.004495,0.00437,0.00448,154500000
2015-09-01,0.004455,0.00449,0.00435,0.0044,1011600000
2015-09-02,0.004395,0.0044,0.00432,0.00437,1971400000
2015-09-03,0.004435,0.004435,0.00432,0.00441,472100000
2015-09-04,0.00441,0.00441,0.004305,0.00435,792800000
2015-09-07,0.00437,0.00437,0.0043,0.00432,745200000
2015-09-08,0.00431,0.004365,0.004305,0.00432,353900000
2015-09-09,0.00436,0.00436,0.004315,0.00433,762200000
2015-09-10,0.00433,0.00433,0.00427,0.00432,536000000
2015-09-11,0.00434,0.00437,0.00428,0.004315,565000000
2015-09-14,0.004335,0.004345,0.004295,0.00434,771800000
2015-09-15,0.004325,0.004385,0.00429,0.004295,640400000
2015-09-16,0.004335,0.004345,0.00428,0.004305,649200000
2015-09-17,0.00428,0.00431,0.004265,0.0043,1675000000
2015-09-18,0.00432,0.004345,0.004265,0.0043,616000000
2015-09-21,0.00431,0.00431,0.00429,0.004305,344700000
2015-09-22,0.0043,0.004305,0.004265,0.00427,207200000
2015-09-23,0.00426,0.004345,0.00425,0.00427,290400000
2015-09-24,0.00433,0.00433,0.00415,0.004225,876700000
2015-09-25,0.004225,0.004225,0.004155,0.004195,1504100000
2015-09-28,0.004225,0.004225,0.00405,0.004085,3084500000
2015-09-29,0.004085,0.00417,0.00403,0.004165,487500000
2015-09-30,0.004155,0.0042,0.004095,0.004115,647900000
2015-10-01,0.00411,0.004165,0.004015,0.004085,406900000
2015-10-02,0.00414,0.004145,0.00403,0.00409,245000000
2015-10-05,0.004115,0.004135,0.004075,0.004095,785500000
2015-10-06,0.004085,0.004145,0.004045,0.00414,876900000
2015-10-07,0.004145,0.004145,0.004055,0.004085,413700000
2015-10-08,0.004115,0.004115,0.00398,0.00401,2897000000
2015-10-09,0.004045,0.00405,0.004005,0.00405,1090300000
2015-10-12,0.00409,0.0042,0.004035,0.00408,1059900000
2015-10-13,0.00405,0.00415,0.004045,0.00408,398500000
2015-10-14,0.00406,0.0041,0.00403,0.004065,458900000
2015-10-15,0.00406,0.004065,0.00401,0.004055,1320600000
2015-10-16,0.004035,0.00407,0.00402,0.00406,201200000
2015-10-19,0.00405,0.0041,0.004,0.004005,817600000
2015-10-20,0.00401,0.004095,0.004,0.004085,500900000
2015-10-21,0.00403,0.00422,0.00403,0.004175,1153000000
2015-10-22,0.00417,0.00418,0.004005,0.00405,1088400000
2015-10-23,0.004085,0.004115,0.00402,0.00406,627300000
2015-10-26,0.004085,0.004085,0.004025,0.00405,137500000
2015-10-27,0.00405,0.00406,0.003975,0.004005,2299800000
2015-10-28,0.004,0.00409,0.003995,0.00409,622300000
2015-10-29,0.004055,0.004105,0.004045,0.004085,293800000
2015-10-30,0.00408,0.00409,0.00405,0.004085,651500000
2015-11-02,0.004075,0.004085,0.00402,0.00405,860400000
2015-11-03,0.004045,0.004145,0.004035,0.00405,2363500000
2015-11-05,0.004065,0.0042,0.004055,0.00408,811800000
2015-11-06,0.004085,0.0041,0.004055,0.00406,1262700000
2015-11-09,0.00406,0.0041,0.004035,0.004065,760400000
2015-11-10,0.00406,0.00409,0.003985,0.004025,1199700000
2015-11-11,0.004,0.00408,0.00398,0.004065,4281300000
2015-11-12,0.004015,0.00405,0.003965,0.004015,3169500000
2015-11-13,0.00404,0.00406,0.003905,0.00402,1126600000
2015-11-16,0.00402,0.00403,0.00392,0.00401,374100000
2015-11-17,0.00404,0.00405,0.00398,0.00402,902300000
2015-11-18,0.00401,0.004095,0.003995,0.00406,710400000
2015-11-19,0.00406,0.00413,0.004055,0.0041,1351700000
2015-11-20,0.00415,0.0042,0.004095,0.004155,2688400000
2015-11-23,0.0042,0.004335,0.00412,0.0043,2307300000
2015-11-24,0.00423,0.004325,0.004035,0.004105,2417300000
2015-11-25,0.00412,0.00422,0.004115,0.00422,746100000
2015-11-26,0.00419,0.004235,0.004065,0.004145,562800000
2015-11-27,0.00415,0.00422,0.00412,0.004195,399300000
2015-11-30,0.00419,0.0042,0.004155,0.004185,276500000
2015-12-01,0.004175,0.0042,0.004105,0.00418,226500000
2015-12-02,0.004165,0.00417,0.004105,0.00415,686200000
2015-12-03,0.00412,0.004185,0.004095,0.00418,664700000
2015-12-04,0.00416,0.00421,0.00411,0.004175,344600000
2015-12-07,0.004155,0.0042,0.004115,0.004165,477000000
2015-12-08,0.00416,0.00417,0.00413,0.004155,238800000
2015-12-09,0.00412,0.004175,0.004115,0.004175,171100000
2015-12-10,0.00417,0.00419,0.00412,0.00416,898500000
2015-12-11,0.00413,0.00417,0.00413,0.004155,32000000
2015-12-14,0.004155,0.004165,0.00409,0.00412,761700000
2015-12-15,0.00413,0.0042,0.00413,0.004165,790800000
2015-12-16,0.00416,0.004225,0.004135,0.004175,1883700000
2015-12-17,0.0042,0.004245,0.00415,0.00417,1465700000
2015-12-18,0.00415,0.00417,0.00408,0.004125,1261500000
2015-12-21,0.004095,0.004155,0.004095,0.00413,341000000
2015-12-22,0.00412,0.004155,0.00411,0.00415,150700000
2015-12-23,0.004195,0.004205,0.004135,0.0042,1899600000
2015-12-24,0.004175,0.00421,0.004135,0.004165,596500000
2015-12-25,0.00413,0.004165,0.004125,0.004165,960100000
2015-12-28,0.004195,0.0042,0.0041,0.00414,484800000
2015-12-29,0.00415,0.004165,0.004085,0.00413,734300000
2015-12-30,0.00414,0.004185,0.0041,0.004175,666500000
2016-01-04,0.00411,0.00422,0.00411,0.00422,333300000
2016-01-05,0.004245,0.00433,0.004175,0.00431,1004800000
2016-01-06,0.004305,0.004395,0.004235,0.004255,607700000
2016-01-11,0.004135,0.00422,0.004125,0.004155,552500000
2016-01-12,0.00411,0.00417,0.00409,0.004145,248300000
2016-01-13,0.00414,0.004205,0.004135,0.004195,454300000
2016-01-14,0.004175,0.004215,0.0041,0.004135,859800000
2016-01-15,0.004125,0.00416,0.0038,0.00404,764600000
2017-01-16,0.0162,0.0165,0.01575,0.01575,1673500000
2017-01-17,0.015555,0.015885,0.015415,0.01546,2791800000
2017-01-18,0.0155,0.01625,0.015315,0.01591,2861200000
2017-01-19,0.015805,0.01637,0.015805,0.016,2086900000
2017-01-20,0.015865,0.01609,0.01564,0.01584,1102700000
2017-01-23,0.015715,0.015985,0.01555,0.01564,664900000
2017-01-24,0.01551,0.0164,0.015505,0.016175,4443000000
2017-01-25,0.016175,0.01629,0.01605,0.016145,3538300000
2017-01-26,0.016245,0.0164,0.01595,0.01615,1708600000
2017-01-27,0.01611,0.016145,0.015865,0.01589,1048100000
2017-01-30,0.01605,0.01608,0.01579,0.015845,765300000
2017-01-31,0.015885,0.016045,0.01568,0.01582,738400000
2017-02-01,0.01581,0.015815,0.015255,0.015455,1319800000
2017-02-02,0.015485,0.0156,0.01525,0.01545,1158400000
2017-02-03,0.01554,0.01588,0.015305,0.015875,1219700000
2017-02-06,0.016,0.01625,0.01559,0.0159,2324800000
2017-02-07,0.015865,0.016175,0.01551,0.01569,1102700000
2017-02-08,0.01575,0.01596,0.01529,0.015445,824800000
2017-02-09,0.01537,0.01543,0.01476,0.0153,3882600000
2017-02-10,0.01512,0.0153,0.0149,0.01525,1136400000
2017-02-13,0.01519,0.01549,0.015105,0.015205,618400000
2017-02-14,0.01515,0.01575,0.01515,0.015425,4314200000
2017-02-15,0.01555,0.015735,0.01511,0.01544,436800000
2017-02-16,0.015325,0.0156,0.015265,0.015435,2138600000
2017-02-17,0.015585,0.015795,0.015465,0.01579,954800000
2017-02-20,0.01547,0.016485,0.015455,0.01605,3207900000
2017-02-21,0.015995,0.016385,0.01557,0.01637,1523400000
2017-02-22,0.016365,0.01663,0.01609,0.016165,1802100000
2017-02-24,0.016125,0.01623,0.0156,0.0156,1009700000
2017-02-27,0.01561,0.0165,0.013625,0.01488,2854700000
2017-02-28,0.0151,0.0151,0.013505,0.014655,3856600000
2017-03-01,0.01509,0.01579,0.014635,0.015385,1728500000
2017-03-02,0.0155,0.016,0.01541,0.01585,2414600000
2017-03-03,0.01579,0.015935,0.015285,0.015935,1423900000
2017-03-06,0.0158,0.016365,0.015625,0.016,1335000000
2017-03-07,0.015995,0.016225,0.0151,0.0153,1350900000
2017-03-09,0.014905,0.015855,0.014,0.014,3446900000
2017-03-10,0.0138,0.0143,0.012885,0.01334,3279800000
2017-03-13,0.01415,0.01415,0.012075,0.01247,5065200000
2017-03-14,0.012485,0.0133,0.0117,0.01298,4919500000
2017-03-15,0.01319,0.013215,0.01252,0.01301,2591700000
2017-03-16,0.01319,0.013495,0.012555,0.01276,3173600000
2017-03-17,0.0129,0.01344,0.012605,0.0131,11737900000
2017-03-20,0.0132,0.0145,0.013,0.014495,4424600000
2017-03-21,0.01458,0.015465,0.01451,0.01498,7277900000
2017-03-22,0.01525,0.015335,0.014275,0.01495,3541800000
2017-03-23,0.01505,0.015485,0.0148,0.015145,2527600000
2017-03-24,0.0151,0.01539,0.015,0.015155,1498100000
2017-03-27,0.01515,0.015435,0.01464,0.015275,2302700000
2017-03-28,0.015095,0.01526,0.01477,0.0151,1145400000
2017-03-29,0.0153,0.015345,0.01497,0.015155,1200000000
2017-03-30,0.0154,0.0154,0.014975,0.015075,848700000
2017-03-31,0.01518,0.01523,0.014815,0.01488,281400000
2017-04-03,0.015,0.015,0.014295,0.01485,521000000
2017-04-04,0.014785,0.015175,0.01401,0.01465,1398300000
2017-04-05,0.01475,0.014785,0.014055,0.01416,807700000
2017-04-06,0.0141,0.01439,0.01399,0.01415,900500000
2017-04-07,0.014065,0.014065,0.01333,0.013575,1537700000
2017-04-10,0.013495,0.013565,0.012605,0.0128,1816100000
2017-04-11,0.01281,0.01329,0.0128,0.01292,1064400000
2017-04-12,0.013115,0.01352,0.012805,0.0134,2269400000
2017-04-13,0.013165,0.01366,0.01282,0.013265,1296400000
2017-04-14,0.013405,0.013455,0.012985,0.013105,431700000
2017-04-17,0.013145,0.01316,0.012725,0.01309,712700000
2017-04-18,0.01315,0.01315,0.012815,0.01293,338200000
2017-04-19,0.01295,0.01299,0.012625,0.01271,309100000
2017-04-20,0.0127,0.0127,0.01177,0.01192,3877400000
2017-04-21,0.011925,0.01225,0.011845,0.012095,1792200000
2017-04-24,0.012,0.0128,0.012,0.01266,1745700000
2017-04-25,0.01293,0.01293,0.012565,0.01276,714400000
2017-04-26,0.01279,0.01279,0.0125,0.012585,834400000
2017-04-27,0.01257,0.01257,0.0123,0.01236,358000000
2017-04-28,0.0125,0.01265,0.012225,0.01255,2221900000
2017-05-02,0.012505,0.01344,0.012425,0.013025,1074500000
2017-05-03,0.01303,0.013275,0.01281,0.013195,717200000
2017-05-04,0.013195,0.01338,0.013035,0.0132,490800000
2017-05-05,0.012935,0.01315,0.01286,0.013025,346300000
2017-05-10,0.013025,0.013105,0.01271,0.013045,351400000
2017-05-11,0.01305,0.0133,0.0129,0.0133,862800000
2017-05-12,0.01332,0.01341,0.012705,0.012705,305300000
2017-05-15,0.012765,0.01297,0.01236,0.012475,483900000
2017-05-16,0.01263,0.01263,0.01212,0.0123,2102300000
2017-05-17,0.012345,0.01256,0.01232,0.01241,986600000
2017-05-18,0.0125,0.012615,0.01225,0.012295,491200000
2017-05-19,0.01236,0.0127,0.01218,0.01223,400200000
2017-05-22,0.0121,0.01233,0.01167,0.011675,805000000
2017-05-23,0.011785,0.0122,0.01152,0.0122,983400000
2017-05-24,0.0122,0.0125,0.01185,0.0123,958700000
2017-05-25,0.01226,0.012365,0.012155,0.012265,273900000
2017-05-26,0.012255,0.012295,0.01188,0.01207,409200000
2017-05-29,0.01207,0.0125,0.011805,0.01232,429700000
2017-05-30,0.012225,0.0125,0.012065,0.0124,627000000
2017-05-31,0.01246,0.012475,0.01126,0.01155,1619800000
2017-06-01,0.01171,0.01177,0.0114,0.0116,495400000
2017-06-02,0.01162,0.01189,0.0111,0.0118,1454700000
2017-06-05,0.011715,0.01235,0.01171,0.0121,814600000
2017-06-06,0.01215,0.01224,0.0121,0.01217,203300000
2017-06-07,0.01215,0.01222,0.011915,0.012005,375300000
2017-06-08,0.012055,0.01218,0.0118,0.011995,954700000
2017-06-09,0.01205,0.012225,0.01193,0.012195,375100000
2017-06-13,0.0122,0.01235,0.01151,0.01215,547100000
2017-06-14,0.01201,0.012245,0.011955,0.01196,429700000
2017-06-15,0.01203,0.012205,0.01124,0.01174,1723800000
2017-06-16,0.011785,0.01221,0.011785,0.01221,905000000
2017-06-19,0.01204,0.012205,0.011715,0.0119,570400000
2017-06-20,0.011895,0.0121,0.011895,0.012005,648800000
2017-06-21,0.01209,0.0125,0.012,0.01205,1585000000
2017-06-22,0.012205,0.01246,0.012055,0.012225,389200000
2017-06-23,0.012325,0.01265,0.01199,0.012385,379700000
2017-06-26,0.012485,0.01295,0.01247,0.01265,584100000
2017-06-27,0.01267,0.01267,0.012435,0.012545,244400000
2017-06-28,0.012575,0.012925,0.012575,0.01281,325000000
2017-06-29,0.0127,0.0131,0.0126,0.01272,501000000
2017-06-30,0.01297,0.01311,0.01279,0.013,582300000
2017-07-03,0.013125,0.013195,0.01279,0.01315,233000000
2017-07-04,0.013205,0.013295,0.01306,0.0131,384700000
2017-07-05,0.0132,0.013245,0.01296,0.012965,1512000000
2017-07-06,0.012515,0.01306,0.012505,0.013015,925900000
2017-07-07,0.012815,0.013085,0.012815,0.01308,515900000
2017-07-10,0.01301,0.01322,0.012985,0.01322,389400000
2017-07-11,0.01322,0.013395,0.013045,0.013155,886200000
2017-07-12,0.013395,0.0135,0.013305,0.013445,836300000
2017-07-13,0.01346,0.01376,0.01345,0.01372,576900000
2017-07-14,0.01328,0.013685,0.01328,0.013485,167000000
2017-07-17,0.0133,0.013575,0.0132,0.0134,282200000
2017-07-18,0.013565,0.01367,0.01319,0.01332,589600000
2017-07-19,0.0135,0.013675,0.0134,0.01343,309000000
2017-07-20,0.01338,0.0138,0.01338,0.013595,307200000
2017-07-21,0.013485,0.013695,0.013485,0.01355,93700000
2017-07-24,0.013505,0.013595,0.01334,0.013435,134400000
2017-07-25,0.013435,0.01345,0.013215,0.013295,110300000
2017-07-26,0.0134,0.01373,0.013255,0.013725,1829100000
2017-07-27,0.01375,0.014,0.01354,0.013665,881300000
2017-07-28,0.013685,0.013685,0.01262,0.01301,1570600000
2017-07-31,0.01318,0.013255,0.012715,0.013065,685300000
2017-08-01,0.013305,0.01339,0.013125,0.0133,448900000
2017-08-02,0.01335,0.0134,0.013,0.013,202200000
2017-08-03,0.013135,0.01328,0.013005,0.013125,325300000
2017-08-04,0.013165,0.01318,0.01286,0.01291,511400000
2017-08-07,0.012855,0.013355,0.012855,0.013155,598800000
2017-08-08,0.01314,0.013245,0.013005,0.013075,252900000
2017-08-09,0.01313,0.01317,0.01304,0.013115,164400000
2017-08-10,0.01317,0.013325,0.01305,0.0131,211100000
2017-08-11,0.01301,0.01312,0.01253,0.01298,621800000
2017-08-14,0.01294,0.013215,0.012915,0.013075,210300000
2017-08-15,0.01324,0.013245,0.013005,0.013045,204500000
2017-08-16,0.013245,0.013265,0.01302,0.01311,183400000
2017-08-17,0.01317,0.013175,0.01295,0.013,401900000
2017-08-18,0.012975,0.013125,0.012855,0.012995,229600000
2017-08-21,0.012995,0.013695,0.012975,0.013595,1389200000
2017-08-22,0.013545,0.0139,0.01343,0.0138,985500000
2017-08-23,0.013895,0.01403,0.01344,0.01347,356400000
2017-08-24,0.0135,0.013795,0.013355,0.01347,287200000
2017-08-25,0.01369,0.0138,0.013405,0.01378,564800000
2017-08-28,0.01349,0.01449,0.01349,0.0142,1665300000
2017-08-29,0.0144,0.0145,0.014115,0.0145,1627700000
2017-08-30,0.0147,0.0147,0.014305,0.01434,513200000
2017-08-31,0.014585,0.0155,0.01443,0.015,4550700000
2017-09-01,0.0154,0.0154,0.014715,0.014765,1544900000
2017-09-04,0.01485,0.015175,0.014455,0.014485,444700000
2017-09-05,0.01465,0.0149,0.014015,0.014135,954500000
2017-09-06,0.014005,0.01447,0.013715,0.01416,1040000000
2017-09-07,0.01421,0.014485,0.013565,0.01373,1932700000
2017-09-08,0.0138,0.0138,0.013215,0.01332,1171100000
2017-09-11,0.01335,0.013675,0.01325,0.01339,648100000
2017-09-12,0.013465,0.01385,0.013315,0.01349,1411900000
2017-09-13,0.01371,0.013875,0.013035,0.013105,2706100000
2017-09-14,0.0132,0.01363,0.012805,0.013565,3338700000
2017-09-15,0.013205,0.01356,0.0132,0.0133,1306400000
2017-09-18,0.01343,0.01382,0.01328,0.013395,2351600000
2017-09-19,0.013455,0.01358,0.013265,0.01333,967600000
2017-09-20,0.0133,0.013545,0.013055,0.01335,2221100000
2017-09-21,0.01315,0.013645,0.01315,0.01337,1274300000
2017-09-22,0.013485,0.01436,0.013255,0.01413,4815900000
2017-09-25,0.014375,0.015125,0.014215,0.0145,8008300000
2017-09-26,0.01476,0.0149,0.014525,0.01453,1625300000
2017-09-27,0.01471,0.01471,0.01411,0.01435,1615900000
2017-09-28,0.014355,0.0144,0.014125,0.01416,1685500000
2017-09-29,0.01435,0.014385,0.01408,0.01425,2464200000
2017-10-02,0.01434,0.01469,0.01413,0.014395,664900000
2017-10-03,0.0144,0.0145,0.01436,0.01447,909400000
2017-10-04,0.01448,0.014595,0.014385,0.0145,854800000
2017-10-05,0.014455,0.0145,0.01412,0.01439,826300000
2017-10-06,0.01446,0.01447,0.014205,0.01442,671700000
2017-10-09,0.01447,0.014595,0.014395,0.01445,587800000
2017-10-10,0.01445,0.014595,0.01424,0.01428,655400000
2017-10-11,0.014305,0.0144,0.01425,0.0143,599900000
2017-10-12,0.01441,0.01446,0.0143,0.014395,667800000
2017-10-13,0.01439,0.01448,0.014275,0.01448,876500000
2017-10-16,0.01443,0.014895,0.014415,0.0147,837500000
2017-10-17,0.0147,0.01479,0.0145,0.0145,571400000
2017-10-18,0.01458,0.01458,0.01393,0.0143,1133100000
2017-10-19,0.014605,0.01479,0.01359,0.014145,912600000
2017-10-20,0.014195,0.01433,0.01371,0.0139,978100000
2017-10-23,0.013915,0.0142,0.0136,0.01374,809100000
2017-10-24,0.01386,0.014195,0.013575,0.01368,1030900000
2017-10-25,0.013715,0.013985,0.0135,0.013515,895000000
2017-10-26,0.013505,0.014365,0.0135,0.01398,1374700000
2017-10-27,0.01419,0.014385,0.013755,0.014085,863500000
2017-10-30,0.014145,0.014285,0.013885,0.01394,829900000
2017-10-31,0.01394,0.014045,0.013825,0.014045,1267900000
2017-11-01,0.01373,0.0141,0.013675,0.013825,614300000
2017-11-02,0.013725,0.013895,0.01325,0.01338,1928000000
2017-11-03,0.01341,0.013725,0.013265,0.013635,770300000
2017-11-07,0.0137,0.014,0.01346,0.013775,840700000
2017-11-08,0.01378,0.013995,0.01348,0.013705,1766100000
2017-11-09,0.013985,0.014,0.01352,0.01359,979300000
2017-11-10,0.01369,0.01369,0.013475,0.013515,705200000
2017-11-13,0.013565,0.013665,0.013315,0.013325,654800000
2017-11-14,0.013315,0.013515,0.01314,0.01318,1012100000
2017-11-15,0.01318,0.01322,0.01255,0.012775,2292500000
2017-11-16,0.012745,0.012935,0.01225,0.012455,2794400000
2017-11-17,0.01247,0.0129,0.01233,0.01243,2084500000
2017-11-20,0.01244,0.01276,0.012435,0.01253,1800900000
2017-11-21,0.01268,0.012835,0.01236,0.0124,1517800000
2017-11-22,0.012595,0.0127,0.01216,0.0122,2126800000
2017-11-23,0.012295,0.012295,0.01163,0.012,1407400000
2017-11-24,0.0122,0.0125,0.012,0.0125,1326300000
2017-11-27,0.0125,0.01269,0.0123,0.012445,3439900000
2017-11-28,0.012525,0.012525,0.01225,0.01242,1257300000
2017-11-29,0.012475,0.012495,0.012215,0.0123,1954200000
2017-11-30,0.01222,0.01239,0.01192,0.011935,1523600000
2017-12-01,0.01199,0.012205,0.01167,0.01168,2719900000
2017-12-04,0.011845,0.011865,0.01151,0.01151,1286600000
2017-12-05,0.0115,0.011995,0.01128,0.011995,6368600000
2017-12-06,0.011995,0.0125,0.011915,0.01228,7659100000
2017-12-07,0.012475,0.0126,0.011775,0.01191,2910100000
2017-12-08,0.012,0.01224,0.0118,0.01185,1940500000
2017-12-11,0.011865,0.012385,0.011865,0.01226,2813400000
2017-12-12,0.01226,0.012535,0.012,0.01216,1920000000
2017-12-13,0.012215,0.01227,0.012005,0.01205,1080700000
2017-12-14,0.01205,0.01217,0.01195,0.012,1077100000
2017-12-15,0.012095,0.01219,0.012025,0.0121,1496800000
2017-12-18,0.01219,0.01249,0.01204,0.012105,2490700000
2017-12-19,0.012115,0.012225,0.011735,0.011815,1593500000
2017-12-20,0.0119,0.0119,0.011405,0.0118,2270800000
2017-12-21,0.01168,0.0122,0.01157,0.01182,1929600000
2017-12-22,0.01163,0.011915,0.01163,0.011735,1599500000
2017-12-25,0.01168,0.011925,0.01168,0.01185,2080700000
2017-12-26,0.01185,0.01192,0.0117,0.01173,747500000
2017-12-27,0.011705,0.0118,0.011455,0.01151,2772300000
2017-12-28,0.01167,0.011995,0.01159,0.01175,1138300000
2017-12-29,0.01197,0.011995,0.011705,0.01198,1698400000
2018-01-03,0.012,0.01227,0.01189,0.012185,1388000000
2018-01-04,0.01207,0.012355,0.012065,0.012285,715500000
2018-01-05,0.012345,0.01236,0.012195,0.012355,360300000
2018-01-09,0.012365,0.01255,0.012215,0.01248,2896400000
2018-01-10,0.01256,0.01283,0.012215,0.01253,3023600000
2018-01-11,0.01253,0.01275,0.012285,0.01236,1470800000
2018-01-12,0.012435,0.01245,0.01215,0.01224,1594100000
2018-01-15,0.01225,0.01235,0.011965,0.012,1678700000
2018-01-16,0.01209,0.01209,0.011755,0.01188,1542900000
2018-01-17,0.01189,0.012,0.011655,0.011925,1858500000
2018-01-18,0.012045,0.012165,0.012,0.012105,2580600000
2018-01-19,0.011995,0.012175,0.011995,0.012105,3818300000
2018-01-22,0.012195,0.01249,0.01207,0.0124,4673400000
2018-01-23,0.012405,0.01289,0.012315,0.01244,6413900000
2018-01-24,0.01289,0.01289,0.01237,0.01261,1383300000
2018-01-25,0.01261,0.012795,0.012375,0.0124,2028100000
2018-01-26,0.012395,0.01245,0.012165,0.012165,1130400000
2018-01-29,0.012275,0.01229,0.0119,0.012,1894600000
2018-01-30,0.011995,0.012225,0.011905,0.01208,1208800000
2018-01-31,0.01203,0.012205,0.011975,0.012,2424400000
2018-02-01,0.01212,0.012415,0.012,0.012105,3114500000
2018-02-02,0.0121,0.01234,0.011975,0.012025,3738700000
2018-02-05,0.012,0.012055,0.011815,0.012015,2446600000
2018-02-06,0.011805,0.01192,0.011525,0.01175,4014700000
2018-02-07,0.01167,0.0119,0.01167,0.0118,1806300000
2018-02-08,0.011855,0.0119,0.011655,0.011655,1012300000
2018-02-09,0.011585,0.0116,0.01143,0.0115,4289100000
2018-02-12,0.011585,0.01188,0.011585,0.011785,3211400000
2018-02-13,0.01187,0.011995,0.0118,0.011995,3020500000
2018-02-14,0.011995,0.01217,0.011785,0.01189,2556000000
2018-02-15,0.011985,0.011985,0.011665,0.01178,1480700000
2018-02-16,0.011895,0.011895,0.0116,0.0117,1727600000
2018-02-19,0.01179,0.011895,0.01171,0.011795,1825700000
2018-02-20,0.011855,0.01188,0.011655,0.0117,2953600000
2018-02-21,0.011785,0.011785,0.011635,0.011655,1733700000
2018-02-22,0.01174,0.011745,0.011625,0.0117,1999700000
2018-02-26,0.011765,0.011875,0.01174,0.011795,1590200000
2018-02-27,0.01183,0.01187,0.01164,0.011665,3050200000
2018-02-28,0.01172,0.01175,0.01165,0.0117,1536400000
2018-03-01,0.011695,0.01176,0.011635,0.01169,963200000
2018-03-02,0.01174,0.011995,0.01167,0.01185,7806300000
2018-03-05,0.01187,0.011995,0.011665,0.011785,1921400000
2018-03-06,0.011695,0.01183,0.011675,0.01174,2547800000
2018-03-07,0.01173,0.01178,0.01165,0.01178,1432100000
2018-03-09,0.01177,0.011785,0.01167,0.011765,546800000
2018-03-12,0.011805,0.011985,0.011775,0.011945,3532400000
2018-03-13,0.01199,0.01205,0.0118,0.011845,2088500000
2018-03-14,0.01184,0.01191,0.01169,0.0117,3332900000
2018-03-15,0.011725,0.0118,0.01162,0.01172,1746800000
2018-03-16,0.0118,0.01191,0.011675,0.011805,1786900000
2018-03-19,0.011805,0.011995,0.01177,0.011795,622800000
2018-03-20,0.01182,0.011895,0.011685,0.01178,1011700000
2018-03-21,0.01179,0.01185,0.011705,0.011825,581300000
2018-03-22,0.011905,0.01193,0.011655,0.01166,1122600000
2018-03-23,0.01175,0.01175,0.0115,0.01164,1004800000
2018-03-26,0.011685,0.011735,0.01156,0.0116,617100000
2018-03-27,0.01165,0.01165,0.01154,0.011565,1041700000
2018-03-28,0.011585,0.01159,0.011245,0.01129,2435100000
2018-03-29,0.01148,0.01148,0.01133,0.01146,915000000
2018-03-30,0.011435,0.011515,0.011435,0.0115,510000000
2018-04-02,0.01147,0.01171,0.01147,0.0116,1000700000
2018-04-03,0.0117,0.0117,0.011515,0.011525,506000000
2018-04-04,0.01155,0.01163,0.011425,0.011455,781400000
2018-04-05,0.0115,0.011635,0.0115,0.011595,858600000
2018-04-06,0.01154,0.01167,0.011465,0.01152,668900000
2018-04-09,0.01143,0.011485,0.00854,0.01042,12714800000
2018-04-10,0.010135,0.01079,0.010065,0.01038,5144900000
2018-04-11,0.01048,0.010495,0.009915,0.009975,4350300000
2018-04-12,0.01003,0.010305,0.01003,0.01018,2627900000
2018-04-13,0.0101,0.010495,0.0101,0.01016,1773600000
2018-04-16,0.01006,0.01035,0.010015,0.010015,1255500000
2018-04-17,0.01031,0.010335,0.01013,0.01029,1393000000
2018-04-18,0.01036,0.010695,0.010335,0.010455,1919900000
2018-04-19,0.0105,0.01064,0.010385,0.01041,1219000000
2018-04-20,0.010415,0.010525,0.01038,0.0105,925700000
2018-04-23,0.01058,0.01058,0.01043,0.0105,1098300000
2018-04-24,0.01055,0.01076,0.010535,0.010645,1269400000
2018-04-25,0.01061,0.01109,0.01061,0.010995,2358000000
2018-04-26,0.01101,0.0113,0.01101,0.01126,1435600000
2018-04-27,0.011295,0.01137,0.011025,0.01112,1210500000
2018-04-30,0.01141,0.01145,0.01133,0.01135,399700000
2018-05-02,0.01135,0.01136,0.011155,0.011155,598700000
2018-05-03,0.011115,0.01131,0.010995,0.01103,1079400000
2018-05-04,0.01105,0.0111,0.0108,0.010985,1152100000
2018-05-07,0.01105,0.011125,0.01096,0.01105,674800000
2018-05-08,0.01103,0.01115,0.01103,0.01107,410600000
2018-05-10,0.011005,0.01118,0.010915,0.010915,472300000
2018-05-11,0.01096,0.01119,0.010875,0.010975,1376500000
2018-05-14,0.010925,0.011385,0.010845,0.011305,2346000000
2018-05-15,0.011445,0.011515,0.01095,0.011035,3138000000
2018-05-16,0.01091,0.01115,0.01083,0.0109,2627400000
2018-05-17,0.01084,0.010975,0.01065,0.01084,1164800000
2018-05-18,0.010845,0.010845,0.01062,0.010695,995000000
2018-05-21,0.01078,0.010785,0.01055,0.0106,682800000
2018-05-22,0.010625,0.010625,0.010445,0.010455,865400000
2018-05-23,0.0104,0.01054,0.01038,0.01047,777600000
2018-05-24,0.01054,0.0106,0.010405,0.010455,1072200000
2018-05-25,0.010555,0.010575,0.01001,0.01019,7577300000
2018-05-28,0.01019,0.01019,0.00901,0.01,6474700000
2018-05-29,0.010055,0.01009,0.0097,0.009835,2724000000
2018-05-30,0.009855,0.01011,0.009615,0.009615,2911700000
2018-05-31,0.00971,0.00997,0.009475,0.00981,6557100000
2018-06-01,0.00985,0.010235,0.00985,0.01013,2191000000
2018-06-04,0.010185,0.010545,0.010135,0.01031,3150900000
2018-06-05,0.01035,0.010495,0.010225,0.01031,2069300000
2018-06-06,0.010265,0.010415,0.009955,0.010055,4243100000
2018-06-07,0.01016,0.01038,0.010075,0.010235,1044400000
2018-06-08,0.01039,0.01039,0.01,0.010035,1143500000
2018-06-11,0.01004,0.01006,0.00991,0.01004,433900000
2018-06-13,0.01004,0.01004,0.00984,0.00999,1335600000
2018-06-14,0.010005,0.010125,0.009945,0.010105,1052300000
2018-06-15,0.01016,0.010225,0.010005,0.01021,1473500000
2018-06-18,0.0102,0.0102,0.00987,0.009885,2376700000
2018-06-19,0.00985,0.00989,0.009535,0.00958,2362300000
2018-06-20,0.0097,0.009805,0.009605,0.009725,2368700000
2018-06-21,0.009725,0.009765,0.009605,0.00964,3306000000
2018-06-22,0.009275,0.009395,0.00912,0.009235,3446400000
2018-06-25,0.009235,0.0093,0.00911,0.009225,1095700000
2018-06-26,0.00927,0.0096,0.009215,0.00931,1852000000
2018-06-27,0.009385,0.009385,0.009005,0.00919,2335800000
2018-06-28,0.00903,0.00925,0.00903,0.00922,1600700000
2018-06-29,0.009245,0.0093,0.00913,0.00921,973100000
2018-07-02,0.0092,0.009375,0.009155,0.009305,2019200000
2018-07-03,0.00931,0.00938,0.00923,0.009245,482100000
2018-07-04,0.009245,0.00941,0.00923,0.00927,1113600000
2018-07-05,0.009335,0.009395,0.00923,0.00935,1196400000
2018-07-06,0.00931,0.009375,0.00927,0.009285,1062800000
2018-07-09,0.00936,0.009365,0.009255,0.00933,1522400000
2018-07-10,0.009355,0.009495,0.009285,0.009375,1900200000
2018-07-11,0.009375,0.009405,0.0092,0.00927,1727100000
2018-07-12,0.0092,0.009355,0.0092,0.009305,789400000
2018-07-13,0.00932,0.00942,0.009275,0.009415,1001000000
2018-07-16,0.00941,0.00945,0.0093,0.009395,1227500000
2018-07-17,0.009415,0.0095,0.00851,0.0093,1814700000
2018-07-18,0.009255,0.00936,0.009255,0.00933,1689200000
2018-07-19,0.00928,0.009345,0.009125,0.0092,631500000
2018-07-20,0.00924,0.009245,0.00907,0.009125,835400000
2018-07-23,0.009195,0.00924,0.00911,0.0092,553700000
2018-07-24,0.00925,0.00927,0.00886,0.00923,1093800000
2018-07-25,0.00923,0.009255,0.009035,0.009115,716700000
2018-07-26,0.009145,0.00957,0.009125,0.00957,2567700000
2018-07-27,0.009635,0.0099,0.0096,0.009715,1644600000
2018-07-30,0.00979,0.00979,0.00956,0.00965,877600000
2018-07-31,0.00952,0.009795,0.00952,0.00955,629600000
2018-08-01,0.009635,0.009635,0.00946,0.00947,843100000
2018-08-02,0.0095,0.00954,0.0093,0.00933,678800000
2018-08-03,0.009415,0.00942,0.00925,0.009315,448100000
2018-08-06,0.00939,0.00971,0.009325,0.00955,2625000000
2018-08-07,0.009605,0.00965,0.009455,0.00948,1765100000
2018-08-08,0.00948,0.009555,0.00926,0.00932,1361300000
2018-08-09,0.009285,0.00931,0.00877,0.009165,4353400000
2018-08-10,0.00914,0.009235,0.00897,0.00899,2031500000
2018-08-13,0.00895,0.00905,0.0087,0.00898,1728900000
2018-08-14,0.009045,0.009255,0.009005,0.009095,1268900000
2018-08-15,0.009195,0.00927,0.00902,0.00909,1079700000
2018-08-16,0.00916,0.009235,0.00901,0.00905,376800000
2018-08-17,0.009135,0.009155,0.00901,0.00909,446300000
2018-08-20,0.009155,0.009175,0.00904,0.009105,558100000
2018-08-21,0.00909,0.0091,0.009005,0.00904,677200000
2018-08-22,0.00908,0.00915,0.009015,0.0091,506300000
2018-08-23,0.0091,0.0091,0.008965,0.009,626300000
2018-08-24,0.00906,0.00906,0.008765,0.008855,1430300000
2018-08-27,0.008895,0.00904,0.00878,0.008895,1228300000
2018-08-28,0.009,0.009,0.008835,0.00885,969100000
2018-08-29,0.00882,0.00893,0.008805,0.008865,535200000
2018-08-30,0.008965,0.008985,0.00873,0.008735,725500000
2018-08-31,0.008795,0.008905,0.00866,0.00885,1232800000
2018-09-03,0.00884,0.009285,0.00883,0.0092,1745600000
2018-09-04,0.0092,0.00971,0.0092,0.00938,1982100000
2018-09-05,0.009315,0.00959,0.00925,0.00957,1490400000
2018-09-06,0.00943,0.00956,0.009315,0.009375,993600000
2018-09-07,0.009255,0.009515,0.00915,0.009175,1104800000
2018-09-10,0.00918,0.009295,0.008905,0.00897,1184900000
2018-09-11,0.00899,0.009,0.0088,0.00887,1196500000
2018-09-12,0.00899,0.00905,0.00888,0.00894,689600000
2018-09-13,0.00905,0.009195,0.008835,0.0091,954300000
2018-09-14,0.00914,0.00918,0.00902,0.009135,343100000
2018-09-17,0.00917,0.009425,0.0091,0.009365,1337100000
2018-09-18,0.009365,0.009525,0.0093,0.009525,999900000
2018-09-19,0.00952,0.00975,0.009315,0.009485,1534700000
2018-09-20,0.009485,0.00985,0.009355,0.009715,2055700000
2018-09-21,0.0097,0.009885,0.009605,0.00985,894300000
2018-09-24,0.00989,0.009995,0.00966,0.009925,918600000
2018-09-25,0.00981,0.00999,0.00975,0.009835,1295700000
2018-09-26,0.00978,0.00986,0.009625,0.00965,1088100000
2018-09-27,0.00965,0.010035,0.0096,0.00971,895800000
2018-09-28,0.009795,0.00999,0.0096,0.00999,1255800000
2018-10-01,0.00999,0.01002,0.009815,0.00996,533100000
2018-10-02,0.0101,0.010105,0.00983,0.009925,1337100000
2018-10-03,0.009925,0.01025,0.009925,0.010075,1330500000
2018-10-04,0.010175,0.010175,0.009615,0.009675,1629800000
2018-10-05,0.00978,0.009835,0.009535,0.009555,1432200000
2018-10-08,0.00955,0.009585,0.00943,0.009555,936500000
2018-10-09,0.009585,0.00979,0.00956,0.009635,1305900000
2018-10-10,0.00969,0.009695,0.009355,0.009385,2415800000
2018-10-11,0.00925,0.009285,0.00877,0.00892,6049100000
2018-10-12,0.008995,0.009075,0.008935,0.00902,1997800000
2018-10-15,0.00899,0.00909,0.008925,0.009,730300000
2018-10-16,0.009,0.00915,0.008955,0.009145,870400000
2018-10-17,0.00918,0.009335,0.00913,0.009165,1225100000
2018-10-18,0.009205,0.00922,0.008995,0.009005,824500000
2018-10-19,0.00906,0.009095,0.008825,0.00886,1219400000
2018-10-22,0.008825,0.00906,0.008825,0.008855,895900000
2018-10-23,0.008855,0.008885,0.00861,0.00879,1377800000
2018-10-24,0.00885,0.008945,0.0087,0.00878,2255500000
2018-10-25,0.0087,0.0087,0.00854,0.00858,1484600000
2018-10-26,0.008575,0.00871,0.0085,0.00853,1924300000
2018-10-29,0.008595,0.0087,0.00854,0.00867,658000000
2018-10-30,0.00855,0.008695,0.0085,0.008545,1708100000
2018-10-31,0.0086,0.00868,0.00857,0.008585,971600000
2018-11-01,0.008554,0.008648,0.00855,0.008582,608600000
2018-11-02,0.008636,0.008774,0.008602,0.008642,1700800000
2018-11-06,0.0087,0.008786,0.00865,0.00876,792200000
2018-11-07,0.008772,0.008908,0.00876,0.008792,2008300000
2018-11-08,0.00889,0.00889,0.008792,0.008848,1464300000
2018-11-09,0.008868,0.008874,0.00866,0.008688,1447600000
2018-11-12,0.0087,0.008796,0.008606,0.008662,1401100000
2018-11-13,0.0087,0.00873,0.008622,0.008642,650000000
2018-11-14,0.00864,0.008654,0.008552,0.008596,987000000
2018-11-15,0.0086,0.008716,0.008556,0.008634,772200000
2018-11-16,0.008624,0.00868,0.008592,0.0086,675100000
2018-11-19,0.008568,0.00868,0.008552,0.008636,1015000000
2018-11-20,0.008562,0.008696,0.008562,0.008614,875500000
2018-11-21,0.008668,0.00867,0.008574,0.0086,764900000
2018-11-22,0.008602,0.00869,0.008602,0.008658,645700000
2018-11-23,0.008688,0.008688,0.008586,0.008608,500900000
2018-11-26,0.00866,0.00866,0.00855,0.008606,917600000
2018-11-27,0.008636,0.008638,0.00855,0.008588,553200000
2018-11-28,0.008572,0.008648,0.008542,0.00855,1361800000
2018-11-29,0.00855,0.008888,0.00855,0.0088,2318700000
2018-11-30,0.00879,0.00885,0.00871,0.00871,1482700000
2018-12-03,0.00883,0.008842,0.008684,0.00874,2008000000
2018-12-04,0.0088,0.0092,0.008728,0.009094,3078500000
2018-12-05,0.00901,0.00913,0.008926,0.009046,1307200000
2018-12-06,0.00905,0.0091,0.008842,0.00896,1939700000
2018-12-07,0.008896,0.008986,0.00883,0.008984,540700000
2018-12-10,0.00886,0.008968,0.008784,0.008796,1208600000
2018-12-11,0.00878,0.008882,0.008718,0.008746,1152400000
2018-12-12,0.00883,0.00883,0.008564,0.008576,1769400000
2018-12-13,0.00856,0.008672,0.00852,0.008548,1130300000
2018-12-14,0.008578,0.008588,0.008506,0.00852,684700000
2018-12-17,0.008506,0.008596,0.00843,0.008508,1898600000
2018-12-18,0.008492,0.008492,0.00812,0.00835,2032200000
2018-12-19,0.008324,0.008496,0.00832,0.008458,867500000
2018-12-20,0.008398,0.008446,0.00826,0.008368,1318600000
2018-12-21,0.008306,0.008392,0.00807,0.008164,2540700000
2018-12-24,0.008254,0.008254,0.00805,0.00807,1822500000
2018-12-25,0.00804,0.008182,0.00786,0.00795,3252100000
2018-12-26,0.008062,0.008078,0.00792,0.00793,1997400000
2018-12-27,0.007996,0.00809,0.00789,0.00791,1907000000
2018-12-28,0.007946,0.00799,0.007894,0.007906,907500000
2019-01-03,0.0079,0.008272,0.0079,0.00815,603200000
2019-01-04,0.008188,0.00832,0.008188,0.008304,513500000
2019-01-08,0.008318,0.008368,0.0082,0.008256,523000000
2019-01-09,0.0083,0.0084,0.008118,0.008362,602200000
2019-01-10,0.008396,0.0089,0.0083,0.0088,3321000000
2019-01-11,0.008706,0.008882,0.008612,0.008728,2296100000
2019-01-14,0.008676,0.008762,0.008622,0.00872,1117900000
2019-01-15,0.008734,0.008828,0.008726,0.00881,673500000
2019-01-16,0.008796,0.00889,0.00872,0.00882,992100000
2019-01-17,0.00882,0.0091,0.008804,0.009028,1398500000
2019-01-18,0.009176,0.00919,0.008948,0.00904,1677200000
2019-01-21,0.009098,0.0095,0.009042,0.009248,2347700000
2019-01-22,0.009288,0.009288,0.00897,0.009124,2114000000
2019-01-23,0.009092,0.009396,0.00909,0.009168,2423700000
2019-01-24,0.009168,0.009328,0.009142,0.0093,1840000000
2019-01-25,0.009206,0.009516,0.009206,0.009382,803800000
2019-01-28,0.00932,0.009496,0.009202,0.009214,664100000
2019-01-29,0.0092,0.009228,0.009,0.009124,1016600000
2019-01-30,0.009102,0.009142,0.009034,0.00912,1084400000
2019-01-31,0.009128,0.00922,0.009062,0.00917,678900000
2019-02-01,0.00917,0.009172,0.00901,0.0091,717900000
2019-02-04,0.0092,0.009206,0.009022,0.009132,927200000
2019-02-05,0.009168,0.009234,0.009148,0.00915,549000000
2019-02-06,0.00923,0.009278,0.008996,0.009002,1576100000
2019-02-07,0.009,0.009048,0.00885,0.00891,1259100000
2019-02-08,0.00896,0.00903,0.008856,0.008902,884300000
2019-02-11,0.0089,0.008998,0.008856,0.008926,575900000
2019-02-12,0.009,0.009026,0.008886,0.00889,848600000
2019-02-13,0.00892,0.008974,0.007322,0.008806,2315300000
2019-02-14,0.00872,0.008756,0.008558,0.008646,1473700000
2019-02-15,0.008604,0.00869,0.008564,0.008654,275200000
2019-02-18,0.00866,0.00879,0.008578,0.00868,1041600000
2019-02-19,0.008752,0.008754,0.008556,0.00858,648000000
2019-02-20,0.008638,0.008696,0.008564,0.008644,950000000
2019-02-21,0.008688,0.008728,0.008602,0.008608,533700000
2019-02-22,0.008604,0.00874,0.0086,0.008718,1113000000
2019-02-25,0.00867,0.008796,0.008646,0.008702,423100000
2019-02-26,0.008706,0.008754,0.00861,0.008674,325800000
2019-02-27,0.008734,0.008734,0.008578,0.008644,637300000
2019-02-28,0.008662,0.008678,0.00847,0.00849,1336900000
2019-03-01,0.00846,0.00859,0.00846,0.00854,828100000
2019-03-04,0.008598,0.00867,0.008554,0.008612,622800000
2019-03-05,0.008614,0.008698,0.0085,0.008538,663600000
2019-03-06,0.008572,0.00861,0.008486,0.00855,224500000
2019-03-07,0.008598,0.008598,0.00849,0.00849,272300000
2019-03-11,0.0085,0.008578,0.008422,0.008516,1658900000
2019-03-12,0.008526,0.008644,0.0085,0.008558,637800000
2019-03-13,0.008576,0.008586,0.008474,0.00852,596600000
2019-03-14,0.008678,0.00921,0.008634,0.008776,6554600000
2019-03-15,0.0088,0.008872,0.008634,0.008718,1469500000
2019-03-18,0.008776,0.008776,0.008622,0.00867,930700000
2019-03-19,0.008632,0.008754,0.008602,0.00865,694100000
2019-03-20,0.00868,0.00868,0.008524,0.00856,568800000
2019-03-21,0.008568,0.00862,0.008412,0.008504,1616900000
2019-03-22,0.008504,0.008532,0.008414,0.00847,833400000
2019-03-25,0.008442,0.008488,0.008262,0.008364,1784700000
2019-03-26,0.00842,0.008766,0.008362,0.00856,4918900000
2019-03-27,0.008536,0.008596,0.008416,0.008418,1233700000
2019-03-28,0.008456,0.008492,0.008402,0.008438,436600000
2019-03-29,0.008494,0.0085,0.008376,0.00844,786100000
2019-04-01,0.00875,0.00875,0.00853,0.00861,1694400000
2019-04-02,0.008628,0.008664,0.008572,0.008608,1335900000
2019-04-03,0.008658,0.008696,0.008558,0.008606,1026200000
2019-04-04,0.008646,0.008646,0.008532,0.008554,1888000000
2019-04-05,0.008534,0.008612,0.008512,0.00855,2650600000
2019-04-08,0.008594,0.00875,0.008562,0.008684,1874900000
2019-04-09,0.008646,0.008748,0.00861,0.008702,994200000
2019-04-10,0.008724,0.00881,0.00848,0.008522,7012000000
2019-04-11,0.008588,0.00862,0.008486,0.008508,3788100000
2019-04-12,0.008502,0.008586,0.008498,0.008528,995400000
2019-04-15,0.008522,0.008576,0.008506,0.008516,1573100000
2019-04-16,0.00857,0.008572,0.00851,0.00853,501100000
2019-04-17,0.008532,0.008576,0.008506,0.008532,756900000
2019-04-18,0.008554,0.00867,0.008464,0.008578,2351600000
2019-04-19,0.008576,0.008786,0.008576,0.00878,5112300000
2019-04-22,0.0088,0.009028,0.0088,0.008908,3220600000
2019-04-23,0.008938,0.008946,0.008756,0.008766,1975300000
2019-04-24,0.008778,0.008848,0.00874,0.00878,880300000
2019-04-25,0.00881,0.00881,0.008712,0.008758,944300000
2019-04-26,0.008702,0.008792,0.008692,0.008762,1088300000
2019-04-29,0.008766,0.008822,0.008764,0.0088,628800000
2019-04-30,0.00883,0.008998,0.008798,0.008912,2818400000
2019-05-02,0.008986,0.009196,0.008908,0.009104,2586400000
2019-05-03,0.00902,0.00937,0.00902,0.009334,2595300000
2019-05-06,0.00912,0.009308,0.00912,0.00929,1139000000
2019-05-07,0.009334,0.009334,0.00918,0.009226,1879900000
2019-05-08,0.009226,0.009226,0.008916,0.008966,2919300000
2019-05-10,0.00891,0.00891,0.008778,0.00882,1992200000
2019-05-13,0.008762,0.008846,0.008624,0.008722,1676300000
2019-05-14,0.008792,0.008892,0.008664,0.00881,1925300000
2019-05-15,0.008802,0.009094,0.008802,0.00896,2450900000
2019-05-16,0.008994,0.009178,0.008914,0.00915,1404400000
2019-05-17,0.009156,0.0093,0.009052,0.00928,1726900000
2019-05-20,0.009218,0.00933,0.009064,0.00929,3259200000
2019-05-21,0.009294,0.0093,0.0092,0.00926,947400000
2019-05-22,0.009284,0.009322,0.0092,0.009276,1904700000
2019-05-23,0.009204,0.00954,0.009156,0.009386,3959400000
2019-05-24,0.009302,0.00955,0.009302,0.009448,2659100000
2019-05-27,0.009436,0.0098,0.00932,0.009636,1788000000
2019-05-28,0.009662,0.009878,0.009436,0.009466,7760000000
2019-05-29,0.009468,0.009638,0.009228,0.0093,6818700000
2019-05-30,0.00938,0.009398,0.009284,0.009308,3279700000
2019-05-31,0.00927,0.009352,0.009212,0.00927,2256400000
2019-06-03,0.009304,0.00945,0.009004,0.00944,5168900000
2019-06-04,0.00942,0.0095,0.009324,0.009352,3514000000
2019-06-05,0.009398,0.00947,0.00927,0.009428,3105400000
2019-06-06,0.009466,0.00973,0.009466,0.009704,4206400000
2019-06-07,0.009674,0.009964,0.00967,0.009926,2706000000
2019-06-10,0.009946,0.010168,0.009804,0.0099,6344800000
2019-06-11,0.009984,0.010054,0.009802,0.009976,2459500000
2019-06-13,0.009956,0.01014,0.009956,0.010012,6128400000
2019-06-14,0.010012,0.0102,0.009952,0.01017,3684000000
2019-06-17,0.010164,0.01075,0.010034,0.010626,8406400000
2019-06-18,0.010626,0.01098,0.01062,0.010834,5014700000
2019-06-19,0.01075,0.01105,0.010638,0.01079,4288300000
2019-06-20,0.01079,0.011,0.010712,0.010842,2555100000
2019-06-21,0.010842,0.010908,0.010512,0.0108,2997500000
2019-06-24,0.01074,0.010928,0.010596,0.010874,7169200000
2019-06-25,0.01033,0.010626,0.010312,0.010408,5063000000
2019-06-26,0.010412,0.0105,0.0104,0.010438,1334600000
2019-06-27,0.010476,0.0105,0.010374,0.010456,2399500000
2019-06-28,0.010456,0.010554,0.01042,0.0105,2178100000
2019-07-01,0.010594,0.01088,0.010452,0.010848,4431500000
2019-07-02,0.01096,0.01124,0.010748,0.010796,5477200000
2019-07-03,0.0108,0.011122,0.010724,0.0111,3625200000
2019-07-04,0.011102,0.011218,0.011014,0.01108,3050900000
2019-07-05,0.011002,0.0111,0.010618,0.010878,6483700000
2019-07-08,0.010878,0.010932,0.0104,0.0104,5724800000
2019-07-09,0.010422,0.010444,0.010026,0.01016,7776500000
2019-07-10,0.01022,0.010388,0.010116,0.010302,2991300000
2019-07-11,0.01029,0.010588,0.010232,0.010298,5036700000
2019-07-12,0.010372,0.010374,0.010144,0.01026,1484900000
2019-07-15,0.010202,0.010356,0.01001,0.01001,1919900000
2019-07-16,0.010056,0.010094,0.00992,0.009952,5137500000
2019-07-17,0.00993,0.010416,0.009914,0.009972,5102900000
2019-07-18,0.009978,0.010166,0.009972,0.009988,3522000000
2019-07-19,0.010086,0.01024,0.010054,0.01024,3819100000
2019-07-22,0.01024,0.010396,0.0102,0.010248,1857900000
2019-07-23,0.01022,0.01034,0.01013,0.010172,2344300000
2019-07-24,0.010172,0.01027,0.009826,0.0099,4014200000
2019-07-25,0.009906,0.010038,0.0097,0.009904,6505500000
2019-07-26,0.00996,0.010052,0.00985,0.009904,1332000000
2019-07-29,0.009998,0.0103,0.009994,0.0102,3258000000
2019-07-30,0.010236,0.010418,0.010126,0.01029,6563300000
2019-07-31,0.01032,0.010452,0.010224,0.010322,2342700000
2019-08-01,0.010302,0.010354,0.010204,0.010256,1329100000
2019-08-02,0.010204,0.010256,0.009978,0.0101,1964300000
2019-08-05,0.010298,0.010498,0.0101,0.010278,3839900000
2019-08-06,0.0103,0.010494,0.01025,0.010318,3187500000
2019-08-07,0.010318,0.010396,0.010226,0.01029,1965300000
2019-08-08,0.01039,0.01039,0.010238,0.010262,2759500000
2019-08-09,0.010366,0.010398,0.01024,0.010288,2667900000
2019-08-12,0.01036,0.01036,0.010242,0.010294,1196800000
2019-08-13,0.010296,0.010342,0.010222,0.01031,1763400000
2019-08-14,0.010324,0.010386,0.01012,0.01018,3095700000
2019-08-15,0.01018,0.010268,0.01002,0.010158,3380200000
2019-08-16,0.010198,0.01039,0.010028,0.0103,1373700000
2019-08-19,0.01037,0.01049,0.010338,0.010488,5967800000
2019-08-20,0.010494,0.010742,0.010356,0.010476,4357400000
2019-08-21,0.010488,0.01065,0.010472,0.0106,1831100000
2019-08-22,0.010648,0.01074,0.01055,0.01059,4302300000
2019-08-23,0.01065,0.01072,0.01035,0.010614,8364400000
2019-08-26,0.010594,0.01082,0.010532,0.010786,1527300000
2019-08-27,0.010786,0.010866,0.01075,0.01079,1974800000
2019-08-28,0.010792,0.010868,0.010554,0.0108,2737600000
2019-08-29,0.010792,0.010858,0.01055,0.010676,5765100000
2019-08-30,0.010764,0.01095,0.010676,0.01087,2244900000
2019-09-02,0.01087,0.010996,0.010802,0.01095,1682500000
2019-09-03,0.01095,0.01112,0.010904,0.011056,3195000000
2019-09-04,0.011148,0.011564,0.011054,0.01156,4439000000
2019-09-05,0.011568,0.0119,0.011502,0.01153,6320500000
2019-09-06,0.011502,0.011768,0.01145,0.011472,2477700000
2019-09-09,0.011484,0.0118,0.011466,0.011766,2785000000
2019-09-10,0.011778,0.011938,0.0116,0.011798,2138900000
2019-09-11,0.0118,0.0119,0.011742,0.0119,1814500000
2019-09-12,0.011874,0.012076,0.011828,0.01195,4456900000
2019-09-13,0.012004,0.01215,0.01195,0.01213,3941000000
2019-09-16,0.012174,0.012498,0.012138,0.012262,5880900000
2019-09-17,0.012258,0.012298,0.01184,0.01186,6202500000
2019-09-18,0.01186,0.01209,0.011852,0.011988,2760000000
2019-09-19,0.012,0.012028,0.011814,0.011888,2247600000
2019-09-20,0.011888,0.01207,0.011854,0.011858,1754100000
2019-09-23,0.011966,0.011966,0.01167,0.011712,2130300000
2019-09-24,0.011788,0.01182,0.011602,0.011602,1102900000
2019-09-25,0.01161,0.011662,0.011236,0.011448,2923800000
2019-09-26,0.011488,0.01173,0.011406,0.01158,1640000000
2019-09-27,0.01167,0.0117,0.011582,0.011632,1225200000
2019-09-30,0.011708,0.011758,0.011502,0.011564,912300000
2019-10-01,0.011598,0.01175,0.011502,0.011646,1328500000
2019-10-02,0.011646,0.011726,0.011162,0.011298,3265200000
2019-10-03,0.011288,0.011298,0.011102,0.011248,2147700000
2019-10-04,0.01129,0.011574,0.01117,0.011214,1485300000
2019-10-07,0.011214,0.0114,0.01117,0.011272,1347500000
2019-10-08,0.01135,0.011522,0.0113,0.01141,2050000000
2019-10-09,0.01144,0.011588,0.011414,0.01153,917800000
2019-10-10,0.011564,0.011798,0.011512,0.011744,1589400000
2019-10-11,0.0118,0.011898,0.0115,0.01158,2618700000
2019-10-14,0.011602,0.011728,0.011512,0.011542,889000000
2019-10-15,0.011506,0.011636,0.011506,0.011536,1118500000
2019-10-16,0.011596,0.011744,0.011532,0.01172,1935700000
2019-10-17,0.011746,0.01194,0.011746,0.011888,3717400000
2019-10-18,0.011928,0.012094,0.011904,0.01195,3963200000
2019-10-21,0.011996,0.012092,0.01174,0.011824,3483300000
2019-10-22,0.012048,0.012048,0.01177,0.011788,2961300000
2019-10-23,0.011828,0.012,0.01178,0.011932,2853600000
2019-10-24,0.011998,0.01229,0.011946,0.012004,5030700000
2019-10-25,0.01206,0.012108,0.011772,0.01203,2565800000
2019-10-28,0.0121,0.0122,0.011862,0.011874,3867800000
2019-10-29,0.011874,0.012028,0.011704,0.011876,2730500000
2019-10-30,0.01185,0.01195,0.011742,0.011878,2556400000
2019-10-31,0.011964,0.01197,0.01172,0.011728,2223200000
2019-11-01,0.011772,0.012082,0.0117,0.012048,5687400000
2019-11-05,0.012088,0.012338,0.01187,0.01228,7887200000
2019-11-06,0.012278,0.01249,0.012258,0.01249,3578300000
2019-11-07,0.0125,0.0127,0.012336,0.012402,4717100000
2019-11-08,0.01245,0.012642,0.01238,0.0125,3654500000
2019-11-11,0.012698,0.01289,0.0126,0.01285,9701100000
2019-11-12,0.012886,0.013038,0.01277,0.0128,8784100000
2019-11-13,0.0128,0.01288,0.012606,0.012866,5726800000
2019-11-14,0.01284,0.012984,0.012602,0.012728,3339300000
2019-11-15,0.01267,0.012948,0.012664,0.012936,5052300000
2019-11-18,0.012936,0.01314,0.012864,0.013112,6364200000
2019-11-19,0.013114,0.01347,0.012882,0.013248,10090700000
2019-11-20,0.013196,0.01327,0.01282,0.012976,8582200000
2019-11-21,0.01291,0.012992,0.012802,0.01289,5343500000
2019-11-22,0.012814,0.013054,0.012814,0.012932,2526100000
2019-11-25,0.01291,0.012994,0.012876,0.0129,2216100000
2019-11-26,0.01294,0.013088,0.012622,0.01269,5235900000
2019-11-27,0.012686,0.012844,0.0125,0.012524,3341400000
2019-11-28,0.012592,0.012684,0.01227,0.012368,4648700000
2019-11-29,0.012398,0.01251,0.012352,0.0124,2534500000
2019-12-02,0.012422,0.012854,0.01233,0.012762,5388000000
2019-12-03,0.01271,0.012884,0.01221,0.01226,6918500000
2019-12-04,0.012236,0.01242,0.01218,0.012414,4433600000
2019-12-05,0.01244,0.012496,0.012336,0.012476,1930800000
2019-12-06,0.012498,0.012648,0.012422,0.012624,2347500000
2019-12-09,0.012626,0.012752,0.012604,0.01275,2898700000
2019-12-10,0.01264,0.01285,0.01264,0.01276,1690900000
2019-12-11,0.012822,0.012864,0.012724,0.012804,1393200000
2019-12-12,0.0128,0.013184,0.012726,0.01305,9233700000
2019-12-13,0.0131,0.013348,0.01305,0.01333,6516900000
2019-12-16,0.01333,0.01345,0.01333,0.01342,2797600000
2019-12-17,0.01332,0.0134,0.012942,0.01319,19726800000
2019-12-18,0.01302,0.013314,0.01302,0.01315,4513100000
2019-12-19,0.013232,0.013258,0.01272,0.0128,7255800000
2019-12-20,0.0128,0.013,0.01265,0.013,4458900000
2019-12-23,0.013,0.01307,0.012704,0.012852,4184600000
2019-12-24,0.01288,0.013,0.01278,0.012938,2325200000
2019-12-25,0.012954,0.01305,0.012938,0.013,5484800000
2019-12-26,0.01299,0.013064,0.01292,0.012958,2293200000
2019-12-27,0.01296,0.013048,0.012876,0.012914,3950100000
2019-12-30,0.012958,0.01296,0.01282,0.012886,2436900000
2020-01-03,0.01296,0.012988,0.012806,0.0129,2663900000
2020-01-06,0.012996,0.012996,0.01276,0.01292,2094900000
2020-01-08,0.01292,0.01292,0.01268,0.012866,1949300000
2020-01-09,0.012918,0.012926,0.01258,0.012896,5676800000
2020-01-10,0.013,0.013076,0.012888,0.012978,8643300000
2020-01-13,0.01297,0.013208,0.01297,0.013176,4890400000
2020-01-14,0.0132,0.013462,0.013176,0.013382,11768700000
2020-01-15,0.013378,0.013436,0.01302,0.01312,3781300000
2020-01-16,0.0132,0.01349,0.0131,0.01339,3135800000
2020-01-17,0.013496,0.01389,0.013392,0.01379,8376900000
2020-01-20,0.01382,0.0143,0.013802,0.014032,9305900000
2020-01-21,0.013988,0.01403,0.013704,0.0139,3805200000
2020-01-22,0.0139,0.014096,0.0136,0.013774,3772000000
2020-01-23,0.01361,0.013896,0.01348,0.013686,3433900000
2020-01-24,0.01376,0.01417,0.013704,0.013864,3530000000
2020-01-27,0.01373,0.013986,0.013112,0.013374,6663400000
2020-01-28,0.0134,0.013496,0.013044,0.013402,5072100000
2020-01-29,0.0135,0.013874,0.0135,0.013698,5688100000
2020-01-30,0.013504,0.013946,0.013454,0.01355,6760400000
2020-01-31,0.01356,0.013738,0.0132,0.0132,5385500000
2020-02-03,0.013104,0.01319,0.012904,0.01299,8937000000
2020-02-04,0.01316,0.01335,0.013012,0.01319,3712800000
2020-02-05,0.013298,0.01354,0.013226,0.0135,6257700000
2020-02-06,0.01356,0.013678,0.013272,0.0133,5828900000
2020-02-07,0.013394,0.01348,0.013078,0.01334,2933000000
2020-02-10,0.01336,0.013496,0.013166,0.013266,2605400000
2020-02-11,0.0133,0.014,0.013266,0.01382,16177700000
2020-02-12,0.01421,0.015438,0.01421,0.015438,56200900000
2020-02-13,0.015432,0.016598,0.015032,0.016294,44513200000
2020-02-14,0.016106,0.016884,0.016106,0.016476,22657000000
2020-02-17,0.0165,0.0171,0.015694,0.015998,52432100000
2020-02-18,0.015998,0.016248,0.015096,0.015764,29943800000
2020-02-19,0.0158,0.016342,0.015522,0.0161,11619100000
2020-02-20,0.01611,0.01634,0.015928,0.016138,7983000000
2020-02-21,0.016,0.016136,0.015866,0.016054,4467300000
2020-02-25,0.0157,0.015848,0.01529,0.015556,8125600000
2020-02-26,0.0155,0.015892,0.014902,0.01584,13303900000
2020-02-27,0.015682,0.016194,0.015124,0.015216,10142400000
2020-02-28,0.01494,0.01494,0.014002,0.014092,18939600000
2020-03-02,0.01467,0.015118,0.014098,0.015052,15981600000
2020-03-03,0.0154,0.016,0.015352,0.015802,9983700000
2020-03-04,0.015806,0.015806,0.01542,0.01554,5758300000
2020-03-05,0.015896,0.015896,0.015214,0.01524,7929900000
2020-03-06,0.01508,0.01518,0.01436,0.014754,12453600000
2020-03-10,0.013632,0.014454,0.01272,0.01363,21497000000
2020-03-11,0.0138,0.0142,0.013006,0.0131,21812900000
2020-03-12,0.0126,0.01296,0.010074,0.01098,69320700000
2020-03-13,0.010704,0.011546,0.0103,0.010958,19150200000
2020-03-16,0.010756,0.010926,0.00932,0.0099,21737700000
2020-03-17,0.009942,0.010182,0.00888,0.0091,23978600000
2020-03-18,0.00899,0.008996,0.007754,0.00789,32104600000
2020-03-19,0.008002,0.00873,0.0078,0.00865,20518600000
2020-03-20,0.009006,0.00985,0.008954,0.0097,22844600000
2020-03-23,0.0095,0.00989,0.00889,0.0093,9529500000
2020-03-24,0.009848,0.009888,0.009558,0.009836,13873200000
2020-03-25,0.010142,0.010572,0.00914,0.00956,19270100000
2020-03-26,0.0096,0.01014,0.009468,0.00989,12557500000
2020-03-27,0.01005,0.01005,0.009452,0.0095,14606600000
2020-03-30,0.00969,0.00987,0.0092,0.009856,16920100000
2020-03-31,0.009952,0.010384,0.00985,0.00985,20515500000
2020-04-01,0.009702,0.010156,0.009702,0.01002,10042000000
2020-04-02,0.0102,0.010394,0.01001,0.010128,12544700000
2020-04-03,0.01018,0.01039,0.010096,0.010346,10709600000
2020-04-06,0.0104,0.011286,0.0104,0.010976,20823800000
2020-04-07,0.011216,0.011494,0.01102,0.01116,18635400000
2020-04-08,0.011092,0.01137,0.010932,0.01122,13894700000
2020-04-09,0.01138,0.011496,0.011218,0.01126,12234600000
2020-04-10,0.01127,0.01143,0.01127,0.01141,5184000000
2020-04-13,0.01145,0.011476,0.01084,0.0111,8940300000
2020-04-14,0.011222,0.011338,0.011162,0.011202,4036000000
2020-04-15,0.011106,0.01118,0.010376,0.010486,17531900000
2020-04-16,0.01058,0.011164,0.01017,0.010844,20461200000
2020-04-17,0.011012,0.011238,0.010704,0.011034,12434700000
2020-04-20,0.010954,0.011118,0.0108,0.01086,9399000000
2020-04-21,0.010644,0.010868,0.010434,0.01072,17631000000
2020-04-22,0.0107,0.010968,0.010686,0.01091,15970700000
2020-04-23,0.010998,0.011194,0.010862,0.01108,9418300000
2020-04-24,0.01105,0.01105,0.01085,0.01085,4527800000
2020-04-27,0.011048,0.011384,0.01086,0.011346,15710600000
2020-04-28,0.011272,0.011578,0.011236,0.011398,16958300000
2020-04-29,0.0115,0.01176,0.01144,0.0117,15781200000
2020-04-30,0.01185,0.011998,0.0115,0.01184,16113900000
2020-05-04,0.0115,0.011802,0.0115,0.011652,9011100000
2020-05-05,0.01174,0.011878,0.011724,0.01185,6123800000
2020-05-06,0.01189,0.011988,0.011702,0.01175,8913500000
2020-05-07,0.01177,0.011894,0.01165,0.011686,7036000000
2020-05-08,0.0117,0.011736,0.01148,0.011644,4920400000
2020-05-12,0.0117,0.011728,0.011412,0.011492,7834000000
2020-05-13,0.011474,0.011474,0.01123,0.011258,7718000000
2020-05-14,0.01122,0.011412,0.011174,0.011202,8458700000
2020-05-15,0.0113,0.01144,0.011056,0.01112,8129200000
2020-05-18,0.011198,0.011564,0.011026,0.011442,10384700000
2020-05-19,0.01149,0.0117,0.011372,0.0117,9990300000
2020-05-20,0.011712,0.011968,0.011516,0.011946,9673700000
2020-05-21,0.01193,0.012,0.01177,0.01186,5970000000
2020-05-22,0.01178,0.01218,0.011662,0.01207,6873200000
2020-05-25,0.01207,0.01265,0.012026,0.012646,11852800000
2020-05-26,0.012666,0.013588,0.012666,0.013274,36446600000
2020-05-27,0.01335,0.013846,0.0129,0.013076,19601600000
2020-05-28,0.01313,0.013194,0.01282,0.012894,15106600000
2020-05-29,0.012962,0.012962,0.01265,0.012884,9867500000
2020-06-01,0.012974,0.01327,0.012762,0.013196,14902800000
2020-06-02,0.01325,0.01329,0.01304,0.013162,7349900000
2020-06-03,0.01324,0.013388,0.01313,0.01326,8390100000
2020-06-04,0.0133,0.013384,0.01282,0.013,10553300000
2020-06-05,0.013036,0.013158,0.0129,0.013,10871300000
2020-06-08,0.013002,0.01337,0.01295,0.013038,12880000000
2020-06-09,0.01303,0.013164,0.0129,0.013,8700700000
2020-06-10,0.013068,0.013182,0.0129,0.01301,6738300000
2020-06-11,0.01286,0.012988,0.01274,0.012878,6232400000
2020-06-15,0.01287,0.01295,0.012506,0.012912,6891500000
2020-06-16,0.012934,0.01322,0.012934,0.01312,11397000000
2020-06-17,0.013026,0.01325,0.01298,0.013162,8989500000
2020-06-18,0.013138,0.013138,0.01295,0.013022,4227500000
2020-06-19,0.013108,0.013186,0.01295,0.013186,9839400000
2020-06-22,0.01314,0.013238,0.013002,0.013088,8677200000
2020-06-23,0.0131,0.0132,0.01306,0.01315,6559100000
2020-06-25,0.01301,0.01315,0.01294,0.013068,5695500000
2020-06-26,0.013184,0.013226,0.012954,0.013088,6779700000
2020-06-29,0.013088,0.013088,0.01296,0.01307,5173200000
2020-06-30,0.01307,0.01309,0.01299,0.013062,8649900000
2020-07-02,0.013086,0.013108,0.012858,0.01299,14652300000
2020-07-03,0.013012,0.01324,0.012906,0.01324,25982800000
2020-07-06,0.012344,0.012736,0.012342,0.012558,33899800000
2020-07-07,0.012412,0.012678,0.012412,0.012498,7233900000
2020-07-08,0.0125,0.012532,0.0122,0.0122,6343500000
2020-07-09,0.01228,0.012466,0.0122,0.01235,6625400000
2020-07-10,0.01234,0.01234,0.012046,0.012118,6477300000
2020-07-13,0.0123,0.0123,0.01205,0.012074,2959000000
2020-07-14,0.01217,0.01217,0.01156,0.01198,8093700000
2020-07-15,0.011902,0.012086,0.011712,0.011814,3528600000
2020-07-16,0.01175,0.011982,0.011676,0.01171,2845000000
2020-07-17,0.011796,0.01195,0.011718,0.011948,3177600000
2020-07-20,0.012,0.012096,0.011906,0.012022,2814500000
2020-07-21,0.012028,0.012448,0.012028,0.01239,6519700000
2020-07-22,0.01239,0.01239,0.012168,0.01229,2336700000
2020-07-23,0.012274,0.012356,0.012104,0.012214,2968200000
2020-07-24,0.0121,0.012162,0.012004,0.012046,2301300000
2020-07-27,0.012,0.012226,0.012,0.01206,3532800000
2020-07-28,0.01208,0.01213,0.011962,0.01211,3798700000
2020-07-29,0.012132,0.01219,0.012068,0.01216,2133700000
2020-07-30,0.01216,0.01218,0.01179,0.011902,7173600000
2020-07-31,0.0121,0.0121,0.011902,0.012096,3762400000
2020-08-03,0.012002,0.012358,0.011954,0.01225,6690500000
2020-08-04,0.012278,0.0124,0.0121,0.0124,4257900000
2020-08-05,0.0124,0.01245,0.0122,0.01245,5137800000
2020-08-06,0.01246,0.01248,0.012268,0.012306,3198400000
2020-08-07,0.012298,0.0123,0.012,0.01204,4092600000
2020-08-10,0.0121,0.01223,0.012022,0.012144,2888300000
2020-08-11,0.01202,0.0122,0.01202,0.01211,2585500000
2020-08-12,0.01216,0.01222,0.012114,0.01217,3441600000
2020-08-13,0.012178,0.012248,0.01201,0.012166,5999700000
2020-08-14,0.012166,0.01225,0.01209,0.012122,2340000000
2020-08-17,0.01217,0.012222,0.012022,0.01206,4140000000
2020-08-18,0.012098,0.01214,0.01201,0.012034,3385700000
2020-08-19,0.012022,0.012066,0.011986,0.01202,2421900000
2020-08-20,0.012018,0.012018,0.011852,0.011856,2985600000
2020-08-21,0.011944,0.011948,0.011728,0.011764,3393400000
2020-08-24,0.011856,0.011928,0.011762,0.011768,2345900000
2020-08-25,0.011846,0.011856,0.011764,0.01177,1562000000
2020-08-26,0.01177,0.01188,0.01164,0.011702,4077800000
2020-08-27,0.01173,0.011818,0.01165,0.01169,2072200000
2020-08-28,0.011814,0.011814,0.01156,0.011562,2577500000
2020-08-31,0.0116,0.011672,0.01145,0.011476,3815800000
2020-09-01,0.011476,0.011586,0.011476,0.011586,2321400000
2020-09-02,0.01165,0.011684,0.011364,0.011474,3893400000
2020-09-03,0.011454,0.01154,0.01124,0.0113,4818300000
2020-09-04,0.01128,0.01135,0.011182,0.011202,4399200000
2020-09-07,0.0113,0.011378,0.011232,0.011272,2381800000
2020-09-08,0.0113,0.011396,0.01117,0.01127,3801500000
2020-09-09,0.01129,0.01139,0.011192,0.01136,3099600000
2020-09-10,0.01142,0.011448,0.0113,0.01142,1539900000
2020-09-11,0.011448,0.011542,0.011328,0.011504,1968300000
2020-09-14,0.011632,0.011632,0.011426,0.0116,2585100000
2020-09-15,0.0116,0.01164,0.011456,0.01164,2813200000
2020-09-16,0.011644,0.011694,0.011408,0.011522,2696500000
2020-09-17,0.01149,0.011594,0.011432,0.011568,2435300000
2020-09-18,0.011552,0.011586,0.0114,0.0114,3141400000
2020-09-21,0.011478,0.011494,0.011182,0.01119,3516600000
2020-09-22,0.011172,0.011428,0.011172,0.011358,2169700000
2020-09-23,0.011366,0.011448,0.011256,0.011256,1187200000
2020-09-24,0.011266,0.011388,0.011214,0.01123,2128500000
2020-09-25,0.011328,0.011338,0.011172,0.011186,1821400000
2020-09-28,0.01123,0.011294,0.011032,0.011258,2476000000
2020-09-29,0.011288,0.011344,0.011102,0.011278,2757700000
2020-09-30,0.011276,0.011286,0.01115,0.01115,849100000
2020-10-01,0.011238,0.01135,0.01088,0.01088,7779200000
2020-10-02,0.01089,0.010966,0.010704,0.010908,2177900000
2020-10-05,0.011,0.011052,0.010878,0.011048,1915100000
2020-10-06,0.011056,0.01115,0.011014,0.011084,1670900000
2020-10-07,0.011004,0.011174,0.0108,0.01082,2528900000
2020-10-08,0.010886,0.010926,0.010806,0.01084,947800000
2020-10-09,0.010846,0.010902,0.010726,0.010738,2640600000
2020-10-12,0.0108,0.010836,0.01063,0.01068,2258300000
2020-10-13,0.010726,0.010728,0.0105,0.01051,1920600000
2020-10-14,0.0105,0.010686,0.01045,0.010586,2676700000
2020-10-15,0.010586,0.010678,0.010334,0.01038,2487500000
2020-10-16,0.010444,0.010484,0.010252,0.010386,2630200000
2020-10-19,0.0104,0.010528,0.010286,0.01036,2288000000
2020-10-20,0.010442,0.01059,0.010262,0.010558,1851900000
2020-10-21,0.010558,0.010668,0.010434,0.010498,1968800000
2020-10-22,0.0105,0.01079,0.010356,0.010656,2754500000
2020-10-23,0.010758,0.010866,0.010608,0.010608,2929700000
2020-10-26,0.0107,0.010892,0.010608,0.010856,4962000000
2020-10-27,0.01099,0.01105,0.010802,0.01104,3452500000
2020-10-28,0.01105,0.01105,0.010634,0.010756,5607000000
2020-10-29,0.01074,0.01086,0.010438,0.01076,3597900000
2020-10-30,0.01072,0.01079,0.010556,0.010578,859600000
2020-11-02,0.010634,0.011368,0.01041,0.011322,20590100000
2020-11-03,0.011336,0.011336,0.010988,0.01105,4488100000
2020-11-05,0.01111,0.01114,0.010992,0.01106,2031200000
2020-11-06,0.011002,0.01125,0.010862,0.011204,2843100000
2020-11-09,0.0112,0.011516,0.01114,0.011516,5442100000
2020-11-10,0.01138,0.01146,0.011222,0.0113,4254200000
2020-11-11,0.011428,0.01148,0.011156,0.011156,3988700000
2020-11-12,0.011284,0.011284,0.01102,0.011158,3205000000
2020-11-13,0.011158,0.011198,0.011036,0.011114,1934500000
2020-11-16,0.011184,0.0113,0.01106,0.011158,3164300000
2020-11-17,0.01115,0.01123,0.010928,0.010992,2468600000
2020-11-18,0.011098,0.011098,0.01096,0.011042,2404100000
2020-11-19,0.011042,0.011072,0.010886,0.010954,3046700000
2020-11-20,0.010982,0.010998,0.010856,0.0109,1224400000
2020-11-23,0.010986,0.011078,0.01086,0.0109,2243500000
2020-11-24,0.0109,0.010984,0.01083,0.01086,2722900000
2020-11-25,0.010928,0.01094,0.010822,0.01084,2129000000
2020-11-26,0.0109,0.01094,0.01082,0.010898,1731400000
2020-11-27,0.010878,0.01094,0.010802,0.010898,2470300000
2020-11-30,0.010926,0.010936,0.01076,0.01076,2681400000
2020-12-01,0.010854,0.01091,0.010778,0.0109,2335800000
2020-12-02,0.0109,0.011034,0.0109,0.010958,4422700000
2020-12-03,0.010988,0.011038,0.010802,0.01085,3419500000
2020-12-04,0.010888,0.010916,0.01083,0.010902,3889000000
2020-12-07,0.01092,0.010992,0.01083,0.01083,1551300000
2020-12-08,0.010834,0.0109,0.01078,0.010882,3525800000
2020-12-09,0.010844,0.01102,0.010826,0.010908,7148700000
2020-12-10,0.01091,0.010976,0.01083,0.01086,2014900000
2020-12-11,0.010908,0.010968,0.010846,0.010852,3194400000
2020-12-14,0.010898,0.010998,0.01084,0.01084,5447800000
2020-12-15,0.010812,0.010924,0.010812,0.010838,2447300000
2020-12-16,0.010926,0.01095,0.01083,0.01095,2312300000
2020-12-17,0.010972,0.01098,0.01083,0.010914,5192600000
2020-12-18,0.010936,0.01116,0.010842,0.01111,10833200000
2020-12-21,0.011212,0.011212,0.010704,0.01085,5707600000
2020-12-22,0.01085,0.010948,0.010832,0.01091,1679600000
2020-12-23,0.010932,0.01097,0.010854,0.010902,2141800000
2020-12-24,0.01093,0.010942,0.010852,0.010908,2542000000
2020-12-25,0.01093,0.01097,0.010872,0.010936,3078400000
2020-12-28,0.01094,0.010946,0.010858,0.010882,5931100000
2020-12-29,0.01089,0.011068,0.010856,0.011056,4122200000
2020-12-30,0.011066,0.011276,0.010928,0.01119,4306300000
2021-01-04,0.01126,0.01159,0.011202,0.011448,5248500000
2021-01-05,0.011398,0.011598,0.011358,0.01154,2918200000
2021-01-06,0.01155,0.0118,0.01149,0.0117,4939000000
2021-01-08,0.011798,0.011914,0.0116,0.01182,6838100000
2021-01-11,0.01179,0.01216,0.011642,0.01201,8152300000
2021-01-12,0.012128,0.01215,0.011768,0.01193,6229800000
2021-01-13,0.01187,0.011988,0.011424,0.0116,6756600000
2021-01-14,0.011614,0.01188,0.01142,0.01178,4619800000
2021-01-15,0.011812,0.01205,0.011702,0.011746,5210900000
2021-01-18,0.011746,0.011798,0.011612,0.011632,2980000000
2021-01-19,0.011704,0.011808,0.011598,0.0116,1720300000
2021-01-20,0.011688,0.011708,0.011574,0.011632,1456300000
2021-01-21,0.0116,0.011778,0.01143,0.01145,3393600000
2021-01-22,0.01145,0.011476,0.011122,0.01127,4313200000
2021-01-25,0.011396,0.01148,0.011202,0.011304,2951700000
2021-01-26,0.011304,0.01142,0.011282,0.01133,1843900000
2021-01-27,0.01133,0.01151,0.011222,0.011224,2882000000
2021-01-28,0.011212,0.01146,0.01117,0.01132,2481200000
2021-01-29,0.011304,0.011428,0.011132,0.011168,2483300000
2021-02-01,0.011278,0.011382,0.011186,0.011356,2181200000
2021-02-02,0.011354,0.01146,0.011302,0.011322,1177900000
2021-02-03,0.011398,0.01194,0.011282,0.011664,7609800000
2021-02-04,0.01178,0.011854,0.011442,0.01153,4635200000
2021-02-05,0.011584,0.011686,0.011412,0.011522,4057300000
2021-02-08,0.0116,0.01175,0.011534,0.01162,6244800000
2021-02-09,0.011574,0.011692,0.011558,0.011606,2080900000
2021-02-10,0.01161,0.01168,0.011502,0.011538,5335300000
2021-02-11,0.011504,0.01166,0.01144,0.011524,4161900000
2021-02-12,0.011584,0.011584,0.011344,0.01151,1924200000
2021-02-15,0.01155,0.01167,0.011262,0.01144,3231300000
2021-02-16,0.011516,0.011516,0.011364,0.01137,1893600000
2021-02-17,0.01137,0.011648,0.011318,0.011366,1898000000
2021-02-18,0.011484,0.0115,0.010866,0.01111,5737400000
2021-02-19,0.0112,0.011446,0.010922,0.01132,3063900000
2021-02-22,0.011636,0.011636,0.011322,0.011368,1443800000
2021-02-24,0.011476,0.011498,0.011154,0.011154,1952800000
2021-02-25,0.0113,0.0114,0.0112,0.01125,1828600000
2021-02-26,0.011156,0.011342,0.01095,0.011,6886700000
2021-03-01,0.011136,0.011246,0.011026,0.01112,1637200000
2021-03-02,0.011218,0.011218,0.01103,0.011078,1401100000
2021-03-03,0.01115,0.011172,0.011004,0.01103,1606300000
2021-03-04,0.011026,0.011068,0.010908,0.01098,2434200000
2021-03-05,0.01101,0.01102,0.010884,0.01097,2172300000
2021-03-09,0.010972,0.011068,0.010962,0.011002,2800200000
2021-03-10,0.011,0.01108,0.01092,0.01105,1642600000
2021-03-11,0.0111,0.011398,0.01102,0.011312,5661100000
2021-03-12,0.01139,0.011576,0.011244,0.01157,4243300000
2021-03-15,0.01158,0.01162,0.011354,0.011466,3838700000
2021-03-16,0.011466,0.011548,0.011302,0.011422,2193400000
2021-03-17,0.0114,0.011504,0.011268,0.011334,1823700000
2021-03-18,0.011398,0.011532,0.011254,0.011404,2185300000
2021-03-19,0.011398,0.011398,0.0112,0.0112,1640500000
2021-03-22,0.0112,0.01137,0.0112,0.0113,1236700000
2021-03-23,0.0113,0.011358,0.01121,0.011276,1225500000
2021-03-24,0.011278,0.01129,0.011106,0.011202,1868800000
2021-03-25,0.01127,0.01127,0.011112,0.011198,1253100000
2021-03-26,0.0112,0.011492,0.0112,0.011448,1911300000
2021-03-29,0.01145,0.01157,0.011302,0.01157,3716600000
2021-03-30,0.01158,0.0116,0.011426,0.011566,1946600000
2021-03-31,0.01158,0.011622,0.01146,0.0116,2451400000
2021-04-01,0.0116,0.011898,0.011484,0.011774,4582600000
2021-04-02,0.0118,0.01194,0.011718,0.01192,2600700000
2021-04-05,0.011946,0.012028,0.01167,0.0119,4935100000
2021-04-06,0.0119,0.012092,0.011734,0.01188,4574900000
2021-04-07,0.011878,0.012038,0.01174,0.011754,3857500000
2021-04-08,0.01174,0.011884,0.011664,0.01182,1736200000
2021-04-09,0.01183,0.012,0.01167,0.011896,2497500000
2021-04-12,0.01193,0.012268,0.011766,0.012058,6136600000
2021-04-13,0.01205,0.0123,0.01205,0.012204,3399800000
2021-04-14,0.01228,0.012482,0.0122,0.012356,6650800000
2021-04-15,0.01233,0.012398,0.011962,0.0121,5073200000
2021-04-16,0.012194,0.012294,0.012108,0.0122,2015200000
2021-04-19,0.01218,0.012228,0.01196,0.01196,4490700000
2021-04-20,0.012,0.0124,0.011968,0.012,3750900000
2021-04-21,0.01205,0.0123,0.01191,0.011996,7483000000
2021-04-22,0.012082,0.01211,0.0119,0.011988,3821200000
2021-04-23,0.012042,0.0121,0.0119,0.012,3464200000
2021-04-26,0.01202,0.01242,0.011994,0.012398,5335500000
2021-04-27,0.012426,0.01245,0.012034,0.012034,3186100000
2021-04-28,0.012138,0.012172,0.011812,0.011942,5746000000
2021-04-29,0.011994,0.01215,0.01183,0.011878,3613100000
2021-04-30,0.012062,0.01215,0.011806,0.011908,3212900000
2021-05-04,0.012,0.012024,0.011906,0.012016,1920900000
2021-05-05,0.01203,0.012244,0.012006,0.012244,2157900000
2021-05-06,0.01225,0.01238,0.012174,0.012298,3284500000
2021-05-07,0.012252,0.01239,0.012102,0.012278,2275900000
2021-05-10,0.012384,0.01239,0.012178,0.012234,2177300000
2021-05-11,0.012234,0.01224,0.012044,0.012126,2004600000
2021-05-12,0.012218,0.012218,0.01201,0.01207,2953000000
2021-05-13,0.01209,0.012212,0.01195,0.012008,2342800000
2021-05-14,0.012084,0.012144,0.01193,0.012038,3214200000
2021-05-17,0.012038,0.012288,0.011998,0.011998,4317900000
2021-05-18,0.01215,0.012358,0.01204,0.01233,6009100000
2021-05-19,0.0124,0.0124,0.012058,0.012232,3309700000
2021-05-20,0.012232,0.01235,0.012216,0.012308,2547100000
2021-05-21,0.01234,0.012422,0.012286,0.01242,3508000000
2021-05-24,0.012422,0.01276,0.012342,0.012552,13000400000
2021-05-25,0.012672,0.01274,0.01254,0.01254,5798200000
2021-05-26,0.01266,0.01266,0.012418,0.012504,4830900000
2021-05-27,0.012408,0.012544,0.01235,0.012432,3354400000
2021-05-28,0.012576,0.012576,0.01238,0.0125,2880400000
2021-05-31,0.012574,0.01274,0.012454,0.012716,4749000000
2021-06-01,0.01272,0.012886,0.012662,0.012818,6184200000
2021-06-02,0.01289,0.012898,0.012762,0.012858,3610600000
2021-06-03,0.01286,0.012946,0.012704,0.012736,4417000000
2021-06-04,0.012826,0.012876,0.012672,0.0127,3693900000
2021-06-07,0.012698,0.012858,0.012668,0.012834,4260500000
2021-06-08,0.012868,0.01287,0.01278,0.01282,3118600000
2021-06-09,0.01287,0.01287,0.01272,0.012814,3706300000
2021-06-10,0.012866,0.012866,0.012694,0.01272,3015800000
2021-06-11,0.012708,0.01283,0.012708,0.01277,3229400000
2021-06-14,0.0128,0.01281,0.01273,0.01275,2009200000
2021-06-15,0.0128,0.0128,0.0127,0.01273,2387200000
2021-06-16,0.01271,0.01283,0.0127,0.012762,2735000000
2021-06-17,0.01276,0.012822,0.012512,0.012632,3717800000
2021-06-18,0.012748,0.012748,0.01255,0.01255,3222300000
2021-06-21,0.012586,0.012592,0.012452,0.01249,5205200000
2021-06-22,0.012498,0.01262,0.01246,0.01248,6291700000
2021-06-23,0.012528,0.0126,0.012502,0.012574,3875300000
2021-06-24,0.0126,0.0126,0.01228,0.012406,4919700000
2021-06-25,0.012496,0.012496,0.01227,0.012322,7122100000
2021-06-28,0.012468,0.01255,0.0124,0.012536,4300500000
2021-06-29,0.01251,0.012564,0.012352,0.012394,6893900000
2021-06-30,0.012384,0.0125,0.01229,0.012326,6557200000
2021-07-01,0.012352,0.01237,0.01216,0.01218,17596100000
2021-07-02,0.01123,0.011322,0.01119,0.011224,15957600000
2021-07-05,0.011226,0.011288,0.011026,0.01111,6504600000
2021-07-06,0.011144,0.011164,0.010986,0.011014,6161300000
2021-07-07,0.011044,0.011056,0.01091,0.010914,4587500000
2021-07-08,0.01091,0.010948,0.01088,0.0109,2332400000
2021-07-09,0.010992,0.01111,0.0109,0.01109,2607800000
2021-07-12,0.011116,0.011182,0.011082,0.01115,1557200000
2021-07-13,0.01115,0.0112,0.011028,0.011094,2326800000
2021-07-14,0.011096,0.011164,0.010932,0.01096,2964800000
2021-07-15,0.010992,0.011044,0.010906,0.010926,1726600000
2021-07-16,0.01102,0.011382,0.010914,0.011328,9354300000
2021-07-19,0.01131,0.01131,0.01092,0.01092,4398300000
2021-07-20,0.011028,0.0111,0.010956,0.011046,1519000000
2021-07-21,0.011046,0.01114,0.01101,0.01106,1463900000
2021-07-22,0.011096,0.011154,0.010954,0.011,1931500000
2021-07-23,0.011,0.011066,0.01097,0.011,1539000000
2021-07-26,0.011,0.011068,0.010968,0.011016,923000000
2021-07-27,0.011042,0.011314,0.010822,0.011226,6503900000
2021-07-28,0.01126,0.011712,0.011204,0.011594,9926500000
2021-07-29,0.011944,0.011944,0.011532,0.011556,3400600000
2021-07-30,0.01155,0.01161,0.01118,0.011222,4299400000
2021-08-02,0.011254,0.01155,0.011254,0.011476,2222900000
2021-08-03,0.011482,0.01153,0.01135,0.0114,1527300000
2021-08-04,0.011428,0.011496,0.011306,0.01145,1129300000
2021-08-05,0.01145,0.0119,0.011404,0.011716,6730800000
2021-08-06,0.01176,0.011794,0.01161,0.011674,2368800000
2021-08-09,0.011674,0.01178,0.011612,0.01168,1976100000
2021-08-10,0.011666,0.011784,0.01162,0.011688,1891000000
2021-08-11,0.01171,0.011742,0.01167,0.011688,1475600000
2021-08-12,0.01174,0.01174,0.01164,0.011696,980400000
2021-08-13,0.011758,0.011762,0.01151,0.01163,1308900000
2021-08-16,0.01167,0.011768,0.011504,0.011624,1404300000
2021-08-17,0.01169,0.01172,0.0116,0.01169,1047100000
2021-08-18,0.01169,0.0117,0.011612,0.01168,836500000
2021-08-19,0.011516,0.01164,0.01145,0.011466,1986200000
2021-08-20,0.01152,0.011534,0.0113,0.01143,1545300000
2021-08-23,0.011596,0.011596,0.011472,0.011522,1025900000
2021-08-24,0.011522,0.011564,0.011424,0.01151,1155100000
2021-08-25,0.01151,0.011634,0.011484,0.01161,2370000000
2021-08-26,0.01161,0.01161,0.01145,0.011476,2000400000
2021-08-27,0.011476,0.011554,0.011434,0.011528,1069900000
2021-08-30,0.011574,0.011612,0.011196,0.011472,2724100000
2021-08-31,0.0114,0.01155,0.0114,0.01148,1090600000
2021-09-01,0.01148,0.011538,0.01138,0.01148,2217000000
2021-09-02,0.011496,0.01175,0.011402,0.011722,4603500000
2021-09-03,0.011728,0.01186,0.01158,0.011856,4468400000
2021-09-06,0.011866,0.01205,0.011824,0.011974,6199600000
2021-09-07,0.012,0.012098,0.011826,0.011914,1914700000
2021-09-08,0.012,0.012088,0.01171,0.01185,1811700000
2021-09-09,0.01177,0.011856,0.011418,0.0117,1573700000
2021-09-10,0.011722,0.0118,0.011512,0.011598,3238200000
2021-09-13,0.01169,0.01176,0.0114,0.0115,6886100000
2021-09-14,0.01148,0.011588,0.01117,0.0112,21304500000
2021-09-15,0.011286,0.01133,0.011186,0.011196,3596400000
2021-09-16,0.0112,0.01128,0.011,0.011094,6093400000
2021-09-17,0.011098,0.011164,0.010996,0.011,3902100000
2021-09-20,0.010996,0.011246,0.010948,0.01096,3913200000
2021-09-21,0.01109,0.011118,0.010958,0.011,1911500000
2021-09-22,0.011024,0.01115,0.01092,0.010982,5388500000
2021-09-23,0.011018,0.011068,0.01098,0.011016,2490400000
2021-09-24,0.01103,0.01105,0.01093,0.010948,2880600000
2021-09-27,0.011048,0.011048,0.010838,0.010978,3624500000
2021-09-28,0.010998,0.010998,0.010768,0.010848,5027300000
2021-09-29,0.010888,0.010892,0.010738,0.01075,2947400000
2021-09-30,0.01082,0.010898,0.010678,0.01077,3984900000
2021-10-01,0.01078,0.010794,0.01067,0.010688,2149800000
2021-10-04,0.010718,0.01097,0.010688,0.010936,3236300000
2021-10-05,0.01085,0.0112,0.01085,0.011188,4300200000
2021-10-06,0.011238,0.011238,0.010974,0.011024,2136700000
2021-10-07,0.011144,0.011188,0.01098,0.011188,2024700000
2021-10-08,0.011194,0.011252,0.011104,0.011176,2468300000
2021-10-11,0.01127,0.0114,0.011204,0.011278,4541900000
2021-10-12,0.01134,0.011388,0.011104,0.01135,2778900000
2021-10-13,0.0113,0.01135,0.011054,0.011142,4741500000
2021-10-14,0.011172,0.011518,0.011154,0.0114,8638900000
2021-10-15,0.011384,0.01148,0.011326,0.011348,3130100000
2021-10-18,0.011442,0.01147,0.011318,0.011396,2298000000
2021-10-19,0.011476,0.0119,0.011308,0.011818,12508400000
2021-10-20,0.0119,0.011928,0.01155,0.011744,8902300000
2021-10-21,0.011744,0.01188,0.011444,0.011444,6653200000
2021-10-22,0.01153,0.011642,0.0112,0.01124,4435000000
2021-10-25,0.0113,0.011436,0.0112,0.011366,2437900000
2021-10-26,0.011396,0.01162,0.011374,0.011558,5373900000
2021-10-27,0.011558,0.0116,0.011302,0.01134,2465400000
2021-10-28,0.011432,0.011432,0.011138,0.011166,3735900000
2021-10-29,0.011238,0.011294,0.011006,0.011108,2645000000
2021-11-01,0.011108,0.011248,0.011072,0.0112,3488100000
2021-11-02,0.011234,0.011446,0.011136,0.01124,4160200000
2021-11-03,0.011374,0.011374,0.01111,0.011234,1707200000
2021-11-05,0.011264,0.011264,0.01115,0.01118,875700000
2021-11-08,0.01128,0.011426,0.011234,0.011298,1509000000
2021-11-09,0.011298,0.011366,0.011216,0.011258,1254600000
2021-11-10,0.01125,0.01161,0.011102,0.01116,4619900000
2021-11-11,0.0112,0.01135,0.011102,0.011246,3241500000
2021-11-12,0.01136,0.011378,0.011062,0.011158,2699400000
2021-11-15,0.011158,0.011274,0.01105,0.01105,2899100000
2021-11-16,0.011158,0.011216,0.011012,0.011072,1538800000
2021-11-17,0.01112,0.011128,0.010972,0.011012,2901700000
2021-11-18,0.011068,0.011068,0.010952,0.010972,2041400000
2021-11-19,0.01101,0.011068,0.010772,0.010884,4544200000
2021-11-22,0.01088,0.010894,0.0105,0.010626,8910000000
2021-11-23,0.0106,0.010748,0.01049,0.010718,3042900000
2021-11-24,0.01075,0.01089,0.01055,0.01066,2123600000
2021-11-25,0.01066,0.010836,0.01061,0.010808,2076600000
2021-11-26,0.01072,0.01072,0.01021,0.010322,17162000000
2021-11-29,0.01035,0.010444,0.01015,0.01027,3885700000
2021-11-30,0.010258,0.010342,0.010142,0.01032,1327300000
2021-12-01,0.01034,0.010498,0.010328,0.01038,2776000000
2021-12-02,0.01038,0.0104,0.01011,0.010148,9171700000
2021-12-03,0.010246,0.01026,0.010148,0.01018,2246000000
2021-12-06,0.01021,0.01032,0.009812,0.00985,14051000000
2021-12-07,0.0099,0.01002,0.00981,0.009952,5813200000
2021-12-08,0.00999,0.010192,0.0099,0.009948,2036000000
2021-12-09,0.009948,0.010098,0.009922,0.010012,2468100000
2021-12-10,0.010012,0.010074,0.009924,0.010014,1919300000
2021-12-13,0.010018,0.010082,0.009644,0.00966,4469600000
2021-12-14,0.00966,0.009902,0.0096,0.009762,3795200000
2021-12-15,0.009792,0.009946,0.009552,0.009682,3424300000
2021-12-16,0.009776,0.010116,0.009738,0.00997,3084800000
2021-12-17,0.0099,0.009998,0.00975,0.00975,4228200000
2021-12-20,0.009722,0.009778,0.009598,0.009694,2170900000
2021-12-21,0.0099,0.0099,0.009656,0.009778,4802500000
2021-12-22,0.00978,0.009852,0.009748,0.009822,4109600000
2021-12-23,0.009824,0.009892,0.009706,0.009822,2971300000
2021-12-24,0.009822,0.009968,0.00957,0.00972,5709200000
2021-12-27,0.009788,0.009792,0.00971,0.009744,3018700000
2021-12-28,0.009794,0.009818,0.009712,0.0098,5893300000
2021-12-29,0.009792,0.009924,0.009766,0.009896,2888500000
2021-12-30,0.00993,0.009968,0.00983,0.009938,2138600000
2022-01-03,0.00995,0.01017,0.00995,0.010134,2903400000
2022-01-04,0.01014,0.01029,0.01014,0.0102,2373700000
2022-01-05,0.010254,0.010296,0.01011,0.010116,1295400000
2022-01-06,0.0101,0.010168,0.009952,0.010056,1849300000
2022-01-10,0.01006,0.010222,0.010004,0.010004,2772900000
2022-01-11,0.010004,0.01011,0.009914,0.01,3750600000
2022-01-12,0.00994,0.01002,0.009932,0.009988,3033400000
2022-01-13,0.01,0.01002,0.0097,0.0097,13643800000
2022-01-14,0.009778,0.009798,0.0094,0.009502,10256500000
2022-01-17,0.00959,0.009692,0.009332,0.009428,4617300000
2022-01-18,0.0094,0.0094,0.008936,0.009022,8858800000
2022-01-19,0.009126,0.009366,0.00901,0.00924,5011900000
2022-01-20,0.009408,0.009522,0.009258,0.009512,4563800000
2022-01-21,0.00951,0.009618,0.009314,0.00938,5163900000
2022-01-24,0.00939,0.00939,0.008654,0.008926,10935700000
2022-01-25,0.009026,0.009298,0.00899,0.0092,5088400000
2022-01-26,0.009292,0.009388,0.009142,0.009298,2714900000
2022-01-27,0.009394,0.009588,0.00925,0.009396,3743100000
2022-01-28,0.009498,0.009564,0.009366,0.009486,3063400000
2022-01-31,0.009486,0.009786,0.009486,0.00969,2855400000
2022-02-01,0.009694,0.009808,0.009634,0.009778,4291100000
2022-02-02,0.0096,0.00979,0.00957,0.00957,2181000000
2022-02-03,0.009594,0.009594,0.009396,0.009414,3291600000
2022-02-04,0.0095,0.009688,0.00938,0.009518,3070200000
2022-02-07,0.0095,0.009794,0.009414,0.00977,2879800000
2022-02-08,0.00983,0.009832,0.009664,0.009734,1235700000
2022-02-09,0.0098,0.00983,0.009748,0.009796,1108100000
2022-02-10,0.009796,0.009796,0.0097,0.009712,780400000
2022-02-11,0.0097,0.0097,0.009516,0.00954,1671700000
2022-02-14,0.009574,0.009754,0.00943,0.0097,2222500000
2022-02-15,0.00972,0.00984,0.00972,0.00982,3487600000
2022-02-16,0.00984,0.009972,0.00984,0.009912,2547500000
2022-02-17,0.009904,0.009908,0.009632,0.009764,2318100000
2022-02-18,0.00977,0.009938,0.009488,0.009546,3670000000
2022-02-21,0.009674,0.009938,0.008722,0.009056,10015900000
2022-02-22,0.0087,0.00925,0.0082,0.00924,10546000000
2022-02-24,0.008316,0.008316,0.00578,0.006396,10830300000
2022-02-25,0.0066,0.008218,0.0066,0.007362,6811600000
2022-03-28,0.00735,0.00735,0.00599,0.00651,6908900000
2022-03-29,0.00654,0.00727,0.006158,0.00634,4282200000
2022-03-30,0.00689,0.0076,0.006498,0.007022,5377700000
2022-03-31,0.007392,0.007698,0.007056,0.007602,5306300000
2022-04-01,0.007636,0.008098,0.007632,0.007962,3829500000
2022-04-04,0.0078,0.008084,0.007516,0.007568,12727900000
2022-04-05,0.007578,0.007578,0.007318,0.007358,3627800000
2022-04-06,0.0073,0.0075,0.007218,0.00732,1630300000
2022-04-07,0.007354,0.007488,0.00712,0.007372,1749600000
2022-04-08,0.007372,0.007548,0.00736,0.007388,2402100000
2022-04-11,0.007388,0.0075,0.0071,0.00733,2378900000
2022-04-12,0.00735,0.007382,0.00709,0.00721,2497500000
2022-04-13,0.007212,0.0073,0.007122,0.007182,1178700000
2022-04-14,0.00718,0.007232,0.00694,0.00694,1202400000
2022-04-15,0.006998,0.007046,0.006822,0.007018,1339300000
2022-04-18,0.007036,0.007392,0.007,0.007038,5595900000
2022-04-19,0.007196,0.0079,0.007,0.007222,10728000000
2022-04-20,0.007398,0.007398,0.007058,0.007134,2285000000
2022-04-21,0.007198,0.007674,0.00712,0.007136,4347800000
2022-04-22,0.00719,0.007268,0.00708,0.007116,2312300000
2022-04-25,0.007194,0.0073,0.00692,0.00707,3903000000
2022-04-26,0.00705,0.00724,0.007002,0.00712,2084700000
2022-04-27,0.00716,0.0073,0.007064,0.007172,1898800000
2022-04-28,0.007324,0.007398,0.007218,0.007222,3316800000
2022-04-29,0.007252,0.007298,0.007154,0.007236,966700000
2022-05-04,0.007236,0.007316,0.00716,0.007224,1941500000
2022-05-05,0.00726,0.007348,0.00722,0.007336,2121600000
2022-05-06,0.007312,0.007678,0.0073,0.007458,5293600000
2022-05-11,0.0075,0.00765,0.007458,0.007576,2747400000
2022-05-12,0.0078,0.0081,0.007212,0.007414,15523200000
2022-05-13,0.007414,0.007586,0.007252,0.0074,3062700000
2022-05-16,0.007556,0.00785,0.007382,0.007656,3533200000
2022-05-17,0.007716,0.0079,0.0077,0.00786,3728500000
2022-05-18,0.00786,0.008098,0.007622,0.007902,4874000000
2022-05-19,0.0079,0.00799,0.007704,0.007974,2050200000
2022-05-20,0.007996,0.008048,0.007762,0.007836,1821500000
2022-05-23,0.00782,0.007924,0.00753,0.0077,3456900000
2022-05-24,0.007652,0.007988,0.00755,0.007852,4008600000
2022-05-25,0.008002,0.00809,0.00781,0.007858,3277500000
2022-05-26,0.007834,0.008408,0.007814,0.008224,12731100000
2022-05-27,0.0084,0.008794,0.008376,0.008678,9554200000
2022-05-30,0.008772,0.008772,0.008136,0.00831,6336100000
2022-05-31,0.0085,0.009538,0.008252,0.00875,32889800000
2022-06-01,0.00878,0.008866,0.008618,0.008692,7376300000
2022-06-02,0.00877,0.008772,0.008502,0.008524,6970600000
2022-06-03,0.00857,0.0089,0.008534,0.00887,11069000000
2022-06-06,0.0089,0.00905,0.008892,0.008946,4870200000
2022-06-07,0.00902,0.00902,0.00867,0.0088,4073800000
2022-06-08,0.008898,0.008946,0.0086,0.008906,3686200000
2022-06-09,0.008906,0.008948,0.008706,0.008822,2512200000
2022-06-10,0.00889,0.0089,0.008802,0.008802,2107700000
2022-06-14,0.009012,0.00933,0.00875,0.0093,10674900000
2022-06-15,0.009362,0.0095,0.009282,0.009452,6454400000
2022-06-16,0.00945,0.009794,0.009446,0.009608,7615200000
2022-06-17,0.0096,0.009632,0.00931,0.00957,4737900000
2022-06-20,0.009612,0.009664,0.009558,0.009604,3018800000
2022-06-21,0.0096,0.009652,0.009382,0.009476,4013700000
2022-06-22,0.009476,0.0095,0.0093,0.009398,3688900000
2022-06-23,0.00936,0.009456,0.009252,0.009392,1929400000
2022-06-24,0.00948,0.00948,0.009306,0.00937,1161200000
2022-06-27,0.00937,0.00969,0.00937,0.009574,3037400000
2022-06-28,0.0096,0.00985,0.00958,0.009792,5190200000
2022-06-29,0.0098,0.00988,0.0096,0.00965,3368700000
2022-06-30,0.00965,0.00975,0.0082,0.009026,11500200000
2022-07-01,0.0089,0.009488,0.00876,0.009112,5771000000
2022-07-04,0.009178,0.009286,0.00893,0.00905,3290500000
2022-07-05,0.009004,0.009156,0.007682,0.0081,37789300000
2022-07-06,0.00806,0.00835,0.00794,0.008102,10833800000
2022-07-07,0.00811,0.00835,0.0081,0.008254,5113200000
2022-07-08,0.008256,0.008496,0.008152,0.00847,4580600000
2022-07-11,0.00847,0.0086,0.00813,0.008184,3939900000
2022-07-12,0.00815,0.00815,0.007912,0.008048,3665700000
2022-07-13,0.00806,0.008064,0.00784,0.00787,1715700000
2022-07-14,0.00784,0.00799,0.007804,0.007856,1409800000
2022-07-15,0.007852,0.00794,0.007728,0.007922,1772600000
2022-07-18,0.007978,0.00798,0.007838,0.007936,1500500000
2022-07-19,0.007966,0.008058,0.007938,0.00801,1323200000
2022-07-20,0.008046,0.008172,0.008004,0.008042,1537200000
2022-07-21,0.00806,0.00806,0.00776,0.00793,1367100000
2022-07-22,0.007996,0.008148,0.007952,0.00808,1924400000
2022-07-25,0.008128,0.008228,0.00809,0.0082,1283100000
2022-07-26,0.00822,0.00822,0.00814,0.008168,837900000
2022-07-27,0.008196,0.008294,0.008028,0.0081,2276000000
2022-07-28,0.008102,0.008188,0.008042,0.008062,822000000
2022-07-29,0.008062,0.0081,0.008028,0.008076,1053000000
2022-08-01,0.008078,0.0081,0.008024,0.008026,660900000
2022-08-02,0.008024,0.008028,0.00785,0.00789,1422700000
2022-08-03,0.007914,0.007998,0.00785,0.00789,771600000
2022-08-04,0.0079,0.0079,0.00776,0.007786,837700000
2022-08-05,0.007902,0.007902,0.007572,0.007624,1625000000
2022-08-08,0.00768,0.00777,0.007626,0.007704,1291900000
2022-08-09,0.00766,0.007682,0.00745,0.007544,3135000000
2022-08-10,0.00754,0.007584,0.007344,0.007528,1048700000
2022-08-11,0.00757,0.007954,0.007554,0.00774,2161700000
2022-08-12,0.00779,0.007802,0.007676,0.007776,703000000
2022-08-15,0.00777,0.007802,0.007732,0.00776,756800000
2022-08-16,0.00776,0.008024,0.007742,0.007904,2124000000
2022-08-17,0.007912,0.00795,0.007828,0.007848,661700000
2022-08-18,0.007832,0.007844,0.007724,0.007782,1283400000
2022-08-19,0.007782,0.007822,0.00755,0.00756,3284900000
2022-08-22,0.007588,0.007796,0.007562,0.007698,1974100000
2022-08-23,0.007746,0.00783,0.007672,0.007746,1075600000
2022-08-24,0.00777,0.0078,0.007678,0.00775,618000000
2022-08-25,0.00775,0.00791,0.00775,0.007832,1402600000
2022-08-26,0.007832,0.008144,0.007804,0.008082,6181000000
2022-08-29,0.008146,0.008394,0.008052,0.008338,5342100000
2022-08-30,0.008386,0.008496,0.008226,0.00838,6715900000
2022-08-31,0.008426,0.009334,0.008402,0.008868,18089200000
2022-09-01,0.008956,0.00909,0.008452,0.008494,15191500000
2022-09-02,0.008596,0.008596,0.00836,0.008504,3865200000
2022-09-05,0.0085,0.008824,0.008474,0.008696,5069400000
2022-09-06,0.00874,0.0088,0.008512,0.00865,6054500000
2022-09-07,0.00863,0.00887,0.008562,0.008688,3605200000
2022-09-08,0.008746,0.0088,0.008626,0.008692,2576800000
2022-09-09,0.008898,0.008898,0.008674,0.00872,1497600000
2022-09-12,0.008842,0.00908,0.00872,0.008952,18473300000
2022-09-13,0.00905,0.00905,0.008852,0.00893,6106600000
2022-09-14,0.008998,0.008998,0.008602,0.008906,9023700000
2022-09-15,0.008906,0.00896,0.008726,0.00877,2804000000
2022-09-16,0.008838,0.008838,0.008726,0.00875,1576200000
2022-09-19,0.008726,0.008836,0.008598,0.00862,2443600000
2022-09-20,0.00861,0.008648,0.0076,0.008022,8909100000
2022-09-21,0.0073,0.007848,0.007052,0.007718,6550000000
2022-09-22,0.007718,0.00803,0.007652,0.007798,2904100000
2022-09-23,0.00779,0.007896,0.007234,0.007398,3072000000
2022-09-26,0.0073,0.0073,0.006218,0.0068,6935200000
2022-09-27,0.006882,0.006888,0.006464,0.006686,3349500000
2022-09-28,0.006678,0.006896,0.006552,0.006636,1916600000
2022-09-29,0.006634,0.006818,0.00635,0.006492,2203600000
2022-09-30,0.006582,0.006678,0.0063,0.00657,3568800000
2022-10-03,0.00657,0.007246,0.00657,0.007198,5574300000
2022-10-04,0.00724,0.0073,0.00695,0.006996,1976300000
2022-10-05,0.006948,0.00733,0.006716,0.007012,4583200000
2022-10-06,0.007012,0.007298,0.006966,0.007066,1299800000
2022-10-07,0.007298,0.007736,0.00714,0.007166,10680500000
2022-10-10,0.0065,0.007488,0.0065,0.007352,4216900000
2022-10-11,0.007328,0.007652,0.007258,0.00765,2665400000
2022-10-12,0.0077,0.00779,0.007516,0.007578,3067600000
2022-10-13,0.007576,0.007648,0.00738,0.007566,2372100000
2022-10-14,0.00753,0.007594,0.007456,0.007572,1203300000
2022-10-17,0.007572,0.007692,0.0075,0.00766,2033500000
2022-10-18,0.0077,0.007848,0.007602,0.00776,2257500000
2022-10-19,0.00788,0.007898,0.00745,0.00767,3404200000
2022-10-20,0.007682,0.00786,0.007668,0.007784,1301400000
2022-10-21,0.0078,0.00782,0.007564,0.007778,1896200000
2022-10-24,0.007918,0.008078,0.007874,0.008032,5044000000
2022-10-25,0.008096,0.00831,0.0079,0.008084,6969700000
2022-10-26,0.00808,0.00808,0.007904,0.008,3128100000
2022-10-27,0.008118,0.008198,0.008008,0.00802,4747000000
2022-10-28,0.008038,0.008088,0.007858,0.007994,2235700000
2022-10-31,0.007998,0.008098,0.007968,0.00801,1515600000
2022-11-01,0.008228,0.008228,0.008018,0.00807,1794400000
2022-11-02,0.0081,0.008152,0.008066,0.008128,1519100000
2022-11-03,0.008086,0.008126,0.007906,0.008008,2372400000
2022-11-07,0.00801,0.00818,0.007852,0.008054,3543900000
2022-11-08,0.008122,0.008122,0.00786,0.007944,2823000000
2022-11-09,0.007944,0.00798,0.00778,0.007784,2842100000
2022-11-10,0.00778,0.007848,0.00763,0.00784,2049300000
2022-11-11,0.007848,0.00795,0.007778,0.007826,1389200000
2022-11-14,0.007648,0.007886,0.007648,0.00779,1307000000
2022-11-15,0.007794,0.007902,0.007714,0.007756,1200000000
2022-11-16,0.007756,0.007808,0.007678,0.007766,983900000
2022-11-17,0.007766,0.007826,0.007718,0.00773,778200000
2022-11-18,0.007736,0.007764,0.007676,0.007698,1054900000
2022-11-21,0.00769,0.007738,0.007588,0.007616,1094800000
2022-11-22,0.007622,0.007692,0.0075,0.007668,937900000
2022-11-23,0.007678,0.007784,0.00762,0.007658,1129500000
2022-11-24,0.007652,0.007728,0.007596,0.007658,717000000
2022-11-25,0.007674,0.007726,0.007602,0.00768,886300000
2022-11-28,0.00772,0.007848,0.007612,0.007802,2545800000
2022-11-29,0.007798,0.0079,0.007772,0.007854,1640900000
2022-11-30,0.007854,0.00795,0.007778,0.007902,1977500000
2022-12-01,0.007902,0.008076,0.007902,0.008,4685200000
2022-12-02,0.008044,0.008068,0.007916,0.00792,1542900000
2022-12-05,0.00792,0.008046,0.00792,0.00798,2081700000
2022-12-06,0.00798,0.008,0.00784,0.007886,1352300000
2022-12-07,0.007892,0.007938,0.007502,0.007786,2597900000
2022-12-08,0.007812,0.008172,0.007526,0.00753,17377000000
2022-12-09,0.00753,0.007578,0.00743,0.007512,2913400000
2022-12-12,0.0075,0.007566,0.0075,0.007548,1533400000
2022-12-13,0.007566,0.00765,0.00749,0.007536,2017300000
2022-12-14,0.007538,0.007538,0.0074,0.00741,2051200000
2022-12-15,0.00741,0.00741,0.00725,0.007312,2300200000
2022-12-16,0.007252,0.00735,0.007252,0.007296,1475100000
2022-12-19,0.0073,0.007322,0.007146,0.007174,2127100000
2022-12-20,0.007174,0.007232,0.00715,0.007198,1759300000
2022-12-21,0.007198,0.007292,0.007192,0.007194,2167700000
2022-12-22,0.007194,0.007304,0.007194,0.007234,1736900000
2022-12-23,0.00722,0.007308,0.007206,0.007264,1687600000
2022-12-26,0.00727,0.007342,0.00725,0.007274,3018800000
2022-12-27,0.007276,0.007322,0.007276,0.00729,1978700000
2022-12-28,0.007304,0.007306,0.00727,0.0073,1806600000
2022-12-29,0.0073,0.00746,0.007284,0.00739,3174300000
2022-12-30,0.00739,0.007428,0.007302,0.00735,1609200000
2023-01-03,0.007414,0.007432,0.007342,0.00741,773300000
2023-01-04,0.007386,0.007544,0.007368,0.00752,1380700000
2023-01-05,0.007522,0.007566,0.007486,0.007526,862800000
2023-01-06,0.00756,0.007598,0.00745,0.007538,1015700000
2023-01-09,0.00753,0.007598,0.007522,0.007596,2268900000
2023-01-10,0.007598,0.007698,0.00746,0.007574,3272200000
2023-01-11,0.00762,0.00789,0.007542,0.007708,4058000000
2023-01-12,0.007718,0.00776,0.00751,0.00756,6737600000
2023-01-13,0.00756,0.007692,0.00753,0.00763,3435700000
2023-01-16,0.007694,0.007698,0.007618,0.007636,2198700000
2023-01-17,0.007668,0.00785,0.007574,0.0078,5007000000
2023-01-18,0.00783,0.007838,0.007676,0.00774,3290100000
2023-01-19,0.007714,0.0079,0.007506,0.007606,7193700000
2023-01-20,0.007594,0.007728,0.007594,0.007646,2071800000
2023-01-23,0.007712,0.00796,0.00763,0.007854,8935800000
2023-01-24,0.007854,0.00804,0.007842,0.007972,7907800000
2023-01-25,0.007994,0.007994,0.00785,0.00787,3020400000
2023-01-26,0.00787,0.007954,0.00782,0.007832,2049700000
2023-01-27,0.007894,0.007988,0.007746,0.00793,4012000000
2023-01-30,0.007924,0.007998,0.00785,0.007898,1822800000
2023-01-31,0.007898,0.007996,0.007806,0.007882,2026300000
2023-02-01,0.007884,0.008134,0.007882,0.007994,5996700000
2023-02-02,0.008098,0.008098,0.00798,0.00798,2516200000
2023-02-03,0.007956,0.008012,0.007856,0.007892,2742900000
2023-02-06,0.007892,0.008068,0.007892,0.00801,2806600000
2023-02-07,0.00807,0.00807,0.007914,0.007968,2519800000
2023-02-08,0.007976,0.008096,0.007752,0.007926,6076300000
2023-02-09,0.00794,0.008,0.007828,0.00789,2798000000
2023-02-10,0.00789,0.008744,0.007824,0.00835,110100100000
2023-02-13,0.00847,0.008506,0.00815,0.00824,17631800000
2023-02-14,0.008166,0.008238,0.008002,0.008024,8953400000
2023-02-15,0.008024,0.008024,0.00762,0.00769,9989200000
2023-02-16,0.007686,0.007798,0.007614,0.007656,6356800000
2023-02-17,0.007624,0.007684,0.007512,0.007592,7363200000
2023-02-20,0.007594,0.00788,0.007554,0.007676,5385600000
2023-02-21,0.007676,0.007838,0.007668,0.007746,3795500000
2023-02-22,0.00777,0.007988,0.007736,0.007912,14281100000
2023-02-24,0.007948,0.007948,0.007826,0.007854,1960900000
2023-02-27,0.0078,0.008074,0.007788,0.007996,5301900000
2023-02-28,0.008048,0.008048,0.007956,0.007972,3952000000
2023-03-01,0.007986,0.008032,0.007904,0.007946,4993900000
2023-03-02,0.007946,0.007992,0.007862,0.007912,4516300000
2023-03-03,0.007914,0.007992,0.007892,0.007992,1393700000
2023-03-06,0.008052,0.00816,0.007996,0.008134,6502000000
2023-03-07,0.008162,0.00819,0.008078,0.008118,1765300000
2023-03-09,0.008122,0.00832,0.00812,0.008214,6241500000
2023-03-10,0.008242,0.008298,0.008162,0.008232,4154100000
2023-03-13,0.008232,0.008318,0.008044,0.00811,5719700000
2023-03-14,0.00811,0.00825,0.00811,0.008146,2724900000
2023-03-15,0.008168,0.008186,0.008028,0.008066,2363000000
2023-03-16,0.008118,0.00814,0.00795,0.008034,3121600000
2023-03-17,0.008008,0.008074,0.00797,0.008004,3104300000
2023-03-20,0.007958,0.008104,0.00795,0.00809,5078400000
2023-03-21,0.008136,0.008172,0.008056,0.008084,3105400000
2023-03-22,0.008104,0.008162,0.008064,0.008144,2089600000
2023-03-23,0.008096,0.008246,0.008096,0.008218,2797100000
2023-03-24,0.008288,0.0085,0.00822,0.00835,11239600000
2023-03-27,0.008498,0.008726,0.008294,0.008684,8532800000
2023-03-28,0.008696,0.008758,0.008518,0.008694,5504700000
2023-03-29,0.008716,0.008898,0.00866,0.008682,9273500000
2023-03-30,0.00873,0.009138,0.008684,0.008978,22427000000
2023-03-31,0.00905,0.00905,0.008522,0.008796,10618400000
2023-04-03,0.008934,0.009136,0.008848,0.009012,8094100000
2023-04-04,0.009012,0.009068,0.008888,0.00893,4880500000
2023-04-05,0.00893,0.0096,0.008904,0.0094,31799400000
2023-04-06,0.009306,0.009888,0.009108,0.009724,34292600000
2023-04-07,0.0096,0.009716,0.009306,0.009436,14723800000
2023-04-10,0.009492,0.009584,0.009324,0.00945,7274600000
2023-04-11,0.009476,0.009596,0.00912,0.009262,8696300000
2023-04-12,0.00941,0.00941,0.00913,0.00928,5275100000
2023-04-13,0.009268,0.009376,0.009,0.009072,5956800000
2023-04-14,0.009168,0.009168,0.009012,0.009134,2393000000
2023-04-17,0.0092,0.009578,0.0092,0.00948,12858700000
2023-04-18,0.00948,0.009586,0.009302,0.00941,7628900000
2023-04-19,0.00955,0.0098,0.009202,0.009648,13949100000
2023-04-20,0.00975,0.00975,0.00934,0.009632,23159100000
2023-04-21,0.00969,0.00969,0.009206,0.00924,16094300000
2023-04-24,0.00925,0.0095,0.0092,0.009334,8529100000
2023-04-25,0.00936,0.00936,0.00921,0.00921,3372500000
2023-04-26,0.01013,0.01025,0.009576,0.009676,79584400000
2023-04-27,0.009676,0.009694,0.00939,0.0095,11059900000
2023-04-28,0.0095,0.009648,0.00934,0.009514,8139000000
2023-05-02,0.009488,0.00962,0.009136,0.009262,7223800000
2023-05-03,0.00934,0.009348,0.00893,0.009,5807600000
2023-05-04,0.009,0.00914,0.00888,0.0089,4390800000
2023-05-05,0.00892,0.009094,0.00891,0.008948,2931500000
2023-05-08,0.00895,0.009034,0.008816,0.00889,1553100000
2023-05-10,0.00886,0.00927,0.008838,0.009132,5292300000
2023-05-11,0.009248,0.00944,0.0092,0.009342,7389200000
2023-05-12,0.00949,0.00949,0.009154,0.00925,4201500000
2023-05-15,0.00939,0.00965,0.009304,0.009578,13885900000
2023-05-16,0.00958,0.0102,0.00955,0.0102,89238500000
2023-05-17,0.01025,0.010314,0.009878,0.00998,30880500000
2023-05-18,0.01001,0.01013,0.00955,0.009802,16920800000
2023-05-19,0.00975,0.009778,0.009576,0.00969,5255100000
2023-05-22,0.00975,0.009992,0.009472,0.009562,14032800000
2023-05-23,0.009618,0.00982,0.009514,0.009582,8470900000
2023-05-24,0.009618,0.009716,0.009402,0.009714,5888900000
2023-05-25,0.009714,0.0099,0.009706,0.009754,10401400000
2023-05-26,0.00975,0.009792,0.009532,0.009622,7013300000
2023-05-29,0.00961,0.009788,0.00943,0.009552,6522200000
2023-05-30,0.00895,0.009332,0.008812,0.009056,28167500000
2023-05-31,0.00906,0.00909,0.008902,0.00899,5527500000
2023-06-01,0.00902,0.009102,0.008918,0.009038,4548000000
2023-06-02,0.00904,0.009272,0.008998,0.009052,7519500000
2023-06-05,0.009066,0.00922,0.009054,0.009078,7665000000
2023-06-06,0.009128,0.00913,0.008556,0.008992,5946800000
2023-06-07,0.009018,0.0092,0.008982,0.009032,5268700000
2023-06-08,0.009032,0.009148,0.009,0.009,3374600000
2023-06-09,0.009098,0.009098,0.00893,0.008994,2850400000
2023-06-13,0.009048,0.009088,0.009002,0.00904,2659100000
2023-06-14,0.009068,0.0092,0.009044,0.009192,7297000000
2023-06-15,0.009212,0.00938,0.00918,0.00932,12168700000
2023-06-16,0.009392,0.009392,0.009122,0.009234,5513000000
2023-06-19,0.009292,0.00931,0.0091,0.00927,3856500000
2023-06-20,0.00928,0.009298,0.00911,0.009176,3744600000
2023-06-21,0.009174,0.00925,0.009142,0.009208,2794400000
2023-06-22,0.009204,0.0093,0.00918,0.009256,4329700000
2023-06-23,0.00925,0.009298,0.00904,0.009128,4084700000
2023-06-26,0.00914,0.009172,0.00892,0.009036,4422400000
2023-06-27,0.009036,0.009222,0.00899,0.009112,12037000000
2023-06-28,0.009084,0.009194,0.009028,0.009078,3625400000
2023-06-29,0.009118,0.009298,0.009084,0.009178,13348000000
2023-06-30,0.00915,0.009218,0.008986,0.009062,3735100000
2023-07-03,0.009106,0.009116,0.009024,0.00903,3163400000
2023-07-04,0.00903,0.009068,0.009006,0.00901,2248300000
2023-07-05,0.009012,0.009094,0.00899,0.00902,4815100000
2023-07-06,0.00904,0.009056,0.008964,0.00899,4663600000
2023-07-07,0.00899,0.00902,0.008962,0.008992,2398200000
2023-07-10,0.009006,0.0091,0.009006,0.009084,4317800000
2023-07-11,0.0091,0.0091,0.009044,0.009084,2989000000
2023-07-12,0.009056,0.0092,0.009028,0.009148,5117100000
2023-07-13,0.009174,0.009198,0.00902,0.00908,3591200000
2023-07-14,0.0091,0.0091,0.009026,0.009038,3006600000
2023-07-17,0.009078,0.0093,0.009016,0.009276,13845500000
2023-07-18,0.0093,0.010936,0.009286,0.0107,396218600000
2023-07-19,0.010912,0.012816,0.010802,0.01205,661614600000
2023-07-20,0.01213,0.01285,0.010736,0.010916,229245000000
2023-07-21,0.01094,0.01159,0.010556,0.010882,174236400000
2023-07-24,0.011188,0.011688,0.0109,0.011474,93992500000
2023-07-25,0.011516,0.01163,0.01121,0.01131,35447900000
2023-07-26,0.011344,0.011422,0.010892,0.01106,41938100000
2023-07-27,0.011266,0.011266,0.01079,0.010958,34919200000
2023-07-28,0.011056,0.011132,0.01076,0.010912,23162300000
2023-07-31,0.01108,0.01132,0.010958,0.01111,30042600000
2023-08-01,0.011232,0.01129,0.011002,0.011048,16083000000
2023-08-02,0.0111,0.011364,0.011004,0.01123,39294400000
2023-08-03,0.0114,0.011998,0.011176,0.011734,75593300000
2023-08-04,0.01187,0.01234,0.01085,0.01109,143972100000
2023-08-07,0.011094,0.01142,0.011002,0.011102,27879100000
2023-08-08,0.011102,0.011776,0.01065,0.011376,101519600000
2023-08-09,0.01149,0.012264,0.011466,0.012016,168754900000
2023-08-10,0.012066,0.01225,0.011522,0.011762,49714900000
2023-08-11,0.011838,0.011952,0.0116,0.011718,19971700000
2023-08-14,0.0118,0.01249,0.011526,0.01174,58935400000
2023-08-15,0.011696,0.012098,0.011,0.011714,33076800000
2023-08-16,0.0116,0.011858,0.011012,0.011276,27710900000
2023-08-17,0.01136,0.011726,0.011202,0.01162,23796500000
2023-08-18,0.011676,0.01175,0.011504,0.011596,10530400000
2023-08-21,0.0117,0.011866,0.011624,0.011792,12445800000
2023-08-22,0.01185,0.011858,0.01146,0.011542,13965200000
2023-08-23,0.011616,0.011638,0.01125,0.011518,11002500000
2023-08-24,0.011392,0.01159,0.011026,0.01157,20175500000
2023-08-25,0.011608,0.01185,0.011464,0.011536,13133100000
2023-08-28,0.01161,0.011948,0.01151,0.011784,19259300000
2023-08-29,0.0118,0.0132,0.011564,0.0127,253475400000
2023-08-30,0.01268,0.012894,0.012306,0.01255,80840100000
2023-08-31,0.012786,0.01347,0.0126,0.013044,122556400000
2023-09-01,0.013084,0.01325,0.01257,0.01272,53947100000
2023-09-04,0.012724,0.012892,0.012502,0.01258,31816500000
2023-09-05,0.012626,0.013198,0.012208,0.012606,98140300000
2023-09-06,0.0127,0.012736,0.0123,0.012502,24070100000
2023-09-07,0.01254,0.012784,0.01202,0.012232,49458600000
2023-09-08,0.012232,0.0124,0.011706,0.012108,26949600000
2023-09-11,0.01223,0.012588,0.01205,0.012364,36327100000
2023-09-12,0.012488,0.0127,0.012288,0.012488,24750200000
2023-09-13,0.012488,0.012576,0.012,0.012008,21620700000
2023-09-14,0.012046,0.012068,0.00945,0.011006,145730600000
2023-09-15,0.011018,0.01126,0.01051,0.011074,48283900000
2023-09-18,0.011112,0.011658,0.0108,0.011134,53142800000
2023-09-19,0.0112,0.0112,0.01058,0.010748,31766800000
2023-09-20,0.0107,0.010742,0.010006,0.010376,42782000000
2023-09-21,0.01036,0.01036,0.009938,0.010152,19821600000
2023-09-22,0.010102,0.01047,0.00995,0.010376,18909300000
2023-09-25,0.01037,0.010784,0.0103,0.010602,18802600000
2023-09-26,0.0106,0.010986,0.010464,0.010688,29152400000
2023-09-27,0.010726,0.01087,0.010602,0.010712,10479900000
2023-09-28,0.010736,0.0108,0.010606,0.01075,11098500000
2023-09-29,0.01082,0.010826,0.01053,0.010554,9137100000
2023-10-02,0.0106,0.0108,0.01023,0.01025,12290600000
2023-10-03,0.01026,0.010468,0.01015,0.010368,9278400000
2023-10-04,0.0105,0.0105,0.010366,0.01043,4854300000
2023-10-05,0.010372,0.010488,0.010302,0.010324,4084100000
2023-10-06,0.0103,0.010378,0.01021,0.01026,3750300000
2023-10-09,0.010292,0.01067,0.010278,0.010458,14849700000
2023-10-10,0.01056,0.010564,0.010408,0.010496,4380100000
2023-10-11,0.010534,0.01085,0.01051,0.010734,20088900000
2023-10-12,0.0106,0.011064,0.010414,0.010816,30245200000
2023-10-13,0.01082,0.010946,0.01063,0.010742,10637700000
2023-10-16,0.010742,0.0112,0.010742,0.011008,25105400000
2023-10-17,0.01116,0.011246,0.011062,0.01114,17031800000
2023-10-18,0.01115,0.011184,0.010822,0.01094,11290800000
2023-10-19,0.011,0.011082,0.0107,0.010994,9795800000
2023-10-20,0.011,0.011134,0.01092,0.01103,11527600000
2023-10-23,0.011152,0.011416,0.0111,0.011346,27605400000
2023-10-24,0.01138,0.01145,0.011002,0.01102,23712700000
2023-10-25,0.01108,0.01135,0.010818,0.01117,22700400000
2023-10-26,0.011278,0.01139,0.0107,0.010798,21471800000
2023-10-27,0.01084,0.010968,0.01056,0.010822,14445300000
2023-10-30,0.010824,0.010866,0.010652,0.010658,5460400000
2023-10-31,0.010658,0.01072,0.010366,0.010482,6749300000
2023-11-01,0.010482,0.01055,0.010442,0.010474,3460300000
2023-11-02,0.010512,0.010612,0.010404,0.010404,4238300000
2023-11-03,0.010446,0.01053,0.0103,0.0103,4711500000
2023-11-06,0.010362,0.010644,0.010322,0.01061,8236200000
2023-11-07,0.010656,0.01071,0.010502,0.010534,4259100000
2023-11-08,0.01058,0.0107,0.010522,0.010662,7862600000
2023-11-09,0.010668,0.010976,0.010612,0.010774,29201300000
2023-11-10,0.010776,0.010794,0.010414,0.010516,9943700000
2023-11-13,0.010544,0.010578,0.010306,0.010334,7371400000
2023-11-14,0.0103,0.01033,0.009708,0.009932,14573700000
2023-11-15,0.009932,0.010428,0.009904,0.01022,21041000000
2023-11-16,0.01024,0.010512,0.00995,0.010204,15760700000
2023-11-17,0.01024,0.010308,0.01,0.010084,9424200000
2023-11-20,0.0101,0.010236,0.010084,0.010128,6323400000
2023-11-21,0.01006,0.010194,0.01006,0.01011,3357200000
2023-11-22,0.010112,0.010208,0.010112,0.010158,4524500000
2023-11-23,0.010236,0.010236,0.01005,0.01005,4639400000
2023-11-24,0.010048,0.01006,0.009806,0.00987,6331000000
2023-11-27,0.009888,0.00989,0.009334,0.009412,18313300000
2023-11-28,0.00943,0.00965,0.009416,0.009546,10201100000
2023-11-29,0.009554,0.009634,0.009402,0.009468,6048900000
2023-11-30,0.00959,0.00959,0.009352,0.009396,3817200000
2023-12-01,0.009398,0.009482,0.00931,0.00932,4266400000
2023-12-04,0.009304,0.009304,0.009006,0.009072,9459500000
2023-12-05,0.00902,0.009184,0.008802,0.009006,9225000000
2023-12-06,0.009038,0.00909,0.00875,0.008782,7060800000
2023-12-07,0.00875,0.008844,0.00845,0.008768,14653800000
2023-12-08,0.008774,0.008922,0.008746,0.008868,7320700000
2023-12-11,0.00892,0.00892,0.008504,0.008538,11180500000
2023-12-12,0.00846,0.008534,0.008244,0.008394,11596300000
2023-12-13,0.008376,0.00854,0.008314,0.008426,7363300000
2023-12-14,0.00846,0.008628,0.008418,0.00847,9632300000
2023-12-15,0.00847,0.00874,0.008426,0.008698,7827200000
2023-12-18,0.0087,0.008948,0.0087,0.008948,9148600000
2023-12-19,0.008868,0.00907,0.008832,0.00901,16513200000
2023-12-20,0.009064,0.009098,0.008856,0.00894,10168900000
2023-12-21,0.00896,0.00896,0.00873,0.00877,7689600000
2023-12-22,0.0088,0.008934,0.008764,0.008826,10019900000
2023-12-25,0.008878,0.00893,0.008752,0.0088,7085300000
2023-12-26,0.0088,0.008928,0.0087,0.0088,11274900000
2023-12-27,0.00885,0.009378,0.008612,0.008878,45393600000
2023-12-28,0.008992,0.00915,0.00868,0.00885,30320100000
2023-12-29,0.00872,0.008944,0.00872,0.008756,11016700000
2024-01-03,0.008792,0.008982,0.008762,0.008932,5738100000
2024-01-04,0.008998,0.009192,0.008936,0.009128,14085600000
2024-01-05,0.00919,0.009298,0.009104,0.009136,13792500000
2024-01-08,0.00925,0.009326,0.00915,0.00924,10306400000
2024-01-09,0.009242,0.00938,0.00911,0.009354,17085200000
2024-01-10,0.00938,0.009668,0.00929,0.0096,36113500000
2024-01-11,0.009606,0.00995,0.009456,0.009672,64615100000
2024-01-12,0.009768,0.009846,0.009632,0.00965,14407000000
2024-01-15,0.009714,0.00983,0.00965,0.009764,17040900000
2024-01-16,0.009818,0.00989,0.0097,0.009752,12385000000
2024-01-17,0.009798,0.009814,0.009686,0.009732,6210300000
2024-01-18,0.009716,0.009742,0.009552,0.009606,13092600000
2024-01-19,0.00968,0.00988,0.00951,0.009646,26584100000
2024-01-22,0.009648,0.00979,0.009648,0.00972,9760800000
2024-01-23,0.00975,0.010028,0.009688,0.00997,56658100000
2024-01-24,0.01,0.010192,0.00982,0.00987,38284900000
2024-01-25,0.009878,0.009904,0.009604,0.009684,15512200000
2024-01-26,0.009798,0.009804,0.009528,0.009622,9750100000
2024-01-29,0.009626,0.00978,0.009566,0.009686,7689000000
2024-01-30,0.00975,0.009778,0.009684,0.009724,7903500000
2024-01-31,0.009724,0.009938,0.009712,0.009872,13891800000
2024-02-01,0.00987,0.009944,0.00962,0.009644,10419000000
2024-02-02,0.00965,0.00983,0.009552,0.0098,10565800000
2024-02-05,0.009834,0.01009,0.009736,0.010024,16762700000
2024-02-06,0.01002,0.01025,0.009998,0.01023,15707000000
2024-02-07,0.01023,0.0104,0.010192,0.010194,17393700000
2024-02-08,0.01019,0.01039,0.0097,0.01003,26776700000
2024-02-09,0.010078,0.0101,0.00982,0.009862,8904300000
2024-02-12,0.00987,0.009964,0.00975,0.0098,5329300000
2024-02-13,0.00985,0.01005,0.009804,0.009978,8665000000
2024-02-14,0.01003,0.010052,0.009882,0.009884,3156800000
2024-02-15,0.00991,0.009988,0.00981,0.009932,5437800000
2024-02-16,0.009932,0.009966,0.009724,0.00975,4014500000
2024-02-19,0.009798,0.009836,0.00975,0.009786,3873700000
2024-02-20,0.009788,0.009822,0.00962,0.00963,6988400000
2024-02-21,0.009598,0.009598,0.0092,0.009378,14537400000
2024-02-22,0.009392,0.009506,0.00924,0.009324,5134600000
2024-02-26,0.00934,0.009626,0.00934,0.009556,5123500000
2024-02-27,0.009596,0.00985,0.009532,0.009592,13633800000
2024-02-28,0.009592,0.009646,0.00951,0.009526,6695200000
2024-02-29,0.00951,0.00963,0.009282,0.009388,14402900000
2024-03-01,0.009314,0.00955,0.009314,0.009534,6972100000
2024-03-04,0.009534,0.009718,0.009534,0.009692,8454000000
2024-03-05,0.009696,0.009782,0.009632,0.009666,3727400000
2024-03-06,0.009694,0.009694,0.009566,0.009616,2314800000
2024-03-07,0.0096,0.009764,0.009572,0.00973,6667900000
2024-03-11,0.009734,0.010096,0.009734,0.009926,34111600000
2024-03-12,0.009926,0.00995,0.009514,0.009726,10998200000
2024-03-13,0.009726,0.00992,0.009696,0.00971,4959300000
2024-03-14,0.009692,0.009718,0.00954,0.00957,6241100000
2024-03-15,0.009624,0.009624,0.009516,0.00953,3470500000
2024-03-18,0.009532,0.009576,0.009412,0.00944,12806300000
2024-03-19,0.009414,0.009528,0.009286,0.009484,9795700000
2024-03-20,0.009482,0.009482,0.009286,0.009384,6614100000
2024-03-21,0.00934,0.009496,0.00934,0.00946,9163700000
2024-03-22,0.00946,0.009618,0.0091,0.009242,14417100000
2024-03-25,0.009258,0.009348,0.009122,0.009324,7147800000
2024-03-26,0.009394,0.009394,0.009162,0.009254,7151000000
2024-03-27,0.009316,0.009428,0.0092,0.009242,14707400000
2024-03-28,0.009216,0.009312,0.00914,0.009166,7388500000
2024-03-29,0.00918,0.00918,0.009084,0.00911,7050300000
2024-04-01,0.00911,0.009344,0.00911,0.009234,13528900000
2024-04-02,0.009232,0.009346,0.00916,0.009248,9594000000
2024-04-03,0.00929,0.009318,0.009152,0.009314,5391500000
2024-04-04,0.009314,0.009424,0.00917,0.009238,10602100000
2024-04-05,0.009252,0.00934,0.009238,0.00927,4983800000
2024-04-08,0.00927,0.00955,0.00927,0.009474,14919000000
2024-04-09,0.009474,0.00953,0.009344,0.009384,6540900000
2024-04-10,0.00938,0.01025,0.009352,0.010146,129687800000
2024-04-11,0.010116,0.0104,0.009752,0.009852,52566300000
2024-04-12,0.009882,0.009914,0.009728,0.009798,15145700000
2024-04-15,0.0098,0.01014,0.009798,0.010032,36043500000
2024-04-16,0.01009,0.010176,0.00983,0.009886,18367300000
2024-04-17,0.009912,0.009974,0.00971,0.009872,11043600000
2024-04-18,0.009872,0.00993,0.009716,0.00974,8876700000
2024-04-19,0.009772,0.009948,0.009722,0.009866,11855500000
2024-04-22,0.00992,0.010004,0.009864,0.00998,11634600000
2024-04-23,0.00997,0.01002,0.00962,0.00971,9966300000
2024-04-24,0.009702,0.009826,0.00968,0.009702,7278100000
2024-04-25,0.0097,0.009774,0.009428,0.009626,14413100000
2024-04-26,0.00965,0.00974,0.009526,0.009602,9352400000
2024-04-29,0.009608,0.009666,0.00956,0.009612,6413200000
2024-04-30,0.009618,0.0103,0.009618,0.010154,112621900000
2024-05-02,0.010078,0.01034,0.009682,0.009854,45082400000
2024-05-03,0.009826,0.009876,0.009714,0.00975,8572400000
2024-05-06,0.009766,0.00996,0.009726,0.009894,11584000000
2024-05-07,0.009884,0.009988,0.00982,0.009856,8573200000
2024-05-08,0.00985,0.009916,0.009792,0.009812,4130400000
2024-05-10,0.009868,0.009882,0.009796,0.009846,2237100000
2024-05-13,0.0099,0.009958,0.00981,0.009864,6664100000
2024-05-14,0.009894,0.009896,0.00961,0.009674,10664700000
2024-05-15,0.009692,0.009738,0.009652,0.00971,4133300000
2024-05-16,0.009726,0.009726,0.00962,0.00967,3235900000
2024-05-17,0.00968,0.009736,0.00952,0.009594,6261100000
2024-05-20,0.0096,0.00963,0.00918,0.009258,7466900000
2024-05-21,0.009278,0.009378,0.008888,0.009082,24485600000
2024-05-22,0.009168,0.009318,0.009102,0.009278,12788700000
2024-05-23,0.009278,0.0093,0.009082,0.009168,7680500000
2024-05-24,0.009168,0.009228,0.008934,0.008936,8590400000
2024-05-27,0.00904,0.00908,0.008684,0.008728,9531900000
2024-05-28,0.008734,0.008864,0.008602,0.008692,10853300000
2024-05-29,0.008684,0.008718,0.0086,0.00871,4296100000
2024-05-30,0.00875,0.008758,0.008294,0.008342,6680700000
2024-05-31,0.008342,0.008342,0.007926,0.007952,8106800000
2024-06-03,0.00801,0.008192,0.007606,0.0081,14235800000
2024-06-04,0.008096,0.008346,0.007948,0.008344,6343300000
2024-06-05,0.00842,0.00842,0.00826,0.008292,3980800000
2024-06-06,0.008302,0.00835,0.008188,0.008238,3227400000
2024-06-07,0.00825,0.008494,0.00825,0.008456,6302300000
2024-06-10,0.00847,0.008598,0.00836,0.008454,6100500000
2024-06-11,0.008454,0.008484,0.00836,0.008434,2481400000
2024-06-13,0.008096,0.008376,0.00781,0.008316,5757200000
2024-06-14,0.00831,0.008548,0.008306,0.008524,3970200000
2024-06-17,0.008524,0.008528,0.008404,0.008428,2563600000
2024-06-18,0.00843,0.008444,0.00826,0.008292,1946700000
2024-06-19,0.008298,0.008402,0.008008,0.008066,7324300000
2024-06-20,0.008104,0.00827,0.008038,0.008222,4782500000
2024-06-21,0.008278,0.008278,0.008148,0.008168,1924800000
2024-06-24,0.008144,0.008212,0.008062,0.00808,1811300000
2024-06-25,0.008096,0.008096,0.008004,0.00808,2085100000
2024-06-26,0.00808,0.008198,0.008068,0.0081,4575800000
2024-06-27,0.008112,0.00822,0.008088,0.008128,3161100000
2024-06-28,0.008128,0.00824,0.00807,0.00807,2577200000
2024-07-01,0.008166,0.0083,0.008022,0.008242,9360100000
2024-07-02,0.00826,0.008498,0.00826,0.00843,8606000000
2024-07-03,0.008542,0.008542,0.008244,0.00825,4547400000
2024-07-04,0.00826,0.008304,0.008116,0.00818,2410200000
2024-07-05,0.008146,0.008238,0.008058,0.008162,2516400000
2024-07-08,0.008162,0.00828,0.008,0.008038,4960200000
2024-07-09,0.008002,0.008078,0.007704,0.007816,6257300000
2024-07-10,0.007862,0.007862,0.007338,0.007364,10089600000
2024-07-11,0.007366,0.007766,0.007272,0.007662,7358800000
2024-07-12,0.007726,0.007752,0.007442,0.00746,7042100000
2024-07-15,0.0075,0.00757,0.007272,0.00737,7676100000
2024-07-16,0.00737,0.007458,0.007056,0.007368,14444000000
2024-07-17,0.007436,0.007492,0.00728,0.007402,5972800000
2024-07-18,0.00741,0.00756,0.00736,0.007552,5340900000
2024-07-19,0.007542,0.007618,0.007452,0.0075,6497300000
2024-07-22,0.007532,0.007644,0.007506,0.007642,5840600000
2024-07-23,0.007696,0.007696,0.007468,0.007648,6414100000
2024-07-24,0.00768,0.0078,0.007608,0.007726,7043300000
2024-07-25,0.007702,0.007702,0.0076,0.00765,3504300000
2024-07-26,0.007668,0.00774,0.007412,0.00749,8717200000
2024-07-29,0.00743,0.00748,0.0073,0.007336,4729800000
2024-07-30,0.007332,0.007466,0.00733,0.007424,2567800000
2024-07-31,0.007428,0.007542,0.007428,0.00746,2114100000
2024-08-01,0.007466,0.007536,0.00742,0.007436,2177600000
2024-08-02,0.007418,0.007466,0.007326,0.007352,2145600000
2024-08-05,0.0073,0.007308,0.007152,0.007182,4045000000
2024-08-06,0.0072,0.00728,0.007174,0.007242,2915800000
2024-08-07,0.007254,0.007334,0.007186,0.007262,3289700000
2024-08-08,0.007254,0.00735,0.007208,0.00723,2647200000
2024-08-09,0.007194,0.007296,0.007194,0.00723,1373900000
2024-08-12,0.007282,0.007304,0.007188,0.00725,3251900000
2024-08-13,0.007252,0.00763,0.00725,0.00759,12809700000
2024-08-14,0.007586,0.00768,0.00741,0.007452,8913500000
2024-08-15,0.007492,0.007534,0.00739,0.007436,3675800000
2024-08-16,0.007448,0.007472,0.007296,0.0073,3116300000
2024-08-19,0.0073,0.00741,0.007176,0.007272,4355100000
2024-08-20,0.00727,0.007342,0.00719,0.007254,3145100000
2024-08-21,0.007254,0.00756,0.007208,0.007552,6819800000
2024-08-22,0.007474,0.00758,0.007238,0.00724,4082000000
2024-08-23,0.007306,0.007306,0.006666,0.006966,16433800000
2024-08-26,0.00707,0.007178,0.00691,0.00717,8220200000
2024-08-27,0.007186,0.007218,0.007052,0.00721,7590000000
2024-08-28,0.00718,0.00745,0.00686,0.007268,20590600000
2024-08-29,0.00734,0.007344,0.007116,0.007168,4255500000
2024-08-30,0.007158,0.0072,0.0069,0.006944,3687900000
2024-09-02,0.006928,0.006938,0.006602,0.006712,7802800000
2024-09-03,0.006712,0.00685,0.00665,0.006696,4668900000
2024-09-04,0.0067,0.00709,0.006674,0.006972,6344500000
2024-09-05,0.007,0.007148,0.006804,0.006814,5895000000
2024-09-06,0.006822,0.006932,0.00672,0.006876,5036400000
2024-09-09,0.0069,0.007046,0.006878,0.007006,2847400000
2024-09-10,0.007092,0.007092,0.006802,0.006846,3409700000
2024-09-11,0.00686,0.0069,0.006754,0.006768,2133000000
2024-09-12,0.006782,0.006802,0.00671,0.006778,1832700000
2024-09-13,0.006778,0.006954,0.00672,0.006854,3198200000
2024-09-16,0.006938,0.00708,0.006888,0.007064,3690800000
2024-09-17,0.007064,0.007266,0.00692,0.007232,3514700000
2024-09-18,0.00717,0.00723,0.0071,0.007118,1749500000
2024-09-19,0.00715,0.00715,0.007034,0.007102,1920400000
2024-09-20,0.007116,0.007214,0.00706,0.007206,2409800000
2024-09-23,0.007206,0.00745,0.007198,0.007414,5386300000
2024-09-24,0.00743,0.007442,0.00726,0.007412,4195200000
2024-09-25,0.007396,0.007404,0.007108,0.007244,3959200000
2024-09-26,0.00727,0.00777,0.007194,0.007718,9585300000
2024-09-27,0.00765,0.007792,0.007612,0.007652,5195400000
2024-09-30,0.007594,0.007726,0.00737,0.00748,4498800000
2024-10-01,0.00748,0.007522,0.007402,0.007432,2566300000
2024-10-02,0.007458,0.007506,0.007168,0.007194,2586800000
2024-10-03,0.007192,0.007396,0.00717,0.007374,3388300000
2024-10-04,0.007392,0.007422,0.00723,0.007304,1853800000
2024-10-07,0.0073,0.007378,0.007172,0.00718,2003400000
2024-10-08,0.00727,0.00727,0.007152,0.007214,1472300000
2024-10-09,0.00727,0.00727,0.0071,0.007152,2102700000
2024-10-10,0.007104,0.007192,0.006986,0.007094,5078700000
2024-10-11,0.007146,0.007146,0.007004,0.00705,2315100000
2024-10-14,0.007098,0.007204,0.006986,0.007204,4105400000
2024-10-15,0.007136,0.007294,0.007124,0.007232,3761500000
2024-10-16,0.007272,0.007298,0.007122,0.007142,2382000000
2024-10-17,0.00716,0.007192,0.007018,0.007074,2358500000
2024-10-18,0.007046,0.00711,0.007,0.007094,1628700000
2024-10-21,0.00707,0.007176,0.00707,0.007122,1270000000
2024-10-22,0.00712,0.007126,0.00701,0.007044,1222100000
2024-10-23,0.00707,0.00707,0.006962,0.00702,2046600000
2024-10-24,0.006966,0.007092,0.006888,0.007068,3280900000
2024-10-25,0.00708,0.007202,0.0068,0.006864,4697900000
2024-10-28,0.006814,0.006898,0.00665,0.006682,4369700000
2024-10-29,0.006682,0.006838,0.00665,0.006828,2861900000
2024-10-30,0.00692,0.00692,0.006722,0.00674,2254600000
2024-10-31,0.00672,0.00675,0.006644,0.006666,1830300000
2024-11-01,0.006644,0.006708,0.006626,0.006682,2615100000
2024-11-05,0.00679,0.006868,0.006618,0.006746,3189900000
2024-11-06,0.006776,0.006998,0.006776,0.006848,3616400000
2024-11-07,0.00694,0.006964,0.006728,0.006956,2785300000
2024-11-08,0.006948,0.007048,0.006886,0.00702,4544000000
2024-11-11,0.00705,0.00727,0.00705,0.007218,3923900000
2024-11-12,0.007218,0.007236,0.007116,0.007128,1835600000
2024-11-13,0.007128,0.007196,0.0071,0.00712,1556100000
2024-11-14,0.007106,0.007106,0.0069,0.006976,2726100000
2024-11-15,0.006914,0.007062,0.006914,0.007056,2049200000
2024-11-18,0.006936,0.006968,0.006848,0.006874,2984800000
2024-11-19,0.006868,0.006888,0.00667,0.00671,4147700000
2024-11-20,0.00674,0.006774,0.006632,0.006666,1660500000
2024-11-21,0.006704,0.006798,0.006566,0.00678,5285500000
2024-11-22,0.00678,0.006832,0.006682,0.006714,1543600000
2024-11-25,0.006712,0.006714,0.00645,0.006498,3500300000
2024-11-26,0.00651,0.006514,0.005938,0.006056,8451600000
2024-11-27,0.006058,0.006098,0.00573,0.006068,7488600000
2024-11-28,0.006148,0.006316,0.00608,0.006142,6891800000
2024-11-29,0.006158,0.006256,0.006144,0.006198,1647400000
2024-12-02,0.0062,0.006246,0.00616,0.006228,1755400000
2024-12-03,0.006246,0.006246,0.005882,0.005976,3004000000
2024-12-04,0.005972,0.006038,0.005784,0.005812,3329600000
2024-12-05,0.005816,0.00609,0.005692,0.00605,4334300000
2024-12-06,0.006102,0.006124,0.005954,0.00603,1865900000
2024-12-09,0.00612,0.006138,0.005912,0.006092,1835700000
2024-12-10,0.006064,0.00609,0.005912,0.00593,1845300000
2024-12-11,0.005964,0.005964,0.00574,0.005946,2094200000
2024-12-12,0.006004,0.006004,0.005832,0.00584,1727400000
2024-12-13,0.005848,0.005902,0.005822,0.005854,1226000000
2024-12-16,0.005892,0.0059,0.00572,0.00574,2817400000
2024-12-17,0.005746,0.005798,0.005706,0.005754,2205800000
2024-12-18,0.00579,0.005872,0.005704,0.005816,2693800000
2024-12-19,0.005822,0.00622,0.00582,0.006178,19197100000
2024-12-20,0.006172,0.0067,0.00601,0.006614,18338500000
2024-12-23,0.0067,0.007188,0.00668,0.006896,12372300000
2024-12-24,0.00699,0.0071,0.00682,0.006944,5662100000
2024-12-25,0.006906,0.00704,0.006854,0.00701,5785200000
2024-12-26,0.007,0.00715,0.006968,0.00703,7328900000
2024-12-27,0.007036,0.007332,0.006902,0.007244,14565600000
2024-12-30,0.007434,0.00772,0.007434,0.007688,7790500000
2025-01-03,0.007704,0.007848,0.007534,0.007628,4684400000
2025-01-06,0.00753,0.007574,0.00735,0.007488,3942300000
2025-01-08,0.00754,0.0078,0.007442,0.00768,8578100000
2025-01-09,0.00775,0.007802,0.00739,0.007454,5619100000
2025-01-10,0.007452,0.007764,0.0074,0.00765,8391700000
2025-01-13,0.0077,0.007898,0.00765,0.007734,7752200000
2025-01-14,0.007734,0.007822,0.007596,0.0077,3380900000
2025-01-15,0.0077,0.00778,0.00754,0.007754,4207100000
2025-01-16,0.007776,0.007986,0.007716,0.007836,11255600000
2025-01-17,0.00789,0.00798,0.00777,0.007812,7813400000
2025-01-20,0.007902,0.007972,0.007442,0.00761,11596500000
2025-01-21,0.007662,0.007718,0.007276,0.0075,26016100000
2025-01-22,0.0075,0.007586,0.007402,0.00746,8224400000
2025-01-23,0.00746,0.0075,0.00733,0.007498,5615200000
2025-01-24,0.0075,0.007538,0.00742,0.007478,4180300000
2025-01-27,0.0075,0.0075,0.00734,0.007352,3754300000
2025-01-28,0.007352,0.007484,0.007218,0.007452,4493700000
2025-01-29,0.007452,0.007486,0.00738,0.00741,2625000000
2025-01-30,0.007452,0.007468,0.0074,0.007436,2771600000
2025-01-31,0.0075,0.00754,0.007346,0.007432,3610100000
2025-02-03,0.007334,0.007424,0.00722,0.007318,3181300000
2025-02-04,0.007318,0.00738,0.007184,0.007222,4121100000
2025-02-05,0.0072,0.007338,0.0071,0.007334,5084400000
2025-02-06,0.007348,0.007384,0.007292,0.007316,2075900000
2025-02-07,0.007386,0.007386,0.007216,0.007286,1749000000
2025-02-10,0.007296,0.007398,0.007228,0.00727,3023700000
2025-02-11,0.007324,0.007386,0.00724,0.00737,3205500000
2025-02-12,0.007428,0.008206,0.007404,0.008132,53025000000
2025-02-13,0.0084,0.0084,0.007628,0.007928,23692100000
2025-02-14,0.00805,0.008498,0.0077,0.007936,20927000000
2025-02-17,0.0081,0.008478,0.008036,0.00847,22657100000
2025-02-18,0.008386,0.00843,0.008002,0.008126,20731400000
2025-02-19,0.00814,0.00833,0.00805,0.008236,7342200000
2025-02-20,0.008186,0.008582,0.008184,0.00851,17125600000
2025-02-21,0.00857,0.00857,0.008358,0.008404,6799100000
2025-02-24,0.008486,0.008538,0.008166,0.008478,14160900000
2025-02-25,0.008522,0.008528,0.008284,0.008378,9577100000
2025-02-26,0.008378,0.008406,0.00782,0.008046,14161300000
2025-02-27,0.008034,0.008178,0.007904,0.007912,6750700000
2025-02-28,0.007956,0.008136,0.00783,0.00809,6758400000
2025-03-03,0.008026,0.0081,0.007836,0.007992,7069700000
2025-03-04,0.008,0.00818,0.0079,0.008028,9155800000
2025-03-05,0.007998,0.008102,0.007952,0.007984,5288700000
2025-03-06,0.008022,0.008056,0.007644,0.00798,11544100000
2025-03-07,0.00798,0.008056,0.00775,0.007922,8681800000
2025-03-10,0.007906,0.0082,0.0078,0.007916,4526100000
2025-03-11,0.007952,0.00799,0.007784,0.00779,7283300000
2025-03-12,0.007796,0.007808,0.00755,0.007662,5484100000
2025-03-13,0.00756,0.007844,0.00755,0.007768,7059200000
2025-03-14,0.007702,0.007858,0.007702,0.007856,2751100000
2025-03-17,0.008,0.00803,0.00786,0.007924,5507500000
2025-03-18,0.00799,0.00802,0.007732,0.007804,7619800000
2025-03-19,0.007806,0.007996,0.007746,0.007918,4994500000
2025-03-20,0.007936,0.007974,0.007766,0.007872,3823600000
2025-03-21,0.00785,0.007934,0.007784,0.007822,2632300000
2025-03-24,0.00786,0.007898,0.007756,0.007766,3548100000
2025-03-25,0.007776,0.00784,0.00766,0.007782,4861700000
2025-03-26,0.00779,0.007996,0.007736,0.00783,11468500000
2025-03-27,0.007828,0.007828,0.007632,0.007666,5079700000
2025-03-28,0.007686,0.007686,0.00745,0.007496,6871900000
2025-03-31,0.007232,0.007598,0.007232,0.00749,6284300000
2025-04-01,0.007518,0.007708,0.00733,0.007394,6759000000
2025-04-02,0.007394,0.00754,0.007348,0.007484,3289600000
2025-04-03,0.007468,0.00756,0.00702,0.007206,7782200000
2025-04-04,0.00726,0.007366,0.00663,0.006726,13322700000
2025-04-07,0.006702,0.006702,0.0061,0.00655,22729400000
2025-04-08,0.006594,0.00672,0.00636,0.006362,4546600000
2025-04-09,0.006366,0.00675,0.00618,0.006726,7231000000
2025-04-10,0.006726,0.006748,0.006394,0.0066,3786500000
2025-04-11,0.006618,0.006888,0.006618,0.006832,5238900000
2025-04-14,0.00691,0.006946,0.006652,0.006698,3029600000
2025-04-15,0.006726,0.006768,0.006472,0.006564,6531200000
2025-04-16,0.006562,0.00673,0.006416,0.006598,3659500000
2025-04-17,0.006576,0.00678,0.006576,0.006752,3219500000
2025-04-18,0.00673,0.006734,0.006564,0.0066,1840500000
2025-04-21,0.006682,0.00687,0.006606,0.006782,4289600000
2025-04-22,0.006782,0.007024,0.006742,0.006908,10824200000
2025-04-23,0.006924,0.006968,0.00675,0.006814,4199100000
2025-04-24,0.006802,0.006948,0.006802,0.006822,2639700000
2025-04-25,0.006858,0.00713,0.006838,0.007064,13049500000
2025-04-28,0.007004,0.007126,0.006902,0.006986,8316500000
2025-04-29,0.006986,0.007004,0.00662,0.00667,16667400000
2025-04-30,0.00667,0.006682,0.00648,0.006586,5992200000
2025-05-02,0.00655,0.00655,0.006394,0.0064,2473100000
2025-05-05,0.006468,0.00648,0.006258,0.006354,3867500000
2025-05-06,0.00645,0.006544,0.006314,0.006472,3616100000
2025-05-07,0.006472,0.00655,0.006432,0.006472,2433900000
2025-05-08,0.00645,0.006584,0.00645,0.00655,2356100000
2025-05-12,0.006704,0.006768,0.006638,0.006688,3246100000
2025-05-13,0.00669,0.006742,0.006622,0.006638,1957200000
2025-05-14,0.00666,0.00667,0.006552,0.006554,1959900000
2025-05-15,0.006558,0.006626,0.006552,0.00657,1620300000
2025-05-16,0.006594,0.00664,0.00635,0.006506,4709100000
2025-05-19,0.006616,0.006634,0.006504,0.00652,2514000000
2025-05-20,0.00652,0.006542,0.006408,0.006434,2538800000
2025-05-21,0.006452,0.006478,0.0062,0.006286,7270000000
2025-05-22,0.006298,0.006326,0.006202,0.006256,2677400000
2025-05-23,0.006256,0.007016,0.006214,0.006714,43968500000
2025-05-26,0.00671,0.00671,0.006404,0.006432,14399400000
2025-05-27,0.006456,0.006532,0.006326,0.0064,10852500000
2025-05-28,0.006418,0.006516,0.006402,0.006504,6889400000
2025-05-29,0.006504,0.006568,0.006428,0.006438,4799600000
2025-05-30,0.006452,0.006528,0.006368,0.006458,3198400000
2025-06-02,0.006458,0.00665,0.006412,0.006582,7371200000
2025-06-03,0.006594,0.006708,0.006584,0.006708,5783500000
2025-06-04,0.006708,0.00685,0.006666,0.0067,15980100000
2025-06-05,0.006702,0.007148,0.00668,0.006886,34268000000
2025-06-06,0.006944,0.007068,0.006614,0.006838,11513200000
2025-06-09,0.0069,0.00704,0.00675,0.00682,4613100000
2025-06-10,0.006836,0.006886,0.006692,0.006728,3732800000
2025-06-11,0.006748,0.0068,0.006648,0.006738,2607600000
2025-06-13,0.006752,0.006876,0.00674,0.00678,2361800000
2025-06-16,0.006814,0.006948,0.006772,0.006852,4162000000
2025-06-17,0.006876,0.007014,0.00685,0.00692,5885100000
2025-06-18,0.006924,0.006958,0.006784,0.00685,5996200000
2025-06-19,0.006856,0.00694,0.00676,0.0068,4723000000
2025-06-20,0.00681,0.00683,0.00675,0.006786,4724400000
2025-06-23,0.00679,0.00686,0.006382,0.006478,31170000000
2025-06-24,0.00644,0.006546,0.006268,0.00636,11628200000
2025-06-25,0.006396,0.0065,0.006268,0.00634,10438000000
2025-06-26,0.006332,0.006494,0.00628,0.006402,10746500000
2025-06-27,0.00644,0.00644,0.006358,0.006402,3399300000
2025-06-30,0.00641,0.006546,0.006402,0.006462,8608900000
2025-07-01,0.006478,0.00654,0.006404,0.00649,6913400000
2025-07-02,0.00649,0.006556,0.00635,0.006394,4656900000
2025-07-03,0.0064,0.006426,0.006306,0.006326,3293500000
2025-07-04,0.00631,0.006358,0.006264,0.006266,3819100000
2025-07-07,0.00633,0.006388,0.00622,0.006254,6921500000
2025-07-08,0.006212,0.006304,0.006134,0.00617,4314500000
2025-07-09,0.006152,0.006172,0.006006,0.006008,6236400000
2025-07-10,0.00608,0.00608,0.005966,0.005998,4354000000
2025-07-11,0.005984,0.005998,0.00589,0.00591,4164500000
2025-07-14,0.005996,0.006136,0.005872,0.00612,5483900000
2025-07-15,0.006136,0.00625,0.00611,0.006164,4610100000
2025-07-16,0.006142,0.006222,0.006008,0.006092,4492800000
2025-07-17,0.006088,0.006148,0.00601,0.006018,3863900000
2025-07-18,0.00603,0.00614,0.006,0.006092,3813400000
2025-07-21,0.00622,0.006284,0.0061,0.006208,5470300000
2025-07-22,0.006198,0.006268,0.006172,0.006204,3513500000
2025-07-23,0.006218,0.006458,0.00621,0.006356,18991900000
2025-07-24,0.00639,0.006472,0.0063,0.006316,5199600000
2025-07-25,0.006374,0.00639,0.006252,0.006342,5955300000
2025-07-28,0.00636,0.00636,0.006192,0.006198,3326900000
2025-07-29,0.00622,0.006284,0.006162,0.006214,3469600000
2025-07-30,0.006218,0.006414,0.006186,0.006242,5130400000
2025-07-31,0.006224,0.006322,0.006224,0.006278,1089100000
2025-08-01,0.006282,0.00633,0.006232,0.006266,1691000000
2025-08-04,0.006306,0.00635,0.006266,0.00631,2481800000
2025-08-05,0.00633,0.006338,0.00628,0.006306,2285600000
2025-08-06,0.006324,0.00649,0.006248,0.00643,7977100000
2025-08-07,0.00643,0.006524,0.00637,0.006456,10285700000
2025-08-08,0.006482,0.006558,0.00642,0.006536,4943900000
2025-08-11,0.006606,0.006764,0.00656,0.00664,14642900000
2025-08-12,0.006642,0.00669,0.006542,0.006642,5620700000
2025-08-13,0.00665,0.006764,0.006528,0.00665,8427300000
2025-08-14,0.00665,0.00665,0.006414,0.006548,14879000000
2025-08-15,0.006548,0.006652,0.0065,0.006524,6677100000
2025-08-18,0.006398,0.00651,0.006346,0.006488,5851500000
2025-08-19,0.006506,0.006566,0.006458,0.00648,6153800000
2025-08-20,0.006468,0.00664,0.00645,0.006632,6567100000
2025-08-21,0.00663,0.006632,0.006456,0.00647,6274200000
2025-08-22,0.00647,0.006574,0.00647,0.00653,2785100000
2025-08-25,0.006506,0.006568,0.00642,0.006492,5010400000
2025-08-26,0.006482,0.006652,0.006482,0.006568,3528000000
2025-08-27,0.006568,0.0068,0.006568,0.006692,4845200000
2025-08-28,0.00669,0.006746,0.00656,0.006594,2830200000
2025-08-29,0.006574,0.00664,0.006494,0.006516,3575700000
2025-09-01,0.00653,0.006596,0.006456,0.006456,2248100000
2025-09-02,0.006456,0.006474,0.00629,0.00639,5577000000
2025-09-03,0.006358,0.006434,0.006356,0.006416,1314000000
2025-09-04,0.006416,0.006456,0.006376,0.006426,1760800000
2025-09-05,0.00644,0.006524,0.006414,0.00644,2002500000
2025-09-08,0.00644,0.006536,0.006412,0.0065,2913300000
2025-09-09,0.006526,0.0067,0.00651,0.006574,3018900000
2025-09-10,0.006574,0.006588,0.006436,0.006446,1866700000
2025-09-11,0.006446,0.00649,0.006412,0.006464,1634100000
2025-09-12,0.006484,0.006546,0.006208,0.006226,6385900000
2025-09-15,0.006278,0.006462,0.006052,0.006418,18045700000
2025-09-16,0.006418,0.006462,0.006258,0.006298,3788600000
2025-09-17,0.006298,0.006338,0.006224,0.006286,1666900000
2025-09-18,0.006268,0.00629,0.0062,0.0062,2415400000
2025-09-19,0.006248,0.006248,0.006,0.006032,7200200000
2025-09-22,0.00605,0.006092,0.005984,0.006062,3918600000
2025-09-23,0.00608,0.006138,0.005942,0.00602,3433800000
2025-09-24,0.006044,0.006108,0.005942,0.006044,4042700000
2025-09-25,0.00603,0.006088,0.005984,0.005986,3334300000
2025-09-26,0.006056,0.006056,0.00595,0.005994,1930000000
2025-09-29,0.00603,0.006176,0.006,0.006018,4327600000
2025-09-30,0.006,0.006028,0.0059,0.005986,3664200000
2025-10-01,0.005986,0.006038,0.005884,0.005928,2668400000
2025-10-02,0.005928,0.005962,0.005864,0.005914,2249200000
2025-10-03,0.005916,0.006,0.005826,0.00583,2186900000
2025-10-06,0.00586,0.00599,0.005838,0.005954,2470200000
2025-10-07,0.005978,0.006018,0.00588,0.005972,2216900000
2025-10-08,0.005948,0.006046,0.005802,0.00588,3783600000
2025-10-09,0.005856,0.005924,0.005762,0.005886,3112600000
2025-10-10,0.005868,0.005882,0.00571,0.005788,3353000000
2025-10-13,0.005744,0.005788,0.00567,0.005722,3525300000
2025-10-14,0.00578,0.005804,0.005574,0.005628,3419400000
2025-10-15,0.005648,0.005688,0.0055,0.005586,4934500000
2025-10-16,0.005576,0.00585,0.00555,0.005828,4783500000
2025-10-17,0.005858,0.005884,0.005724,0.005808,3807300000
2025-10-20,0.005942,0.00595,0.005814,0.00591,2672500000
2025-10-21,0.005868,0.005932,0.00562,0.0057,4539600000
2025-10-22,0.00573,0.00589,0.005694,0.005762,7222000000
2025-10-23,0.00567,0.005842,0.00564,0.005806,4603800000
2025-10-24,0.005816,0.005834,0.005722,0.005748,1231200000
2025-10-27,0.005748,0.005748,0.005602,0.00562,1707000805
2025-10-28,0.005604,0.005788,0.005584,0.005758,1875100000
2025-10-29,0.005776,0.005812,0.005696,0.005772,1740900000
2025-10-30,0.005772,0.00589,0.005758,0.005864,1605400000
2025-10-31,0.005828,0.00592,0.005782,0.005846,4058300000
2025-11-03,0.005854,0.005914,0.005854,0.005912,684500000
2025-11-05,0.00593,0.005998,0.005874,0.005914,1794300000
2025-11-06,0.005914,0.005936,0.00586,0.00589,757500000
2025-11-07,0.00589,0.005966,0.005868,0.005908,2447900000
2025-11-10,0.005892,0.005966,0.005806,0.005868,2664700000
2025-11-11,0.005886,0.005902,0.005848,0.005888,932800000
2025-11-12,0.00587,0.005892,0.005818,0.005826,602300000
2025-11-13,0.005816,0.00586,0.00579,0.005806,506100000
2025-11-14,0.005782,0.005824,0.005734,0.005768,986200000
2025-11-17,0.005756,0.005766,0.005712,0.005718,1232100000
2025-11-18,0.00573,0.005852,0.005716,0.005768,1612300000
2025-11-19,0.00578,0.005902,0.005726,0.005814,4149800000
2025-11-20,0.005822,0.005936,0.00577,0.00591,2045200000
2025-11-21,0.00589,0.005926,0.005804,0.005884,2810700000
2025-11-24,0.00591,0.00598,0.005838,0.005876,2310700000
2025-11-25,0.005872,0.005964,0.005824,0.005934,2010800000
2025-11-26,0.005914,0.005994,0.005894,0.005954,2324000000
2025-11-27,0.005944,0.005962,0.005756,0.00583,4801900000
2025-11-28,0.005844,0.005934,0.00581,0.005896,1426100000
2025-12-01,0.005978,0.00598,0.00588,0.005888,2967000000
2025-12-02,0.00591,0.005942,0.005836,0.005882,1873900000
2025-12-03,0.00583,0.0059,0.005782,0.005876,2345500000
2025-12-04,0.005912,0.00595,0.00588,0.00589,2721900000
2025-12-05,0.00588,0.006048,0.00588,0.006004,7707500000
2025-12-08,0.00603,0.006098,0.005916,0.005964,3794100000
2025-12-09,0.005958,0.006034,0.005914,0.006028,4373700000
2025-12-10,0.006022,0.00624,0.005992,0.006146,6000100000
2025-12-11,0.006218,0.00633,0.006148,0.00622,7395000000
2025-12-12,0.006242,0.006268,0.006102,0.006114,6344200000
2025-12-15,0.006188,0.006192,0.00608,0.006166,3562000000
2025-12-16,0.006154,0.0062,0.006128,0.006182,1487400000
2025-12-17,0.006182,0.006246,0.00612,0.006182,3317600000
2025-12-18,0.006198,0.00655,0.006168,0.006512,21165400000
2025-12-19,0.006512,0.006576,0.0064,0.006482,8538500000
2025-12-22,0.0066,0.00665,0.006372,0.006374,7856900000
2025-12-23,0.006396,0.00648,0.006324,0.006462,4392300000
2025-12-24,0.00646,0.006492,0.006376,0.006382,2759400000
2025-12-25,0.006382,0.006416,0.00634,0.00636,2103300000
2025-12-26,0.006352,0.00664,0.006352,0.00652,4763600000
2025-12-29,0.006504,0.00665,0.006452,0.006494,3700600000
2025-12-30,0.006464,0.006674,0.006454,0.006512,3938100000
2026-01-05,0.006546,0.006546,0.00626,0.00641,4738700000
2026-01-06,0.00641,0.006574,0.00641,0.006504,3216600000
2026-01-08,0.00647,0.006522,0.006358,0.006408,2337600000
2026-01-09,0.006416,0.00652,0.006384,0.00647,3482300000
2026-01-12,0.00645,0.00652,0.006406,0.00642,2876900000
2026-01-13,0.006462,0.006462,0.006352,0.006392,1715100000
2026-01-14,0.006408,0.006424,0.006306,0.006342,4356300000
2026-01-15,0.006342,0.006394,0.006196,0.006342,7248100000
2026-01-16,0.006362,0.00665,0.00634,0.006562,11725600000
2026-01-19,0.006602,0.006644,0.006436,0.006476,5600400000
2026-01-20,0.006506,0.00665,0.00647,0.006562,6300900000
2026-01-21,0.006578,0.006596,0.006434,0.00651,5485500000
2026-01-22,0.00651,0.007104,0.00651,0.006896,69290000000
2026-01-23,0.006896,0.00708,0.006778,0.0069,17942900000
2026-01-26,0.006922,0.006928,0.006806,0.006814,5181200000
2026-01-27,0.00683,0.00727,0.00683,0.007146,50735600000
2026-01-28,0.00712,0.007166,0.007004,0.007042,12857300000
2026-01-29,0.007056,0.00745,0.00701,0.00727,41681500000
2026-01-30,0.007274,0.00817,0.00725,0.00797,295428300000
2026-02-02,0.00819,0.008288,0.00776,0.00814,89101200000
2026-02-03,0.00818,0.00818,0.007784,0.007876,46584200000
2026-02-04,0.007858,0.007974,0.00722,0.007354,70923400000
2026-02-05,0.007286,0.007324,0.007028,0.007232,40376500000
2026-02-06,0.00724,0.007548,0.00717,0.00734,47583400000
2026-02-09,0.007428,0.00747,0.007086,0.007172,17084100000
2026-02-10,0.0072,0.00725,0.00705,0.0071,8759800000
2026-02-11,0.0071,0.007408,0.00709,0.007358,37590600000
2026-02-12,0.007354,0.0074,0.007256,0.007292,9031900000
2026-02-13,0.00729,0.007446,0.00716,0.007362,18666700000
2026-02-16,0.007426,0.007744,0.007372,0.007678,45571600000
2026-02-17,0.00768,0.007722,0.007502,0.00759,11668900000
2026-02-18,0.007574,0.0076,0.00731,0.007472,14913300000
2026-02-19,0.007478,0.007544,0.00728,0.00732,13156000000
2026-02-20,0.00732,0.00747,0.0073,0.007336,9184000000
2026-02-23,0.007322,0.007352,0.00732,0.007348,382200000
2026-02-24,0.007354,0.00745,0.007336,0.007358,5824800000
2026-02-25,0.007372,0.007588,0.007372,0.007558,6528300000
2026-02-26,0.007518,0.007558,0.00739,0.007444,4458600000
2026-02-27,0.007468,0.007484,0.00721,0.007358,12482800000
2026-03-02,0.007274,0.00728,0.007084,0.007084,10279200000
2026-03-03,0.007084,0.0071,0.006872,0.006956,9644200000
2026-03-04,0.006956,0.00718,0.006956,0.006998,7265100000
2026-03-05,0.007014,0.007086,0.006966,0.007022,7199800000
2026-03-06,0.00703,0.007042,0.006822,0.006852,6619700000
2026-03-09,0.006996,0.00714,0.00675,0.00683,7327100000
2026-03-10,0.00683,0.006972,0.006796,0.006814,6258600000
2026-03-11,0.0068,0.006884,0.006798,0.00684,2294900000
2026-03-12,0.00688,0.006918,0.0067,0.006782,3757000000
2026-03-13,0.006776,0.00683,0.006716,0.00677,2820600000
2026-03-16,0.0068,0.00699,0.006704,0.006762,5003200000
2026-03-17,0.006762,0.006822,0.006708,0.00671,2019200000
2026-03-18,0.00672,0.006948,0.006702,0.006778,11111300000
2026-03-19,0.0068,0.006806,0.00674,0.006776,2967800000
2026-03-20,0.006774,0.006844,0.00675,0.006772,4747800000
2026-03-23,0.006818,0.00692,0.00668,0.006794,7108200000
2026-03-24,0.006772,0.00681,0.006712,0.006756,2294700000
2026-03-25,0.006778,0.006898,0.006742,0.006872,2428600000
2026-03-26,0.006852,0.00694,0.00675,0.00676,3806200000
2026-03-27,0.006794,0.006806,0.006454,0.006526,9232200000
2026-03-30,0.006558,0.006582,0.006504,0.00652,2166000000
2026-03-31,0.006532,0.00678,0.006404,0.006404,13040100000
2026-04-01,0.006408,0.00652,0.006336,0.006506,4190200000
2026-04-02,0.00652,0.00652,0.006382,0.006404,2035500000
2026-04-03,0.006406,0.006468,0.00636,0.006398,3138600000
2026-04-06,0.006476,0.006494,0.006404,0.006484,2254700000
2026-04-07,0.006484,0.006748,0.006472,0.00653,11819800000
2026-04-08,0.006606,0.00695,0.006542,0.006858,18728700000
2026-04-09,0.006858,0.006874,0.006616,0.006672,9288600000
2026-04-10,0.006672,0.006698,0.006582,0.0066,1913400000
2026-04-13,0.006596,0.00665,0.00643,0.006492,3709200000
2026-04-14,0.006456,0.006716,0.006406,0.006586,7138600000
2026-04-15,0.006586,0.006784,0.006508,0.006714,7161600000
2026-04-16,0.006692,0.006762,0.00657,0.006616,5728100000
2026-04-17,0.006626,0.006666,0.006514,0.006536,2841900000
2026-04-20,0.006508,0.006508,0.006402,0.006442,3131500000
2026-04-21,0.006442,0.006462,0.006372,0.006392,2864700000
2026-04-22,0.00642,0.00646,0.006372,0.00644,3171800000
2026-04-23,0.006462,0.006476,0.006406,0.006432,2676900000
2026-04-24,0.006408,0.006448,0.00626,0.006312,3878100000
2026-04-27,0.006366,0.006418,0.006288,0.006318,1454100000
2026-04-28,0.00632,0.006332,0.006168,0.006192,2554900000
2026-04-29,0.006222,0.00624,0.00602,0.006114,4495700000
2026-04-30,0.00615,0.006162,0.00603,0.006054,1567700000
2026-05-01,0.006064,0.00609,0.005988,0.006044,1954000000
2026-05-04,0.006,0.006028,0.005888,0.005936,3005300000
2026-05-05,0.00595,0.006014,0.005826,0.005974,3818300000
2026-05-06,0.006004,0.006038,0.00592,0.006038,1352200000
2026-05-07,0.00597,0.006298,0.00597,0.006124,5334300000
2026-05-08,0.006218,0.006248,0.006064,0.006174,4218800000
2026-05-11,0.006174,0.006322,0.00603,0.006176,3323400000
2026-05-12,0.006156,0.006376,0.006128,0.006294,6970400000
2026-05-13,0.006264,0.00637,0.006254,0.00629,2751900000
2026-05-14,0.00629,0.006346,0.0061,0.006128,2847600000
2026-05-15,0.00615,0.006208,0.0061,0.006132,2365900000
2026-05-18,0.00617,0.00622,0.00603,0.006112,2100300000
2026-05-19,0.006116,0.006188,0.006006,0.006042,1612000000
2026-05-20,0.006058,0.006326,0.006,0.006186,9502200000
2026-05-21,0.0062,0.006218,0.00607,0.006178,2868200000
2026-05-22,0.00622,0.00629,0.00614,0.00625,4078100000
2026-05-25,0.006222,0.006322,0.005952,0.00604,8970700000
2026-05-26,0.006036,0.00606,0.005838,0.005856,4919700000
2026-05-27,0.005886,0.005894,0.005626,0.00582,5134400000
2026-05-28,0.005832,0.005838,0.0057,0.00571,1545800000
2026-05-29,0.00571,0.005786,0.005666,0.005716,4746700000
2026-06-01,0.00579,0.005956,0.005786,0.00584,1590600000
2026-06-02,0.00584,0.005898,0.0058,0.00589,1826000000
2026-06-03,0.0059,0.005918,0.005798,0.005798,1619100000
2026-06-04,0.005798,0.005856,0.00568,0.005738,2474200000
2026-06-05,0.005738,0.005756,0.00555,0.005578,3585200000
2026-06-08,0.005664,0.005678,0.005174,0.005248,9967400000
2026-06-09,0.005264,0.00531,0.00509,0.00518,7265800000
2026-06-10,0.005198,0.005228,0.005102,0.005216,3191600000
2026-06-11,0.005184,0.005256,0.005164,0.005182,1264100000
2026-06-12,0.005182,0.005234,0.005182,0.005202,406500000
2026-06-15,0.005284,0.00537,0.005236,0.005338,2641200000
2026-06-16,0.005338,0.00537,0.005152,0.005204,2093000000
2026-06-17,0.005204,0.005204,0.00506,0.005092,4952500000
2026-06-18,0.005072,0.005112,0.005,0.00503,4120800000
2026-06-19,0.005022,0.005096,0.00483,0.004862,5630300000
2026-06-22,0.004876,0.004916,0.004362,0.004448,18566700000
2026-06-23,0.004426,0.004498,0.00412,0.004494,13406400000
2026-06-24,0.004498,0.004506,0.004106,0.004224,12065000000
2026-06-25,0.0042,0.004296,0.003986,0.004032,8346800000
2026-06-26,0.00408,0.00412,0.00383,0.003996,10826600000
2026-06-29,0.0041,0.004346,0.004038,0.00427,11576600000
2026-06-30,0.00428,0.004564,0.00427,0.004416,12900600000
2026-07-01,0.004456,0.004552,0.004352,0.004496,6784500000
2026-07-02,0.004538,0.004538,0.004364,0.00439,8699500000
2026-07-03,0.004382,0.00445,0.00409,0.004244,9616900000
2026-07-06,0.00428,0.004378,0.004128,0.00423,7864800000
2026-07-07,0.00424,0.004304,0.003956,0.004284,5922300000
2026-07-08,0.004244,0.004332,0.004154,0.004264,2000600000
2026-07-09,0.004282,0.0043,0.004162,0.004182,1134600000
2026-07-10,0.00417,0.0042,0.004134,0.00415,1621500000
2026-07-13,0.004134,0.004276,0.004122,0.004176,2553400000
2026-07-14,0.004216,0.004316,0.00416,0.00419,2575600000
2026-07-15,0.004222,0.004222,0.00404,0.004048,3175600000
2026-07-16,0.004096,0.004096,0.003756,0.00377,6311600000
2026-07-17,0.003756,0.003892,0.003552,0.003636,6553400000
2026-07-20,0.003722,0.004148,0.00365,0.004024,6384600000
2026-07-21,0.004028,0.004388,0.003952,0.004274,7223700000
2026-07-22,0.004302,0.004358,0.0041,0.004306,3988900000
2026-07-23,0.004272,0.004334,0.00414,0.00417,3238300000
2026-07-24,0.00417,0.0045,0.00396,0.00448,7760700000
2026-07-27,0.004416,0.004964,0.004328,0.00472,19683700000
2026-07-28,0.004718,0.0049,0.004594,0.004662,9221900000
2026-07-29,0.0047,0.0049,0.004652,0.0048,9998500000
2026-07-30,0.0048,0.004968,0.0046,0.004622,9562100000
2026-07-31,0.004662,0.004838,0.004636,0.00473,4104100000
2026-08-03,0.00473,0.00503,0.00471,0.004936,8045700000
2026-08-04,0.004912,0.005184,0.00472,0.00507,13334400000
2026-08-05,0.005092,0.00522,0.005066,0.00512,6784600000
2026-08-06,0.005122,0.00521,0.004854,0.00496,6083900000
2026-08-07,0.00498,0.005204,0.004856,0.004944,10930100000
2026-08-10,0.005058,0.005104,0.004996,0.005054,1986900000
2026-08-11,0.005004,0.00519,0.005004,0.005048,4923700000
2026-08-12,0.005042,0.0051,0.00485,0.00487,3554000000
2026-08-13,0.00492,0.00492,0.00466,0.004716,3457700000
2026-08-14,0.004722,0.004826,0.004622,0.00463,5854700000
2026-08-17,0.00462,0.00462,0.004458,0.004514,4222800000
2026-08-18,0.00455,0.00477,0.004514,0.004718,4830900000
2026-08-19,0.0047,0.00485,0.004632,0.004772,3704400000
2026-08-20,0.004762,0.004832,0.004544,0.004586,2877600000
2026-08-21,0.004548,0.004724,0.004538,0.004698,2563100000
2026-08-24,0.004628,0.004628,0.004376,0.004468,3260600000
2026-08-25,0.004468,0.004626,0.004462,0.004554,3597400000
2026-08-26,0.004582,0.0046,0.004354,0.004356,1726000000
2026-08-27,0.004352,0.004492,0.004342,0.004462,1517000000
2026-08-28,0.004482,0.004562,0.004392,0.00449,2961200148
2026-08-31,0.00449,0.004648,0.004464,0.004604,2376900000
2026-09-01,0.004604,0.0047,0.00451,0.00454,2569900000
2026-09-02,0.00454,0.004634,0.004528,0.004586,1278400000
2026-09-03,0.004628,0.00466,0.0045,0.004654,3701900000
2026-09-04,0.00465,0.004672,0.00456,0.004606,3399300000
