timestamp,open,high,low,close,volume
2015-06-09,1337.0,1366.3,1319.3,1350.2,964
2015-06-10,1420.0,1420.0,1340.0,1349.0,1533
2015-06-11,1348.0,1348.0,1290.3,1307.0,1968
2015-06-15,1301.5,1338.4,1278.8,1338.0,2822
2015-06-16,1339.5,1353.3,1330.6,1338.3,1071
2015-06-17,1333.5,1338.4,1298.5,1311.6,1495
2015-06-18,1310.0,1318.9,1271.0,1275.1,1461
2015-06-19,1275.0,1306.5,1266.0,1306.5,3123
2015-06-22,1297.5,1319.9,1291.3,1314.8,1731
2015-06-23,1314.2,1318.2,1290.0,1292.9,1239
2015-06-24,1295.0,1307.4,1276.6,1294.9,1149
2015-06-25,1288.5,1294.4,1281.1,1290.0,726
2015-06-26,1292.9,1305.6,1288.0,1295.9,1599
2015-06-29,1288.0,1312.2,1288.0,1310.0,967
2015-06-30,1310.0,1348.0,1304.1,1348.0,3624
2015-07-01,1339.9,1343.9,1311.0,1312.5,1517
2015-07-02,1317.9,1351.1,1315.0,1349.0,1316
2015-07-03,1343.1,1353.0,1311.0,1320.0,1678
2015-07-06,1312.0,1331.8,1309.2,1330.0,1059
2015-07-07,1326.5,1345.0,1320.9,1345.0,1309
2015-07-08,1347.9,1347.9,1311.0,1320.0,1683
2015-07-09,1324.9,1340.0,1318.1,1330.0,1202
2015-07-10,1335.5,1336.3,1309.1,1309.1,960
2015-07-13,1310.2,1332.8,1310.0,1331.9,981
2015-07-14,1323.1,1392.4,1310.2,1381.4,2519
2015-07-15,1380.0,1399.0,1362.0,1380.0,2918
2015-07-16,1380.3,1386.9,1365.0,1380.7,1040
2015-07-17,1379.3,1386.6,1347.7,1355.0,1257
2015-07-20,1350.1,1359.3,1296.8,1308.0,1590
2015-07-21,1301.5,1332.4,1296.0,1313.4,1222
2015-07-22,1318.0,1318.0,1284.5,1303.0,1942
2015-07-23,1298.5,1310.0,1285.0,1300.2,1197
2015-07-24,1297.1,1329.4,1293.6,1321.9,2578
2015-07-27,1325.0,1340.0,1315.3,1339.5,1915
2015-07-28,1348.0,1369.4,1334.9,1368.2,3880
2015-07-29,1367.5,1380.0,1340.4,1362.6,1615
2015-07-30,1366.6,1393.5,1351.0,1393.5,1327
2015-07-31,1390.0,1417.7,1373.3,1381.0,2273
2015-08-03,1386.0,1415.0,1361.0,1415.0,1148
2015-08-04,1412.0,1437.0,1393.0,1437.0,2007
2015-08-05,1432.0,1448.0,1401.0,1435.0,2095
2015-08-06,1429.0,1447.0,1416.0,1435.0,2789
2015-08-07,1439.0,1456.0,1431.0,1444.0,1222
2015-08-10,1446.0,1492.0,1419.0,1492.0,1538
2015-08-11,1484.0,1564.0,1484.0,1540.0,4628
2015-08-12,1540.0,1548.0,1502.0,1520.0,2338
2015-08-13,1518.0,1538.0,1483.0,1502.0,3737
2015-08-14,1511.0,1560.0,1500.0,1528.0,2223
2015-08-17,1528.0,1537.0,1502.0,1528.0,1170
2015-08-18,1530.0,1544.0,1506.0,1527.0,1374
2015-08-19,1524.0,1570.0,1514.0,1547.0,2426
2015-08-20,1544.0,1630.0,1537.0,1630.0,2884
2015-08-21,1625.0,1640.0,1613.0,1616.0,2333
2015-08-24,1597.0,1682.0,1553.0,1652.0,6192
2015-08-25,1655.0,1675.0,1585.0,1606.0,3643
2015-08-26,1601.0,1604.0,1557.0,1563.0,2407
2015-08-27,1570.0,1580.0,1536.0,1557.0,2087
2015-08-28,1547.0,1600.0,1535.0,1540.0,3488
2015-08-31,1548.0,1603.0,1540.0,1579.0,6027
2015-09-01,1575.0,1575.0,1510.0,1539.0,2758
2015-09-02,1544.0,1583.0,1520.0,1530.0,2467
2015-09-03,1536.0,1549.0,1520.0,1531.0,1486
2015-09-04,1533.0,1553.0,1500.0,1504.0,1749
2015-09-07,1520.0,1548.0,1510.0,1541.0,1228
2015-09-08,1549.0,1596.0,1548.0,1578.0,1685
2015-09-09,1591.0,1600.0,1560.0,1560.0,2352
2015-09-10,1560.0,1635.0,1560.0,1619.0,3198
2015-09-11,1624.0,1630.0,1592.0,1610.0,1336
2015-09-14,1605.0,1639.0,1593.0,1605.0,1604
2015-09-15,1605.0,1605.0,1550.0,1550.0,2125
2015-09-16,1552.0,1585.0,1538.0,1554.0,2176
2015-09-17,1560.0,1575.0,1541.0,1563.0,1705
2015-09-18,1554.0,1587.0,1540.0,1548.0,3172
2015-09-21,1558.0,1585.0,1551.0,1560.0,1303
2015-09-22,1572.0,1572.0,1497.0,1559.0,6973
2015-09-23,1551.0,1555.0,1516.0,1516.0,3187
2015-09-24,1510.0,1536.0,1491.0,1500.0,1445
2015-09-25,1515.0,1532.0,1480.0,1480.0,1678
2015-09-28,1492.0,1492.0,1450.0,1454.0,1189
2015-09-29,1453.0,1494.0,1453.0,1476.0,1126
2015-09-30,1480.0,1493.0,1469.0,1483.0,1898
2015-10-01,1480.0,1500.0,1462.0,1487.0,1018
2015-10-02,1492.0,1492.0,1460.0,1463.0,1544
2015-10-05,1477.0,1500.0,1468.0,1493.0,2555
2015-10-06,1509.0,1528.0,1497.0,1522.0,2532
2015-10-07,1520.0,1520.0,1466.0,1490.0,3178
2015-10-08,1483.0,1495.0,1451.0,1476.0,1575
2015-10-09,1483.0,1492.0,1450.0,1465.0,4726
2015-10-12,1467.0,1470.0,1401.0,1407.0,1766
2015-10-13,1401.0,1419.0,1374.0,1419.0,1764
2015-10-14,1411.0,1430.0,1392.0,1420.0,1502
2015-10-15,1427.0,1485.0,1412.0,1465.0,2146
2015-10-16,1480.0,1482.0,1441.0,1457.0,1674
2015-10-19,1465.0,1528.0,1465.0,1510.0,2014
2015-10-20,1513.0,1535.0,1497.0,1535.0,1636
2015-10-21,1531.0,1531.0,1480.0,1488.0,1401
2015-10-22,1492.0,1505.0,1460.0,1497.0,1013
2015-10-23,1503.0,1536.0,1485.0,1528.0,1615
2015-10-26,1532.0,1535.0,1476.0,1514.0,1561
2015-10-27,1512.0,1523.0,1470.0,1523.0,1678
2015-10-28,1516.0,1527.0,1485.0,1515.0,2178
2015-10-29,1514.0,1518.0,1488.0,1494.0,1153
2015-10-30,1498.0,1508.0,1482.0,1488.0,1345
2015-11-02,1488.0,1504.0,1475.0,1487.0,1220
2015-11-03,1487.0,1522.0,1483.0,1504.0,1593
2015-11-05,1497.0,1555.0,1497.0,1507.0,2092
2015-11-06,1514.0,1528.0,1490.0,1500.0,960
2015-11-09,1503.0,1540.0,1500.0,1534.0,1739
2015-11-10,1539.0,1549.0,1505.0,1537.0,1769
2015-11-11,1532.0,1555.0,1522.0,1549.0,1802
2015-11-12,1548.0,1552.0,1512.0,1515.0,1441
2015-11-13,1512.0,1519.0,1455.0,1455.0,1402
2015-11-16,1454.0,1487.0,1445.0,1445.0,1900
2015-11-17,1455.0,1518.0,1446.0,1518.0,2905
2015-11-18,1512.0,1537.0,1490.0,1530.0,1778
2015-11-19,1540.0,1599.0,1536.0,1571.0,2711
2015-11-20,1570.0,1671.0,1548.0,1650.0,3270
2015-11-23,1640.0,1730.0,1631.0,1730.0,2814
2015-11-24,1731.0,1742.0,1594.0,1659.0,4137
2015-11-25,1658.0,1672.0,1622.0,1649.0,1900
2015-11-26,1650.0,1668.0,1602.0,1625.0,1200
2015-11-27,1626.0,1626.0,1532.0,1532.0,2700
2015-11-30,1530.0,1543.0,1500.0,1510.0,4340
2015-12-01,1520.0,1566.0,1517.0,1565.0,1850
2015-12-02,1568.0,1588.0,1521.0,1544.0,1258
2015-12-03,1538.0,1578.0,1538.0,1556.0,1043
2015-12-04,1566.0,1575.0,1510.0,1532.0,2769
2015-12-07,1539.0,1578.0,1526.0,1561.0,1717
2015-12-08,1563.0,1564.0,1523.0,1544.0,1399
2015-12-09,1537.0,1565.0,1514.0,1533.0,2410
2015-12-10,1538.0,1546.0,1502.0,1511.0,2311
2015-12-11,1514.0,1519.0,1468.0,1490.0,2446
2015-12-14,1479.0,1540.0,1463.0,1511.0,7090
2015-12-15,1515.0,1584.0,1515.0,1578.0,3389
2015-12-16,1578.0,1672.0,1571.0,1672.0,5314
2015-12-17,1667.0,1709.0,1634.0,1701.0,2747
2015-12-18,1701.0,1714.0,1656.0,1699.0,4847
2015-12-21,1678.0,1700.0,1662.0,1676.0,3416
2015-12-22,1672.0,1685.0,1635.0,1684.0,3525
2015-12-23,1683.0,1744.0,1670.0,1738.0,2582
2015-12-24,1734.0,1763.0,1705.0,1763.0,2155
2015-12-25,1753.0,1766.0,1744.0,1766.0,590
2015-12-28,1761.0,1825.0,1756.0,1813.0,1787
2015-12-29,1833.0,1883.0,1800.0,1880.0,1682
2015-12-30,1875.0,1945.0,1862.0,1940.0,5656
2016-01-04,1947.0,1947.0,1840.0,1918.0,1455
2016-01-05,1912.0,1946.0,1900.0,1946.0,1419
2016-01-06,1945.0,2003.0,1922.0,1990.0,1605
2016-01-11,1954.0,2013.0,1947.0,2008.0,2766
2016-01-12,2004.0,2065.0,1979.0,2027.0,2156
2016-01-13,2015.0,2078.0,1972.0,2040.0,2581
2016-01-14,2023.0,2059.0,2016.0,2050.0,1864
2016-01-15,2050.0,2060.0,2021.0,2045.0,4226
2016-01-18,2037.0,2087.0,2030.0,2080.0,2600
2016-01-19,2079.0,2136.0,2078.0,2111.0,2541
2016-01-20,2108.0,2182.0,2097.0,2174.0,2738
2016-01-21,2165.0,2339.0,2165.0,2310.0,3680
2016-01-22,2310.0,2357.0,1974.0,1976.0,11349
2016-01-25,1962.0,2015.0,1853.0,1981.0,3068
2016-01-26,1989.0,2077.0,1988.0,2010.0,3045
2016-01-27,2020.0,2059.0,1982.0,2004.0,2690
2016-01-28,2004.0,2014.0,1901.0,1940.0,3454
2016-01-29,1941.0,1945.0,1868.0,1892.0,3596
2016-02-01,1899.0,1945.0,1851.0,1887.0,2027
2016-02-02,1898.0,1905.0,1861.0,1875.0,4285
2016-02-03,1880.0,1886.0,1849.0,1871.0,1393
2016-02-04,1864.0,1924.0,1854.0,1854.0,3050
2016-02-05,1855.0,1876.0,1821.0,1827.0,2271
2016-02-08,1827.0,1863.0,1811.0,1850.0,1747
2016-02-09,1860.0,1888.0,1847.0,1869.0,1491
2016-02-10,1874.0,1939.0,1851.0,1917.0,4505
2016-02-11,1911.0,1918.0,1869.0,1900.0,1872
2016-02-12,1889.0,1927.0,1874.0,1927.0,1079
2016-02-15,1922.0,1970.0,1898.0,1970.0,1256
2016-02-16,1967.0,1996.0,1949.0,1963.0,974
2016-02-17,1970.0,1996.0,1937.0,1965.0,1963
2016-02-18,1962.0,1990.0,1957.0,1989.0,2342
2016-02-19,1980.0,1996.0,1920.0,1996.0,2863
2016-02-22,1991.0,2014.0,1974.0,2009.0,619
2016-02-24,1978.0,2029.0,1966.0,2018.0,1794
2016-02-25,2009.0,2015.0,1985.0,1992.0,1636
2016-02-26,2002.0,2002.0,1904.0,1907.0,2879
2016-02-29,1905.0,1909.0,1774.0,1788.0,3683
2016-03-01,1791.0,1815.0,1770.0,1802.0,2340
2016-03-02,1794.0,1845.0,1789.0,1845.0,1463
2016-03-03,1837.0,1968.0,1837.0,1902.0,4027
2016-03-04,1905.0,1905.0,1848.0,1875.0,1689
2016-03-07,1865.0,1902.0,1853.0,1894.0,1835
2016-03-09,1885.0,1940.0,1885.0,1930.0,2873
2016-03-10,1934.0,1955.0,1886.0,1917.0,2147
2016-03-11,1910.0,1942.0,1895.0,1927.0,2741
2016-03-14,1931.0,1937.0,1795.0,1800.0,4592
2016-03-15,1803.0,1849.0,1802.0,1838.0,5396
2016-03-16,1848.0,1858.0,1820.0,1855.0,1628
2016-03-17,1864.0,1880.0,1843.0,1861.0,2289
2016-03-18,1860.0,1880.0,1786.0,1786.0,7093
2016-03-21,1796.0,1815.0,1770.0,1800.0,2591
2016-03-22,1803.0,1834.0,1784.0,1812.0,2365
2016-03-23,1818.0,1844.0,1801.0,1840.0,2558
2016-03-24,1841.0,1872.0,1829.0,1869.0,1793
2016-03-25,1871.0,1881.0,1841.0,1845.0,613
2016-03-28,1852.0,1858.0,1795.0,1807.0,1499
2016-03-29,1800.0,1815.0,1777.0,1805.0,2066
2016-03-30,1811.0,1870.0,1809.0,1870.0,2222
2016-03-31,1866.0,1878.0,1832.0,1844.0,1877
2016-04-01,1836.0,1852.0,1794.0,1815.0,2397
2016-04-04,1816.0,1874.0,1816.0,1865.0,1836
2016-04-05,1860.0,1878.0,1842.0,1875.0,1171
2016-04-06,1874.0,1879.0,1820.0,1820.0,2472
2016-04-07,1828.0,1841.0,1816.0,1832.0,1366
2016-04-08,1830.0,1842.0,1807.0,1837.0,1653
2016-04-11,1830.0,1840.0,1816.0,1836.0,1087
2016-04-12,1826.0,1830.0,1802.0,1802.0,1541
2016-04-13,1808.0,1848.0,1803.0,1820.0,3038
2016-04-14,1824.0,1858.0,1769.0,1800.0,3317
2016-04-15,1800.0,1823.0,1790.0,1811.0,1476
2016-04-18,1805.0,1820.0,1755.0,1768.0,2653
2016-04-19,1776.0,1800.0,1747.0,1799.0,2403
2016-04-20,1796.0,1838.0,1770.0,1838.0,3002
2016-04-21,1839.0,1850.0,1805.0,1835.0,1642
2016-04-22,1830.0,1898.0,1818.0,1897.0,2738
2016-04-25,1894.0,2054.0,1876.0,2050.0,5027
2016-04-26,2049.0,2049.0,1974.0,2010.0,2492
2016-04-27,2010.0,2022.0,1927.0,1990.0,1748
2016-04-28,1981.0,2023.0,1952.0,2023.0,1841
2016-04-29,2004.0,2051.0,1974.0,2002.0,2986
2016-05-04,1980.0,2061.0,1980.0,2044.0,2080
2016-05-05,2040.0,2040.0,1983.0,2020.0,3389
2016-05-06,2002.0,2078.0,1990.0,2072.0,2333
2016-05-10,2058.0,2264.0,2032.0,2082.0,5332
2016-05-11,2060.0,2106.0,1992.0,2023.0,2422
2016-05-12,2031.0,2031.0,1955.0,1975.0,1675
2016-05-13,1965.0,1980.0,1903.0,1980.0,2420
2016-05-16,1982.0,2065.0,1956.0,2049.0,1707
2016-05-17,2047.0,2073.0,1961.0,2018.0,1978
2016-05-18,2009.0,2023.0,1883.0,1897.0,3833
2016-05-19,1889.0,1905.0,1787.0,1799.0,5009
2016-05-20,1806.0,1829.0,1768.0,1810.0,3805
2016-05-23,1805.0,1808.0,1725.0,1728.0,3339
2016-05-24,1723.0,1760.0,1720.0,1735.0,1843
2016-05-25,1745.0,1776.0,1738.0,1766.0,1635
2016-05-26,1766.0,1787.0,1711.0,1722.0,2336
2016-05-27,1721.0,1764.0,1715.0,1755.0,1370
2016-05-30,1756.0,1760.0,1731.0,1754.0,652
2016-05-31,1740.0,1764.0,1700.0,1700.0,3276
2016-06-01,1716.0,1738.0,1699.0,1723.0,2051
2016-06-02,1733.0,1746.0,1647.0,1662.0,2617
2016-06-03,1676.0,1684.0,1606.0,1615.0,2781
2016-06-06,1610.0,1680.0,1610.0,1645.0,2700
2016-06-07,1640.0,1663.0,1611.0,1645.0,2212
2016-06-08,1630.0,1742.0,1630.0,1742.0,1854
2016-06-09,1743.0,1748.0,1692.0,1714.0,1560
2016-06-10,1705.0,1722.0,1656.0,1656.0,1486
2016-06-14,1683.0,1729.0,1651.0,1729.0,2746
2016-06-15,1723.0,1747.0,1701.0,1735.0,4006
2016-06-16,1721.0,1745.0,1660.0,1739.0,2680
2016-06-17,1755.0,1760.0,1676.0,1680.0,6246
2016-06-20,1699.0,1704.0,1634.0,1647.0,2013
2016-06-21,1641.0,1700.0,1631.0,1672.0,1946
2016-06-22,1674.0,1693.0,1643.0,1645.0,1507
2016-06-23,1654.0,1659.0,1617.0,1658.0,2353
2016-06-24,1612.0,1640.0,1607.0,1632.0,2021
2016-06-27,1618.0,1640.0,1614.0,1636.0,1562
2016-06-28,1639.0,1657.0,1630.0,1652.0,1156
2016-06-29,1654.0,1694.0,1644.0,1694.0,1375
2016-06-30,1690.0,1720.0,1642.0,1665.0,1518
2016-07-01,1653.0,1690.0,1638.0,1665.0,893
2016-07-04,1647.0,1677.0,1643.0,1654.0,537
2016-07-05,1653.0,1657.0,1623.0,1633.0,935
2016-07-06,1632.0,1641.0,1612.0,1626.0,924
2016-07-07,1631.0,1655.0,1601.0,1601.0,1971
2016-07-08,1603.0,1603.0,1525.0,1553.0,3110
2016-07-11,1561.0,1584.0,1534.0,1576.0,1487
2016-07-12,1578.0,1627.0,1564.0,1615.0,2547
2016-07-13,1614.0,1631.0,1585.0,1617.0,1457
2016-07-14,1626.0,1650.0,1597.0,1650.0,1499
2016-07-15,1641.0,1641.0,1591.0,1623.0,1499
2016-07-18,1634.0,1634.0,1590.0,1614.0,1154
2016-07-19,1599.0,1601.0,1552.0,1583.0,2065
2016-07-20,1566.0,1574.0,1541.0,1566.0,1598
2016-07-21,1570.0,1582.0,1560.0,1568.0,842
2016-07-22,1562.0,1581.0,1562.0,1569.0,708
2016-07-25,1571.0,1598.0,1568.0,1580.0,1271
2016-07-26,1584.0,1584.0,1556.0,1580.0,1373
2016-07-27,1583.0,1629.0,1574.0,1629.0,1497
2016-07-28,1630.0,1670.0,1610.0,1648.0,1721
2016-07-29,1650.0,1668.0,1622.0,1665.0,1678
2016-08-01,1661.0,1677.0,1633.0,1670.0,1258
2016-08-02,1661.0,1674.0,1601.0,1622.0,2120
2016-08-03,1623.0,1626.0,1590.0,1603.0,1383
2016-08-04,1616.0,1654.0,1608.0,1654.0,1762
2016-08-05,1653.0,1664.0,1614.0,1633.0,1478
2016-08-08,1634.0,1638.0,1616.0,1618.0,705
2016-08-09,1617.0,1653.0,1617.0,1624.0,1335
2016-08-10,1637.0,1640.0,1618.0,1620.0,1153
2016-08-11,1625.0,1629.0,1590.0,1601.0,1545
2016-08-12,1606.0,1624.0,1597.0,1610.0,858
2016-08-15,1614.0,1640.0,1594.0,1618.0,1344
2016-08-16,1620.0,1638.0,1606.0,1627.0,1128
2016-08-17,1622.0,1634.0,1614.0,1629.0,920
2016-08-18,1633.0,1644.0,1612.0,1613.0,922
2016-08-19,1620.0,1624.0,1596.0,1603.0,864
2016-08-22,1599.0,1602.0,1578.0,1602.0,1096
2016-08-23,1609.0,1609.0,1593.0,1603.0,895
2016-08-24,1602.0,1605.0,1580.0,1590.0,853
2016-08-25,1587.0,1594.0,1572.0,1582.0,1201
2016-08-26,1576.0,1593.0,1566.0,1582.0,1246
2016-08-29,1582.0,1590.0,1532.0,1552.0,2196
2016-08-30,1541.0,1563.0,1535.0,1538.0,854
2016-08-31,1540.0,1564.0,1531.0,1549.0,2272
2016-09-01,1551.0,1551.0,1523.0,1528.0,1518
2016-09-02,1523.0,1529.0,1515.0,1525.0,1014
2016-09-05,1525.0,1535.0,1501.0,1510.0,1124
2016-09-06,1503.0,1527.0,1484.0,1518.0,2069
2016-09-07,1520.0,1527.0,1500.0,1508.0,810
2016-09-08,1512.0,1516.0,1501.0,1510.0,1157
2016-09-09,1513.0,1517.0,1472.0,1478.0,1433
2016-09-12,1477.0,1553.0,1472.0,1530.0,3652
2016-09-13,1530.0,1543.0,1495.0,1496.0,1645
2016-09-14,1495.0,1505.0,1481.0,1483.0,1504
2016-09-15,1475.0,1492.0,1454.0,1470.0,1920
2016-09-16,1464.0,1496.0,1398.0,1433.0,2618
2016-09-19,1440.0,1442.0,1395.0,1420.0,1608
2016-09-20,1411.0,1411.0,1389.0,1403.0,2001
2016-09-21,1397.0,1410.0,1390.0,1395.0,789
2016-09-22,1401.0,1409.0,1365.0,1373.0,4637
2016-09-23,1380.0,1388.0,1362.0,1387.0,1679
2016-09-26,1372.0,1385.0,1369.0,1375.0,1449
2016-09-27,1381.0,1385.0,1367.0,1374.0,1522
2016-09-28,1370.0,1401.0,1370.0,1391.0,1394
2016-09-29,1403.0,1404.0,1377.0,1393.0,1052
2016-09-30,1385.0,1392.0,1351.0,1351.0,2201
2016-10-03,1342.0,1354.0,1326.0,1345.0,1458
2016-10-04,1343.0,1379.0,1335.0,1373.0,2359
2016-10-05,1370.0,1370.0,1339.0,1355.0,3053
2016-10-06,1351.0,1372.0,1351.0,1370.0,835
2016-10-07,1376.0,1385.0,1345.0,1362.0,1469
2016-10-10,1352.0,1375.0,1351.0,1374.0,1054
2016-10-11,1375.0,1386.0,1355.0,1359.0,1732
2016-10-12,1365.0,1433.0,1348.0,1430.0,4171
2016-10-13,1434.0,1482.0,1411.0,1459.0,5477
2016-10-14,1469.0,1472.0,1417.0,1422.0,2056
2016-10-17,1424.0,1463.0,1420.0,1436.0,2186
2016-10-18,1452.0,1452.0,1406.0,1406.0,1729
2016-10-19,1408.0,1431.0,1399.0,1417.0,1327
2016-10-20,1423.0,1431.0,1400.0,1400.0,904
2016-10-21,1399.0,1417.0,1380.0,1383.0,793
2016-10-24,1388.0,1452.0,1366.0,1440.0,3438
2016-10-25,1436.0,1511.0,1425.0,1497.0,4740
2016-10-26,1499.0,1548.0,1499.0,1545.0,2547
2016-10-27,1546.0,1647.0,1535.0,1630.0,3510
2016-10-28,1633.0,1679.0,1558.0,1583.0,5390
2016-10-31,1575.0,1583.0,1520.0,1520.0,2707
2016-11-01,1526.5,1565.0,1520.0,1531.5,2010
2016-11-02,1528.5,1567.5,1496.5,1563.0,4109
2016-11-03,1558.0,1637.5,1540.0,1627.0,3878
2016-11-07,1635.0,1658.5,1605.5,1631.0,2517
2016-11-08,1625.0,1669.0,1620.0,1659.0,1719
2016-11-09,1630.0,1708.5,1627.5,1707.5,3120
2016-11-10,1707.0,1715.5,1637.0,1650.0,4528
2016-11-11,1650.5,1661.0,1586.0,1586.0,2334
2016-11-14,1594.0,1601.0,1543.5,1571.5,2767
2016-11-15,1574.5,1586.5,1533.5,1542.0,2086
2016-11-16,1553.0,1620.0,1550.5,1611.0,2289
2016-11-17,1610.0,1644.0,1590.0,1597.5,2371
2016-11-18,1609.5,1612.5,1565.5,1590.0,1297
2016-11-21,1605.0,1617.5,1567.0,1595.0,2356
2016-11-22,1589.0,1599.0,1575.0,1581.5,1132
2016-11-23,1584.0,1660.0,1582.0,1660.0,2606
2016-11-24,1668.0,1669.5,1631.0,1664.5,1551
2016-11-25,1665.0,1674.0,1610.5,1670.0,1476
2016-11-28,1661.5,1739.5,1661.5,1729.5,2110
2016-11-29,1727.0,1768.5,1710.0,1711.5,3096
2016-11-30,1702.0,1778.0,1674.5,1778.0,4591
2016-12-01,1778.0,1896.0,1775.5,1887.5,6307
2016-12-02,1887.5,1974.0,1863.0,1872.0,6084
2016-12-05,1877.0,1887.5,1826.5,1856.0,3402
2016-12-06,1844.5,1929.0,1844.5,1889.5,3454
2016-12-07,1919.0,1919.0,1865.0,1887.5,2962
2016-12-08,1895.0,2052.5,1871.5,2052.0,4757
2016-12-09,2050.5,2064.0,1996.5,2047.0,5192
2016-12-12,2097.0,2111.5,2000.0,2025.0,4515
2016-12-13,2011.0,2049.0,1880.0,2032.5,5790
2016-12-14,2021.0,2038.5,1975.0,1995.5,2841
2016-12-15,1996.0,2014.5,1942.0,2014.5,7031
2016-12-16,2020.5,2038.5,1964.5,2022.5,5960
2016-12-19,2014.5,2045.5,1991.0,2040.5,3402
2016-12-20,2039.0,2043.0,2010.5,2015.0,1514
2016-12-21,2013.5,2017.5,1975.0,1975.0,1789
2016-12-22,1979.0,1979.0,1901.5,1914.0,2519
2016-12-23,1910.0,1995.0,1885.0,1957.5,2177
2016-12-26,1967.0,1985.0,1949.5,1963.0,317
2016-12-27,1974.0,1997.5,1967.5,1991.5,937
2016-12-28,1995.0,2038.0,1995.0,2026.0,2486
2016-12-29,2029.0,2044.5,1971.5,1985.0,1900
2016-12-30,1985.5,2013.5,1977.5,1979.5,984
2017-01-03,1977.0,2085.5,1952.0,2041.0,2815
2017-01-04,2040.0,2079.0,2022.5,2077.0,3507
2017-01-05,2071.0,2080.0,2014.0,2039.0,2710
2017-01-06,2027.0,2033.0,1995.0,2025.0,1695
2017-01-09,2015.0,2040.0,2015.0,2034.5,1121
2017-01-10,2037.0,2072.5,2026.5,2067.0,2261
2017-01-11,2060.0,2109.0,2034.0,2106.0,2513
2017-01-12,2100.0,2210.0,2100.0,2210.0,4499
2017-01-13,2212.0,2220.0,2147.0,2214.5,3000
2017-01-16,2220.0,2250.0,2201.0,2225.0,1467
2017-01-17,2222.5,2227.5,2171.5,2175.0,1307
2017-01-18,2179.0,2199.5,2073.0,2081.0,2531
2017-01-19,2090.0,2123.0,1971.5,2028.5,3726
2017-01-20,2006.5,2069.0,1982.5,2037.0,1578
2017-01-23,2033.0,2050.5,1924.5,1947.0,2196
2017-01-24,1952.0,2026.0,1938.5,2026.0,2274
2017-01-25,2025.0,2098.5,2011.5,2098.5,2330
2017-01-26,2105.0,2126.5,2060.0,2070.0,2755
2017-01-27,2075.5,2118.5,2017.5,2112.0,3443
2017-01-30,2117.5,2121.5,2081.0,2107.0,1406
2017-01-31,2110.0,2110.0,2042.5,2042.5,1745
2017-02-01,2050.0,2106.0,2029.5,2105.5,1787
2017-02-02,2100.0,2105.0,2041.5,2060.0,2146
2017-02-03,2059.5,2066.5,2011.5,2036.0,2954
2017-02-06,2030.5,2031.0,1990.0,1990.0,1998
2017-02-07,1992.5,2015.0,1960.0,2015.0,1328
2017-02-08,2007.0,2015.5,1855.0,1874.0,5307
2017-02-09,1890.5,1898.0,1820.5,1891.0,3319
2017-02-10,1891.5,1925.5,1851.5,1891.0,1965
2017-02-13,1913.5,1914.5,1840.0,1864.0,1485
2017-02-14,1860.0,1907.5,1850.0,1907.5,1520
2017-02-15,1907.0,1948.0,1864.5,1905.0,1800
2017-02-16,1910.0,1915.0,1871.5,1908.0,1281
2017-02-17,1906.0,1910.0,1866.5,1887.5,1670
2017-02-20,1898.5,1900.0,1851.0,1859.5,1295
2017-02-21,1852.0,1868.5,1821.0,1868.5,1071
2017-02-22,1862.5,1871.0,1780.5,1861.0,4695
2017-02-24,1865.0,1884.0,1771.0,1870.0,4305
2017-02-27,1865.0,1872.0,1815.5,1857.5,2548
2017-02-28,1850.5,1850.5,1799.0,1849.5,4847
2017-03-01,1840.5,1846.5,1776.5,1806.0,4538
2017-03-02,1801.0,1802.0,1757.0,1798.0,4177
2017-03-03,1783.5,1784.0,1738.0,1757.5,3086
2017-03-06,1743.5,1748.0,1701.0,1724.5,4719
2017-03-07,1714.0,1754.5,1700.5,1744.5,2610
2017-03-09,1731.0,1820.0,1704.0,1820.0,5445
2017-03-10,1820.0,1844.0,1726.0,1767.0,5417
2017-03-13,1755.0,1774.5,1741.0,1774.0,1751
2017-03-14,1780.0,1812.0,1755.0,1795.0,2157
2017-03-15,1800.0,1839.5,1791.0,1812.5,2132
2017-03-16,1812.5,1828.5,1757.5,1795.0,4385
2017-03-17,1794.0,1836.5,1783.5,1836.5,2051
2017-03-20,1836.0,1890.0,1803.0,1890.0,2064
2017-03-21,1891.5,1980.0,1870.0,1955.0,2983
2017-03-22,1948.0,2124.0,1943.0,2111.0,6574
2017-03-23,2117.0,2128.5,2042.5,2070.0,3118
2017-03-24,2064.0,2073.5,1990.5,1991.5,2647
2017-03-27,1990.0,1990.0,1877.0,1877.5,2737
2017-03-28,1877.5,1892.5,1809.0,1837.5,3609
2017-03-29,1837.5,1854.5,1702.0,1748.0,5934
2017-03-30,1750.0,1772.5,1706.0,1765.0,3344
2017-03-31,1760.0,1768.0,1698.0,1732.0,3837
2017-04-03,1730.0,1747.0,1723.0,1733.0,1966
2017-04-04,1735.5,1785.0,1735.5,1779.0,3036
2017-04-05,1779.5,1838.5,1779.5,1820.0,4815
2017-04-06,1818.0,1819.0,1760.0,1760.0,4304
2017-04-07,1769.5,1769.5,1714.0,1740.0,2362
2017-04-10,1736.0,1755.0,1713.5,1715.0,1368
2017-04-11,1713.0,1728.5,1681.0,1727.0,1783
2017-04-12,1724.0,1759.0,1706.0,1715.0,2287
2017-04-13,1729.0,1736.5,1655.5,1735.0,4490
2017-04-14,1730.0,1737.0,1695.0,1711.5,691
2017-04-17,1724.0,1734.5,1684.5,1729.0,874
2017-04-18,1720.0,1754.0,1720.0,1743.0,1460
2017-04-19,1753.0,1784.5,1707.5,1744.0,2989
2017-04-20,1742.0,1812.5,1724.0,1810.5,5594
2017-04-21,1805.5,1973.5,1801.0,1915.0,6194
2017-04-24,1935.0,1970.0,1911.5,1955.0,3380
2017-04-25,1965.5,1968.0,1935.0,1963.0,3456
2017-04-26,1966.5,2025.0,1945.0,2010.0,6016
2017-04-27,2000.0,2007.0,1910.0,1915.0,2503
2017-04-28,1925.0,1954.5,1875.0,1927.0,2679
2017-05-02,1934.0,1942.0,1890.0,1900.0,1780
2017-05-03,1907.5,1958.5,1882.0,1945.0,2227
2017-05-04,1948.5,1989.0,1930.5,1953.0,1692
2017-05-05,1946.0,1966.5,1888.0,1905.0,2839
2017-05-10,1920.0,1920.0,1832.5,1880.0,2935
2017-05-11,1885.0,1972.5,1853.0,1972.5,2772
2017-05-12,1960.0,1998.0,1880.0,1891.5,3295
2017-05-15,1891.0,1915.0,1860.5,1875.0,1541
2017-05-16,1840.0,1840.0,1712.0,1781.0,8767
2017-05-17,1770.0,1780.0,1702.5,1702.5,5044
2017-05-18,1700.0,1725.5,1677.5,1685.0,4384
2017-05-19,1692.0,1753.0,1688.0,1697.0,4068
2017-05-22,1707.0,1736.5,1685.0,1708.5,3133
2017-05-23,1709.5,1715.0,1668.0,1676.0,4632
2017-05-24,1679.0,1687.5,1616.0,1640.0,4528
2017-05-25,1646.5,1728.0,1624.0,1703.5,4714
2017-05-26,1705.0,1718.0,1555.5,1601.0,12285
2017-05-29,1604.5,1644.0,1570.0,1601.5,7360
2017-05-30,1593.5,1608.5,1561.0,1584.5,7975
2017-05-31,1566.5,1627.5,1513.5,1587.0,85825
2017-06-01,1589.0,1634.0,1577.0,1604.0,8322
2017-06-02,1585.0,1607.0,1555.5,1600.0,4238
2017-06-05,1619.0,1619.0,1580.0,1600.0,3859
2017-06-06,1596.0,1599.0,1552.5,1560.0,5663
2017-06-07,1560.0,1605.0,1560.0,1596.5,5381
2017-06-08,1593.5,1628.0,1574.5,1610.0,6736
2017-06-09,1603.0,1609.5,1582.5,1598.0,2596
2017-06-13,1598.5,1610.0,1559.0,1580.0,3390
2017-06-14,1571.5,1599.5,1555.5,1594.5,4836
2017-06-15,1584.0,1592.5,1560.5,1589.0,11064
2017-06-16,1579.0,1610.0,1575.0,1610.0,6309
2017-06-19,1605.0,1617.5,1592.0,1599.5,2109
2017-06-20,1600.5,1608.5,1572.5,1595.0,3516
2017-06-21,1598.0,1598.0,1575.0,1595.0,4688
2017-06-22,1589.0,1599.0,1577.5,1595.0,2794
2017-06-23,1584.5,1610.0,1581.5,1605.0,2244
2017-06-26,1597.0,1615.0,1588.0,1603.5,1898
2017-06-27,1602.0,1605.0,1597.0,1605.0,639
2017-06-28,1602.0,1605.0,1584.5,1595.0,1532
2017-06-29,1599.5,1599.5,1586.5,1597.0,1968
2017-06-30,1598.5,1606.5,1588.5,1595.0,3013
2017-07-03,1590.0,1591.0,1561.5,1575.0,2367
2017-07-04,1582.5,1598.5,1576.0,1598.5,1886
2017-07-05,1599.5,1605.0,1585.5,1597.0,2558
2017-07-06,1587.0,1598.0,1583.0,1598.0,880
2017-07-07,1595.5,1651.5,1588.0,1632.0,4760
2017-07-10,1641.0,1685.0,1633.0,1680.0,2971
2017-07-11,1675.0,1797.0,1670.5,1769.5,4741
2017-07-12,1771.0,1774.5,1732.5,1749.0,3470
2017-07-13,1756.5,1810.0,1750.5,1800.5,8721
2017-07-14,1805.0,1805.5,1755.0,1777.5,5885
2017-07-17,1779.5,1798.0,1773.0,1775.5,742
2017-07-18,1775.5,1814.0,1765.0,1765.0,6369
2017-07-19,1730.0,1775.5,1716.0,1757.0,1953
2017-07-20,1752.0,1778.5,1751.5,1755.0,1282
2017-07-21,1755.5,1774.5,1733.0,1774.5,1915
2017-07-24,1770.0,1807.5,1765.0,1801.5,3815
2017-07-25,1793.5,1807.0,1787.0,1789.0,3370
2017-07-26,1798.0,1801.0,1782.0,1787.0,1187
2017-07-27,1792.0,1793.5,1780.0,1784.0,1057
2017-07-28,1791.0,1793.0,1753.0,1768.5,1001
2017-07-31,1773.5,1805.0,1750.5,1805.0,2824
2017-08-01,1801.5,1804.0,1779.0,1779.0,2306
2017-08-02,1779.0,1793.5,1762.0,1765.0,1113
2017-08-03,1762.5,1785.0,1752.5,1752.5,2832
2017-08-04,1762.0,1768.5,1747.5,1760.0,1097
2017-08-07,1760.5,1800.0,1756.5,1795.0,1657
2017-08-08,1788.0,1804.5,1781.5,1788.0,1398
2017-08-09,1786.5,1795.0,1771.5,1771.5,1291
2017-08-10,1776.5,1801.0,1773.5,1801.0,1713
2017-08-11,1799.5,1802.0,1760.0,1761.0,1875
2017-08-14,1766.0,1776.5,1760.0,1774.5,801
2017-08-15,1772.5,1787.0,1763.0,1778.5,755
2017-08-16,1788.5,1790.5,1751.5,1751.5,1501
2017-08-17,1751.5,1773.5,1751.5,1763.0,571
2017-08-18,1768.0,1770.0,1744.0,1744.0,899
2017-08-21,1747.5,1763.5,1737.0,1741.5,1121
2017-08-22,1749.0,1773.0,1744.0,1766.5,1078
2017-08-23,1766.5,1784.5,1750.0,1751.0,1408
2017-08-24,1751.0,1770.0,1747.5,1770.0,343
2017-08-25,1771.5,1794.0,1760.0,1768.0,2444
2017-08-28,1779.5,1779.5,1753.0,1760.0,1443
2017-08-29,1753.5,1766.0,1751.0,1765.5,448
2017-08-30,1771.5,1774.0,1750.0,1751.5,1127
2017-08-31,1752.0,1782.5,1752.0,1782.5,2903
2017-09-01,1782.5,1785.0,1727.0,1735.0,2716
2017-09-04,1732.5,1760.0,1730.5,1730.5,754
2017-09-05,1735.0,1767.5,1720.0,1730.5,5720
2017-09-06,1730.5,1740.0,1725.0,1731.0,3533
2017-09-07,1734.0,1734.0,1700.0,1700.0,2868
2017-09-08,1699.5,1722.5,1697.5,1721.0,2783
2017-09-11,1725.0,1734.0,1707.0,1725.0,3795
2017-09-12,1726.5,1736.0,1719.5,1726.0,1566
2017-09-13,1733.0,1736.5,1725.0,1733.0,1609
2017-09-14,1731.5,1781.0,1724.5,1780.0,4200
2017-09-15,1776.5,1792.0,1760.5,1792.0,3247
2017-09-18,1769.0,1778.5,1755.0,1773.0,821
2017-09-19,1768.0,1790.0,1764.0,1780.0,1015
2017-09-20,1775.5,1800.0,1767.0,1772.0,1459
2017-09-21,1772.0,1779.5,1753.5,1758.5,1410
2017-09-22,1760.0,1777.5,1755.0,1775.0,1061
2017-09-25,1777.0,1790.0,1761.5,1765.0,935
2017-09-26,1764.5,1780.5,1757.0,1757.0,1557
2017-09-27,1764.5,1778.5,1762.5,1770.0,1081
2017-09-28,1770.0,1776.0,1763.0,1767.0,896
2017-09-29,1767.5,1778.0,1761.0,1774.0,1224
2017-10-02,1774.5,1780.0,1770.0,1777.5,1129
2017-10-03,1780.0,1785.5,1772.5,1775.0,1258
2017-10-04,1775.0,1782.0,1775.0,1781.0,618
2017-10-05,1777.5,1777.5,1760.0,1760.0,1228
2017-10-06,1768.5,1779.5,1761.5,1776.0,1087
2017-10-09,1779.5,1785.0,1774.0,1784.0,633
2017-10-10,1779.0,1790.0,1778.0,1784.0,1152
2017-10-11,1777.5,1800.0,1770.0,1789.0,3589
2017-10-12,1786.0,1805.0,1784.0,1805.0,1682
2017-10-13,1805.0,1815.0,1797.5,1800.0,1687
2017-10-16,1802.0,1809.0,1790.5,1798.5,990
2017-10-17,1792.0,1884.5,1790.0,1873.5,3284
2017-10-18,1884.0,1905.0,1852.0,1852.5,2072
2017-10-19,1859.5,1868.0,1825.0,1825.0,1347
2017-10-20,1836.5,1840.0,1815.0,1828.5,1941
2017-10-23,1828.5,1856.5,1825.5,1831.5,1745
2017-10-24,1834.5,1850.5,1826.0,1836.5,1841
2017-10-25,1837.0,1844.5,1830.0,1835.0,1201
2017-10-26,1835.0,1848.0,1828.0,1840.5,2093
2017-10-27,1827.0,1849.5,1826.5,1844.5,1974
2017-10-30,1845.5,1874.5,1837.0,1837.0,1349
2017-10-31,1842.5,1859.0,1828.5,1850.0,1336
2017-11-01,1850.0,1855.5,1820.0,1843.0,1351
2017-11-02,1835.0,1859.5,1827.5,1859.5,1836
2017-11-03,1863.0,1868.5,1826.5,1830.0,1557
2017-11-07,1831.0,1856.5,1830.0,1845.0,1695
2017-11-08,1846.0,1882.0,1826.0,1826.0,4248
2017-11-09,1830.5,1841.5,1825.5,1837.0,2295
2017-11-10,1834.0,1834.0,1762.5,1790.5,1990
2017-11-13,1794.5,1828.5,1790.0,1815.0,764
2017-11-14,1820.5,1835.0,1815.0,1835.0,1323
2017-11-15,1827.5,1834.0,1785.0,1797.0,2246
2017-11-16,1795.0,1816.0,1770.0,1770.5,2340
2017-11-17,1778.0,1804.0,1768.0,1795.5,799
2017-11-20,1814.0,1818.0,1790.5,1801.0,585
2017-11-21,1808.5,1819.5,1787.0,1805.0,1100
2017-11-22,1807.0,1813.0,1803.0,1810.0,264
2017-11-23,1804.0,1830.0,1800.0,1816.0,2269
2017-11-24,1833.5,1855.0,1818.0,1855.0,4620
2017-11-27,1854.5,1917.5,1822.5,1835.5,2231
2017-11-28,1841.5,1849.0,1824.0,1844.5,1431
2017-11-29,1851.0,1851.0,1830.5,1840.0,1443
2017-11-30,1836.0,1840.5,1780.0,1780.0,3590
2017-12-01,1782.5,1802.5,1782.5,1787.0,623
2017-12-04,1780.5,1794.0,1760.0,1780.0,899
2017-12-05,1767.5,1784.0,1765.5,1770.0,702
2017-12-06,1770.0,1788.0,1761.0,1761.0,1832
2017-12-07,1770.5,1784.5,1728.5,1730.0,2764
2017-12-08,1734.5,1754.5,1732.5,1746.5,545
2017-12-11,1754.5,1809.5,1750.0,1805.0,1928
2017-12-12,1792.5,1809.5,1777.5,1795.0,2090
2017-12-13,1789.0,1812.0,1789.0,1810.0,1109
2017-12-14,1811.5,1811.5,1792.0,1809.0,540
2017-12-15,1801.0,1810.0,1782.0,1782.0,1711
2017-12-18,1785.0,1796.5,1762.0,1762.0,1064
2017-12-19,1768.5,1773.0,1744.0,1760.0,1128
2017-12-20,1750.5,1770.0,1745.0,1759.0,1089
2017-12-21,1749.5,1771.5,1749.5,1760.0,1239
2017-12-22,1760.0,1775.0,1754.0,1765.0,1051
2017-12-25,1766.0,1820.0,1766.0,1810.0,2194
2017-12-26,1806.5,1820.0,1786.5,1819.5,1307
2017-12-27,1814.5,1830.0,1809.0,1830.0,4489
2017-12-28,1822.0,1822.0,1758.0,1785.0,1186
2017-12-29,1786.0,1799.0,1760.0,1799.0,1606
2018-01-03,1798.5,1798.5,1773.0,1793.0,448
2018-01-04,1785.5,1830.0,1782.0,1829.0,2314
2018-01-05,1829.0,1830.0,1801.5,1825.0,807
2018-01-09,1822.0,1824.5,1791.5,1795.0,2231
2018-01-10,1797.5,1803.5,1787.5,1787.5,1596
2018-01-11,1788.5,1828.5,1786.5,1827.0,1825
2018-01-12,1826.0,1830.0,1809.5,1820.0,1735
2018-01-15,1825.0,1829.0,1805.0,1806.0,659
2018-01-16,1806.0,1825.0,1800.0,1825.0,1227
2018-01-17,1819.0,1822.0,1804.0,1820.0,1430
2018-01-18,1818.0,1847.5,1813.0,1830.0,2602
2018-01-19,1832.5,1840.0,1815.0,1825.0,789
2018-01-22,1826.5,1829.0,1818.0,1825.0,561
2018-01-23,1828.5,1828.5,1807.0,1827.0,805
2018-01-24,1823.5,1834.5,1805.0,1806.0,1620
2018-01-25,1808.0,1847.0,1808.0,1830.0,2407
2018-01-26,1829.5,1834.5,1821.0,1833.5,1869
2018-01-29,1830.0,1834.0,1796.0,1834.0,537
2018-01-30,1826.5,1830.0,1800.0,1815.0,751
2018-01-31,1813.0,1819.0,1800.0,1800.0,982
2018-02-01,1814.0,1820.0,1805.5,1816.0,1162
2018-02-02,1816.5,1819.0,1800.0,1819.0,902
2018-02-05,1813.0,1815.5,1797.5,1800.0,497
2018-02-06,1789.0,1812.0,1775.0,1775.0,1801
2018-02-07,1790.5,1804.0,1770.0,1770.0,1404
2018-02-08,1763.0,1780.0,1745.5,1780.0,2568
2018-02-09,1767.5,1786.5,1756.5,1765.0,1570
2018-02-12,1772.0,1773.5,1743.5,1750.0,1350
2018-02-13,1752.0,1780.0,1748.0,1780.0,1324
2018-02-14,1776.0,1804.0,1770.0,1804.0,1588
2018-02-15,1810.0,1817.0,1803.0,1803.5,1329
2018-02-16,1811.5,1812.5,1803.5,1804.5,959
2018-02-19,1809.5,1810.0,1798.0,1800.0,522
2018-02-20,1799.0,1802.0,1783.5,1792.5,1142
2018-02-21,1785.5,1823.0,1781.5,1805.5,2221
2018-02-22,1805.0,1852.5,1800.5,1836.0,2494
2018-02-26,1843.5,1861.0,1828.0,1847.0,1848
2018-02-27,1844.5,1847.0,1815.0,1815.0,1055
2018-02-28,1816.5,1850.0,1815.0,1850.0,2332
2018-03-01,1835.5,1842.5,1823.5,1823.5,830
2018-03-02,1829.0,1830.0,1792.0,1821.5,1011
2018-03-05,1824.0,1836.5,1819.5,1833.0,604
2018-03-06,1833.0,1850.0,1827.5,1832.0,988
2018-03-07,1832.0,1838.5,1786.0,1786.0,1508
2018-03-09,1793.5,1811.0,1788.0,1793.0,1664
2018-03-12,1810.5,1812.5,1802.5,1810.0,736
2018-03-13,1813.5,1814.0,1806.5,1812.0,1011
2018-03-14,1807.5,1810.0,1767.0,1767.0,2785
2018-03-15,1770.5,1785.0,1750.5,1766.5,2810
2018-03-16,1760.0,1800.0,1758.0,1770.0,5457
2018-03-19,1773.0,1784.0,1766.0,1770.0,783
2018-03-20,1771.5,1781.5,1768.0,1768.5,2094
2018-03-21,1770.0,1814.0,1763.0,1811.5,3101
2018-03-22,1805.0,1820.5,1771.0,1774.0,2092
2018-03-23,1774.5,1782.0,1767.0,1775.0,1710
2018-03-26,1777.5,1784.0,1756.0,1758.0,2922
2018-03-27,1762.0,1770.0,1756.5,1760.0,902
2018-03-28,1759.5,1771.5,1745.0,1745.0,2493
2018-03-29,1747.0,1770.0,1746.5,1765.0,1622
2018-03-30,1770.0,1779.5,1759.0,1759.0,752
2018-04-02,1764.5,1802.5,1757.5,1797.5,3555
2018-04-03,1793.5,1794.0,1781.0,1790.0,749
2018-04-04,1790.0,1803.5,1775.0,1775.0,3588
2018-04-05,1783.5,1790.0,1773.0,1790.0,1193
2018-04-06,1789.0,1794.0,1760.0,1794.0,1741
2018-04-09,1788.0,1788.0,1687.0,1720.5,5578
2018-04-10,1681.0,1750.0,1681.0,1710.0,3830
2018-04-11,1711.0,1757.0,1710.0,1735.0,4465
2018-04-12,1748.0,1796.0,1732.0,1777.0,2605
2018-04-13,1785.0,1790.0,1743.5,1756.5,2733
2018-04-16,1745.0,1772.5,1745.0,1771.5,1809
2018-04-17,1775.0,1780.0,1756.5,1780.0,1851
2018-04-18,1774.0,1778.0,1764.0,1777.5,2063
2018-04-19,1786.5,1791.5,1761.0,1790.0,1488
2018-04-20,1782.5,1795.0,1765.0,1790.0,1177
2018-04-23,1779.0,1786.5,1743.0,1763.0,3154
2018-04-24,1763.0,1765.0,1740.5,1750.0,1456
2018-04-25,1740.5,1740.5,1707.0,1722.5,2096
2018-04-26,1712.0,1716.5,1698.5,1702.0,2053
2018-04-27,1704.5,1726.0,1697.0,1726.0,785
2018-04-30,1735.5,1752.0,1724.0,1724.5,1236
2018-05-02,1725.0,1731.0,1612.0,1640.5,3701
2018-05-03,1639.0,1684.0,1636.5,1646.5,2533
2018-05-04,1649.5,1708.5,1615.5,1704.5,2543
2018-05-07,1708.0,1748.0,1692.5,1748.0,2562
2018-05-08,1739.0,1749.0,1720.0,1743.5,1691
2018-05-10,1749.0,1753.0,1730.0,1746.5,1608
2018-05-11,1749.0,1749.0,1735.5,1747.5,571
2018-05-14,1748.0,1756.0,1743.0,1756.0,617
2018-05-15,1747.5,1759.5,1743.0,1745.0,1064
2018-05-16,1748.0,1764.5,1740.0,1764.5,787
2018-05-17,1760.5,1771.5,1746.0,1749.0,921
2018-05-18,1747.5,1753.0,1739.5,1748.5,549
2018-05-21,1757.5,1773.0,1743.5,1757.5,1035
2018-05-22,1755.5,1757.5,1744.5,1749.5,723
2018-05-23,1747.0,1748.5,1730.0,1747.5,1141
2018-05-24,1742.0,1751.5,1733.0,1750.5,1449
2018-05-25,1741.5,1752.5,1736.0,1743.0,1079
2018-05-28,1747.5,1748.5,1738.0,1747.0,168
2018-05-29,1736.5,1755.5,1736.5,1744.5,1112
2018-05-30,1740.0,1742.5,1703.0,1740.0,1558
2018-05-31,1734.5,1742.5,1706.0,1706.0,3481
2018-06-01,1713.0,1728.0,1697.5,1720.0,1135
2018-06-04,1726.0,1728.5,1707.0,1719.0,772
2018-06-05,1718.0,1726.5,1708.0,1716.0,923
2018-06-06,1714.5,1740.5,1703.5,1740.5,1236
2018-06-07,1738.5,1755.0,1728.5,1750.0,1000
2018-06-08,1747.0,1750.5,1725.5,1749.5,2353
2018-06-11,1740.5,1752.5,1737.0,1749.5,593
2018-06-13,1754.0,1754.0,1730.0,1749.0,2009
2018-06-14,1740.5,1758.0,1735.0,1758.0,1139
2018-06-15,1750.0,1759.0,1736.5,1749.5,3996
2018-06-18,1741.5,1751.0,1684.5,1684.5,1329
2018-06-19,1684.0,1688.0,1646.0,1662.0,2243
2018-06-20,1671.0,1713.0,1661.5,1696.0,1449
2018-06-21,1690.5,1709.5,1677.0,1690.5,1166
2018-06-22,1697.0,1732.0,1691.5,1724.5,1841
2018-06-25,1725.0,1730.0,1717.0,1718.0,1032
2018-06-26,1724.0,1724.0,1680.5,1680.5,1122
2018-06-27,1688.5,1691.0,1661.0,1665.0,1879
2018-06-28,1666.0,1670.0,1645.0,1645.0,1292
2018-06-29,1650.5,1672.5,1647.5,1664.0,1106
2018-07-02,1660.0,1688.0,1660.0,1679.0,1409
2018-07-03,1683.0,1685.0,1670.0,1670.0,680
2018-07-04,1670.0,1673.0,1660.0,1672.5,360
2018-07-05,1670.5,1685.0,1667.0,1681.0,842
2018-07-06,1675.0,1699.0,1671.5,1688.5,1085
2018-07-09,1696.5,1728.5,1696.5,1723.0,875
2018-07-10,1717.5,1727.5,1701.0,1726.0,1905
2018-07-11,1715.0,1726.5,1714.0,1725.0,1328
2018-07-12,1720.0,1722.0,1660.5,1660.5,1447
2018-07-13,1667.5,1677.0,1661.0,1674.5,794
2018-07-16,1670.0,1675.5,1661.5,1673.0,1335
2018-07-17,1662.5,1665.5,1647.0,1650.5,772
2018-07-18,1656.0,1662.5,1650.0,1658.0,1001
2018-07-19,1651.0,1658.5,1643.5,1643.5,823
2018-07-20,1636.5,1650.0,1626.5,1630.0,693
2018-07-23,1643.5,1643.5,1615.5,1621.5,356
2018-07-24,1625.5,1637.0,1612.0,1637.0,793
2018-07-25,1629.0,1629.0,1616.0,1619.5,500
2018-07-26,1621.0,1630.5,1610.0,1619.5,671
2018-07-27,1620.0,1631.5,1612.0,1631.5,313
2018-07-30,1630.0,1647.0,1618.5,1637.0,556
2018-07-31,1632.0,1644.0,1624.5,1626.0,2156
2018-08-01,1632.5,1632.5,1607.0,1607.0,1104
2018-08-02,1610.5,1615.0,1574.0,1587.5,579
2018-08-03,1579.0,1596.0,1570.0,1593.0,452
2018-08-06,1595.0,1614.5,1584.0,1610.0,1043
2018-08-07,1600.0,1611.5,1583.5,1606.0,645
2018-08-08,1599.0,1604.0,1550.5,1558.5,1373
2018-08-09,1549.5,1568.5,1510.5,1553.5,1356
2018-08-10,1560.0,1573.5,1531.0,1539.5,742
2018-08-13,1525.0,1550.0,1514.5,1531.5,795
2018-08-14,1539.0,1552.5,1521.0,1543.5,493
2018-08-15,1543.0,1545.0,1524.0,1533.0,762
2018-08-16,1535.0,1537.0,1520.0,1523.0,770
2018-08-17,1523.0,1526.5,1502.5,1503.0,695
2018-08-20,1502.0,1540.0,1502.0,1530.0,543
2018-08-21,1541.5,1547.0,1501.5,1547.0,1082
2018-08-22,1538.5,1544.0,1511.5,1518.0,934
2018-08-23,1514.0,1520.0,1503.5,1514.5,666
2018-08-24,1501.0,1529.0,1500.0,1527.5,618
2018-08-27,1527.5,1540.0,1514.0,1540.0,481
2018-08-28,1533.0,1540.0,1504.5,1521.0,820
2018-08-29,1517.0,1521.0,1510.0,1514.0,459
2018-08-30,1519.0,1523.5,1429.0,1456.5,1661
2018-08-31,1436.5,1443.5,1396.0,1425.0,3058
2018-09-03,1430.5,1460.0,1420.5,1455.0,919
2018-09-04,1454.5,1472.0,1434.0,1443.0,836
2018-09-05,1448.5,1448.5,1424.0,1435.0,1905
2018-09-06,1446.5,1446.5,1382.0,1435.0,2606
2018-09-07,1431.0,1464.5,1416.0,1430.0,1729
2018-09-10,1440.0,1466.5,1415.5,1466.5,1736
2018-09-11,1466.5,1492.5,1460.5,1492.5,2352
2018-09-12,1493.0,1526.0,1484.0,1520.0,1148
2018-09-13,1520.0,1569.5,1502.0,1552.5,1824
2018-09-14,1544.5,1599.0,1528.0,1590.0,1968
2018-09-17,1596.0,1624.5,1570.5,1624.0,1950
2018-09-18,1624.5,1631.5,1595.0,1625.0,3437
2018-09-19,1625.5,1626.0,1595.5,1595.5,2529
2018-09-20,1606.5,1615.0,1526.5,1580.0,5096
2018-09-21,1580.0,1614.0,1530.5,1601.0,4427
2018-09-24,1610.0,1622.5,1580.0,1619.0,1615
2018-09-25,1615.5,1643.5,1594.0,1643.5,2009
2018-09-26,1633.5,1650.0,1621.5,1644.0,1936
2018-09-27,1636.5,1650.0,1600.0,1645.5,2270
2018-09-28,1647.5,1657.5,1623.0,1657.5,1767
2018-10-01,1658.5,1678.5,1632.0,1666.0,1892
2018-10-02,1664.5,1666.0,1644.0,1655.0,856
2018-10-03,1658.5,1684.5,1645.5,1648.0,2024
2018-10-04,1650.0,1655.0,1633.5,1645.0,1301
2018-10-05,1640.5,1659.5,1617.5,1650.0,2238
2018-10-08,1649.5,1659.0,1642.5,1655.0,1041
2018-10-09,1655.0,1691.0,1643.0,1691.0,3707
2018-10-10,1699.0,1761.0,1698.0,1715.0,8327
2018-10-11,1695.0,1720.0,1692.0,1712.0,1734
2018-10-12,1718.0,1729.0,1708.5,1709.0,500
2018-10-15,1712.0,1714.5,1696.5,1708.0,579
2018-10-16,1709.0,1714.5,1701.0,1708.0,939
2018-10-17,1703.5,1712.0,1696.0,1709.0,1033
2018-10-18,1702.0,1714.0,1701.5,1714.0,632
2018-10-19,1715.0,1721.5,1702.5,1710.0,1349
2018-10-22,1703.0,1723.5,1703.0,1710.0,1488
2018-10-23,1703.5,1713.0,1688.5,1707.0,1184
2018-10-24,1711.0,1711.0,1698.0,1709.0,1422
2018-10-25,1707.5,1708.5,1697.0,1705.0,960
2018-10-26,1703.0,1718.5,1695.0,1718.5,729
2018-10-29,1714.5,1715.5,1704.0,1710.0,231
2018-10-30,1704.0,1710.0,1700.0,1709.0,731
2018-10-31,1709.5,1720.0,1703.5,1709.0,637
2018-11-01,1705.0,1719.0,1699.5,1719.0,776
2018-11-02,1726.5,1727.0,1709.0,1720.0,539
2018-11-06,1723.5,1752.5,1712.0,1752.5,1498
2018-11-07,1752.5,1759.0,1732.0,1756.0,1615
2018-11-08,1751.5,1754.5,1737.5,1737.5,633
2018-11-09,1734.5,1737.0,1666.5,1705.5,1788
2018-11-12,1707.0,1715.0,1686.5,1695.0,628
2018-11-13,1694.5,1707.0,1686.0,1697.0,368
2018-11-14,1702.5,1709.5,1695.0,1709.5,579
2018-11-15,1706.0,1707.5,1694.0,1707.5,506
2018-11-16,1708.0,1708.5,1687.5,1705.0,991
2018-11-19,1694.0,1719.0,1690.5,1701.5,565
2018-11-20,1692.0,1699.0,1680.0,1690.0,673
2018-11-21,1690.0,1701.5,1681.5,1695.0,1299
2018-11-22,1691.0,1698.5,1683.5,1695.5,868
2018-11-23,1685.0,1695.0,1680.0,1685.0,830
2018-11-26,1685.5,1685.5,1632.0,1670.0,1747
2018-11-27,1683.5,1694.0,1665.0,1680.0,1366
2018-11-28,1686.0,1707.0,1674.5,1700.0,668
2018-11-29,1698.5,1717.0,1693.5,1713.5,1375
2018-11-30,1734.5,1771.0,1713.0,1754.0,3298
2018-12-03,1755.0,1780.0,1718.5,1721.0,1037
2018-12-04,1720.0,1720.0,1693.0,1709.5,533
2018-12-05,1702.0,1721.0,1689.0,1721.0,634
2018-12-06,1713.5,1714.0,1687.0,1704.5,1158
2018-12-07,1703.0,1716.0,1668.0,1700.0,1872
2018-12-10,1702.0,1715.0,1690.5,1695.0,675
2018-12-11,1690.5,1700.0,1675.5,1699.0,766
2018-12-12,1688.0,1693.5,1671.5,1691.0,1246
2018-12-13,1691.0,1692.0,1676.0,1684.0,497
2018-12-14,1681.0,1689.5,1669.0,1689.5,463
2018-12-17,1691.5,1692.0,1665.5,1687.0,1513
2018-12-18,1679.5,1688.0,1660.5,1680.0,1621
2018-12-19,1673.0,1684.0,1658.0,1658.0,1384
2018-12-20,1657.5,1663.5,1636.0,1661.0,2143
2018-12-21,1660.5,1663.0,1628.0,1628.0,2724
2018-12-24,1634.5,1635.0,1600.5,1632.5,816
2018-12-25,1630.0,1637.5,1602.5,1637.5,312
2018-12-26,1637.5,1640.0,1613.0,1640.0,441
2018-12-27,1642.0,1642.0,1600.5,1623.0,2011
2018-12-28,1618.5,1641.0,1615.0,1634.5,1062
2019-01-03,1710.0,1732.0,1683.0,1688.0,1953
2019-01-04,1684.0,1731.0,1684.0,1730.5,1618
2019-01-08,1726.5,1727.0,1693.5,1698.0,1754
2019-01-09,1698.5,1707.5,1668.5,1678.5,1705
2019-01-10,1680.0,1694.5,1672.0,1692.0,1026
2019-01-11,1703.0,1706.5,1687.0,1705.0,1436
2019-01-14,1703.5,1711.5,1687.0,1706.5,1383
2019-01-15,1707.5,1707.5,1677.0,1694.0,1153
2019-01-16,1689.0,1702.0,1681.0,1696.5,390
2019-01-17,1691.5,1703.5,1680.5,1703.5,759
2019-01-18,1694.5,1708.0,1652.5,1708.0,1425
2019-01-21,1704.0,1709.5,1698.5,1705.0,201
2019-01-22,1698.0,1700.5,1690.0,1700.0,389
2019-01-23,1695.0,1701.0,1691.0,1699.0,668
2019-01-24,1695.0,1695.0,1675.5,1675.5,702
2019-01-25,1673.0,1690.5,1673.0,1685.0,722
2019-01-28,1676.5,1687.5,1676.5,1681.0,417
2019-01-29,1676.0,1699.0,1676.0,1699.0,446
2019-01-30,1697.0,1748.0,1689.5,1729.5,1560
2019-01-31,1730.0,1749.5,1717.5,1745.0,1899
2019-02-01,1746.5,1754.5,1717.5,1734.0,1073
2019-02-04,1737.5,1767.0,1725.5,1754.0,1522
2019-02-05,1765.0,1765.0,1727.5,1734.0,955
2019-02-06,1731.0,1739.0,1717.5,1729.5,1001
2019-02-07,1721.0,1731.5,1711.5,1717.0,1037
2019-02-08,1714.0,1714.0,1698.5,1705.0,410
2019-02-11,1693.0,1709.5,1690.0,1694.0,332
2019-02-12,1697.0,1746.5,1695.5,1744.5,1348
2019-02-13,1747.5,1747.5,1696.5,1720.0,1857
2019-02-14,1717.0,1727.0,1672.0,1676.5,1895
2019-02-15,1677.0,1697.5,1677.0,1697.5,604
2019-02-18,1699.5,1699.5,1678.0,1686.0,368
2019-02-19,1688.0,1714.0,1685.5,1709.5,789
2019-02-20,1710.0,1711.0,1695.0,1695.0,506
2019-02-21,1695.0,1704.5,1692.5,1704.5,355
2019-02-22,1700.0,1710.0,1696.0,1709.0,457
2019-02-25,1705.0,1711.5,1683.0,1699.0,506
2019-02-26,1695.0,1704.0,1690.0,1704.0,181
2019-02-27,1710.0,1710.0,1692.5,1701.0,369
2019-02-28,1698.0,1706.0,1685.5,1706.0,649
2019-03-01,1706.0,1706.5,1663.5,1670.0,1387
2019-03-04,1670.5,1675.0,1661.5,1661.5,408
2019-03-05,1668.5,1678.0,1628.0,1628.5,1244
2019-03-06,1635.5,1666.5,1633.0,1654.0,640
2019-03-07,1654.5,1654.5,1625.0,1630.0,807
2019-03-11,1632.0,1632.0,1595.0,1600.5,1717
2019-03-12,1607.5,1631.0,1598.0,1631.0,1022
2019-03-13,1636.0,1649.5,1629.5,1649.5,862
2019-03-14,1648.5,1688.0,1641.5,1646.0,2094
2019-03-15,1651.0,1740.0,1647.0,1740.0,4595
2019-03-18,1724.0,1749.5,1714.0,1739.5,1603
2019-03-19,1749.5,1753.5,1723.5,1753.5,1145
2019-03-20,1753.5,1769.5,1740.0,1769.5,968
2019-03-21,1773.5,1798.5,1763.5,1798.5,2151
2019-03-22,1798.0,1798.0,1763.5,1794.5,1092
2019-03-25,1787.5,1795.0,1771.0,1780.0,865
2019-03-26,1770.5,1795.0,1770.5,1774.5,795
2019-03-27,1776.0,1782.0,1755.0,1759.5,704
2019-03-28,1751.0,1771.5,1747.0,1750.0,581
2019-03-29,1756.5,1776.0,1748.0,1765.0,2443
2019-04-01,1756.0,1780.0,1752.0,1780.0,632
2019-04-02,1780.0,1795.5,1767.0,1782.5,1607
2019-04-03,1786.0,1790.0,1754.5,1756.5,1067
2019-04-04,1756.5,1762.0,1718.0,1724.0,1220
2019-04-05,1715.0,1721.0,1687.5,1691.5,1606
2019-04-08,1695.5,1707.5,1679.0,1679.0,1426
2019-04-09,1691.0,1710.5,1669.5,1710.5,1347
2019-04-10,1709.0,1723.5,1680.0,1680.0,4070
2019-04-11,1688.5,1704.0,1673.0,1673.0,1610
2019-04-12,1680.0,1694.0,1672.0,1685.0,924
2019-04-15,1680.5,1690.0,1646.5,1647.0,1050
2019-04-16,1651.5,1686.5,1640.5,1686.5,2197
2019-04-17,1682.0,1699.0,1674.5,1689.0,900
2019-04-18,1682.5,1703.0,1682.0,1700.5,643
2019-04-19,1691.0,1705.0,1691.0,1697.0,123
2019-04-22,1697.0,1703.5,1693.0,1695.0,218
2019-04-23,1695.0,1705.0,1681.0,1697.5,625
2019-04-24,1694.5,1701.0,1687.0,1699.0,718
2019-04-25,1694.0,1714.0,1677.0,1688.5,1192
2019-04-26,1684.0,1695.0,1658.5,1663.5,901
2019-04-29,1676.5,1676.5,1660.0,1666.5,262
2019-04-30,1660.0,1680.0,1660.0,1680.0,798
2019-05-02,1673.0,1679.0,1669.0,1674.5,186
2019-05-03,1678.5,1699.0,1671.5,1699.0,332
2019-05-06,1688.0,1690.0,1666.0,1673.0,581
2019-05-07,1670.0,1683.5,1654.0,1683.5,711
2019-05-08,1674.5,1678.5,1660.0,1666.0,745
2019-05-10,1666.0,1667.5,1601.5,1601.5,2670
2019-05-13,1609.5,1623.0,1563.0,1599.0,2841
2019-05-14,1590.0,1619.5,1572.0,1580.5,2108
2019-05-15,1577.5,1590.5,1545.5,1552.0,1183
2019-05-16,1552.0,1584.5,1530.0,1580.5,2520
2019-05-17,1573.0,1574.5,1535.0,1561.0,1565
2019-05-20,1554.0,1559.0,1525.0,1525.0,1120
2019-05-21,1525.0,1535.0,1522.0,1522.0,614
2019-05-22,1522.0,1522.5,1500.0,1518.0,825
2019-05-23,1516.0,1536.5,1502.5,1523.0,1636
2019-05-24,1523.0,1635.0,1512.5,1604.0,3832
2019-05-27,1605.0,1616.0,1573.0,1578.5,1108
2019-05-28,1571.0,1596.5,1549.5,1571.0,3499
2019-05-29,1564.0,1588.0,1546.0,1588.0,1446
2019-05-30,1589.0,1626.5,1584.0,1621.0,1237
2019-05-31,1606.0,1636.5,1592.5,1613.5,1590
2019-06-03,1598.5,1612.5,1586.5,1600.0,1144
2019-06-04,1604.0,1626.0,1591.0,1594.0,1346
2019-06-05,1592.5,1607.5,1575.5,1587.0,693
2019-06-06,1594.0,1607.0,1586.0,1607.0,669
2019-06-07,1607.5,1659.5,1590.0,1616.5,3599
2019-06-10,1620.0,1628.0,1597.0,1602.0,1121
2019-06-11,1600.0,1649.5,1600.0,1642.0,3096
2019-06-13,1647.5,1647.5,1603.5,1603.5,2504
2019-06-14,1610.0,1618.0,1566.5,1566.5,1577
2019-06-17,1565.5,1587.0,1553.0,1554.5,1899
2019-06-18,1564.5,1590.0,1558.0,1590.0,1281
2019-06-19,1591.0,1602.0,1575.0,1584.5,880
2019-06-20,1590.0,1634.0,1586.0,1625.0,2587
2019-06-21,1618.0,1629.5,1598.0,1626.5,2329
2019-06-24,1623.0,1640.0,1605.5,1611.5,1266
2019-06-25,1612.0,1627.0,1594.0,1595.5,962
2019-06-26,1595.5,1655.0,1595.5,1649.5,1831
2019-06-27,1648.5,1669.0,1634.0,1665.5,2052
2019-06-28,1661.5,1670.5,1651.0,1654.5,699
2019-07-01,1655.5,1669.0,1634.5,1650.0,998
2019-07-02,1658.5,1659.0,1640.0,1654.0,1160
2019-07-03,1644.5,1668.5,1641.0,1668.5,1114
2019-07-04,1656.0,1687.0,1656.0,1686.5,924
2019-07-05,1687.5,1696.0,1681.5,1696.0,674
2019-07-08,1691.0,1715.0,1685.5,1715.0,1243
2019-07-09,1713.0,1729.5,1712.5,1723.0,1047
2019-07-10,1719.0,1719.0,1680.0,1683.5,1993
2019-07-11,1681.0,1686.0,1661.0,1668.5,879
2019-07-12,1662.5,1674.0,1642.5,1662.0,606
2019-07-15,1662.0,1689.5,1662.0,1689.5,710
2019-07-16,1689.5,1695.0,1670.5,1675.0,1203
2019-07-17,1680.0,1680.0,1646.5,1652.0,2157
2019-07-18,1563.5,1600.0,1556.0,1600.0,2295
2019-07-19,1600.0,1625.5,1592.0,1592.0,1199
2019-07-22,1588.5,1607.5,1570.0,1580.0,726
2019-07-23,1578.5,1595.0,1572.0,1595.0,760
2019-07-24,1586.0,1596.0,1576.0,1590.0,678
2019-07-25,1590.5,1595.0,1573.5,1595.0,1456
2019-07-26,1590.0,1593.5,1567.0,1567.0,1165
2019-07-29,1565.0,1581.5,1565.0,1574.0,620
2019-07-30,1573.5,1580.0,1566.5,1580.0,531
2019-07-31,1579.5,1587.0,1572.0,1577.0,1075
2019-08-01,1574.5,1584.0,1557.5,1557.5,634
2019-08-02,1551.0,1566.5,1550.0,1562.0,802
2019-08-05,1568.5,1568.5,1550.0,1550.0,458
2019-08-06,1552.5,1584.5,1549.5,1569.5,1570
2019-08-07,1564.0,1567.0,1552.0,1557.0,771
2019-08-08,1566.0,1568.0,1547.0,1547.0,1141
2019-08-09,1553.0,1553.0,1543.5,1549.5,526
2019-08-12,1552.0,1575.0,1548.5,1575.0,717
2019-08-13,1579.0,1579.0,1553.0,1556.5,763
2019-08-14,1554.5,1560.0,1521.0,1521.0,1259
2019-08-15,1535.5,1537.0,1511.5,1521.0,886
2019-08-16,1518.5,1527.5,1501.0,1509.5,1006
2019-08-19,1505.0,1523.5,1486.0,1491.5,1438
2019-08-20,1495.0,1503.5,1485.5,1490.5,1059
2019-08-21,1486.5,1495.0,1485.0,1490.0,929
2019-08-22,1485.5,1485.5,1456.5,1460.0,2682
2019-08-23,1461.0,1467.5,1450.0,1460.0,1000
2019-08-26,1457.0,1506.0,1450.0,1503.0,1792
2019-08-27,1506.5,1530.0,1502.5,1510.0,2137
2019-08-28,1513.5,1521.0,1498.5,1521.0,1396
2019-08-29,1515.0,1527.5,1512.0,1512.0,832
2019-08-30,1512.0,1512.5,1501.0,1504.0,1477
2019-09-02,1509.5,1515.0,1500.5,1515.0,851
2019-09-03,1513.0,1555.0,1513.0,1549.0,2230
2019-09-04,1546.0,1565.0,1535.5,1556.0,1605
2019-09-05,1552.0,1570.0,1533.5,1550.5,2383
2019-09-06,1559.5,1559.5,1536.0,1545.0,811
2019-09-09,1556.5,1562.0,1550.5,1557.5,590
2019-09-10,1550.5,1561.5,1545.5,1561.5,710
2019-09-11,1559.0,1560.5,1545.0,1558.0,1622
2019-09-12,1549.0,1552.5,1545.0,1545.5,725
2019-09-13,1553.5,1553.5,1525.0,1539.5,1115
2019-09-16,1555.0,1579.5,1526.5,1540.0,1690
2019-09-17,1530.5,1543.0,1527.0,1533.0,1654
2019-09-18,1533.0,1533.0,1514.0,1529.0,1768
2019-09-19,1529.0,1530.5,1512.5,1520.0,910
2019-09-20,1510.5,1519.0,1500.0,1513.5,2796
2019-09-23,1507.0,1520.0,1507.0,1517.0,1700
2019-09-24,1517.0,1525.0,1508.5,1514.0,900
2019-09-25,1502.0,1516.0,1501.5,1514.0,663
2019-09-26,1512.0,1512.5,1503.5,1512.0,393
2019-09-27,1504.5,1509.0,1500.5,1500.5,347
2019-09-30,1505.5,1511.5,1498.0,1498.0,1178
2019-10-01,1503.5,1504.0,1493.0,1498.5,800
2019-10-02,1498.5,1506.5,1490.0,1502.5,1518
2019-10-03,1504.5,1506.0,1491.0,1498.5,1414
2019-10-04,1494.5,1507.5,1493.0,1507.5,1500
2019-10-07,1501.5,1539.0,1501.5,1538.5,2967
2019-10-08,1539.5,1542.5,1522.0,1537.0,2487
2019-10-09,1530.0,1542.0,1525.5,1534.5,1347
2019-10-10,1529.0,1533.5,1525.0,1532.0,793
2019-10-11,1532.0,1537.0,1518.0,1533.5,2062
2019-10-14,1531.5,1536.5,1508.0,1529.0,1856
2019-10-15,1512.0,1531.5,1504.0,1529.5,2141
2019-10-16,1533.0,1650.0,1522.5,1649.5,12607
2019-10-17,1650.0,1691.0,1636.0,1665.0,4275
2019-10-18,1657.0,1670.0,1623.0,1630.0,6306
2019-10-21,1630.0,1656.5,1608.0,1620.0,3303
2019-10-22,1620.0,1626.0,1553.5,1580.0,8786
2019-10-23,1578.0,1622.5,1542.0,1622.5,11780
2019-10-24,1616.0,1630.0,1610.0,1630.0,3505
2019-10-25,1630.0,1670.0,1615.0,1670.0,4666
2019-10-28,1655.0,1677.0,1650.0,1660.0,2324
2019-10-29,1662.0,1663.0,1630.0,1663.0,2993
2019-10-30,1656.5,1670.0,1650.0,1668.0,1773
2019-10-31,1666.0,1668.0,1618.5,1665.0,3987
2019-11-01,1661.0,1661.0,1620.5,1627.0,2331
2019-11-05,1627.0,1641.5,1608.0,1625.0,1756
2019-11-06,1625.0,1678.5,1617.5,1678.5,2362
2019-11-07,1675.0,1750.0,1657.5,1750.0,4337
2019-11-08,1746.5,1776.5,1728.0,1734.5,2490
2019-11-11,1744.5,1772.5,1713.0,1754.5,1900
2019-11-12,1753.5,1769.0,1742.5,1764.0,840
2019-11-13,1760.5,1761.5,1748.5,1748.5,888
2019-11-14,1752.0,1793.0,1745.0,1758.5,2669
2019-11-15,1758.5,1770.0,1738.0,1759.5,942
2019-11-18,1759.5,1759.5,1717.0,1729.5,1314
2019-11-19,1729.5,1757.5,1711.0,1752.5,1739
2019-11-20,1747.0,1758.5,1732.5,1744.0,784
2019-11-21,1738.0,1744.0,1719.5,1726.5,1381
2019-11-22,1738.0,1745.5,1729.5,1737.5,724
2019-11-25,1737.5,1743.5,1710.5,1710.5,845
2019-11-26,1710.0,1720.5,1687.0,1687.0,3026
2019-11-27,1695.0,1720.5,1691.5,1715.0,1435
2019-11-28,1710.5,1714.5,1703.0,1703.0,272
2019-11-29,1704.0,1709.0,1687.0,1699.0,961
2019-12-02,1702.0,1711.5,1695.5,1711.5,883
2019-12-03,1705.0,1756.0,1686.0,1686.0,1762
2019-12-04,1686.0,1698.0,1655.5,1678.5,1810
2019-12-05,1670.0,1677.5,1658.5,1677.0,651
2019-12-06,1672.0,1688.5,1666.0,1688.5,750
2019-12-09,1688.0,1704.0,1685.5,1704.0,1081
2019-12-10,1701.0,1701.5,1671.0,1678.0,1288
2019-12-11,1683.5,1711.0,1677.5,1710.0,1220
2019-12-12,1708.0,1722.0,1690.5,1690.5,1458
2019-12-13,1691.5,1716.5,1687.0,1707.0,1246
2019-12-16,1709.0,1714.5,1701.0,1714.0,864
2019-12-17,1717.0,1748.0,1715.5,1742.0,1903
2019-12-18,1744.5,1770.0,1744.0,1765.0,2010
2019-12-19,1770.0,1794.5,1766.5,1780.0,2451
2019-12-20,1781.0,1783.0,1746.5,1746.5,2889
2019-12-23,1754.0,1769.0,1741.0,1767.0,1426
2019-12-24,1761.0,1769.0,1755.5,1760.0,1076
2019-12-25,1763.0,1764.5,1759.0,1764.0,265
2019-12-26,1758.5,1766.0,1755.5,1764.5,997
2019-12-27,1765.0,1772.0,1760.0,1767.5,1872
2019-12-30,1769.5,1769.5,1761.0,1767.5,1575
2020-01-03,1771.0,1817.5,1761.5,1779.5,2032
2020-01-06,1782.0,1792.0,1751.0,1763.0,909
2020-01-08,1760.0,1790.0,1754.0,1790.0,1220
2020-01-09,1799.5,1803.0,1778.0,1791.0,1477
2020-01-10,1781.5,1792.0,1779.0,1785.0,813
2020-01-13,1787.5,1787.5,1765.0,1768.0,1024
2020-01-14,1768.0,1777.0,1761.5,1777.0,1028
2020-01-15,1766.0,1779.0,1765.5,1768.5,904
2020-01-16,1776.5,1781.0,1770.5,1780.0,1175
2020-01-17,1773.0,1794.0,1772.5,1786.5,741
2020-01-20,1784.0,1792.5,1769.0,1783.0,716
2020-01-21,1783.5,1785.5,1768.5,1784.0,770
2020-01-22,1784.0,1832.0,1775.0,1780.5,2228
2020-01-23,1795.0,1795.5,1778.5,1780.0,673
2020-01-24,1780.5,1787.5,1747.0,1767.0,924
2020-01-27,1766.5,1766.5,1731.5,1735.0,1177
2020-01-28,1743.0,1743.5,1712.0,1712.0,1216
2020-01-29,1717.5,1729.0,1685.0,1685.0,1479
2020-01-30,1681.0,1713.5,1673.5,1676.0,1703
2020-01-31,1683.5,1686.0,1649.5,1649.5,1689
2020-02-03,1646.5,1672.0,1620.0,1620.5,2330
2020-02-04,1640.0,1679.0,1609.5,1660.0,2514
2020-02-05,1676.0,1676.0,1637.0,1651.5,2181
2020-02-06,1666.5,1667.5,1632.0,1666.5,1733
2020-02-07,1659.0,1666.5,1640.5,1640.5,1200
2020-02-10,1640.0,1646.0,1611.5,1615.5,1113
2020-02-11,1630.0,1636.0,1603.5,1620.0,1934
2020-02-12,1631.0,1631.0,1610.0,1613.0,1380
2020-02-13,1609.5,1623.0,1604.0,1620.5,1395
2020-02-14,1625.0,1636.5,1618.0,1630.0,1007
2020-02-17,1636.0,1649.5,1636.0,1647.5,815
2020-02-18,1643.5,1647.5,1617.5,1617.5,1291
2020-02-19,1625.5,1644.0,1618.0,1634.5,1147
2020-02-20,1644.5,1657.5,1635.5,1640.0,1396
2020-02-21,1635.5,1647.5,1622.5,1622.5,1051
2020-02-25,1602.0,1626.0,1600.0,1600.0,1790
2020-02-26,1582.5,1608.0,1581.0,1600.0,2858
2020-02-27,1593.0,1604.5,1570.5,1574.5,2814
2020-02-28,1565.0,1565.0,1460.0,1518.5,5372
2020-03-02,1538.0,1538.5,1475.0,1491.0,2865
2020-03-03,1519.0,1521.5,1490.0,1516.5,1925
2020-03-04,1515.0,1526.5,1481.5,1515.5,1732
2020-03-05,1518.5,1525.0,1496.0,1513.5,1776
2020-03-06,1500.0,1505.0,1454.0,1459.5,2205
2020-03-10,1330.0,1500.0,1272.0,1399.5,5298
2020-03-11,1407.0,1435.0,1377.0,1377.0,2869
2020-03-12,1331.0,1456.5,1320.5,1416.5,6989
2020-03-13,1402.5,1439.5,1373.5,1389.5,4657
2020-03-16,1390.0,1477.0,1341.0,1448.5,6468
2020-03-17,1440.0,1466.5,1394.5,1452.0,3413
2020-03-18,1474.5,1474.5,1328.0,1350.0,4280
2020-03-19,1338.0,1366.0,1301.0,1330.5,5261
2020-03-20,1356.0,1385.0,1330.5,1347.5,5309
2020-03-23,1307.5,1350.5,1306.5,1317.0,2253
2020-03-24,1347.5,1383.0,1339.0,1367.5,2863
2020-03-25,1373.0,1400.0,1350.5,1392.5,2875
2020-03-26,1380.5,1417.5,1364.5,1417.5,3041
2020-03-27,1420.0,1420.0,1366.0,1383.5,1556
2020-03-30,1364.5,1402.0,1358.0,1402.0,1424
2020-03-31,1428.0,1477.5,1404.0,1477.5,2378
2020-04-01,1453.0,1479.0,1431.5,1446.0,2093
2020-04-02,1469.5,1494.0,1427.0,1477.5,3006
2020-04-03,1477.5,1538.0,1469.0,1512.0,2459
2020-04-06,1525.0,1604.5,1517.5,1598.5,2147
2020-04-07,1603.5,1638.5,1578.0,1584.5,2171
2020-04-08,1581.0,1591.5,1551.0,1577.0,1577
2020-04-09,1588.0,1589.5,1550.5,1560.0,2059
2020-04-10,1566.5,1566.5,1540.0,1553.0,620
2020-04-13,1556.5,1557.5,1513.5,1534.0,1206
2020-04-14,1552.0,1555.0,1535.5,1545.5,997
2020-04-15,1540.5,1540.5,1446.5,1459.5,2945
2020-04-16,1460.0,1575.5,1447.0,1552.5,6179
2020-04-17,1581.0,1633.5,1492.5,1500.0,7774
2020-04-20,1481.0,1495.0,1435.0,1435.0,6393
2020-04-21,1411.5,1411.5,1352.5,1394.0,5381
2020-04-22,1390.5,1419.5,1371.0,1393.5,5111
2020-04-23,1409.5,1410.5,1386.5,1400.0,2976
2020-04-24,1398.5,1406.0,1370.0,1370.0,2954
2020-04-27,1370.0,1376.5,1335.0,1340.5,5352
2020-04-28,1340.5,1378.0,1333.5,1350.5,7745
2020-04-29,1359.0,1377.0,1352.0,1377.0,4778
2020-04-30,1395.0,1397.0,1340.5,1365.0,5943
2020-05-04,1353.0,1366.5,1345.5,1366.5,3252
2020-05-05,1373.0,1380.0,1363.0,1365.0,2451
2020-05-06,1371.0,1374.5,1348.5,1354.0,2923
2020-05-07,1359.5,1371.5,1350.0,1360.0,2401
2020-05-08,1360.0,1367.5,1352.0,1353.0,1333
2020-05-12,1353.0,1358.5,1335.5,1335.5,3272
2020-05-13,1310.0,1319.0,1281.0,1287.0,9256
2020-05-14,1285.0,1308.0,1253.5,1295.5,6562
2020-05-15,1308.0,1321.5,1292.0,1294.0,4361
2020-05-18,1305.0,1313.0,1287.0,1289.0,7473
2020-05-19,1289.0,1309.0,1289.0,1301.0,4204
2020-05-20,1305.0,1335.0,1298.0,1333.0,6280
2020-05-21,1336.5,1342.0,1313.5,1325.0,6165
2020-05-22,1315.0,1331.5,1303.5,1315.5,3640
2020-05-25,1305.0,1317.5,1300.0,1310.5,2449
2020-05-26,1324.5,1332.5,1317.0,1320.0,2656
2020-05-27,1323.0,1331.0,1304.0,1320.0,5822
2020-05-28,1310.5,1332.0,1309.0,1328.5,5813
2020-05-29,1319.5,1323.0,1291.0,1291.0,50097
2020-06-01,1307.0,1356.0,1306.5,1336.5,12162
2020-06-02,1345.0,1383.0,1338.0,1381.0,9515
2020-06-03,1386.5,1398.0,1363.5,1394.0,6947
2020-06-04,1393.0,1398.0,1356.5,1388.5,6906
2020-06-05,1390.0,1397.0,1376.0,1390.0,4650
2020-06-08,1404.5,1404.5,1375.5,1376.0,3862
2020-06-09,1379.5,1393.5,1373.0,1381.0,4445
2020-06-10,1384.5,1392.0,1381.5,1386.5,2336
2020-06-11,1380.5,1389.0,1360.0,1370.0,4211
2020-06-15,1350.5,1356.5,1337.0,1346.0,2185
2020-06-16,1353.5,1376.0,1346.0,1352.0,4909
2020-06-17,1355.0,1368.5,1346.0,1346.0,2762
2020-06-18,1350.0,1356.0,1324.0,1335.5,4961
2020-06-19,1350.0,1360.0,1330.0,1330.0,6909
2020-06-22,1337.0,1384.0,1327.5,1379.5,5776
2020-06-23,1374.5,1386.0,1356.0,1385.0,5616
2020-06-25,1355.0,1368.5,1341.0,1368.5,6690
2020-06-26,1367.5,1367.5,1337.0,1345.5,3498
2020-06-29,1345.0,1351.0,1336.0,1348.5,2201
2020-06-30,1348.0,1350.5,1336.0,1341.5,1823
2020-07-02,1350.0,1369.0,1343.0,1369.0,3574
2020-07-03,1371.5,1374.5,1356.5,1367.0,1794
2020-07-06,1374.0,1382.5,1334.5,1376.5,2820
2020-07-07,1379.5,1379.5,1367.5,1378.5,1780
2020-07-08,1376.5,1390.0,1373.0,1390.0,2660
2020-07-09,1385.0,1395.5,1367.5,1367.5,2623
2020-07-10,1369.5,1377.5,1365.0,1369.0,1413
2020-07-13,1379.0,1379.0,1357.0,1360.0,1695
2020-07-14,1355.5,1362.5,1331.5,1342.5,4596
2020-07-15,1354.0,1367.0,1341.5,1341.5,4489
2020-07-16,1345.0,1350.0,1335.0,1342.0,1581
2020-07-17,1343.0,1348.0,1333.0,1335.5,3335
2020-07-20,1336.0,1341.5,1334.0,1341.5,1655
2020-07-21,1343.0,1345.0,1332.0,1333.5,3175
2020-07-22,1334.0,1341.0,1330.0,1339.0,2420
2020-07-23,1338.0,1342.5,1336.0,1337.5,1907
2020-07-24,1334.0,1340.0,1331.5,1338.5,1511
2020-07-27,1339.0,1355.5,1334.5,1352.5,3276
2020-07-28,1348.5,1350.5,1341.0,1350.0,1296
2020-07-29,1342.5,1353.0,1342.5,1352.5,2485
2020-07-30,1352.5,1356.0,1342.0,1351.5,1966
2020-07-31,1350.0,1351.0,1343.0,1347.0,713
2020-08-03,1343.5,1352.0,1313.5,1323.5,7532
2020-08-04,1320.5,1330.5,1318.0,1329.0,2084
2020-08-05,1326.0,1345.0,1323.5,1342.0,2655
2020-08-06,1339.0,1355.0,1337.5,1352.0,3746
2020-08-07,1352.0,1372.0,1344.0,1362.0,3453
2020-08-10,1357.5,1371.0,1335.0,1358.0,1157
2020-08-11,1353.0,1384.5,1351.0,1370.0,5045
2020-08-12,1378.5,1407.5,1368.5,1400.5,4261
2020-08-13,1399.5,1468.5,1394.5,1461.5,8355
2020-08-14,1462.5,1476.5,1430.5,1453.5,5863
2020-08-17,1454.0,1483.5,1432.0,1462.0,5938
2020-08-18,1464.0,1477.0,1441.0,1454.5,3200
2020-08-19,1448.0,1459.0,1445.0,1454.5,2511
2020-08-20,1448.0,1457.0,1406.5,1432.5,4870
2020-08-21,1430.0,1441.5,1402.0,1422.5,2396
2020-08-24,1430.0,1433.5,1416.5,1422.5,1640
2020-08-25,1425.5,1434.0,1406.5,1416.0,2340
2020-08-26,1413.0,1429.5,1407.0,1424.0,2047
2020-08-27,1427.0,1427.5,1408.5,1414.0,1671
2020-08-28,1411.0,1415.5,1363.0,1381.5,3792
2020-08-31,1389.0,1396.0,1374.5,1376.5,2564
2020-09-01,1379.5,1404.5,1369.5,1403.0,2404
2020-09-02,1396.0,1403.0,1362.5,1378.0,2251
2020-09-03,1380.5,1386.5,1360.0,1366.0,2350
2020-09-04,1363.5,1379.0,1362.5,1368.5,1176
2020-09-07,1368.5,1376.5,1367.0,1369.5,941
2020-09-08,1373.0,1373.0,1343.5,1358.0,2532
2020-09-09,1348.0,1370.0,1348.0,1360.0,1300
2020-09-10,1359.5,1393.5,1352.0,1367.5,2968
2020-09-11,1360.0,1384.5,1360.0,1381.0,1783
2020-09-14,1384.5,1397.0,1381.5,1392.0,1651
2020-09-15,1388.5,1407.0,1387.0,1399.0,2700
2020-09-16,1394.0,1405.0,1388.0,1396.5,1446
2020-09-17,1383.5,1448.0,1363.0,1443.0,7426
2020-09-18,1441.0,1463.5,1416.5,1451.0,7534
2020-09-21,1444.0,1464.0,1413.0,1434.5,4613
2020-09-22,1429.0,1445.5,1425.5,1430.0,1676
2020-09-23,1428.5,1449.5,1412.0,1440.0,4433
2020-09-24,1447.5,1447.5,1425.5,1446.0,2641
2020-09-25,1460.0,1470.0,1435.5,1452.0,3806
2020-09-28,1441.5,1467.5,1441.5,1467.5,4062
2020-09-29,1460.0,1494.5,1455.5,1484.5,6748
2020-09-30,1485.5,1487.0,1475.0,1475.5,2305
2020-10-01,1483.5,1486.0,1457.0,1460.5,2753
2020-10-02,1454.5,1469.0,1452.0,1458.0,2553
2020-10-05,1463.5,1464.5,1446.0,1455.5,2010
2020-10-06,1456.5,1475.0,1456.5,1465.0,1725
2020-10-07,1466.5,1474.0,1455.5,1462.0,1572
2020-10-08,1461.5,1470.5,1460.5,1468.0,941
2020-10-09,1470.0,1470.0,1453.5,1463.5,1396
2020-10-12,1460.5,1472.5,1460.5,1471.0,1191
2020-10-13,1470.0,1484.0,1462.5,1474.5,2637
2020-10-14,1467.0,1477.0,1465.0,1471.0,1734
2020-10-15,1475.0,1475.0,1458.0,1461.5,2820
2020-10-16,1469.0,1469.0,1414.0,1446.5,9398
2020-10-19,1337.0,1368.0,1325.5,1360.0,9874
2020-10-20,1362.0,1377.5,1354.5,1370.0,2255
2020-10-21,1371.5,1374.0,1343.0,1352.5,2309
2020-10-22,1357.0,1362.5,1352.5,1357.0,669
2020-10-23,1355.0,1362.5,1350.5,1355.0,1538
2020-10-26,1350.0,1361.5,1344.0,1348.0,1411
2020-10-27,1351.5,1352.5,1342.0,1345.0,1091
2020-10-28,1341.5,1358.5,1315.0,1329.5,3182
2020-10-29,1345.0,1346.0,1317.0,1333.0,1484
2020-10-30,1334.5,1334.5,1318.5,1321.5,1222
2020-11-02,1320.0,1336.5,1308.5,1330.5,1924
2020-11-03,1337.5,1345.0,1322.5,1332.0,1889
2020-11-05,1341.5,1372.0,1336.5,1369.0,3017
2020-11-06,1352.5,1368.5,1352.5,1364.5,1582
2020-11-09,1370.0,1397.0,1366.5,1381.5,4356
2020-11-10,1385.0,1404.0,1372.5,1401.0,2796
2020-11-11,1405.5,1434.0,1402.5,1412.0,4167
2020-11-12,1415.5,1415.5,1383.5,1392.0,2469
2020-11-13,1390.0,1399.0,1385.5,1396.0,700
2020-11-16,1402.0,1416.0,1393.5,1408.5,3052
2020-11-17,1415.5,1415.5,1391.5,1399.0,1713
2020-11-18,1398.0,1419.0,1398.0,1417.0,1687
2020-11-19,1415.0,1417.0,1410.0,1410.0,1653
2020-11-20,1409.0,1418.5,1402.0,1414.0,2564
2020-11-23,1419.5,1420.0,1407.0,1415.0,1323
2020-11-24,1418.0,1421.5,1407.0,1418.0,1323
2020-11-25,1419.0,1439.0,1410.5,1432.0,2347
2020-11-26,1435.0,1438.0,1420.5,1434.5,1438
2020-11-27,1435.5,1449.5,1427.0,1445.0,1624
2020-11-30,1439.0,1445.0,1422.0,1424.0,1967
2020-12-01,1430.0,1436.0,1423.5,1434.5,1061
2020-12-02,1432.0,1466.0,1429.0,1455.0,3565
2020-12-03,1455.0,1459.0,1434.0,1446.0,2368
2020-12-04,1446.5,1456.0,1433.5,1450.0,1888
2020-12-07,1453.5,1459.5,1442.0,1442.0,1865
2020-12-08,1441.5,1445.0,1424.0,1429.0,2265
2020-12-09,1426.0,1442.0,1421.0,1428.0,1626
2020-12-10,1425.5,1438.5,1413.5,1431.0,2659
2020-12-11,1435.5,1435.5,1414.0,1417.5,1702
2020-12-14,1423.0,1427.5,1407.0,1410.0,1277
2020-12-15,1415.5,1421.5,1402.0,1412.5,1258
2020-12-16,1412.5,1416.0,1403.5,1412.0,1732
2020-12-17,1413.0,1422.5,1397.5,1419.0,4351
2020-12-18,1416.0,1420.5,1395.0,1403.0,4444
2020-12-21,1400.0,1401.5,1386.5,1396.5,1947
2020-12-22,1397.5,1417.0,1393.5,1409.0,1948
2020-12-23,1402.5,1427.0,1402.5,1420.0,873
2020-12-24,1418.5,1422.5,1399.0,1402.0,1407
2020-12-25,1401.0,1419.5,1400.5,1414.0,551
2020-12-28,1418.5,1420.0,1404.5,1410.5,1249
2020-12-29,1413.0,1414.0,1402.0,1410.0,945
2020-12-30,1408.0,1414.0,1397.0,1405.5,1167
2021-01-04,1410.5,1420.5,1406.5,1410.5,995
2021-01-05,1412.0,1438.0,1406.5,1438.0,1508
2021-01-06,1434.0,1441.5,1420.5,1429.5,1583
2021-01-08,1433.0,1455.0,1433.0,1455.0,3488
2021-01-11,1444.5,1451.5,1435.0,1440.0,2448
2021-01-12,1445.0,1458.5,1431.5,1451.0,2646
2021-01-13,1457.0,1469.0,1447.5,1460.0,2335
2021-01-14,1462.0,1517.5,1453.0,1492.5,3901
2021-01-15,1492.5,1500.5,1473.5,1483.0,2491
2021-01-18,1477.5,1491.0,1461.5,1486.0,2010
2021-01-19,1486.5,1492.0,1477.0,1480.0,1570
2021-01-20,1484.0,1490.0,1479.5,1485.5,1479
2021-01-21,1483.0,1489.0,1441.5,1451.5,2509
2021-01-22,1441.5,1451.0,1408.5,1448.0,3589
2021-01-25,1450.0,1463.5,1447.0,1456.5,969
2021-01-26,1453.5,1476.0,1451.0,1466.5,1239
2021-01-27,1467.0,1468.0,1440.5,1458.0,1237
2021-01-28,1454.5,1461.5,1442.0,1447.0,873
2021-01-29,1443.5,1451.5,1425.0,1425.5,1280
2021-02-01,1435.5,1437.5,1422.5,1430.5,764
2021-02-02,1436.0,1441.5,1430.0,1433.5,865
2021-02-03,1431.0,1444.5,1427.5,1441.0,675
2021-02-04,1444.0,1453.5,1435.5,1439.0,1366
2021-02-05,1446.0,1454.0,1438.5,1447.5,1283
2021-02-08,1452.5,1471.0,1447.0,1465.0,1761
2021-02-09,1466.0,1469.0,1454.5,1465.0,1309
2021-02-10,1468.0,1468.0,1442.0,1447.5,782
2021-02-11,1444.5,1464.5,1443.5,1449.5,811
2021-02-12,1455.5,1463.0,1435.0,1460.0,1539
2021-02-15,1464.5,1467.0,1453.5,1460.0,868
2021-02-16,1459.5,1463.5,1453.0,1454.0,983
2021-02-17,1458.5,1462.5,1450.0,1460.0,1321
2021-02-18,1455.5,1461.0,1450.5,1456.0,969
2021-02-19,1452.5,1458.0,1449.0,1456.5,708
2021-02-22,1457.5,1457.5,1445.5,1449.0,578
2021-02-24,1449.0,1449.0,1424.0,1441.5,1584
2021-02-25,1445.5,1448.5,1427.0,1436.5,1425
2021-02-26,1432.0,1438.5,1420.5,1428.5,1149
2021-03-01,1435.0,1439.5,1425.5,1437.0,857
2021-03-02,1436.5,1448.0,1425.5,1444.0,820
2021-03-03,1449.0,1458.5,1446.0,1457.5,1373
2021-03-04,1458.0,1468.5,1438.0,1443.0,2764
2021-03-05,1455.5,1467.0,1438.5,1457.5,2497
2021-03-09,1465.0,1465.0,1438.5,1449.0,2566
2021-03-10,1449.0,1450.5,1429.5,1435.0,1579
2021-03-11,1438.0,1453.0,1433.0,1447.5,1622
2021-03-12,1445.0,1477.0,1444.0,1467.5,2298
2021-03-15,1467.5,1479.0,1453.5,1471.0,3285
2021-03-16,1471.5,1472.0,1459.0,1469.5,1450
2021-03-17,1473.5,1473.5,1450.0,1468.0,1383
2021-03-18,1465.5,1477.5,1453.5,1458.5,2555
2021-03-19,1455.0,1475.0,1445.0,1451.5,12917
2021-03-22,1450.0,1475.0,1446.5,1467.5,1213
2021-03-23,1465.0,1497.5,1461.0,1474.0,5311
2021-03-24,1485.0,1490.0,1477.0,1478.0,1080
2021-03-25,1482.5,1484.5,1473.0,1480.5,1023
2021-03-26,1488.5,1498.0,1478.0,1498.0,3149
2021-03-29,1499.0,1515.0,1493.0,1508.0,1950
2021-03-30,1508.0,1517.5,1504.0,1509.0,1095
2021-03-31,1509.0,1516.5,1465.5,1478.0,5787
2021-04-01,1485.0,1492.5,1473.5,1488.0,1347
2021-04-02,1490.5,1490.5,1480.0,1487.5,371
2021-04-05,1480.5,1489.0,1480.0,1485.5,496
2021-04-06,1487.0,1491.0,1477.0,1480.0,834
2021-04-07,1479.0,1488.0,1473.0,1488.0,1099
2021-04-08,1488.0,1488.5,1475.0,1476.5,1216
2021-04-09,1477.0,1481.5,1458.0,1465.5,1507
2021-04-12,1472.0,1473.0,1457.5,1462.5,1062
2021-04-13,1461.0,1474.5,1456.5,1470.0,786
2021-04-14,1468.0,1472.5,1465.0,1470.0,743
2021-04-15,1443.0,1467.5,1443.0,1456.5,1265
2021-04-16,1456.5,1462.5,1449.0,1456.0,1368
2021-04-19,1445.0,1455.5,1441.5,1448.0,1208
2021-04-20,1451.0,1453.0,1430.5,1438.5,1387
2021-04-21,1441.0,1443.0,1425.0,1436.5,1958
2021-04-22,1430.0,1450.0,1427.5,1441.5,1449
2021-04-23,1442.0,1449.0,1440.0,1444.5,621
2021-04-26,1449.5,1449.5,1430.5,1436.0,645
2021-04-27,1438.0,1442.0,1424.5,1430.0,1015
2021-04-28,1433.0,1433.0,1415.5,1425.0,1087
2021-04-29,1428.5,1430.0,1410.5,1418.5,989
2021-04-30,1418.0,1418.5,1408.0,1414.0,975
2021-05-04,1410.0,1423.0,1410.0,1423.0,876
2021-05-05,1422.5,1430.5,1390.0,1406.5,3491
2021-05-06,1405.0,1409.0,1393.5,1399.0,2462
2021-05-07,1398.5,1400.0,1385.0,1391.5,2275
2021-05-10,1390.0,1401.5,1390.0,1397.5,1018
2021-05-11,1395.5,1405.5,1391.5,1400.0,1192
2021-05-12,1399.5,1399.5,1390.5,1393.0,1170
2021-05-13,1390.5,1398.5,1390.0,1396.5,722
2021-05-14,1397.5,1397.5,1391.0,1394.0,671
2021-05-17,1393.0,1399.5,1390.5,1399.5,1347
2021-05-18,1400.5,1428.0,1396.5,1411.5,2146
2021-05-19,1410.0,1414.0,1397.0,1402.0,975
2021-05-20,1398.5,1405.0,1391.5,1398.5,817
2021-05-21,1398.0,1406.0,1396.0,1400.0,856
2021-05-24,1404.0,1412.5,1401.0,1411.0,1525
2021-05-25,1415.0,1427.5,1407.5,1417.0,2499
2021-05-26,1422.5,1427.5,1413.5,1417.0,1126
2021-05-27,1417.5,1420.0,1405.0,1410.0,1177
2021-05-28,1414.5,1418.0,1404.5,1414.0,787
2021-05-31,1418.5,1426.5,1415.5,1424.5,785
2021-06-01,1425.0,1438.5,1421.0,1435.5,1419
2021-06-02,1439.5,1467.5,1439.0,1461.0,2578
2021-06-03,1465.0,1470.0,1449.5,1464.5,1205
2021-06-04,1464.5,1510.0,1455.5,1501.0,3417
2021-06-07,1509.0,1509.0,1490.5,1495.0,1575
2021-06-08,1490.0,1520.0,1470.0,1518.5,3097
2021-06-09,1520.5,1556.5,1520.0,1552.0,3963
2021-06-10,1544.5,1674.5,1543.5,1668.0,11099
2021-06-11,1674.0,1730.0,1603.0,1613.0,12310
2021-06-14,1623.5,1688.5,1622.5,1675.5,6965
2021-06-15,1676.0,1699.0,1675.0,1684.5,4648
2021-06-16,1690.0,1719.0,1688.0,1710.5,4640
2021-06-17,1710.0,1739.5,1701.0,1732.5,3893
2021-06-18,1732.5,1745.0,1676.0,1726.5,8740
2021-06-21,1720.0,1733.5,1694.0,1717.5,2030
2021-06-22,1722.5,1737.0,1710.0,1721.0,1603
2021-06-23,1725.5,1728.5,1710.0,1718.5,1014
2021-06-24,1719.0,1724.5,1707.5,1717.0,957
2021-06-25,1724.0,1733.5,1708.5,1729.5,1643
2021-06-28,1729.5,1744.5,1724.5,1733.0,2264
2021-06-29,1730.0,1737.0,1713.0,1722.0,2290
2021-06-30,1711.5,1739.0,1711.5,1733.0,1598
2021-07-01,1734.0,1785.0,1717.5,1730.5,4023
2021-07-02,1731.5,1751.0,1730.5,1750.0,1083
2021-07-05,1750.0,1781.5,1750.0,1778.0,1999
2021-07-06,1780.0,1812.0,1780.0,1795.0,2801
2021-07-07,1794.0,1805.5,1732.0,1744.0,2945
2021-07-08,1743.5,1743.5,1718.0,1724.5,1283
2021-07-09,1718.5,1751.5,1718.5,1745.0,1101
2021-07-12,1733.0,1779.0,1733.0,1764.5,1374
2021-07-13,1769.5,1795.0,1750.5,1780.5,2173
2021-07-14,1785.5,1793.5,1755.0,1774.0,2299
2021-07-15,1774.0,1779.0,1740.0,1770.0,3497
2021-07-16,1695.0,1695.0,1671.0,1678.0,2997
2021-07-19,1670.0,1676.0,1561.0,1572.5,3687
2021-07-20,1573.0,1591.0,1510.5,1574.5,6147
2021-07-21,1584.0,1600.0,1563.5,1590.0,1533
2021-07-22,1600.0,1620.0,1580.0,1609.5,1786
2021-07-23,1612.5,1620.0,1567.5,1586.0,1639
2021-07-26,1575.5,1606.0,1558.0,1602.5,1378
2021-07-27,1606.5,1613.5,1576.5,1608.0,1549
2021-07-28,1618.0,1626.0,1606.0,1618.0,897
2021-07-29,1623.5,1650.0,1608.5,1645.0,1133
2021-07-30,1637.5,1659.0,1616.0,1626.5,1774
2021-08-02,1634.0,1666.5,1612.5,1632.0,2410
2021-08-03,1632.0,1638.0,1614.0,1624.0,961
2021-08-04,1640.0,1640.0,1595.5,1604.5,1344
2021-08-05,1604.5,1607.5,1573.5,1607.0,1937
2021-08-06,1615.0,1615.0,1579.0,1590.0,1199
2021-08-09,1580.0,1609.0,1570.5,1601.0,1464
2021-08-10,1603.0,1613.0,1586.0,1598.0,1400
2021-08-11,1607.5,1620.5,1591.5,1607.5,1410
2021-08-12,1600.5,1626.0,1600.0,1617.0,1022
2021-08-13,1611.5,1635.5,1611.5,1619.5,986
2021-08-16,1622.0,1624.5,1607.5,1615.0,877
2021-08-17,1621.5,1621.5,1600.5,1604.5,1168
2021-08-18,1609.0,1609.0,1583.0,1585.0,1128
2021-08-19,1582.0,1605.0,1572.0,1598.5,1266
2021-08-20,1602.0,1605.0,1581.0,1591.0,749
2021-08-23,1605.0,1605.0,1586.0,1593.0,525
2021-08-24,1590.5,1602.0,1582.0,1593.0,934
2021-08-25,1598.0,1605.0,1596.0,1597.5,770
2021-08-26,1592.0,1598.0,1578.5,1581.5,694
2021-08-27,1585.5,1595.5,1585.0,1595.0,584
2021-08-30,1595.0,1598.5,1577.0,1581.0,1552
2021-08-31,1580.5,1592.0,1579.0,1579.5,1303
2021-09-01,1577.5,1619.5,1577.5,1605.0,2575
2021-09-02,1606.0,1606.0,1590.0,1597.0,686
2021-09-03,1596.5,1618.0,1592.0,1616.0,1312
2021-09-06,1614.5,1698.0,1613.0,1681.5,3355
2021-09-07,1682.0,1710.0,1680.5,1690.0,1839
2021-09-08,1689.0,1699.5,1662.5,1677.5,1691
2021-09-09,1671.0,1677.0,1639.0,1642.5,1371
2021-09-10,1647.5,1658.0,1644.0,1657.5,617
2021-09-13,1656.0,1679.0,1656.0,1675.0,1320
2021-09-14,1676.0,1690.0,1665.0,1671.0,1012
2021-09-15,1678.0,1744.5,1652.5,1677.0,5054
2021-09-16,1680.0,1710.0,1665.0,1702.5,2805
2021-09-17,1703.5,1716.0,1665.0,1670.0,5188
2021-09-20,1660.0,1672.5,1625.5,1630.0,1353
2021-09-21,1643.5,1669.0,1630.0,1634.5,1138
2021-09-22,1637.0,1649.0,1637.0,1646.0,665
2021-09-23,1651.5,1665.0,1640.0,1644.0,1127
2021-09-24,1653.0,1653.5,1629.0,1633.0,724
2021-09-27,1642.0,1642.5,1611.5,1619.0,1119
2021-09-28,1634.5,1635.5,1603.5,1610.0,1030
2021-09-29,1610.0,1625.5,1603.0,1613.0,1010
2021-09-30,1612.5,1621.0,1588.0,1595.0,1573
2021-10-01,1594.5,1617.5,1592.0,1602.0,1514
2021-10-04,1611.5,1632.5,1582.5,1629.0,1746
2021-10-05,1630.5,1633.0,1586.0,1615.0,4198
2021-10-06,1616.5,1621.5,1561.5,1575.0,4583
2021-10-07,1579.0,1591.5,1558.0,1586.0,2186
2021-10-08,1585.0,1606.0,1572.5,1582.0,1917
2021-10-11,1584.5,1600.0,1574.5,1593.0,1079
2021-10-12,1595.0,1620.0,1590.0,1615.0,1610
2021-10-13,1611.0,1620.0,1591.5,1611.0,1354
2021-10-14,1607.5,1611.0,1601.5,1607.5,354
2021-10-15,1605.0,1618.5,1595.0,1600.0,1076
2021-10-18,1594.5,1601.5,1566.5,1580.5,4189
2021-10-19,1582.5,1585.0,1576.0,1580.0,1113
2021-10-20,1580.0,1589.0,1571.0,1584.0,1130
2021-10-21,1590.0,1590.0,1573.5,1582.0,658
2021-10-22,1581.0,1584.0,1558.0,1563.5,914
2021-10-25,1569.0,1570.0,1553.0,1561.5,1126
2021-10-26,1565.5,1580.0,1558.0,1571.5,2366
2021-10-27,1570.5,1576.5,1528.5,1534.0,2267
2021-10-28,1528.5,1547.5,1526.5,1543.5,1497
2021-10-29,1543.5,1557.0,1516.5,1521.5,2247
2021-11-01,1521.5,1553.0,1520.5,1548.0,1078
2021-11-02,1549.5,1550.5,1520.5,1529.0,1962
2021-11-03,1528.5,1528.5,1492.0,1502.5,2107
2021-11-05,1502.5,1509.0,1489.0,1497.0,1052
2021-11-08,1507.0,1513.0,1493.5,1512.0,1317
2021-11-09,1503.5,1530.0,1503.0,1508.5,1225
2021-11-10,1508.5,1513.5,1485.5,1493.0,1958
2021-11-11,1497.0,1505.5,1483.5,1501.0,1416
2021-11-12,1495.5,1513.0,1488.0,1502.0,1155
2021-11-15,1514.5,1514.5,1493.0,1499.5,1695
2021-11-16,1512.5,1512.5,1500.0,1506.0,1122
2021-11-17,1524.5,1525.0,1502.5,1507.0,816
2021-11-18,1506.0,1512.0,1494.5,1504.0,705
2021-11-19,1510.0,1510.0,1493.0,1495.5,989
2021-11-22,1502.0,1506.5,1476.0,1485.5,3159
2021-11-23,1485.0,1491.5,1447.5,1473.0,1983
2021-11-24,1473.0,1473.0,1442.5,1452.0,2153
2021-11-25,1453.0,1468.5,1453.0,1461.0,842
2021-11-26,1444.5,1456.5,1440.5,1447.5,1311
2021-11-29,1448.0,1455.0,1425.0,1429.5,1582
2021-11-30,1418.0,1435.0,1411.5,1418.5,2395
2021-12-01,1427.0,1442.0,1418.0,1432.0,1898
2021-12-02,1432.0,1455.5,1430.0,1437.5,1829
2021-12-03,1449.5,1450.0,1422.0,1425.0,1020
2021-12-06,1447.5,1455.0,1423.0,1434.5,605
2021-12-07,1442.0,1454.0,1431.5,1446.5,1207
2021-12-08,1447.5,1458.0,1421.5,1428.0,2099
2021-12-09,1427.0,1459.5,1427.0,1447.0,1031
2021-12-10,1442.5,1533.5,1442.5,1531.0,6993
2021-12-13,1545.5,1592.5,1512.0,1519.0,3638
2021-12-14,1511.0,1563.5,1438.5,1535.5,3666
2021-12-15,1547.0,1548.0,1500.0,1515.5,1115
2021-12-16,1512.0,1562.5,1503.5,1550.0,2876
2021-12-17,1547.0,1599.5,1535.0,1595.5,6805
2021-12-20,1580.5,1646.0,1580.5,1610.5,5630
2021-12-21,1620.5,1634.0,1568.0,1581.0,2438
2021-12-22,1581.0,1637.0,1570.0,1631.0,2234
2021-12-23,1624.5,1645.0,1597.0,1631.0,2104
2021-12-24,1630.0,1641.0,1615.0,1626.0,516
2021-12-27,1625.0,1643.0,1624.5,1640.0,1069
2021-12-28,1643.0,1648.0,1606.0,1613.0,1820
2021-12-29,1613.5,1618.5,1586.5,1603.0,1807
2021-12-30,1600.5,1606.0,1585.0,1588.0,954
2022-01-03,1597.5,1607.5,1588.5,1599.0,619
2022-01-04,1599.5,1607.0,1591.5,1601.0,617
2022-01-05,1596.5,1604.0,1563.0,1565.0,936
2022-01-06,1577.5,1609.5,1564.0,1600.0,1184
2022-01-10,1603.5,1618.0,1557.0,1571.0,1373
2022-01-11,1571.0,1583.0,1556.0,1560.5,1449
2022-01-12,1560.5,1574.0,1553.0,1572.0,981
2022-01-13,1577.0,1579.5,1523.0,1538.0,1634
2022-01-14,1547.0,1567.0,1487.0,1559.5,2995
2022-01-17,1538.0,1570.0,1523.0,1534.5,1315
2022-01-18,1531.5,1553.0,1479.0,1545.0,3395
2022-01-19,1529.0,1566.0,1508.5,1517.0,4233
2022-01-20,1521.0,1537.0,1502.5,1510.0,2253
2022-01-21,1509.5,1512.0,1476.0,1482.0,1991
2022-01-24,1498.5,1501.0,1381.5,1436.0,5074
2022-01-25,1428.5,1464.5,1401.5,1463.5,3490
2022-01-26,1458.5,1465.0,1419.0,1424.0,3381
2022-01-27,1429.5,1489.0,1406.5,1465.5,4699
2022-01-28,1487.0,1489.0,1445.0,1463.0,2710
2022-01-31,1438.5,1499.0,1437.5,1481.0,2364
2022-02-01,1481.0,1503.5,1473.0,1490.0,1899
2022-02-02,1490.0,1492.0,1465.0,1475.5,1687
2022-02-03,1462.0,1481.5,1457.0,1471.5,1318
2022-02-04,1473.5,1520.0,1468.0,1515.0,2372
2022-02-07,1504.5,1563.5,1491.0,1500.0,2746
2022-02-08,1496.0,1515.0,1483.0,1491.5,2612
2022-02-09,1497.0,1535.0,1488.0,1517.0,2787
2022-02-10,1508.5,1545.0,1508.0,1524.5,2670
2022-02-11,1519.0,1524.0,1452.5,1459.0,3296
2022-02-14,1467.5,1504.0,1452.5,1490.5,6682
2022-02-15,1494.0,1530.0,1491.0,1529.0,3323
2022-02-16,1536.0,1536.0,1506.5,1526.0,2034
2022-02-17,1523.5,1534.5,1478.0,1495.5,2065
2022-02-18,1500.0,1508.5,1460.5,1470.0,2859
2022-02-21,1470.0,1492.0,1304.0,1369.0,8389
2022-02-22,1398.0,1479.0,1280.0,1460.0,9948
2022-02-24,1321.0,1374.0,900.0,1054.5,12649
2022-02-25,1016.0,1500.0,1016.0,1287.5,6280
2022-03-24,1186.5,1300.0,1182.5,1209.5,1958
2022-03-25,1240.0,1240.0,1123.5,1162.0,623
2022-03-28,1150.0,1210.0,1100.0,1104.0,583
2022-03-29,1114.0,1148.0,1000.0,1039.5,2168
2022-03-30,1058.0,1104.5,1040.0,1080.0,706
2022-03-31,1113.5,1210.0,1089.5,1193.0,1781
2022-04-01,1250.0,1250.0,1201.0,1213.5,1242
2022-04-04,1245.0,1249.0,1200.0,1219.0,609
2022-04-05,1215.0,1225.5,1150.5,1179.5,550
2022-04-06,1190.0,1190.0,1154.5,1180.0,323
2022-04-07,1185.5,1206.0,1055.0,1154.0,1379
2022-04-08,1176.0,1176.0,1132.0,1145.0,389
2022-04-11,1150.0,1169.5,1123.5,1156.0,300
2022-04-12,1137.5,1160.5,1123.5,1141.0,266
2022-04-13,1158.0,1158.0,1135.0,1139.0,176
2022-04-14,1148.0,1148.0,1115.5,1116.0,261
2022-04-15,1117.5,1125.0,1080.0,1113.5,310
2022-04-18,1140.0,1140.0,1087.0,1092.0,389
2022-04-19,1098.0,1108.0,1051.5,1070.0,543
2022-04-20,1078.5,1082.5,1056.5,1070.5,372
2022-04-21,1067.0,1082.5,1065.0,1066.0,342
2022-04-22,1072.0,1089.0,1061.5,1081.5,382
2022-04-25,1081.0,1088.5,1067.5,1075.5,368
2022-04-26,1087.0,1114.0,1078.5,1110.5,355
2022-04-27,1122.0,1139.0,1116.0,1132.5,391
2022-04-28,1158.0,1163.0,1108.0,1112.0,619
2022-04-29,1115.0,1139.5,1115.0,1133.0,283
2022-05-04,1143.0,1144.0,1113.5,1117.5,201
2022-05-05,1116.5,1128.0,1115.0,1115.5,116
2022-05-06,1114.0,1127.0,1110.5,1112.0,169
2022-05-11,1112.0,1130.0,1088.0,1101.0,405
2022-05-12,1095.0,1100.5,1086.0,1086.0,193
2022-05-13,1098.0,1098.0,1079.0,1083.0,154
2022-05-16,1098.0,1099.5,1084.0,1092.0,230
2022-05-17,1100.0,1101.5,1090.5,1097.0,192
2022-05-18,1100.0,1118.5,1100.0,1112.5,329
2022-05-19,1114.0,1118.5,1098.5,1115.0,248
2022-05-20,1119.0,1149.0,1116.5,1137.5,761
2022-05-23,1137.0,1150.0,1101.0,1104.0,341
2022-05-24,1098.5,1099.5,1070.0,1096.5,483
2022-05-25,1118.5,1120.0,1092.5,1115.0,248
2022-05-26,1119.5,1134.5,1102.0,1134.5,401
2022-05-27,1145.0,1149.0,1127.5,1144.5,468
2022-05-30,1148.5,1163.0,1140.0,1156.0,633
2022-05-31,1156.0,1159.0,1128.5,1138.5,427
2022-06-01,1143.0,1217.0,1132.5,1195.5,1307
2022-06-02,1208.5,1248.5,1185.5,1227.0,1632
2022-06-03,1234.5,1235.0,1180.0,1210.0,820
2022-06-06,1229.5,1230.0,1191.0,1201.0,391
2022-06-07,1201.0,1228.0,1201.0,1221.0,503
2022-06-08,1229.5,1240.0,1224.5,1238.5,411
2022-06-09,1244.0,1303.0,1233.5,1301.0,2013
2022-06-10,1307.0,1387.5,1276.0,1371.0,3178
2022-06-14,1325.0,1390.0,1285.0,1302.5,2501
2022-06-15,1300.0,1320.0,1277.5,1296.0,822
2022-06-16,1314.5,1314.5,1290.0,1305.0,635
2022-06-17,1304.5,1308.0,1286.5,1289.0,331
2022-06-20,1301.0,1301.0,1289.5,1297.0,387
2022-06-21,1297.5,1305.0,1265.0,1272.0,444
2022-06-22,1269.0,1269.0,1235.5,1257.0,587
2022-06-23,1256.0,1270.0,1240.5,1267.5,426
2022-06-24,1267.5,1270.0,1250.0,1258.5,280
2022-06-27,1266.5,1274.5,1252.5,1257.5,341
2022-06-28,1260.5,1264.5,1237.5,1238.0,631
2022-06-29,1248.0,1248.0,1205.0,1228.0,707
2022-06-30,1252.0,1281.0,1167.0,1194.5,2124
2022-07-01,1196.0,1207.5,1172.5,1200.5,655
2022-07-04,1229.5,1230.0,1206.0,1213.0,478
2022-07-05,1220.0,1220.0,1200.5,1220.0,419
2022-07-06,1220.0,1253.5,1213.0,1224.0,1092
2022-07-07,1225.0,1243.0,1224.0,1234.0,528
2022-07-08,1234.0,1239.5,1225.0,1236.5,351
2022-07-11,1236.5,1250.0,1231.5,1246.0,833
2022-07-12,1247.0,1267.0,1214.5,1248.0,1850
2022-07-13,1253.0,1257.5,1211.0,1220.0,1135
2022-07-14,1224.5,1231.0,1190.5,1215.0,660
2022-07-15,1224.5,1228.5,1209.5,1225.0,471
2022-07-18,1225.5,1237.5,1222.5,1235.5,1262
2022-07-19,1142.0,1158.0,1120.0,1123.0,2009
2022-07-20,1127.0,1137.0,1120.0,1135.5,818
2022-07-21,1137.0,1139.0,1101.0,1108.5,589
2022-07-22,1112.5,1115.5,1101.5,1114.0,466
2022-07-25,1117.5,1118.0,1110.0,1114.0,376
2022-07-26,1110.0,1134.0,1107.5,1116.5,804
2022-07-27,1115.0,1130.0,1111.5,1117.0,531
2022-07-28,1117.0,1118.5,1109.5,1111.5,331
2022-07-29,1115.0,1115.5,1107.0,1113.0,350
2022-08-01,1110.0,1114.5,1104.5,1104.5,448
2022-08-02,1109.0,1109.0,1086.5,1088.0,630
2022-08-03,1092.0,1103.0,1085.0,1095.0,615
2022-08-04,1106.5,1106.5,1040.0,1048.0,2385
2022-08-05,1046.0,1046.0,1011.0,1016.5,1478
2022-08-08,1027.0,1044.0,995.5,1009.5,2149
2022-08-09,1010.0,1010.5,981.0,996.5,1897
2022-08-10,997.5,1042.0,987.0,1015.5,3192
2022-08-11,1025.0,1032.5,1000.5,1002.5,1215
2022-08-12,1017.5,1018.0,1003.0,1006.5,687
2022-08-15,1008.5,1008.5,996.5,998.0,735
2022-08-16,1000.0,1004.5,998.0,1002.5,560
2022-08-17,1004.0,1007.0,999.0,999.5,505
2022-08-18,998.5,1002.0,995.5,998.0,403
2022-08-19,999.5,999.5,990.0,991.5,432
2022-08-22,995.5,996.0,990.5,994.5,534
2022-08-23,991.0,1000.0,991.0,997.0,812
2022-08-24,998.5,999.5,993.0,996.5,311
2022-08-25,998.0,999.0,991.0,993.0,518
2022-08-26,995.0,998.5,991.0,995.0,685
2022-08-29,998.0,1001.0,990.0,994.5,867
2022-08-30,999.0,1026.0,996.0,1012.5,3295
2022-08-31,1021.0,1032.5,1010.0,1014.0,2928
2022-09-01,1021.5,1021.5,1007.0,1012.5,916
2022-09-02,1021.0,1038.0,1016.0,1034.0,3950
2022-09-05,1044.0,1049.0,1029.5,1039.0,1643
2022-09-06,1046.0,1046.0,1011.0,1018.5,2828
2022-09-07,1024.5,1024.5,1000.5,1003.0,1830
2022-09-08,1004.5,1008.0,1000.5,1003.0,671
2022-09-09,1003.0,1008.0,1000.5,1007.0,762
2022-09-12,1005.0,1019.5,1003.0,1014.0,1155
2022-09-13,1018.0,1018.0,1005.0,1009.0,890
2022-09-14,1009.5,1009.5,994.5,1006.5,1153
2022-09-15,1006.5,1018.5,1000.5,1010.0,1235
2022-09-16,1013.5,1013.5,1002.0,1004.5,528
2022-09-19,1008.0,1010.0,1002.0,1004.5,562
2022-09-20,1009.5,1009.5,940.0,964.0,4687
2022-09-21,928.5,942.5,870.0,895.5,4177
2022-09-22,904.5,919.5,900.0,910.0,1241
2022-09-23,923.0,923.0,852.0,871.0,2778
2022-09-26,855.0,870.5,741.5,753.0,5557
2022-09-27,761.0,793.5,755.5,790.0,1646
2022-09-28,790.5,809.5,777.5,794.0,1329
2022-09-29,798.5,798.5,781.0,790.0,1074
2022-09-30,795.5,800.0,763.0,785.0,1776
2022-10-03,781.5,830.0,781.5,827.5,1650
2022-10-04,843.5,843.5,791.5,803.0,2090
2022-10-05,805.5,805.5,769.5,785.0,4022
2022-10-06,790.5,797.5,776.0,780.0,992
2022-10-07,781.0,782.5,753.5,755.5,850
2022-10-10,710.0,766.0,706.0,761.0,1959
2022-10-11,761.5,788.0,755.5,778.5,1139
2022-10-12,773.5,782.5,767.5,777.5,960
2022-10-13,778.0,789.0,770.0,777.5,1046
2022-10-14,780.0,782.5,770.0,775.0,364
2022-10-17,783.5,809.0,779.0,803.5,1121
2022-10-18,813.5,815.0,789.0,795.5,1290
2022-10-19,793.5,803.0,780.0,795.5,922
2022-10-20,800.5,803.5,793.0,797.0,791
2022-10-21,802.5,802.5,788.0,801.0,443
2022-10-24,805.0,809.0,801.5,804.0,635
2022-10-25,808.5,835.0,804.0,829.0,1166
2022-10-26,837.0,840.0,828.0,837.0,1088
2022-10-27,842.5,898.5,830.0,891.0,2747
2022-10-28,897.5,936.5,874.5,931.5,2581
2022-10-31,938.0,975.0,932.0,967.0,4707
2022-11-01,975.0,977.5,911.0,957.5,3564
2022-11-02,950.0,963.5,913.0,918.0,3599
2022-11-03,911.5,923.5,890.0,908.0,3598
2022-11-07,914.0,939.0,914.0,932.5,1776
2022-11-08,938.0,938.0,921.0,927.5,973
2022-11-09,927.5,928.0,891.5,904.5,1493
2022-11-10,909.5,919.5,898.0,915.5,1057
2022-11-11,919.5,921.5,905.0,915.0,590
2022-11-14,917.0,944.0,910.0,930.0,2989
2022-11-15,936.5,936.5,868.0,902.5,2885
2022-11-16,900.0,916.0,900.0,910.5,1668
2022-11-17,914.5,914.5,906.5,912.0,646
2022-11-18,911.0,913.0,908.0,910.0,560
2022-11-21,907.5,913.5,881.5,895.0,1426
2022-11-22,896.0,900.5,893.0,898.0,549
2022-11-23,890.5,899.5,890.5,897.0,547
2022-11-24,895.0,897.5,894.0,895.0,255
2022-11-25,894.5,895.5,890.5,892.5,204
2022-11-28,888.0,894.5,880.0,888.0,620
2022-11-29,890.0,891.5,884.5,889.0,391
2022-11-30,886.5,888.0,881.0,887.0,210
2022-12-01,887.0,888.5,883.5,884.5,208
2022-12-02,884.0,887.5,882.5,886.0,367
2022-12-05,886.0,895.0,873.0,888.0,567
2022-12-06,888.0,889.0,883.0,885.5,288
2022-12-07,884.5,887.5,881.0,885.5,432
2022-12-08,884.5,885.0,881.0,882.0,163
2022-12-09,882.0,883.0,875.0,875.5,375
2022-12-12,873.5,880.5,870.0,871.5,363
2022-12-13,871.5,872.0,852.0,858.0,829
2022-12-14,857.5,858.5,850.0,850.5,477
2022-12-15,853.0,853.0,828.5,840.5,772
2022-12-16,835.5,897.0,835.0,871.5,1032
2022-12-19,863.0,873.0,853.5,856.0,739
2022-12-20,868.0,888.0,857.0,881.5,1447
2022-12-21,887.0,891.0,862.0,872.5,1039
2022-12-22,875.0,875.0,864.0,870.5,584
2022-12-23,874.0,874.0,851.0,860.0,869
2022-12-26,860.5,864.0,852.0,857.5,759
2022-12-27,858.0,861.0,856.5,859.0,499
2022-12-28,862.0,863.0,855.0,859.5,586
2022-12-29,860.0,873.0,857.0,869.0,432
2022-12-30,865.0,883.0,865.0,871.0,699
2023-01-03,881.5,881.5,870.0,878.0,321
2023-01-04,882.0,882.0,872.0,876.5,342
2023-01-05,877.5,877.5,872.5,875.0,194
2023-01-06,875.0,878.5,873.0,875.5,275
2023-01-09,875.5,884.5,875.0,879.5,538
2023-01-10,877.0,878.0,870.0,871.5,470
2023-01-11,873.0,879.0,866.0,878.5,663
2023-01-12,875.0,877.5,871.0,876.0,301
2023-01-13,875.0,876.0,871.0,876.0,461
2023-01-16,880.0,912.5,875.0,899.5,1851
2023-01-17,906.0,906.0,885.0,887.0,822
2023-01-18,885.5,889.0,877.0,884.5,779
2023-01-19,884.5,884.5,860.0,869.5,1182
2023-01-20,870.5,871.0,856.5,867.0,947
2023-01-23,872.0,886.0,870.0,883.5,956
2023-01-24,876.0,887.5,876.0,880.0,481
2023-01-25,880.0,880.0,872.0,875.0,421
2023-01-26,876.0,878.0,863.5,872.0,766
2023-01-27,866.0,877.5,866.0,877.5,525
2023-01-30,878.5,883.5,873.0,882.5,625
2023-01-31,880.5,900.5,880.5,893.0,1347
2023-02-01,899.0,905.0,891.0,897.5,1254
2023-02-02,901.0,901.5,891.5,896.0,764
2023-02-03,897.0,897.0,887.5,890.5,652
2023-02-06,887.0,899.5,885.5,896.0,685
2023-02-07,899.0,944.0,896.5,936.5,6181
2023-02-08,937.0,940.0,915.0,921.0,2049
2023-02-09,925.0,928.0,915.0,920.5,725
2023-02-10,920.5,925.0,916.0,922.5,464
2023-02-13,924.0,924.0,920.0,920.0,773
2023-02-14,928.0,928.0,901.0,904.0,1388
2023-02-15,901.5,903.0,870.5,881.0,1731
2023-02-16,882.5,904.5,882.5,896.0,1057
2023-02-17,897.5,899.5,889.0,894.5,513
2023-02-20,900.0,902.5,883.5,894.5,618
2023-02-21,897.0,915.0,893.5,909.0,1343
2023-02-22,909.0,909.0,898.5,908.5,404
2023-02-24,905.0,909.5,901.5,909.0,214
2023-02-27,908.0,915.0,905.5,914.0,744
2023-02-28,914.5,920.0,910.5,916.5,687
2023-03-01,919.5,926.0,917.0,924.0,996
2023-03-02,929.0,929.0,906.0,913.0,925
2023-03-03,910.5,917.5,897.5,917.0,1407
2023-03-06,921.0,924.0,908.5,919.5,1399
2023-03-07,920.0,925.5,915.0,919.0,990
2023-03-09,920.0,924.5,918.0,922.5,663
2023-03-10,921.5,924.0,917.0,921.0,814
2023-03-13,923.5,933.5,916.5,928.0,1513
2023-03-14,929.0,940.0,926.0,935.0,1727
2023-03-15,935.0,957.0,931.5,942.0,2578
2023-03-16,944.0,950.0,930.0,940.0,1983
2023-03-17,941.0,1009.5,941.0,991.0,11173
2023-03-20,996.0,1085.5,990.0,1072.5,13729
2023-03-21,1083.0,1085.0,1045.0,1052.0,9402
2023-03-22,1055.5,1056.0,1022.5,1041.5,9847
2023-03-23,1042.0,1072.0,1036.5,1059.0,5294
2023-03-24,1060.0,1067.0,1056.0,1063.0,2645
2023-03-27,1071.0,1079.5,1065.5,1071.5,3695
2023-03-28,1072.5,1073.0,1055.5,1065.0,2389
2023-03-29,1065.0,1068.5,1060.0,1064.0,1682
2023-03-30,1066.5,1069.5,1060.5,1068.0,1751
2023-03-31,1070.5,1073.0,1050.5,1061.5,2801
2023-04-03,1073.5,1094.0,1065.0,1081.5,4943
2023-04-04,1084.5,1154.5,1080.0,1147.0,12033
2023-04-05,1150.0,1198.5,1131.5,1193.0,10806
2023-04-06,1187.5,1282.5,1184.5,1260.0,25169
2023-04-07,1270.0,1280.0,1240.5,1259.0,8085
2023-04-10,1268.5,1297.5,1262.0,1285.0,5649
2023-04-11,1289.0,1289.0,1245.0,1258.0,5860
2023-04-12,1264.0,1267.0,1252.0,1258.5,2055
2023-04-13,1258.5,1263.5,1201.5,1218.5,5668
2023-04-14,1220.5,1220.5,1194.5,1216.5,4118
2023-04-17,1224.0,1250.0,1224.0,1238.0,3071
2023-04-18,1238.0,1246.0,1223.0,1231.5,1918
2023-04-19,1231.5,1232.0,1198.0,1211.5,3271
2023-04-20,1210.0,1225.0,1176.5,1202.0,5269
2023-04-21,1202.5,1222.0,1200.5,1217.0,2472
2023-04-24,1220.0,1236.5,1211.5,1232.5,2848
2023-04-25,1235.0,1235.5,1219.5,1223.5,1793
2023-04-26,1223.5,1230.0,1202.5,1217.5,1568
2023-04-27,1217.5,1221.0,1200.0,1208.5,1629
2023-04-28,1208.0,1209.5,1185.0,1203.0,2268
2023-05-02,1210.0,1211.0,1151.5,1178.5,3054
2023-05-03,1180.0,1180.0,1112.0,1116.0,7127
2023-05-04,1120.0,1137.0,1110.5,1128.5,2785
2023-05-05,1129.0,1135.5,1120.0,1131.0,1724
2023-05-08,1133.0,1175.5,1123.5,1164.5,2695
2023-05-10,1155.0,1217.0,1155.0,1213.0,5727
2023-05-11,1213.0,1226.0,1157.0,1182.0,5942
2023-05-12,1182.0,1197.0,1167.0,1178.5,2499
2023-05-15,1186.0,1206.0,1181.5,1205.0,3214
2023-05-16,1208.5,1210.0,1187.5,1197.0,2565
2023-05-17,1198.5,1217.0,1191.0,1209.5,1846
2023-05-18,1212.0,1222.0,1195.0,1216.0,2469
2023-05-19,1215.0,1218.0,1196.0,1211.0,3111
2023-05-22,1212.5,1277.5,1211.5,1262.0,13230
2023-05-23,1265.0,1269.5,1239.0,1262.5,6597
2023-05-24,1260.5,1275.0,1257.0,1266.5,3819
2023-05-25,1269.0,1335.5,1265.5,1312.5,15691
2023-05-26,1305.5,1328.0,1303.0,1319.5,4591
2023-05-29,1335.5,1346.0,1320.5,1332.5,5168
2023-05-30,1310.0,1344.0,1305.0,1328.0,7826
2023-05-31,1328.0,1334.0,1322.0,1333.0,2234
2023-06-01,1333.0,1357.0,1328.5,1348.0,6480
2023-06-02,1350.0,1382.0,1340.0,1382.0,6476
2023-06-05,1389.5,1407.0,1310.0,1332.5,12521
2023-06-06,1332.5,1346.0,1268.0,1338.0,15701
2023-06-07,1343.0,1346.0,1310.5,1313.5,5419
2023-06-08,1314.5,1368.0,1304.0,1364.0,9595
2023-06-09,1370.0,1395.0,1360.5,1382.0,15720
2023-06-13,1386.0,1409.5,1160.0,1342.5,32418
2023-06-14,1345.0,1469.5,1315.5,1466.0,89609
2023-06-15,1466.0,1473.5,1425.5,1436.0,25908
2023-06-16,1439.5,1443.0,1419.5,1431.5,16687
2023-06-19,1435.0,1439.0,1422.0,1426.0,8787
2023-06-20,1430.5,1430.5,1375.0,1408.0,13783
2023-06-21,1408.0,1410.0,1380.0,1392.0,16644
2023-06-22,1393.0,1418.5,1385.0,1397.0,16209
2023-06-23,1397.0,1397.0,1365.5,1373.5,15238
2023-06-26,1399.5,1399.5,1325.5,1370.0,24748
2023-06-27,1379.0,1408.0,1363.0,1398.0,18544
2023-06-28,1399.5,1412.0,1395.5,1400.0,9737
2023-06-29,1402.5,1404.0,1394.0,1401.0,5974
2023-06-30,1401.5,1444.0,1386.0,1419.5,33575
2023-07-03,1431.0,1436.0,1398.0,1399.5,13987
2023-07-04,1398.0,1399.5,1365.5,1374.0,17621
2023-07-05,1380.0,1384.0,1362.5,1369.5,7752
2023-07-06,1369.0,1380.0,1352.5,1369.0,11213
2023-07-07,1372.5,1385.5,1363.0,1377.5,6579
2023-07-10,1388.0,1407.0,1378.5,1399.5,12945
2023-07-11,1405.0,1417.5,1399.5,1400.5,24026
2023-07-12,1405.5,1408.0,1395.0,1400.0,10231
2023-07-13,1402.0,1403.0,1383.5,1388.0,13223
2023-07-14,1388.5,1403.0,1379.0,1400.0,20272
2023-07-17,1401.5,1405.0,1395.0,1400.0,17892
2023-07-18,1399.0,1409.5,1395.0,1403.0,43829
2023-07-19,1263.5,1297.5,1230.5,1265.0,52816
2023-07-20,1268.0,1268.0,1236.0,1239.0,14166
2023-07-21,1239.5,1260.0,1239.5,1257.5,8798
2023-07-24,1263.0,1265.0,1251.5,1255.0,5612
2023-07-25,1258.5,1258.5,1245.5,1249.0,5748
2023-07-26,1248.0,1250.0,1222.5,1238.5,11196
2023-07-27,1240.5,1244.0,1230.0,1237.5,5359
2023-07-28,1237.5,1240.0,1232.0,1232.0,5962
2023-07-31,1232.5,1241.5,1206.0,1224.0,16718
2023-08-01,1225.0,1226.0,1213.5,1216.5,7911
2023-08-02,1219.0,1250.0,1216.5,1235.0,26152
2023-08-03,1239.0,1241.5,1227.0,1233.5,10952
2023-08-04,1239.0,1239.0,1205.0,1214.0,19946
2023-08-07,1214.0,1226.5,1205.0,1208.5,10388
2023-08-08,1210.0,1212.0,1182.0,1197.0,14299
2023-08-09,1198.0,1201.0,1187.0,1189.0,5683
2023-08-10,1189.0,1194.5,1187.0,1191.5,5501
2023-08-11,1191.5,1211.5,1189.0,1204.5,10844
2023-08-14,1210.0,1221.0,1183.0,1187.5,20052
2023-08-15,1183.5,1199.5,1170.5,1186.5,11511
2023-08-16,1185.0,1190.0,1142.0,1153.0,17293
2023-08-17,1160.0,1162.0,1143.5,1156.0,6800
2023-08-18,1156.5,1168.5,1147.0,1163.5,6224
2023-08-21,1175.0,1180.5,1163.5,1180.5,9893
2023-08-22,1183.5,1198.5,1175.5,1195.5,16334
2023-08-23,1199.0,1217.0,1173.5,1181.0,23278
2023-08-24,1183.5,1208.5,1180.0,1203.0,11117
2023-08-25,1204.0,1214.5,1192.0,1207.0,8448
2023-08-28,1215.5,1238.0,1211.0,1234.5,25099
2023-08-29,1235.0,1239.0,1219.5,1234.5,18448
2023-08-30,1236.0,1270.0,1234.5,1269.0,28011
2023-08-31,1273.0,1337.5,1272.0,1328.5,72920
2023-09-01,1334.5,1389.0,1317.5,1379.5,107459
2023-09-04,1390.0,1430.0,1378.0,1411.0,74409
2023-09-05,1411.0,1411.5,1385.5,1398.5,33913
2023-09-06,1395.0,1398.5,1350.0,1388.0,21420
2023-09-07,1387.0,1400.0,1354.5,1369.5,32372
2023-09-08,1370.0,1392.5,1340.0,1385.0,34366
2023-09-11,1391.0,1440.0,1373.5,1430.0,62627
2023-09-12,1439.5,1500.0,1435.0,1496.5,69493
2023-09-13,1501.5,1516.5,1461.5,1477.5,47593
2023-09-14,1482.0,1488.0,1394.0,1463.0,72549
2023-09-15,1469.5,1489.0,1457.5,1473.5,33966
2023-09-18,1488.0,1515.0,1475.0,1498.5,78931
2023-09-19,1498.5,1500.0,1433.0,1447.0,56300
2023-09-20,1443.0,1458.5,1414.5,1438.5,43491
2023-09-21,1439.5,1440.0,1375.5,1386.5,33130
2023-09-22,1380.0,1428.5,1361.5,1428.0,34325
2023-09-25,1438.0,1439.5,1411.0,1419.5,11377
2023-09-26,1415.0,1419.5,1388.0,1409.5,14634
2023-09-27,1414.5,1427.0,1408.5,1417.5,14819
2023-09-28,1420.0,1426.0,1411.0,1421.0,10389
2023-09-29,1425.0,1429.5,1419.0,1421.0,12969
2023-10-02,1428.0,1453.5,1421.5,1425.0,22487
2023-10-03,1425.0,1425.0,1397.0,1416.0,11163
2023-10-04,1420.0,1424.5,1404.5,1406.5,7467
2023-10-05,1409.5,1412.0,1400.0,1401.0,5762
2023-10-06,1404.0,1408.5,1398.0,1401.5,6146
2023-10-09,1407.0,1416.0,1401.5,1403.5,8982
2023-10-10,1406.5,1406.5,1392.0,1401.0,7908
2023-10-11,1403.5,1429.0,1397.0,1402.5,24617
2023-10-12,1400.0,1420.0,1395.0,1408.5,9736
2023-10-13,1412.5,1420.0,1405.0,1418.0,9766
2023-10-16,1422.0,1445.0,1421.0,1441.0,15366
2023-10-17,1445.0,1472.0,1438.5,1462.5,25597
2023-10-18,1467.5,1503.0,1456.0,1489.0,48544
2023-10-19,1488.5,1489.0,1472.5,1478.0,10999
2023-10-20,1482.0,1482.0,1452.5,1459.5,19281
2023-10-23,1466.5,1473.0,1444.5,1445.5,10701
2023-10-24,1445.5,1456.0,1436.0,1454.0,10843
2023-10-25,1459.5,1468.0,1448.0,1458.0,9112
2023-10-26,1458.0,1462.0,1437.5,1440.0,8755
2023-10-27,1439.0,1448.5,1418.5,1445.5,13562
2023-10-30,1449.5,1449.5,1427.0,1432.0,5650
2023-10-31,1432.0,1432.0,1412.5,1419.5,7521
2023-11-01,1420.0,1434.5,1416.5,1432.0,4063
2023-11-02,1433.5,1453.0,1433.0,1445.0,8287
2023-11-03,1445.5,1451.5,1430.0,1438.5,5217
2023-11-06,1440.0,1449.5,1438.5,1446.0,2677
2023-11-07,1448.0,1465.0,1443.0,1456.0,10980
2023-11-08,1459.0,1459.5,1436.0,1449.0,9064
2023-11-09,1450.0,1452.5,1435.5,1445.5,4827
2023-11-10,1447.0,1454.5,1440.0,1449.5,7343
2023-11-13,1455.5,1460.0,1446.5,1453.0,8459
2023-11-14,1454.0,1454.5,1437.5,1438.5,5985
2023-11-15,1439.0,1477.0,1430.0,1467.0,25458
2023-11-16,1470.0,1472.5,1442.5,1445.0,11165
2023-11-17,1446.0,1460.5,1435.0,1452.5,7450
2023-11-20,1456.0,1463.5,1450.0,1457.0,5354
2023-11-21,1457.0,1460.0,1453.0,1455.0,4667
2023-11-22,1458.0,1459.0,1452.0,1454.5,6075
2023-11-23,1451.5,1459.5,1451.5,1453.5,4797
2023-11-24,1457.0,1459.5,1452.5,1453.5,3738
2023-11-27,1458.5,1464.5,1447.5,1452.0,9094
2023-11-28,1454.0,1458.0,1449.5,1454.5,4930
2023-11-29,1454.5,1465.5,1450.0,1454.5,7897
2023-11-30,1454.0,1458.0,1438.0,1441.5,7133
2023-12-01,1441.5,1442.0,1420.5,1425.5,8186
2023-12-04,1421.5,1421.5,1383.0,1390.0,14368
2023-12-05,1390.0,1413.0,1382.0,1406.5,7214
2023-12-06,1411.0,1413.5,1385.5,1393.0,5013
2023-12-07,1397.0,1399.5,1381.0,1389.5,5512
2023-12-08,1390.0,1398.5,1382.5,1388.0,4089
2023-12-11,1390.0,1390.0,1352.0,1363.0,13101
2023-12-12,1362.0,1379.5,1356.5,1358.0,5874
2023-12-13,1357.0,1367.0,1350.5,1360.0,4907
2023-12-14,1360.0,1365.5,1344.0,1345.0,5177
2023-12-15,1345.0,1398.0,1341.5,1397.5,8655
2023-12-18,1408.0,1418.5,1401.5,1413.0,5437
2023-12-19,1417.0,1445.0,1414.0,1441.0,7070
2023-12-20,1441.5,1452.0,1430.5,1435.5,10138
2023-12-21,1438.0,1441.5,1423.0,1432.5,5770
2023-12-22,1433.0,1460.5,1431.0,1446.5,11818
2023-12-25,1455.0,1455.0,1441.5,1448.5,6469
2023-12-26,1448.5,1451.0,1441.0,1443.5,6086
2023-12-27,1443.5,1452.0,1443.0,1449.5,4953
2023-12-28,1449.0,1451.0,1444.5,1448.0,5468
2023-12-29,1450.0,1451.5,1444.5,1445.0,5366
2024-01-03,1450.0,1463.5,1447.0,1460.0,4242
2024-01-04,1465.0,1465.0,1456.5,1457.5,2852
2024-01-05,1460.0,1462.0,1453.5,1454.0,2361
2024-01-08,1460.0,1460.0,1453.5,1460.0,2352
2024-01-09,1461.5,1462.5,1454.0,1459.0,6202
2024-01-10,1459.0,1460.5,1455.5,1456.5,5178
2024-01-11,1456.0,1499.0,1454.0,1482.5,16613
2024-01-12,1485.5,1503.0,1483.5,1493.0,13184
2024-01-15,1499.5,1505.0,1496.5,1497.5,9063
2024-01-16,1500.0,1553.5,1492.5,1544.5,35392
2024-01-17,1548.5,1583.0,1542.5,1564.0,36287
2024-01-18,1567.0,1574.0,1541.0,1550.0,14048
2024-01-19,1551.5,1557.5,1533.5,1554.0,11416
2024-01-22,1560.0,1573.0,1559.5,1561.0,10176
2024-01-23,1567.0,1569.5,1544.5,1554.0,7898
2024-01-24,1555.0,1580.0,1551.5,1575.5,17014
2024-01-25,1577.0,1582.0,1566.0,1572.0,12699
2024-01-26,1576.0,1576.5,1561.0,1564.5,11037
2024-01-29,1572.0,1578.5,1567.5,1577.5,7715
2024-01-30,1579.0,1590.0,1573.5,1583.0,14180
2024-01-31,1583.5,1586.0,1566.0,1577.0,12260
2024-02-01,1577.0,1580.0,1570.0,1574.0,8593
2024-02-02,1574.0,1581.0,1568.5,1577.0,9166
2024-02-05,1580.0,1594.5,1576.0,1586.0,13292
2024-02-06,1586.0,1587.5,1580.0,1584.5,4556
2024-02-07,1585.0,1604.0,1584.5,1600.0,15581
2024-02-08,1603.0,1612.0,1587.5,1591.0,15484
2024-02-09,1596.0,1599.5,1582.0,1592.0,6415
2024-02-12,1596.0,1620.5,1595.0,1617.5,10577
2024-02-13,1625.0,1659.5,1621.5,1659.5,19792
2024-02-14,1670.0,1679.5,1655.5,1668.5,19944
2024-02-21,1650.0,1688.0,1518.0,1583.5,5725292
2024-02-22,1585.0,1649.0,1558.0,1604.5,1704579
2024-02-26,1620.0,1649.0,1619.0,1638.0,1671821
2024-02-27,1642.0,1643.0,1600.5,1616.0,1084976
2024-02-28,1616.5,1624.0,1604.5,1608.5,631411
2024-02-29,1609.0,1617.0,1601.5,1608.0,565362
2024-03-01,1609.0,1616.0,1575.0,1590.0,1275377
2024-03-04,1593.0,1599.5,1578.5,1585.0,1073043
2024-03-05,1587.5,1615.0,1580.0,1604.5,1282056
2024-03-06,1609.5,1610.0,1593.5,1597.0,621806
2024-03-07,1599.0,1611.0,1595.0,1600.0,702667
2024-03-11,1605.5,1640.0,1601.0,1630.5,1501044
2024-03-12,1635.0,1635.0,1612.0,1618.0,684251
2024-03-13,1620.0,1623.0,1602.5,1604.0,563924
2024-03-14,1604.0,1608.0,1580.0,1585.5,1031490
2024-03-15,1582.5,1605.5,1580.0,1594.5,880160
2024-03-18,1594.5,1603.0,1585.0,1589.5,484026
2024-03-19,1589.0,1594.0,1568.0,1583.0,1173215
2024-03-20,1583.0,1624.5,1576.0,1607.0,2283786
2024-03-21,1610.5,1628.0,1608.5,1626.5,1487080
2024-03-22,1627.5,1635.0,1586.5,1595.0,1594063
2024-03-25,1608.5,1613.0,1597.5,1608.0,767403
2024-03-26,1611.0,1630.0,1610.0,1625.0,1000369
2024-03-27,1626.0,1635.0,1617.0,1623.5,1025960
2024-03-28,1625.5,1632.0,1610.5,1623.5,1030334
2024-03-29,1629.0,1648.0,1620.5,1645.5,1831471
2024-04-01,1653.0,1659.0,1636.0,1639.5,1546600
2024-04-02,1640.0,1643.0,1627.0,1640.0,815242
2024-04-03,1640.0,1642.0,1629.0,1633.5,745295
2024-04-04,1635.0,1645.5,1630.5,1633.5,721501
2024-04-05,1634.0,1645.0,1633.5,1638.0,635307
2024-04-08,1638.0,1641.5,1630.0,1635.5,667688
2024-04-09,1637.0,1642.0,1633.0,1639.0,556287
2024-04-10,1639.0,1641.5,1633.5,1635.5,405373
2024-04-11,1635.0,1638.5,1620.5,1625.5,663880
2024-04-12,1625.5,1627.5,1610.5,1620.0,720904
2024-04-15,1620.5,1634.0,1620.0,1626.5,630208
2024-04-16,1627.0,1631.5,1611.5,1614.5,658757
2024-04-17,1614.5,1622.0,1603.0,1614.5,687932
2024-04-18,1614.0,1615.0,1600.5,1603.5,415644
2024-04-19,1606.5,1620.0,1605.0,1613.0,673219
2024-04-22,1615.0,1620.0,1610.0,1614.5,646330
2024-04-23,1615.0,1619.5,1604.0,1607.0,568882
2024-04-24,1607.5,1611.0,1593.0,1599.0,593360
2024-04-25,1599.0,1603.0,1582.0,1596.5,379932
2024-04-26,1597.0,1606.0,1595.0,1600.5,404164
2024-04-29,1598.0,1601.5,1596.0,1599.0,118563
2024-04-30,1599.5,1601.5,1593.0,1597.5,107883
2024-05-02,1598.0,1603.5,1597.0,1599.5,226311
2024-05-03,1600.0,1602.0,1595.5,1597.0,210471
2024-05-06,1597.0,1601.0,1587.0,1592.5,389721
2024-05-07,1594.0,1652.0,1590.5,1644.0,3659896
2024-05-08,1647.5,1661.0,1632.5,1636.0,1282265
2024-05-10,1640.0,1640.5,1629.0,1636.0,373896
2024-05-13,1642.0,1649.0,1634.0,1643.0,841549
2024-05-14,1646.0,1687.0,1643.0,1671.5,2278374
2024-05-15,1680.0,1680.0,1651.0,1667.5,915349
2024-05-16,1670.0,1682.0,1659.5,1675.5,718477
2024-05-17,1678.5,1685.0,1668.5,1679.0,739335
2024-05-20,1682.0,1686.0,1663.5,1666.0,879829
2024-05-21,1666.0,1674.0,1655.0,1665.0,659576
2024-05-22,1670.0,1704.0,1660.0,1703.5,1429867
2024-05-23,1703.5,1703.5,1684.0,1692.0,874361
2024-05-24,1695.0,1700.0,1635.0,1663.0,1530082
2024-05-27,1670.0,1679.5,1622.0,1645.0,2246113
2024-05-28,1650.0,1666.0,1625.0,1649.5,989591
2024-05-29,1655.0,1680.0,1651.0,1669.0,1110179
2024-05-30,1678.0,1694.0,1624.0,1644.0,1895808
2024-05-31,1646.0,1660.0,1564.5,1589.0,1832348
2024-06-03,1600.0,1626.5,1550.0,1622.0,1958151
2024-06-04,1636.0,1636.5,1607.5,1629.0,834321
2024-06-05,1634.0,1639.5,1592.0,1602.0,847497
2024-06-06,1608.0,1627.0,1590.5,1618.0,541152
2024-06-07,1619.5,1659.5,1616.0,1653.5,1938001
2024-06-10,1669.0,1669.0,1621.0,1635.0,888630
2024-06-11,1635.0,1657.5,1610.5,1637.0,800866
2024-06-13,1560.0,1630.0,1528.0,1627.5,1595681
2024-06-14,1630.5,1655.0,1623.0,1642.0,622397
2024-06-17,1649.0,1658.5,1628.0,1636.0,646528
2024-06-18,1636.0,1644.5,1600.0,1611.0,735050
2024-06-19,1611.0,1627.0,1580.5,1587.0,1086268
2024-06-20,1591.0,1625.0,1528.0,1540.5,3693928
2024-06-21,1549.0,1574.0,1545.0,1551.0,1509571
2024-06-24,1555.0,1567.5,1548.0,1559.5,745184
2024-06-25,1560.0,1582.0,1538.0,1582.0,828926
2024-06-26,1584.0,1594.0,1575.0,1592.5,508039
2024-06-27,1593.0,1596.5,1582.0,1593.5,405070
2024-06-28,1590.0,1625.0,1590.0,1621.5,648417
2024-07-01,1622.0,1629.0,1605.5,1625.5,573636
2024-07-02,1626.0,1629.5,1610.5,1615.5,328840
2024-07-03,1615.0,1619.5,1600.5,1605.0,320905
2024-07-04,1606.5,1608.0,1578.5,1581.5,408840
2024-07-05,1581.5,1588.0,1557.0,1577.5,777622
2024-07-08,1577.5,1588.0,1566.5,1577.0,443815
2024-07-09,1577.0,1577.0,1482.0,1502.5,1701478
2024-07-10,1505.0,1522.0,1400.0,1411.0,3729762
2024-07-11,1412.0,1489.0,1407.0,1473.5,3945184
2024-07-12,1485.0,1490.0,1441.0,1463.0,1923804
2024-07-15,1472.5,1478.0,1440.0,1449.0,1568246
2024-07-16,1449.0,1456.5,1392.5,1443.0,3330158
2024-07-17,1441.0,1443.0,1419.0,1437.0,1722164
2024-07-18,1290.0,1326.0,1251.0,1323.5,3852046
2024-07-19,1330.0,1387.0,1323.5,1380.0,2155384
2024-07-22,1387.0,1398.5,1361.0,1375.0,1081266
2024-07-23,1378.5,1382.0,1351.0,1373.0,607262
2024-07-24,1376.5,1419.5,1374.0,1410.5,997465
2024-07-25,1414.0,1414.0,1390.5,1401.5,620337
2024-07-26,1401.0,1421.5,1366.0,1388.0,1374467
2024-07-29,1384.0,1385.5,1333.5,1355.5,1015620
2024-07-30,1330.0,1379.5,1330.0,1373.0,957386
2024-07-31,1374.0,1393.5,1368.5,1390.0,565571
2024-08-01,1390.0,1397.5,1376.0,1377.5,556369
2024-08-02,1380.0,1383.5,1358.0,1368.5,576207
2024-08-05,1358.5,1366.5,1325.5,1344.0,1182226
2024-08-06,1358.0,1378.0,1340.5,1354.0,664590
2024-08-07,1352.5,1381.5,1341.0,1374.5,747700
2024-08-08,1375.5,1387.0,1358.5,1365.0,401706
2024-08-09,1369.0,1377.0,1360.5,1368.5,244727
2024-08-12,1369.5,1373.5,1356.0,1371.5,439193
2024-08-13,1375.0,1420.0,1372.5,1416.0,1093769
2024-08-14,1416.5,1442.0,1391.0,1399.0,992644
2024-08-15,1399.0,1418.5,1371.0,1372.5,713363
2024-08-16,1373.0,1390.0,1363.0,1374.5,491511
2024-08-19,1386.5,1387.0,1352.5,1370.0,590592
2024-08-20,1367.5,1373.0,1333.0,1339.5,1006660
2024-08-21,1343.0,1345.5,1324.0,1336.0,611710
2024-08-22,1338.0,1344.5,1305.0,1317.0,761918
2024-08-23,1317.0,1320.0,1278.0,1303.5,1034775
2024-08-26,1331.0,1358.0,1313.0,1331.5,853333
2024-08-27,1335.5,1347.0,1310.5,1316.0,742394
2024-08-28,1316.0,1318.5,1280.0,1299.0,841180
2024-08-29,1299.0,1303.0,1266.5,1286.5,935980
2024-08-30,1286.5,1292.5,1236.0,1258.0,1516416
2024-09-02,1258.0,1271.5,1201.0,1227.0,2016186
2024-09-03,1227.5,1260.0,1203.5,1230.0,1666853
2024-09-04,1231.0,1284.0,1222.0,1275.0,1225136
2024-09-05,1288.0,1327.0,1263.5,1296.5,1791919
2024-09-06,1306.0,1323.0,1290.0,1301.5,1070297
2024-09-09,1315.0,1372.0,1309.0,1370.0,1764472
2024-09-10,1373.0,1373.0,1317.0,1342.5,1350538
2024-09-11,1335.0,1351.5,1305.0,1315.5,903382
2024-09-12,1320.5,1337.5,1307.5,1337.5,1035679
2024-09-13,1337.0,1369.0,1301.0,1359.5,1650265
2024-09-16,1370.0,1398.0,1356.0,1393.0,1634078
2024-09-17,1393.5,1405.0,1376.5,1392.5,824090
2024-09-18,1393.0,1395.5,1348.0,1364.0,975239
2024-09-19,1364.0,1385.0,1355.0,1375.5,444226
2024-09-20,1375.5,1393.0,1375.5,1392.0,431589
2024-09-23,1397.0,1425.0,1394.0,1420.0,899063
2024-09-24,1423.5,1434.0,1403.5,1418.0,774786
2024-09-25,1420.5,1421.5,1370.0,1382.5,898745
2024-09-26,1382.5,1395.5,1360.0,1391.5,663723
2024-09-27,1391.5,1395.0,1375.5,1388.0,406422
2024-09-30,1387.0,1411.0,1376.5,1379.0,815996
2024-10-01,1377.5,1380.0,1351.5,1367.5,683265
2024-10-02,1372.0,1385.0,1343.5,1352.0,765894
2024-10-03,1351.5,1366.5,1341.0,1354.0,753109
2024-10-04,1358.0,1369.0,1347.0,1350.0,309042
2024-10-07,1352.0,1379.5,1346.5,1374.5,538344
2024-10-08,1374.5,1395.0,1363.5,1385.0,706759
2024-10-09,1383.0,1391.5,1357.0,1368.0,438022
2024-10-10,1370.0,1373.5,1357.5,1364.5,289198
2024-10-11,1362.0,1367.5,1357.0,1362.5,244650
2024-10-14,1362.5,1368.0,1347.0,1360.5,426430
2024-10-15,1357.0,1381.5,1354.5,1370.0,754030
2024-10-16,1373.5,1379.0,1359.0,1363.0,379728
2024-10-17,1363.0,1366.0,1351.5,1351.5,288547
2024-10-18,1355.0,1362.5,1334.5,1356.0,797390
2024-10-21,1356.0,1361.0,1342.0,1351.5,450178
2024-10-22,1351.0,1362.0,1342.0,1348.0,369665
2024-10-23,1353.0,1353.0,1324.5,1325.0,527884
2024-10-24,1325.0,1350.0,1305.0,1334.5,615816
2024-10-25,1335.0,1342.0,1282.0,1291.0,960297
2024-10-28,1275.0,1308.0,1235.5,1250.5,1098970
2024-10-29,1250.5,1278.0,1234.0,1273.0,503434
2024-10-30,1278.0,1282.0,1250.0,1252.0,305764
2024-10-31,1242.0,1254.5,1230.0,1242.5,729248
2024-11-01,1242.5,1273.0,1238.0,1264.5,422822
2024-11-05,1285.0,1293.5,1268.5,1274.5,382961
2024-11-06,1300.0,1316.0,1290.5,1312.5,854528
2024-11-07,1312.5,1340.0,1292.5,1335.5,495274
2024-11-08,1341.0,1352.0,1321.0,1348.0,603721
2024-11-11,1360.0,1370.0,1355.5,1364.0,569864
2024-11-12,1363.5,1374.0,1352.5,1358.0,431960
2024-11-13,1359.5,1368.5,1337.0,1340.0,417726
2024-11-14,1333.0,1342.5,1314.5,1329.5,340097
2024-11-15,1329.5,1345.0,1325.0,1343.5,243082
2024-11-18,1276.0,1278.5,1216.0,1222.5,6751277
2024-11-19,1220.0,1225.0,1157.0,1166.5,5640971
2024-11-20,1174.0,1194.5,1125.0,1144.0,3968913
2024-11-21,1146.0,1149.0,1024.0,1092.0,10671786
2024-11-22,1095.0,1096.0,1060.0,1072.0,2794100
2024-11-25,1072.0,1079.0,1043.0,1054.0,1730309
2024-11-26,1052.5,1087.5,1015.0,1031.0,4135279
2024-11-27,1031.5,1045.0,988.5,1042.5,2608408
2024-11-28,1041.0,1050.5,1010.5,1040.0,1258153
2024-11-29,1040.0,1059.0,998.0,1016.0,2910725
2024-12-02,1018.0,1029.0,999.0,1002.5,1477264
2024-12-03,1003.0,1005.5,963.0,966.0,1978210
2024-12-04,964.0,972.5,915.0,919.5,2304054
2024-12-05,920.0,949.5,891.5,942.5,4302280
2024-12-06,957.5,984.0,936.0,964.0,3301731
2024-12-09,974.0,994.0,960.0,979.5,1419027
2024-12-10,979.5,980.0,951.0,952.5,1043188
2024-12-11,946.0,954.0,933.0,953.5,1058200
2024-12-12,954.0,963.0,923.5,927.0,1191037
2024-12-13,926.5,936.5,922.0,926.0,659002
2024-12-16,921.5,923.0,894.0,895.5,1246589
2024-12-17,895.5,906.5,888.5,901.0,1044978
2024-12-18,906.0,926.0,896.0,923.0,1412269
2024-12-19,925.0,928.0,914.0,922.0,1088597
2024-12-20,923.0,1013.0,915.0,995.5,2522006
2024-12-23,1020.0,1057.5,1010.0,1042.0,2281046
2024-12-24,1044.5,1073.5,1013.5,1054.0,2092766
2024-12-25,1051.5,1125.5,1047.5,1125.0,3551754
2024-12-26,1126.0,1165.0,1112.5,1126.5,2916013
2024-12-27,1129.0,1159.5,1122.0,1151.0,1776022
2024-12-30,1243.0,1274.5,1195.0,1230.5,3549411
2025-01-03,1220.5,1228.0,1177.0,1196.5,1622253
2025-01-06,1187.5,1196.0,1177.5,1194.0,487951
2025-01-08,1194.5,1211.0,1193.5,1203.0,453630
2025-01-09,1206.0,1209.0,1128.0,1136.0,1671363
2025-01-10,1140.0,1184.0,1138.5,1172.0,2142348
2025-01-13,1183.5,1193.0,1169.5,1170.5,1329836
2025-01-14,1169.0,1172.0,1145.0,1155.5,1220184
2025-01-15,1158.0,1169.5,1140.0,1166.5,935942
2025-01-16,1169.5,1195.0,1165.0,1183.5,1150801
2025-01-17,1183.5,1209.5,1178.0,1197.0,1080135
2025-01-20,1200.0,1209.0,1151.5,1166.0,1327728
2025-01-21,1163.0,1169.5,1127.0,1168.5,790250
2025-01-22,1170.0,1195.0,1155.5,1167.0,1097673
2025-01-23,1168.5,1182.5,1152.5,1179.5,611929
2025-01-24,1178.0,1187.5,1161.0,1166.0,624545
2025-01-27,1166.0,1175.0,1142.5,1152.0,540515
2025-01-28,1152.0,1184.5,1134.5,1171.0,847193
2025-01-29,1170.5,1178.0,1153.0,1157.0,546522
2025-01-30,1158.0,1177.0,1143.5,1163.0,1459306
2025-01-31,1165.5,1195.5,1146.0,1156.0,1736690
2025-02-03,1155.0,1159.0,1141.0,1151.6,777599
2025-02-04,1152.0,1165.4,1111.2,1119.2,1796296
2025-02-05,1119.0,1143.8,1105.6,1140.0,1268402
2025-02-06,1143.8,1151.2,1122.0,1130.8,783352
2025-02-07,1130.8,1139.0,1117.0,1120.8,558329
2025-02-10,1126.8,1156.0,1126.8,1130.4,1260404
2025-02-11,1130.6,1188.2,1130.6,1183.6,1893800
2025-02-12,1185.2,1265.0,1183.0,1253.0,3567087
2025-02-13,1270.0,1311.8,1221.0,1233.6,2619828
2025-02-14,1220.2,1268.4,1187.0,1209.0,2656751
2025-02-17,1234.0,1260.0,1224.8,1255.6,1901101
2025-02-18,1259.6,1265.8,1222.8,1233.6,1679887
2025-02-19,1234.6,1252.0,1230.0,1246.0,831849
2025-02-20,1246.0,1256.8,1231.4,1235.2,1142785
2025-02-21,1234.6,1246.0,1210.4,1225.6,1212171
2025-02-24,1229.8,1247.4,1215.2,1237.0,1492703
2025-02-25,1239.6,1247.0,1225.4,1232.6,1290699
2025-02-26,1233.0,1239.0,1183.2,1197.6,1643671
2025-02-27,1198.2,1201.0,1162.4,1172.0,1384192
2025-02-28,1170.2,1190.0,1155.2,1178.4,1299832
2025-03-03,1179.8,1181.4,1141.2,1154.2,1637030
2025-03-04,1161.8,1177.6,1144.0,1161.0,1956161
2025-03-05,1164.0,1166.8,1137.0,1144.2,1791650
2025-03-06,1147.0,1161.2,1132.0,1150.8,1122993
2025-03-07,1151.4,1160.4,1120.0,1141.0,1257178
2025-03-10,1141.2,1182.0,1141.0,1167.6,1473804
2025-03-11,1172.0,1182.4,1146.0,1159.8,1779401
2025-03-12,1162.8,1169.0,1144.0,1159.6,675418
2025-03-13,1161.8,1165.6,1137.2,1152.0,1442810
2025-03-14,1148.0,1172.0,1146.0,1165.6,808224
2025-03-17,1183.8,1204.0,1179.6,1192.0,1487877
2025-03-18,1192.0,1220.0,1182.0,1190.0,2016102
2025-03-19,1190.4,1258.0,1190.4,1253.8,2731086
2025-03-20,1253.8,1277.0,1235.8,1245.6,2134030
2025-03-21,1245.0,1256.8,1222.0,1231.8,1072998
2025-03-24,1233.0,1265.8,1222.2,1234.8,1512275
2025-03-25,1234.8,1248.8,1200.2,1231.0,1440736
2025-03-26,1232.0,1239.0,1204.4,1210.0,685681
2025-03-27,1202.0,1210.2,1171.8,1176.0,1277895
2025-03-28,1176.0,1217.2,1161.4,1200.8,3022005
2025-03-31,1170.0,1259.0,1153.2,1257.4,2708096
2025-04-01,1259.4,1272.0,1212.0,1227.2,3183093
2025-04-02,1227.6,1288.8,1217.6,1280.2,2963394
2025-04-03,1280.2,1302.8,1246.8,1271.0,2603478
2025-04-04,1279.0,1282.2,1198.0,1208.4,2891733
2025-04-07,1201.0,1217.0,1148.2,1196.8,2972762
2025-04-08,1208.8,1260.0,1200.6,1215.0,2497504
2025-04-09,1215.0,1257.4,1190.2,1249.4,2314184
2025-04-10,1249.0,1258.0,1229.0,1239.8,613461
2025-04-11,1228.8,1255.0,1228.8,1247.0,1042337
2025-04-14,1264.2,1267.8,1230.8,1236.8,739355
2025-04-15,1243.2,1274.6,1233.8,1267.2,1242186
2025-04-16,1265.2,1301.4,1256.2,1286.6,2050863
2025-04-17,1286.0,1316.4,1282.2,1313.6,1884051
2025-04-18,1302.0,1303.4,1268.8,1287.0,1317592
2025-04-21,1292.4,1319.6,1280.0,1316.0,1120212
2025-04-22,1324.8,1334.8,1291.0,1309.0,1913248
2025-04-23,1313.0,1314.0,1281.6,1286.6,1070773
2025-04-24,1288.0,1308.8,1285.2,1291.6,1154352
2025-04-25,1292.8,1325.0,1292.8,1317.6,1190890
2025-04-28,1322.4,1323.6,1294.8,1297.2,1281024
2025-04-29,1297.2,1304.0,1281.2,1288.2,811890
2025-04-30,1288.2,1289.8,1263.2,1273.4,759335
2025-05-02,1273.4,1277.4,1243.4,1246.0,376830
2025-05-05,1255.6,1257.2,1202.0,1227.8,875602
2025-05-06,1231.0,1257.4,1217.2,1230.0,962491
2025-05-07,1230.2,1238.0,1213.4,1231.2,1594734
2025-05-08,1231.0,1245.2,1222.0,1227.4,570356
2025-05-12,1249.2,1255.8,1234.0,1243.8,981251
2025-05-13,1243.0,1247.8,1215.6,1224.0,1784787
2025-05-14,1221.2,1232.0,1207.4,1210.0,1017421
2025-05-15,1209.8,1227.0,1202.0,1214.0,1454946
2025-05-16,1216.0,1219.8,1192.0,1208.8,1085728
2025-05-19,1226.0,1231.2,1213.0,1221.4,980096
2025-05-20,1224.2,1259.8,1216.6,1250.0,1659232
2025-05-21,1251.2,1255.2,1225.2,1232.0,1180408
2025-05-22,1234.6,1252.0,1211.0,1236.2,1411911
2025-05-23,1239.0,1244.4,1227.6,1232.0,568698
2025-05-26,1232.0,1241.2,1210.2,1230.0,868391
2025-05-27,1230.0,1270.4,1221.6,1269.4,1282526
2025-05-28,1270.0,1297.6,1247.2,1281.8,2166909
2025-05-29,1287.0,1294.8,1270.0,1271.2,863451
2025-05-30,1271.2,1301.8,1271.2,1293.6,1207055
2025-06-02,1280.0,1318.4,1270.2,1303.6,2761932
2025-06-03,1307.0,1322.0,1304.0,1321.4,1187508
2025-06-04,1323.0,1335.4,1308.4,1312.0,1010328
2025-06-05,1316.0,1349.6,1312.4,1339.4,1160138
2025-06-06,1339.4,1360.0,1325.4,1329.8,1321838
2025-06-09,1337.8,1340.0,1301.0,1316.0,813340
2025-06-10,1317.2,1324.0,1300.0,1306.0,552662
2025-06-11,1310.0,1312.6,1292.2,1300.8,562398
2025-06-13,1311.8,1319.2,1304.0,1313.4,261148
2025-06-16,1320.0,1324.0,1310.0,1317.6,342645
2025-06-17,1315.4,1326.8,1312.0,1318.4,414039
2025-06-18,1318.2,1340.0,1315.8,1331.4,582949
2025-06-19,1337.8,1349.0,1327.4,1337.0,542089
2025-06-20,1340.0,1353.0,1330.4,1350.8,537966
2025-06-23,1357.0,1398.0,1353.6,1379.8,1563648
2025-06-24,1375.2,1387.6,1347.0,1361.0,1205730
2025-06-25,1364.8,1382.4,1358.8,1377.4,614279
2025-06-26,1376.4,1404.0,1376.4,1402.8,954909
2025-06-27,1403.2,1408.0,1367.2,1390.2,1841766
2025-06-30,1380.8,1387.0,1372.2,1382.6,726710
2025-07-01,1383.6,1408.2,1375.0,1402.8,1178000
2025-07-02,1404.4,1418.6,1396.8,1414.4,753709
2025-07-03,1419.0,1437.8,1401.0,1428.0,850391
2025-07-04,1425.0,1440.0,1402.4,1418.6,1073775
2025-07-07,1419.0,1424.8,1405.0,1406.4,452851
2025-07-08,1406.4,1416.0,1387.0,1390.2,684677
2025-07-09,1392.0,1421.6,1385.0,1401.2,935516
2025-07-10,1397.6,1418.2,1397.6,1408.2,597374
2025-07-11,1410.0,1410.0,1387.0,1390.0,787472
2025-07-14,1380.0,1419.6,1357.4,1416.0,1187229
2025-07-15,1416.0,1435.0,1413.8,1434.0,929055
2025-07-16,1432.4,1499.0,1431.4,1499.0,2474813
2025-07-17,1340.0,1348.0,1302.0,1306.0,3118383
2025-07-18,1309.4,1352.0,1306.0,1339.0,1451430
2025-07-21,1346.0,1354.8,1330.8,1334.2,876443
2025-07-22,1334.2,1352.8,1330.8,1352.0,655688
2025-07-23,1352.0,1362.0,1319.4,1334.2,1459920
2025-07-24,1338.4,1340.0,1310.6,1318.6,635452
2025-07-25,1318.6,1331.6,1314.0,1321.4,813307
2025-07-28,1331.6,1332.0,1298.0,1301.0,567106
2025-07-29,1301.6,1308.6,1284.2,1291.0,472626
2025-07-30,1291.0,1293.8,1261.6,1263.6,767183
2025-07-31,1266.6,1296.0,1263.2,1285.2,529433
2025-08-01,1285.2,1314.8,1283.2,1311.0,734812
2025-08-04,1311.2,1322.8,1301.0,1316.8,864866
2025-08-05,1321.8,1323.0,1313.0,1319.0,391692
2025-08-06,1320.0,1343.0,1312.0,1330.6,878349
2025-08-07,1330.0,1357.2,1327.0,1342.6,1228792
2025-08-08,1341.2,1357.8,1339.2,1357.4,799098
2025-08-11,1360.0,1372.4,1342.8,1346.0,981909
2025-08-12,1346.6,1353.8,1340.0,1341.6,594855
2025-08-13,1342.2,1348.0,1334.8,1342.0,469989
2025-08-14,1342.8,1342.8,1324.0,1337.2,607124
2025-08-15,1339.0,1353.0,1337.2,1343.4,664640
2025-08-18,1331.0,1349.0,1326.4,1340.4,473430
2025-08-19,1340.6,1353.4,1333.2,1337.4,473400
2025-08-20,1337.4,1342.4,1320.4,1330.0,346021
2025-08-21,1330.8,1331.8,1307.8,1312.6,384527
2025-08-22,1310.2,1323.0,1298.0,1322.4,626040
2025-08-25,1321.0,1332.8,1312.0,1319.4,483723
2025-08-26,1320.0,1331.4,1304.0,1309.2,439104
2025-08-27,1305.4,1315.0,1305.4,1311.0,226292
2025-08-28,1313.6,1316.8,1292.6,1299.2,419809
2025-08-29,1300.0,1316.0,1297.2,1314.6,431052
2025-09-01,1320.0,1329.6,1309.8,1313.6,231398
2025-09-02,1313.6,1322.4,1305.0,1318.6,362599
2025-09-03,1320.0,1324.4,1306.4,1317.2,407740
2025-09-04,1315.0,1336.0,1311.8,1327.6,564383
2025-09-05,1328.8,1345.0,1321.4,1343.8,556855
2025-09-08,1346.0,1349.0,1331.8,1344.0,347890
2025-09-09,1343.6,1347.6,1318.2,1328.0,680545
2025-09-10,1328.0,1328.0,1311.6,1314.6,571266
2025-09-11,1314.6,1321.6,1297.0,1304.0,807683
2025-09-12,1304.0,1313.0,1287.2,1289.6,764293
2025-09-15,1294.2,1295.6,1265.4,1275.2,589015
2025-09-16,1276.8,1285.6,1264.0,1275.6,497982
2025-09-17,1275.6,1279.4,1256.6,1263.6,532969
2025-09-18,1264.6,1267.6,1246.8,1247.4,455568
2025-09-19,1249.8,1251.6,1216.0,1218.2,661562
2025-09-22,1220.4,1265.0,1207.6,1261.8,977530
2025-09-23,1261.6,1274.0,1224.2,1231.4,669842
2025-09-24,1236.0,1256.2,1225.2,1248.0,401492
2025-09-25,1249.6,1258.0,1230.0,1235.0,275701
2025-09-26,1235.0,1242.2,1223.0,1230.8,298036
2025-09-29,1230.8,1271.0,1226.4,1243.8,1098334
2025-09-30,1244.4,1260.8,1228.4,1231.8,621946
2025-10-01,1233.4,1242.0,1222.2,1239.8,394504
2025-10-02,1235.6,1247.0,1222.0,1230.8,439670
2025-10-03,1233.0,1244.8,1215.0,1215.6,463309
2025-10-06,1224.8,1263.0,1214.8,1253.0,583033
2025-10-07,1247.8,1272.0,1242.0,1272.0,420622
2025-10-08,1272.0,1275.0,1235.2,1243.0,635034
2025-10-09,1249.0,1251.2,1210.2,1242.0,887952
2025-10-10,1244.0,1256.8,1226.0,1229.0,625079
2025-10-13,1229.0,1238.2,1213.0,1229.8,626518
2025-10-14,1229.8,1237.6,1212.6,1215.6,407713
2025-10-15,1215.6,1238.4,1209.0,1228.0,589954
2025-10-16,1225.0,1295.6,1222.4,1292.6,1498093
2025-10-17,1292.6,1301.6,1271.2,1289.4,892167
2025-10-20,1299.4,1309.4,1280.0,1296.8,544422
2025-10-21,1296.8,1299.8,1260.0,1277.4,1001898
2025-10-22,1277.4,1292.4,1246.0,1257.6,542708
2025-10-23,1249.8,1252.8,1225.0,1246.0,572399
2025-10-24,1243.8,1254.8,1223.0,1227.6,379606
2025-10-27,1227.6,1230.8,1200.0,1200.4,641128
2025-10-28,1200.4,1223.6,1178.0,1216.0,614920
2025-10-29,1216.0,1232.0,1212.2,1226.6,297230
2025-10-30,1226.4,1238.4,1218.4,1233.0,284021
2025-10-31,1232.8,1238.4,1215.0,1219.4,226679
2025-11-03,1230.0,1245.0,1228.0,1241.4,114967
2025-11-05,1240.0,1263.2,1231.0,1248.0,354231
2025-11-06,1248.0,1261.2,1240.0,1258.8,449674
2025-11-07,1258.0,1272.6,1253.8,1267.8,285011
2025-11-10,1270.2,1275.0,1250.0,1264.2,464008
2025-11-11,1265.0,1282.0,1261.8,1276.2,267772
2025-11-12,1276.6,1279.8,1250.2,1260.2,269465
2025-11-13,1261.0,1267.6,1251.6,1263.0,297280
2025-11-14,1262.6,1265.0,1244.8,1258.0,426537
2025-11-17,1249.4,1259.0,1239.6,1244.6,375211
2025-11-18,1242.4,1271.0,1238.6,1250.6,480573
2025-11-19,1254.0,1291.4,1245.2,1275.6,744564
2025-11-20,1281.8,1309.0,1272.0,1306.6,834462
2025-11-21,1306.6,1311.2,1273.0,1291.8,498635
2025-11-24,1293.6,1305.0,1268.0,1283.4,405547
2025-11-25,1283.6,1319.2,1273.6,1305.0,582943
2025-11-26,1305.2,1330.0,1301.6,1313.0,596886
2025-11-27,1313.0,1319.4,1287.6,1299.0,353715
2025-11-28,1298.0,1318.0,1295.4,1318.0,366377
2025-12-01,1321.8,1339.8,1314.6,1329.6,569930
2025-12-02,1329.8,1339.4,1325.8,1326.2,379192
2025-12-03,1319.8,1324.2,1297.2,1321.6,471420
2025-12-04,1322.0,1333.4,1321.6,1325.2,171066
2025-12-05,1325.2,1351.0,1325.0,1342.8,425193
2025-12-08,1342.8,1351.4,1335.2,1343.2,343173
2025-12-09,1341.0,1360.0,1333.4,1358.4,249319
2025-12-10,1358.0,1367.0,1346.2,1352.6,341542
2025-12-11,1353.0,1365.8,1341.0,1350.4,500318
2025-12-12,1349.0,1353.6,1321.4,1327.2,475268
2025-12-15,1330.6,1341.0,1322.0,1338.6,446271
2025-12-16,1338.4,1357.0,1335.0,1354.4,368951
2025-12-17,1354.4,1367.0,1345.6,1356.4,523630
2025-12-18,1357.6,1361.4,1343.0,1352.8,462436
2025-12-19,1354.8,1359.0,1341.6,1349.8,350017
2025-12-22,1348.6,1351.8,1326.6,1328.8,393353
2025-12-23,1328.8,1348.8,1326.6,1338.6,274661
2025-12-24,1344.2,1356.4,1335.0,1353.8,223428
2025-12-25,1354.6,1361.0,1344.2,1349.6,265063
2025-12-26,1351.4,1392.6,1348.6,1390.8,823164
2025-12-29,1387.0,1404.4,1366.0,1377.4,602033
2025-12-30,1377.2,1384.8,1367.4,1378.0,345539
2026-01-05,1378.4,1400.4,1368.0,1394.0,288983
2026-01-06,1394.0,1421.8,1394.0,1409.8,345312
2026-01-08,1410.0,1410.2,1393.6,1395.2,217450
2026-01-09,1398.6,1415.6,1393.6,1409.2,179533
2026-01-12,1409.2,1421.0,1380.6,1393.2,660164
2026-01-13,1393.2,1403.6,1363.4,1374.4,584057
2026-01-14,1374.4,1411.0,1365.8,1396.0,715555
2026-01-15,1396.0,1410.8,1387.6,1399.8,371351
2026-01-16,1404.8,1404.8,1389.4,1395.2,341327
2026-01-19,1399.2,1418.0,1396.0,1406.6,797785
2026-01-20,1407.0,1419.2,1401.4,1415.6,650732
2026-01-21,1415.8,1423.4,1407.4,1413.6,509576
2026-01-22,1414.2,1424.8,1408.0,1418.8,581518
2026-01-23,1418.8,1436.8,1412.2,1429.8,400059
2026-01-26,1433.0,1439.0,1420.4,1426.0,393433
2026-01-27,1426.0,1433.2,1421.0,1421.8,324105
2026-01-28,1423.8,1426.8,1407.0,1415.0,446397
2026-01-29,1415.4,1428.6,1410.0,1416.8,473208
2026-01-30,1418.0,1425.6,1410.0,1411.4,238779
2026-02-02,1419.8,1422.8,1400.0,1405.0,374794
2026-02-03,1410.4,1414.4,1404.6,1405.8,307370
2026-02-04,1407.8,1421.6,1403.2,1404.0,422893
2026-02-05,1404.0,1409.0,1394.0,1404.0,367082
2026-02-06,1408.4,1409.8,1387.4,1390.6,199597
2026-02-09,1397.0,1397.0,1378.8,1390.6,295159
2026-02-10,1395.6,1406.0,1382.8,1400.0,308130
2026-02-11,1402.0,1408.4,1385.0,1399.2,455880
2026-02-12,1404.4,1405.8,1394.6,1400.2,253732
2026-02-13,1405.0,1430.0,1399.4,1427.2,498689
2026-02-16,1427.2,1436.6,1414.2,1420.2,347702
2026-02-17,1424.8,1436.0,1418.2,1429.6,259575
2026-02-18,1433.8,1457.0,1425.6,1447.8,648644
2026-02-19,1448.0,1451.2,1428.0,1434.4,378041
2026-02-20,1439.6,1454.0,1432.4,1444.8,321553
2026-02-23,1447.0,1448.8,1442.8,1445.2,22286
2026-02-24,1446.0,1448.6,1413.0,1417.8,1009024
2026-02-25,1417.8,1429.0,1414.0,1424.2,328263
2026-02-26,1428.6,1432.0,1420.4,1421.6,189376
2026-02-27,1424.8,1428.4,1418.0,1427.2,177432
2026-03-02,1459.2,1460.0,1422.8,1429.8,1144273
2026-03-03,1430.6,1445.0,1416.8,1420.8,897725
2026-03-04,1422.0,1435.2,1407.2,1418.0,492436
2026-03-05,1424.0,1430.0,1419.2,1424.0,224579
2026-03-06,1424.0,1429.0,1405.8,1408.6,454097
2026-03-09,1416.2,1441.0,1412.2,1422.0,544832
2026-03-10,1422.0,1426.2,1395.6,1405.8,737107
2026-03-11,1407.6,1409.6,1380.8,1391.0,879000
2026-03-12,1392.8,1411.0,1388.6,1405.0,579227
2026-03-13,1409.0,1416.6,1398.0,1399.8,320681
2026-03-16,1413.4,1418.8,1388.4,1397.6,516770
2026-03-17,1398.2,1406.6,1390.0,1399.0,408071
2026-03-18,1399.0,1411.0,1392.4,1397.4,488774
2026-03-19,1399.0,1407.8,1392.0,1402.2,552522
2026-03-20,1403.0,1415.4,1401.6,1406.0,479745
2026-03-23,1407.2,1414.4,1390.0,1399.2,551241
2026-03-24,1396.4,1420.0,1396.4,1410.8,377575
2026-03-25,1410.0,1417.8,1407.4,1410.0,328698
2026-03-26,1410.0,1413.2,1375.4,1385.0,788220
2026-03-27,1386.0,1390.0,1344.4,1376.8,1211021
2026-03-30,1395.4,1396.8,1360.8,1368.8,776198
2026-03-31,1371.0,1374.0,1327.4,1360.6,1815585
2026-04-01,1364.4,1373.0,1350.2,1358.8,601145
2026-04-02,1360.0,1380.0,1351.2,1374.2,635095
2026-04-03,1378.0,1382.4,1358.4,1368.4,502147
2026-04-06,1369.8,1379.4,1361.4,1371.6,381958
2026-04-07,1372.0,1390.8,1370.0,1372.4,453692
2026-04-08,1360.0,1393.4,1355.2,1385.8,500264
2026-04-09,1389.8,1398.4,1374.2,1384.8,356168
2026-04-10,1389.0,1396.8,1379.2,1380.8,243929
2026-04-13,1394.8,1396.0,1370.2,1372.2,348023
2026-04-14,1373.2,1384.4,1365.0,1375.8,306751
2026-04-15,1376.0,1393.8,1375.2,1393.2,207283
2026-04-16,1393.2,1400.0,1383.6,1387.0,282324
2026-04-17,1387.6,1396.6,1379.8,1383.4,269215
2026-04-20,1392.4,1397.0,1371.0,1382.0,390664
2026-04-21,1384.2,1385.2,1370.8,1375.6,406482
2026-04-22,1375.4,1389.4,1375.2,1381.6,230739
2026-04-23,1382.0,1395.6,1377.8,1389.2,245189
2026-04-24,1389.2,1396.0,1377.8,1384.8,392455
2026-04-27,1387.0,1389.0,1381.0,1382.2,162276
2026-04-28,1382.2,1386.6,1364.2,1369.2,284884
2026-04-29,1369.2,1380.0,1353.2,1361.0,629808
2026-04-30,1363.8,1378.2,1361.0,1374.4,425980
2026-05-01,1374.4,1376.4,1370.0,1371.2,25387
2026-05-04,1372.0,1390.0,1368.8,1382.0,322432
2026-05-05,1384.8,1388.8,1372.0,1387.6,271782
2026-05-06,1387.6,1393.4,1377.6,1387.0,323806
2026-05-07,1387.6,1392.4,1374.2,1377.4,203203
2026-05-08,1377.4,1380.6,1361.0,1376.2,288850
2026-05-11,1384.8,1386.8,1379.4,1383.4,132299
2026-05-12,1383.4,1394.8,1379.2,1391.4,200753
2026-05-13,1393.0,1415.2,1382.8,1414.8,370597
2026-05-14,1414.6,1423.6,1395.6,1397.8,275922
2026-05-15,1398.8,1409.8,1391.0,1395.8,221778
2026-05-18,1399.0,1405.0,1387.8,1399.8,234921
2026-05-19,1400.2,1411.4,1399.4,1409.2,143427
2026-05-20,1408.0,1414.6,1396.2,1402.6,328197
2026-05-21,1402.6,1419.0,1400.8,1418.2,260178
2026-05-22,1415.0,1420.0,1408.2,1415.0,230389
2026-05-25,1415.0,1425.0,1392.6,1396.0,413998
2026-05-26,1404.0,1417.4,1392.2,1402.8,383024
2026-05-27,1404.0,1419.2,1401.4,1416.8,245930
2026-05-28,1416.8,1441.2,1415.4,1430.8,696302
2026-05-29,1430.8,1435.0,1412.4,1423.2,446943
2026-06-01,1425.0,1430.0,1394.0,1407.6,504675
2026-06-02,1407.6,1415.4,1402.2,1412.2,353856
2026-06-03,1412.2,1417.2,1402.4,1403.6,293014
2026-06-04,1403.6,1416.4,1403.6,1408.0,194381
2026-06-05,1409.8,1409.8,1403.4,1406.8,94437
2026-06-08,1410.0,1413.0,1378.4,1385.4,336067
2026-06-09,1387.0,1389.6,1365.8,1377.8,377714
2026-06-10,1377.8,1391.8,1371.8,1383.6,314123
2026-06-11,1387.2,1389.4,1374.0,1380.2,185743
2026-06-12,1380.2,1385.4,1379.0,1381.6,15320
2026-06-15,1383.0,1401.2,1381.2,1398.6,204882
2026-06-16,1400.0,1406.4,1378.4,1386.8,284462
2026-06-17,1389.0,1390.0,1376.2,1379.4,278684
2026-06-18,1377.8,1379.8,1348.0,1356.2,585322
2026-06-19,1356.2,1366.8,1333.6,1342.2,462740
2026-06-22,1341.0,1352.6,1292.8,1306.0,933656
2026-06-23,1301.2,1314.8,1282.2,1311.2,525474
2026-06-24,1312.4,1320.0,1279.4,1290.8,551806
2026-06-25,1291.4,1306.4,1265.0,1274.2,544013
2026-06-26,1274.2,1295.8,1257.4,1293.4,916253
2026-06-29,1300.0,1314.2,1279.0,1310.6,507511
2026-06-30,1310.0,1325.0,1300.0,1317.0,412263
2026-07-01,1317.0,1328.4,1300.6,1301.4,351540
2026-07-02,1307.0,1309.6,1281.2,1285.8,425288
2026-07-03,1290.0,1292.4,1198.6,1233.2,3405502
2026-07-06,1243.0,1245.0,1125.4,1154.6,10984859
2026-07-07,1154.6,1198.2,1125.0,1191.0,3555563
2026-07-08,1195.0,1211.4,1170.2,1198.4,2032380
2026-07-09,1198.4,1255.0,1196.0,1234.8,2196284
2026-07-10,1234.0,1254.0,1175.0,1221.4,1639258
2026-07-13,1244.0,1258.2,1231.6,1238.6,1045293
2026-07-14,1238.6,1248.2,1205.8,1235.0,1193285
2026-07-15,1235.0,1235.0,1200.0,1213.4,914185
2026-07-16,1213.4,1214.0,1141.8,1143.8,1535164
2026-07-17,1136.8,1228.8,1120.2,1185.4,4445789
2026-07-20,1038.2,1063.6,993.6,1056.4,2482935
2026-07-21,1056.4,1072.8,1025.2,1058.6,1744491
2026-07-22,1058.6,1061.8,1032.0,1046.4,1493986
2026-07-23,1046.4,1055.6,1030.8,1039.2,873556
2026-07-24,1039.2,1064.6,1030.2,1056.4,1736070
2026-07-27,1061.0,1096.0,1048.0,1083.4,1482029
2026-07-28,1080.4,1096.0,1065.0,1074.0,737636
2026-07-29,1074.0,1096.0,1074.0,1081.4,1094046
2026-07-30,1085.2,1100.8,1060.2,1063.8,1206072
2026-07-31,1065.0,1072.2,1051.2,1062.2,837670
2026-08-03,1063.8,1084.4,1060.4,1083.8,959583
2026-08-04,1084.2,1106.4,1076.0,1101.0,1477551
2026-08-05,1102.6,1124.0,1098.0,1112.2,1168434
2026-08-06,1115.0,1120.2,1094.4,1106.6,771722
2026-08-07,1108.0,1117.6,1088.2,1094.4,720248
2026-08-10,1108.0,1115.0,1090.0,1105.0,635192
2026-08-11,1109.6,1109.8,1091.8,1098.4,760945
2026-08-12,1100.0,1102.2,1072.0,1073.4,1275975
2026-08-13,1073.4,1076.4,1034.0,1036.0,1321271
2026-08-14,1036.0,1052.8,1015.0,1020.0,1314047
2026-08-17,1022.0,1025.8,998.2,1005.8,1177833
2026-08-18,1006.2,1039.8,1005.8,1037.8,1048131
2026-08-19,1039.0,1044.8,1014.6,1025.4,853089
2026-08-20,1025.4,1039.6,1008.0,1013.4,705461
2026-08-21,1013.4,1020.0,1006.2,1017.0,521474
2026-08-24,1011.0,1029.4,997.2,1014.0,1129083
2026-08-25,1014.0,1049.4,1014.0,1037.6,1003854
2026-08-26,1035.4,1039.6,1015.2,1020.2,625008
2026-08-27,1021.0,1034.0,1014.4,1031.0,596388
2026-08-28,1031.0,1034.8,1017.2,1018.8,693391
