timestamp,open,high,low,close,volume
2015-06-09,410.0000000000001,413.8499999999999,402.5,408.75,69761490000
2015-06-10,408.95,408.95,402.5,402.6,36991190000
2015-06-11,402.0,403.45,399.25,402.0,22678450000
2015-06-15,401.05,404.05,400.0,401.95,67135960000
2015-06-16,400.55,402.5,400.0,400.0,29610830000
2015-06-17,399.95000000000005,401.15,395.59999999999997,400.05,21198120000
2015-06-18,399.80000000000007,400.65000000000003,399.0,399.5,12406710000
2015-06-19,400.0,400.35,399.3,400.09999999999997,26664220000
2015-06-22,399.6,403.9999999999999,393.0,397.5499999999999,64091470000
2015-06-23,396.3,398.55,385.5,391.95,40316340000
2015-06-24,391.5,392.0,382.5,389.5,31285630000
2015-06-25,388.0,395.25,385.55,390.0,25238490000
2015-06-26,388.99999999999994,393.75,384.99999999999994,390.0,12403190000
2015-06-29,384.25,392.25000000000006,384.25,390.59999999999997,9144520000
2015-06-30,390.05000000000007,395.9,385.24999999999994,395.0,27127490000
2015-07-01,393.85,397.15,385.95,385.95,22295650000
2015-07-02,386.70000000000005,390.6500000000001,383.55,387.3,24025770000
2015-07-03,383.8500000000001,384.34999999999997,379.20000000000005,379.20000000000005,16196430000
2015-07-06,375.5,380.8,370.0,372.5,21188050000
2015-07-07,371.0,376.59999999999997,370.0,373.0,16893800000
2015-07-08,373.5,376.35,366.55,366.59999999999997,18881050000
2015-07-09,369.40000000000003,370.7,365.0,365.05,10950740000
2015-07-10,367.75,378.85,362.84999999999997,376.0,19892830000
2015-07-13,375.5,378.4,371.4,372.75,12568270000
2015-07-14,372.75,383.55,370.5,374.75,22914200000
2015-07-15,374.95,378.59999999999997,371.4,374.5,17676670000
2015-07-16,371.5,375.0,370.6,371.2,9378220000
2015-07-17,371.0,373.45000000000005,370.0,370.05,7404920000
2015-07-20,370.9,371.7,362.45,364.2,12334220000
2015-07-21,365.15,367.5,363.65000000000003,366.25,10495120000
2015-07-22,364.59999999999997,366.5,362.84999999999997,366.15000000000003,8797230000
2015-07-23,366.05,368.4,363.4,363.75,7253000000
2015-07-24,364.4,367.34999999999997,359.29999999999995,359.5,16344770000
2015-07-27,360.05,361.79999999999995,354.45,361.5,11498900000
2015-07-28,360.54999999999995,363.75,359.25,361.25,12659260000
2015-07-29,360.9,365.0,358.65000000000003,361.45,16751920000
2015-07-30,360.75000000000006,362.35,358.04999999999995,359.79999999999995,18972140000
2015-07-31,359.2,363.25000000000006,358.45000000000005,360.0,19921010000
2015-08-03,358.0,362.00000000000006,357.0,360.0,15573200000
2015-08-04,359.95,361.59999999999997,353.5,354.99999999999994,26252840000
2015-08-05,353.54999999999995,357.45,353.54999999999995,354.99999999999994,24783990000
2015-08-06,355.15,356.24999999999994,350.6,352.65,11913330000
2015-08-07,354.35,357.84999999999997,353.2,354.05,6695040000
2015-08-10,353.54999999999995,356.55,350.8,352.2,9396910000
2015-08-11,353.7,353.7,350.20000000000005,352.49999999999994,10761710000
2015-08-12,351.75,357.45,350.00000000000006,351.2,16382610000
2015-08-13,352.49999999999994,353.5,351.5,352.70000000000005,12026920000
2015-08-14,352.65,354.15000000000003,352.05,352.09999999999997,8769080000
2015-08-17,352.15000000000003,352.4,348.54999999999995,351.75,14702280000
2015-08-18,350.5,351.15,348.25,348.3,10306390000
2015-08-19,348.0,350.55,345.00000000000006,346.65000000000003,9164130000
2015-08-20,346.5,349.05,344.45000000000005,347.0,11937920000
2015-08-21,345.05,346.75,342.75,343.5,11144570000
2015-08-24,339.0,343.40000000000003,325.99999999999994,332.59999999999997,22559930000
2015-08-25,332.75,351.95,332.75,350.00000000000006,18951950000
2015-08-26,350.00000000000006,354.90000000000003,346.55,349.0,17547780000
2015-08-27,350.75,354.79999999999995,347.75,349.25,19389950000
2015-08-28,350.05,351.25000000000006,347.95,348.25,11466830000
2015-08-31,348.5,350.55,342.55,345.00000000000006,8058030000
2015-09-01,345.00000000000006,346.6,333.00000000000006,336.40000000000003,28966200000
2015-09-02,335.0,338.6,330.50000000000006,334.75,11869100000
2015-09-03,336.0,339.55,332.95,339.24999999999994,9161320000
2015-09-04,337.59999999999997,344.1,335.50000000000006,337.5,12932770000
2015-09-07,336.5,343.5,335.50000000000006,341.5,7301730000
2015-09-08,342.09999999999997,354.4,342.09999999999997,348.8,19378470000
2015-09-09,353.25,353.25,345.90000000000003,345.90000000000003,12014600000
2015-09-10,344.45000000000005,345.7,341.6,345.5,10197610000
2015-09-11,345.7,350.00000000000006,345.00000000000006,348.5,9849860000
2015-09-14,348.40000000000003,350.00000000000006,347.45,349.45,8715740000
2015-09-15,348.8,349.9,345.15,348.45,10663690000
2015-09-16,349.5,349.79999999999995,341.3,343.0,23160600000
2015-09-17,343.6,349.35,341.2,346.45000000000005,6852990000
2015-09-18,350.00000000000006,351.5,337.75,339.9,19826530000
2015-09-21,344.2,344.55,340.49999999999994,341.0,4693210000
2015-09-22,341.34999999999997,342.25,333.5,336.34999999999997,10070370000
2015-09-23,335.65,338.25,331.3,335.05,12621780000
2015-09-24,334.59999999999997,342.5,329.04999999999995,336.65,26764240000
2015-09-25,339.95,345.7,333.6,337.35,14891980000
2015-09-28,336.5,337.25,331.0,334.75,7965910000
2015-09-29,333.09999999999997,335.6,331.25,334.75,9818220000
2015-09-30,334.85,342.2,334.59999999999997,338.5,11236950000
2015-10-01,341.0,341.0,335.8,338.34999999999997,4407730000
2015-10-02,338.34999999999997,339.7,332.65000000000003,335.0,6385690000
2015-10-05,336.74999999999994,342.5,335.0,340.49999999999994,17726240000
2015-10-06,341.5,346.6,340.15,346.6,11227780000
2015-10-07,346.75,358.85,341.15,357.0,35043990000
2015-10-08,355.95,371.65,352.49999999999994,370.0,35266570000
2015-10-09,371.55,381.0,367.25,380.0,28294880000
2015-10-12,381.2,394.25,377.9,390.5,38658440000
2015-10-13,389.1,389.1,379.8,386.75,16623270000
2015-10-14,384.45,387.74999999999994,380.75,385.4,10014540000
2015-10-15,385.8,395.0,385.8,387.5,15885520000
2015-10-16,387.5,393.15000000000003,375.54999999999995,377.0,14220660000
2015-10-19,375.5,380.34999999999997,370.2,376.45,17127000000
2015-10-20,377.34999999999997,379.75,373.59999999999997,377.54999999999995,17824060000
2015-10-21,377.0,377.9,369.09999999999997,374.70000000000005,12218570000
2015-10-22,374.70000000000005,386.84999999999997,372.15,372.55,23462480000
2015-10-23,373.75,379.3,370.5,373.75,16029490000
2015-10-26,375.0,376.50000000000006,354.3,361.5,23602000000
2015-10-27,359.59999999999997,367.5,353.05,367.5,14346090000
2015-10-28,367.5,372.95000000000005,357.65,358.95000000000005,17824040000
2015-10-29,358.95000000000005,362.90000000000003,349.09999999999997,359.79999999999995,17419380000
2015-10-30,359.05,364.45,357.0,361.75,12760610000
2015-11-02,360.34999999999997,365.0,358.0,362.5,8186730000
2015-11-03,364.65,369.8,360.0,369.8,21772840000
2015-11-05,367.5,384.84999999999997,367.5,380.75,19717000000
2015-11-06,382.5,387.1,374.5,379.25,15864750000
2015-11-09,378.4,381.29999999999995,376.0,380.0,6874410000
2015-11-10,379.75,380.5,373.35,378.79999999999995,11565320000
2015-11-11,378.75,381.0,376.2,380.0,8561190000
2015-11-12,378.35,380.5,377.1,377.1,5998000000
2015-11-13,375.9,379.00000000000006,370.15,379.00000000000006,15971730000
2015-11-16,378.0,380.7,377.75000000000006,379.40000000000003,8563020000
2015-11-17,380.15,394.3,375.8,379.75,33335800000
2015-11-18,381.94999999999993,388.3999999999999,379.7,380.5,20393910000
2015-11-19,386.45,386.49999999999994,374.29999999999995,381.0,15603420000
2015-11-20,380.0,384.75,376.59999999999997,380.04999999999995,10671840000
2015-11-23,380.95,384.75,375.7,381.5000000000001,8975110000
2015-11-24,381.35,383.8500000000001,358.54999999999995,364.15000000000003,28413060000
2015-11-25,365.5,373.59999999999997,362.05,372.5,10194990000
2015-11-26,371.05,380.0,371.0,380.0,11893000000
2015-11-27,379.5,380.5,363.55,363.55,13102700000
2015-11-30,363.0,367.75,353.3,354.99999999999994,17901100000
2015-12-01,357.84999999999997,367.15,356.2,366.4,12426180000
2015-12-02,367.5,369.95,357.45,361.25,9326310000
2015-12-03,359.4,362.75,356.9,358.5,6219610000
2015-12-04,359.29999999999995,366.65000000000003,357.0,361.5,15648630000
2015-12-07,360.0,363.55,359.0,362.35,9246970000
2015-12-08,361.25,364.09999999999997,360.45,362.25,9832740000
2015-12-09,362.90000000000003,380.0,361.75,375.25,25003200000
2015-12-10,375.15,384.25,373.7,378.75,17256640000
2015-12-11,377.05,383.5,377.05,378.5,11613310000
2015-12-14,376.05,379.75,374.75,378.75,19785320000
2015-12-15,379.5,381.94999999999993,376.50000000000006,381.2,20950450000
2015-12-16,381.0,390.0,379.65,387.5,13778740000
2015-12-17,388.55,399.5,388.55,393.85,21865770000
2015-12-18,393.50000000000006,394.05000000000007,376.0,376.0,16468940000
2015-12-21,377.6,383.9,377.6,381.70000000000005,9035640000
2015-12-22,381.55,391.44999999999993,380.8,387.1,7065610000
2015-12-23,385.3499999999999,396.20000000000005,385.3499999999999,393.2,9236430000
2015-12-24,394.1499999999999,394.8499999999999,383.6000000000001,385.04999999999995,6010750000
2015-12-25,386.49999999999994,389.45,380.1,385.5,7049830000
2015-12-28,384.99999999999994,387.2,380.0,380.0,5985120000
2015-12-29,380.1,392.34999999999997,378.15000000000003,391.0000000000001,18485760000
2015-12-30,391.75,399.3,386.8,398.49999999999994,76858480000
2016-01-04,397.5499999999999,397.5499999999999,385.1,385.95,7231010000
2016-01-05,383.99999999999994,390.95,375.0,376.59999999999997,12518090000
2016-01-06,377.5,377.5,370.0,375.85,10884300000
2016-01-11,369.0,369.49999999999994,360.0,361.25,11191900000
2016-01-12,358.15,372.15,353.05,368.1,20079840000
2016-01-13,371.25,373.24999999999994,360.5,361.25,16353010000
2016-01-14,354.99999999999994,365.0,354.99999999999994,359.29999999999995,20367000000
2016-01-15,356.95,360.75000000000006,345.00000000000006,347.50000000000006,35405950000
2016-01-18,346.85,349.85,338.95,347.0,22298920000
2016-01-19,352.25,356.0,341.1,347.0,28615910000
2016-01-20,342.0,343.9,331.7,337.5,32411150000
2016-01-21,337.45,341.45000000000005,330.25,337.45,28838630000
2016-01-22,341.0,351.8,330.70000000000005,348.0,43884860000
2016-01-25,352.75,353.0,339.0,342.25,19654040000
2016-01-26,338.75,341.25,335.0,338.3,11883740000
2016-01-27,339.04999999999995,344.4,338.15,343.34999999999997,13366390000
2016-01-28,343.75,358.2,340.45,358.0,31405350000
2016-01-29,359.29999999999995,368.5,356.35,368.5,27124140000
2016-02-01,367.00000000000006,374.25,362.55,367.5,15351700000
2016-02-02,364.15000000000003,368.5,350.65,353.7,15691470000
2016-02-03,350.65,358.7,347.55,347.59999999999997,16421380000
2016-02-04,354.75,362.3,352.6,359.95,18128180000
2016-02-05,358.9,362.20000000000005,354.5,355.75,11155090000
2016-02-08,356.35,357.75,347.59999999999997,348.75000000000006,11128100000
2016-02-09,348.6,354.79999999999995,341.65000000000003,342.29999999999995,18857840000
2016-02-10,343.54999999999995,349.65000000000003,339.1,347.0,12403710000
2016-02-11,344.75,345.90000000000003,332.7,339.7,21985150000
2016-02-12,341.7,347.4,340.84999999999997,346.5,10205840000
2016-02-15,352.0,355.55,349.25,353.0,11776960000
2016-02-16,356.0,358.5,350.15,352.29999999999995,13144250000
2016-02-17,350.75,358.5,348.65,356.59999999999997,13312790000
2016-02-18,358.54999999999995,369.49999999999994,357.84999999999997,367.75,22172290000
2016-02-19,362.90000000000003,366.25,359.5,363.5,13279170000
2016-02-22,361.75,368.9,361.1,366.5,5090520000
2016-02-24,362.84999999999997,364.70000000000005,354.09999999999997,358.75,13215790000
2016-02-25,359.90000000000003,363.5,354.25,357.20000000000005,13379170000
2016-02-26,361.04999999999995,364.05,358.5,359.90000000000003,12319030000
2016-02-29,357.65,367.00000000000006,356.3,367.00000000000006,12467430000
2016-03-01,367.40000000000003,374.0,360.5,361.0,19052620000
2016-03-02,365.0,365.45,360.40000000000003,362.5,9367000000
2016-03-03,364.50000000000006,369.0,361.1,366.5,12495610000
2016-03-04,367.65,372.5,364.55,372.5,10536660000
2016-03-07,372.9,385.5,372.9,385.5,13267920000
2016-03-09,380.7,383.0,375.75,378.15000000000003,10806380000
2016-03-10,380.4,383.3,372.25,380.9,14376380000
2016-03-11,382.45,383.9,378.0,382.5,12852240000
2016-03-14,384.9000000000001,384.9000000000001,372.5,374.40000000000003,9717360000
2016-03-15,375.5,377.6,369.70000000000005,372.8,23488600000
2016-03-16,373.65000000000003,379.5,370.85,379.5,7972350000
2016-03-17,381.70000000000005,389.5,380.59999999999997,385.95,19478380000
2016-03-18,385.15000000000003,392.7,382.7,387.8,18796920000
2016-03-21,386.25,386.25,374.0,376.50000000000006,14182170000
2016-03-22,376.75,379.75,363.3,367.3,18122800000
2016-03-23,367.5,372.25,364.25,368.24999999999994,11532840000
2016-03-24,366.5,371.05,365.40000000000003,370.0,10025360000
2016-03-25,372.5,373.5,367.95,368.35,4642210000
2016-03-28,370.0,370.95000000000005,359.59999999999997,362.7,10411020000
2016-03-29,362.3,365.0,358.34999999999997,365.0,11196160000
2016-03-30,368.0,373.5,366.55,373.5,12301670000
2016-03-31,370.54999999999995,387.74999999999994,370.34999999999997,383.4,29117200000
2016-04-01,381.94999999999993,382.29999999999995,367.6,372.5,17667680000
2016-04-04,370.0,382.15,369.2,377.75000000000006,12234390000
2016-04-05,374.75,377.45,369.15000000000003,369.90000000000003,8619600000
2016-04-06,372.25,373.35,365.34999999999997,369.49999999999994,9811910000
2016-04-07,372.34999999999997,374.75,367.5,371.85,8155770000
2016-04-08,372.05,379.95,370.54999999999995,373.24999999999994,13385940000
2016-04-11,374.70000000000005,384.75,373.0,384.7,13832570000
2016-04-12,383.55,387.5,375.25,375.5,13824920000
2016-04-13,376.65,387.00000000000006,376.65,383.99999999999994,15613800000
2016-04-14,383.3,386.55,366.0,374.25,29282320000
2016-04-15,374.45,378.85,368.35,376.35,25356630000
2016-04-18,369.0,372.34999999999997,360.40000000000003,367.5,22144150000
2016-04-19,368.0,373.45000000000005,363.3,367.00000000000006,28089000000
2016-04-20,366.0,367.5,360.84999999999997,367.05,16940490000
2016-04-21,370.0,371.15000000000003,356.55,358.2,22926570000
2016-04-22,358.7,363.25000000000006,353.6,360.0,19645210000
2016-04-25,359.5,361.85,354.65000000000003,357.70000000000005,14582640000
2016-04-26,357.05,359.5,347.59999999999997,351.0,15414770000
2016-04-27,354.4,358.65000000000003,350.15,354.35,14069050000
2016-04-28,353.74999999999994,357.25,350.95,357.25,10482500000
2016-04-29,356.24999999999994,359.0,349.05,350.25,19401260000
2016-05-04,347.0,350.5,338.15,350.5,36691660000
2016-05-05,350.84999999999997,351.0,344.1,351.0,19047360000
2016-05-06,348.75000000000006,349.45,342.55,345.00000000000006,13440250000
2016-05-10,342.75,346.7,340.25,342.5,16551040000
2016-05-11,342.70000000000005,349.09999999999997,341.85,347.50000000000006,21192590000
2016-05-12,349.0,352.29999999999995,341.74999999999994,345.00000000000006,14883520000
2016-05-13,344.4,346.04999999999995,340.25,344.0,11790340000
2016-05-16,347.2,350.6,345.05,347.95,13883110000
2016-05-17,348.54999999999995,349.95,340.49999999999994,344.5,17206350000
2016-05-18,343.0,345.7,341.8,345.00000000000006,6247600000
2016-05-19,343.0,343.7,340.75,340.8,9556220000
2016-05-20,343.0,343.20000000000005,335.8,342.5,14333890000
2016-05-23,341.0,342.5,337.99999999999994,342.5,7498180000
2016-05-24,341.7,345.00000000000006,339.4,345.00000000000006,9038980000
2016-05-25,346.45000000000005,351.3,346.0,349.5,15618200000
2016-05-26,351.75,353.74999999999994,345.25,350.00000000000006,17727290000
2016-05-27,348.05,349.5,345.45,346.1,8078420000
2016-05-30,347.09999999999997,351.0,345.5,349.35,6422350000
2016-05-31,348.1,351.5,338.90000000000003,342.0,15254310000
2016-06-01,342.4,344.1,339.7,341.6,12643310000
2016-06-02,342.70000000000005,343.0,338.84999999999997,339.59999999999997,8139940000
2016-06-03,340.25,344.4,339.59999999999997,342.0,11244810000
2016-06-06,341.0,349.5,340.40000000000003,347.50000000000006,9262710000
2016-06-07,346.6,354.3,346.0,351.5,14724000000
2016-06-08,352.84999999999997,360.5,348.15,360.0,17454930000
2016-06-09,360.25,367.95,360.25,365.0,27795360000
2016-06-10,363.0,365.5,357.70000000000005,364.0,24280030000
2016-06-14,361.3,363.6,352.49999999999994,354.99999999999994,27502360000
2016-06-15,354.0,358.75,350.25,350.65,19090140000
2016-06-16,347.65,349.95,338.8,346.0,17531950000
2016-06-17,347.85,353.5,341.74999999999994,345.00000000000006,13221440000
2016-06-20,348.1,351.9,346.3,349.95,5862910000
2016-06-21,348.1,352.25,345.5,350.90000000000003,6169200000
2016-06-22,350.90000000000003,352.15000000000003,344.0,345.00000000000006,9008420000
2016-06-23,346.75,348.7,341.7,347.50000000000006,5576950000
2016-06-24,342.29999999999995,343.9,332.5,343.9,16277460000
2016-06-27,342.70000000000005,343.8,335.0,335.0,8714060000
2016-06-28,337.3,338.7,332.75,338.15,10351090000
2016-06-29,338.90000000000003,343.5,337.75,343.5,7503450000
2016-06-30,344.0,345.00000000000006,336.54999999999995,340.0,10219700000
2016-07-01,336.74999999999994,340.25,335.50000000000006,336.74999999999994,6822230000
2016-07-04,338.5,339.4,334.5,336.95000000000005,4495900000
2016-07-05,336.1,336.9,333.5,335.05,3592640000
2016-07-06,333.8,337.0,332.7,336.15,5455290000
2016-07-07,337.5,346.85,336.95000000000005,340.25,15043010000
2016-07-08,337.65000000000003,342.5,337.55,340.95,7153310000
2016-07-11,342.5,347.35,339.75,344.45000000000005,6744880000
2016-07-12,345.25,349.7,344.04999999999995,345.25,8533980000
2016-07-13,345.29999999999995,346.8,337.4,337.5,12096590000
2016-07-14,339.5,342.45,338.20000000000005,342.45,6719040000
2016-07-15,341.5,342.85,337.99999999999994,341.6,6859530000
2016-07-18,341.15,344.1,339.3,343.75,7172220000
2016-07-19,342.65,342.65,334.0,337.99999999999994,18747100000
2016-07-20,335.55,338.34999999999997,333.05,334.5,7332540000
2016-07-21,336.15,338.15,334.45000000000005,337.95,4011850000
2016-07-22,336.95000000000005,339.35,335.55,335.55,3578750000
2016-07-25,337.2,341.0,336.0,339.7,5470820000
2016-07-26,339.4,341.0,335.6,338.55,4664200000
2016-07-27,339.8,342.70000000000005,338.75,342.5,5148180000
2016-07-28,342.90000000000003,342.90000000000003,339.35,340.90000000000003,5047560000
2016-07-29,341.25,341.9,336.6,337.05,8039010000
2016-08-01,339.65000000000003,341.05,332.75,334.59999999999997,6046190000
2016-08-02,334.8,336.95000000000005,332.0,335.95,8817570000
2016-08-03,335.95,336.54999999999995,333.00000000000006,335.8,3996450000
2016-08-04,336.65,343.0,335.25,342.0,11255140000
2016-08-05,342.75,344.75,335.50000000000006,338.1,12719750000
2016-08-08,339.24999999999994,341.85,336.5,340.25,4586590000
2016-08-09,340.0,340.90000000000003,336.54999999999995,338.25,4294830000
2016-08-10,339.65000000000003,340.75,336.05,338.5,5912350000
2016-08-11,337.5,339.1,333.84999999999997,338.84999999999997,7556160000
2016-08-12,339.5,341.1,338.20000000000005,340.0,6885800000
2016-08-15,340.95,341.5,333.00000000000006,337.0,26996100000
2016-08-16,337.09999999999997,339.35,331.1,333.00000000000006,27594630000
2016-08-17,334.15,335.0,330.59999999999997,335.0,10817660000
2016-08-18,335.0,335.90000000000003,332.5,335.0,6230970000
2016-08-19,334.4,335.84999999999997,331.0,335.0,15355760000
2016-08-22,333.65,335.0,332.1,335.0,7019130000
2016-08-23,334.0,337.79999999999995,333.00000000000006,337.45,6652130000
2016-08-24,336.5,336.9,333.25,336.0,3914960000
2016-08-25,336.0,337.99999999999994,333.75,337.5,6055410000
2016-08-26,336.15,337.95,333.15,335.50000000000006,10492380000
2016-08-29,333.6,336.9,333.34999999999997,336.9,4793900000
2016-08-30,337.0,341.85,335.35,341.0,14675820000
2016-08-31,340.0,343.45,340.0,342.45,12788480000
2016-09-01,341.5,352.25,340.6,351.0,16996160000
2016-09-02,352.35,370.95000000000005,350.7,368.75,60588340000
2016-09-05,370.15,374.35,363.75,369.49999999999994,21329770000
2016-09-06,370.05,371.90000000000003,364.59999999999997,371.25,18538280000
2016-09-07,372.65,378.95,371.3,377.25,23175350000
2016-09-08,378.65000000000003,383.8500000000001,376.15000000000003,381.90000000000003,15968890000
2016-09-09,379.15,383.75,374.0,383.75,20193170000
2016-09-12,380.3,383.95000000000005,371.45,375.0,27618320000
2016-09-13,375.9,377.95000000000005,372.5,372.75,11599180000
2016-09-14,372.75,374.0,370.54999999999995,372.5,12231660000
2016-09-15,372.5,373.5,350.05,373.0,13258500000
2016-09-16,373.0,378.0,372.5,375.0,16980520000
2016-09-19,375.0,377.3,371.99999999999994,372.5,8563690000
2016-09-20,371.0,372.5,364.50000000000006,372.5,11568480000
2016-09-21,373.85,375.15,370.9,373.55,8381490000
2016-09-22,375.3,379.25,371.59999999999997,379.25,10977750000
2016-09-23,377.6,379.25,375.6,376.45,8480360000
2016-09-26,374.20000000000005,376.50000000000006,371.25,374.0,11551600000
2016-09-27,375.3,375.7,365.0,365.0,12918220000
2016-09-28,364.50000000000006,367.25,362.75,363.6,8590970000
2016-09-29,367.00000000000006,369.40000000000003,366.45,366.5,7085310000
2016-09-30,364.15000000000003,366.15000000000003,357.0,360.5,13632500000
2016-10-03,360.5,360.7,354.0,359.15000000000003,8737310000
2016-10-04,359.70000000000005,359.95,357.25,357.25,4239070000
2016-10-05,357.40000000000003,357.40000000000003,350.00000000000006,350.5,9378380000
2016-10-06,350.00000000000006,352.15000000000003,349.0,350.75,4221470000
2016-10-07,350.75,354.99999999999994,347.95,350.90000000000003,7181160000
2016-10-10,351.55,353.95000000000005,345.40000000000003,353.8,15868890000
2016-10-11,353.25,354.65000000000003,347.75,351.0,11452800000
2016-10-12,350.5,352.90000000000003,343.75,345.5,9572790000
2016-10-13,342.65,345.8,339.8,343.45,7803130000
2016-10-14,342.79999999999995,343.0,337.75,339.0,5749800000
2016-10-17,340.0,340.90000000000003,337.0,337.79999999999995,6552730000
2016-10-18,339.7,341.54999999999995,338.25,340.25,4656060000
2016-10-19,340.6,344.55,339.65000000000003,343.5,4787690000
2016-10-20,344.0,344.45000000000005,335.75,335.75,9959290000
2016-10-21,336.0,338.20000000000005,334.15,337.65000000000003,3758730000
2016-10-24,336.7,344.35,336.7,343.95000000000005,7423840000
2016-10-25,344.3,349.75,339.59999999999997,346.25000000000006,11808110000
2016-10-26,345.6,349.35,342.55,345.75,7546880000
2016-10-27,345.75,347.45,340.05,340.05,6398390000
2016-10-28,340.90000000000003,343.25,338.75,341.1,5826070000
2016-10-31,340.84999999999997,341.15,338.25,338.75,6558420000
2016-11-01,340.0,345.35,340.0,343.84999999999997,6096440000
2016-11-02,341.5,343.3,337.5,337.5,5542910000
2016-11-03,337.99999999999994,339.24999999999994,335.75,337.7,5072000000
2016-11-07,339.95,341.95000000000005,337.65000000000003,337.65000000000003,6622430000
2016-11-08,338.84999999999997,340.95,337.85,339.85,4218020000
2016-11-09,335.0,348.65,334.95,346.0,21798850000
2016-11-10,346.55,351.45000000000005,343.84999999999997,343.84999999999997,22167390000
2016-11-11,344.5,345.40000000000003,340.90000000000003,341.05,8100080000
2016-11-14,343.95000000000005,349.85,339.95,339.95,15078970000
2016-11-15,341.6,344.5,339.15000000000003,340.2,11539240000
2016-11-16,341.5,344.95,339.1,340.75,14014010000
2016-11-17,340.75,342.2,339.15000000000003,340.09999999999997,6555230000
2016-11-18,340.0,341.1,338.65,338.75,3582870000
2016-11-21,341.45000000000005,343.45,340.2,342.5,9888790000
2016-11-22,344.0,349.5,339.5,341.05,30748440000
2016-11-23,342.95,344.25,341.85,343.75,4889660000
2016-11-24,344.25,344.75,339.0,341.5,15844640000
2016-11-25,341.54999999999995,344.25,340.45,342.5,4058150000
2016-11-28,342.79999999999995,346.25000000000006,341.3,343.75,7699690000
2016-11-29,341.5,345.55,341.1,343.8,5435490000
2016-11-30,345.00000000000006,347.25,340.49999999999994,347.0,25645060000
2016-12-01,348.40000000000003,348.40000000000003,341.0,341.54999999999995,25965620000
2016-12-02,342.45,345.95,339.2,341.74999999999994,26579640000
2016-12-05,343.0,345.90000000000003,341.8,343.3,9475540000
2016-12-06,344.0,345.40000000000003,339.0,340.0,37006410000
2016-12-07,340.25,342.79999999999995,340.25,340.75,7801290000
2016-12-08,342.2,351.5,339.5,345.00000000000006,40884660000
2016-12-09,347.50000000000006,376.25,346.04999999999995,376.15000000000003,66912850000
2016-12-12,379.45,381.5000000000001,365.75000000000006,367.00000000000006,46663570000
2016-12-13,368.0,372.25,361.1,368.0,24904550000
2016-12-14,368.0,371.75,357.6,361.4,22191490000
2016-12-15,358.0,364.4,354.0,361.5,36901740000
2016-12-16,362.75,374.75,357.55,368.5,38966070000
2016-12-19,368.7,373.9,361.45,362.75,18714580000
2016-12-20,362.75,366.09999999999997,359.5,362.95,9804820000
2016-12-21,363.5,365.95000000000005,357.84999999999997,358.75,10854540000
2016-12-22,359.29999999999995,359.45,355.5,357.49999999999994,8861690000
2016-12-23,357.55,364.45,355.75,360.20000000000005,10704010000
2016-12-26,361.45,362.35,356.5,356.5,3983900000
2016-12-27,357.49999999999994,364.2,357.0,363.9,7278160000
2016-12-28,363.95,368.5,362.5,365.1,12582340000
2016-12-29,364.50000000000006,371.2,364.25,369.95,30272290000
2016-12-30,369.95,375.0,364.50000000000006,370.0,55746330000
2017-01-03,369.0,372.5,366.3,370.05,17909210000
2017-01-04,369.90000000000003,371.65,363.75,365.75000000000006,13480260000
2017-01-05,366.3,366.59999999999997,355.25,357.45,14362700000
2017-01-06,357.75,357.75,354.0,354.85,11619480000
2017-01-09,356.7,359.35,351.65000000000003,352.90000000000003,8232030000
2017-01-10,353.95000000000005,357.0,352.0,356.24999999999994,17928930000
2017-01-11,355.3,358.75,349.59999999999997,351.04999999999995,17917390000
2017-01-12,352.35,352.35,346.55,347.75,11410060000
2017-01-13,348.5,349.75,342.05,346.25000000000006,16567840000
2017-01-16,346.5,351.35,344.5,347.05,7946350000
2017-01-17,347.8,349.45,345.5,346.04999999999995,6149710000
2017-01-18,348.5,348.7,341.85,343.05,22285370000
2017-01-19,343.1,344.95,342.0,343.45,12391080000
2017-01-20,343.25,344.55,340.29999999999995,342.15000000000003,8085880000
2017-01-23,343.5,343.5,339.24999999999994,343.40000000000003,7105970000
2017-01-24,343.40000000000003,346.5,341.8,342.5,12882230000
2017-01-25,343.25,346.0,341.34999999999997,342.5,12128170000
2017-01-26,343.5,349.75,343.1,345.45,28668990000
2017-01-27,346.85,350.75,344.25,348.5,28131940000
2017-01-30,349.25,353.74999999999994,346.75,347.0,14944670000
2017-01-31,346.5,348.5,342.55,344.85,9945400000
2017-02-01,344.95,347.45,344.1,347.35,6809580000
2017-02-02,347.4,348.0,343.40000000000003,345.45,7276010000
2017-02-03,345.20000000000005,346.75,344.25,346.45000000000005,7746180000
2017-02-06,348.0,348.0,342.15000000000003,343.40000000000003,6651240000
2017-02-07,343.8,344.75,342.2,343.95000000000005,4174260000
2017-02-08,343.9,344.59999999999997,341.5,343.5,5290270000
2017-02-09,344.0,344.59999999999997,340.09999999999997,343.5,5845030000
2017-02-10,343.5,344.35,341.3,342.15000000000003,3687080000
2017-02-13,342.5,344.3,338.25,340.8,9530000000
2017-02-14,338.6,341.25,336.1,339.4,7010050000
2017-02-15,338.55,344.25,336.0,338.84999999999997,9112850000
2017-02-16,340.0,340.90000000000003,337.95,339.95,4327210000
2017-02-17,341.25,341.25,337.75,339.65000000000003,11266740000
2017-02-20,341.0,341.95000000000005,339.24999999999994,339.95,4262040000
2017-02-21,340.35,341.0,336.8,339.59999999999997,4574330000
2017-02-22,339.65000000000003,339.65000000000003,334.75,337.09999999999997,7039020000
2017-02-24,337.2,337.2,333.75,335.75,3717480000
2017-02-27,335.75,336.0,330.55,333.75,15737820000
2017-02-28,332.75,334.85,327.5,330.4,12859530000
2017-03-01,330.50000000000006,336.25,330.45,336.25,9005080000
2017-03-02,335.55,337.35,328.6,330.0,11014830000
2017-03-03,329.75,330.0,322.5,330.0,16182170000
2017-03-06,329.8,331.45,326.55,330.0,8208400000
2017-03-07,329.5,330.0,323.8,330.0,18445620000
2017-03-09,326.8,332.0,317.5,323.0,50222500000
2017-03-10,322.55,328.5,320.79999999999995,325.25,25375650000
2017-03-13,325.25,328.0,321.34999999999997,326.3,9468550000
2017-03-14,326.25,327.75,324.1,325.3,7754020000
2017-03-15,325.99999999999994,328.84999999999997,325.15000000000003,325.70000000000005,6355710000
2017-03-16,328.84999999999997,330.15000000000003,322.75,327.5,17124260000
2017-03-17,325.15000000000003,331.5,325.15000000000003,331.25,12914840000
2017-03-20,331.25,336.45,330.25,336.0,14628740000
2017-03-21,336.5,338.3,331.3,334.0,8736960000
2017-03-22,331.45,334.9,327.85,334.85,8311870000
2017-03-23,334.85,336.5,330.55,333.90000000000003,4701700000
2017-03-24,332.75,333.90000000000003,328.90000000000003,332.0,6340360000
2017-03-27,330.0,330.95,324.25,327.5,7695330000
2017-03-28,326.25,329.45000000000005,325.59999999999997,327.59999999999997,6142970000
2017-03-29,328.15,331.0,327.0,330.95,4191450000
2017-03-30,330.55,335.0,329.4,334.0,6066040000
2017-03-31,334.59999999999997,335.65,329.1,331.25,7523340000
2017-04-03,331.25,334.3,327.9,334.3,8159240000
2017-04-04,333.3,336.05,331.40000000000003,335.50000000000006,7304090000
2017-04-05,336.7,339.2,334.3,334.5,7944190000
2017-04-06,333.95,334.25000000000006,329.75,330.75,8609070000
2017-04-07,328.95,330.70000000000005,326.25,327.95,10666100000
2017-04-10,326.1,327.5,317.8,323.65,15328230000
2017-04-11,322.45000000000005,325.0,319.0,324.5,25615500000
2017-04-12,325.90000000000003,325.90000000000003,316.5,320.5,9804850000
2017-04-13,319.9,321.95,314.34999999999997,320.0,16464840000
2017-04-14,317.8,320.5,314.6,320.45,5410690000
2017-04-17,318.8,321.6,316.84999999999997,320.99999999999994,3221780000
2017-04-18,322.2,322.2,316.25,320.0,7026550000
2017-04-19,319.7,320.0,317.5,320.0,7640070000
2017-04-20,318.55,322.0,316.75,322.0,11816430000
2017-04-21,322.5,329.4,320.75,325.0,10817490000
2017-04-24,328.05,328.5,325.0,325.75,6207350000
2017-04-25,325.75,335.50000000000006,325.09999999999997,330.59999999999997,13070070000
2017-04-26,332.25,342.5,330.50000000000006,342.15000000000003,14617870000
2017-04-27,341.25,343.0,333.20000000000005,333.55,9738740000
2017-04-28,335.15000000000003,338.75,331.54999999999995,333.55,8447070000
2017-05-02,334.59999999999997,338.84999999999997,333.6,336.85,5987720000
2017-05-03,335.90000000000003,340.49999999999994,330.4,337.5,9055010000
2017-05-04,337.99999999999994,342.15000000000003,335.0,335.50000000000006,9315320000
2017-05-05,332.0,332.05,326.95000000000005,328.65,13381820000
2017-05-10,329.85,334.5,327.59999999999997,334.5,6833000000
2017-05-11,333.84999999999997,335.29999999999995,329.3,329.45000000000005,5146280000
2017-05-12,330.2,330.70000000000005,327.24999999999994,328.35,3725700000
2017-05-15,328.15,337.4,328.15,333.00000000000006,5944780000
2017-05-16,333.00000000000006,342.35,331.34999999999997,335.0,20243180000
2017-05-17,334.0,335.0,330.50000000000006,333.00000000000006,8448870000
2017-05-18,330.25,333.5,325.85,327.7,11375580000
2017-05-19,328.25,337.25,327.0,331.95000000000005,14226890000
2017-05-22,334.59999999999997,334.59999999999997,328.25,328.25,7489710000
2017-05-23,327.55,336.2,327.55,336.05,6670920000
2017-05-24,336.05,340.6,333.05,335.09999999999997,16327270000
2017-05-25,335.25,337.25,332.4,334.7,4224390000
2017-05-26,335.0,335.0,329.34999999999997,331.84999999999997,6080640000
2017-05-29,332.0,332.5,328.84999999999997,330.0,1844710000
2017-05-30,329.9,330.75,326.75,329.7,4225710000
2017-05-31,328.65,333.45,325.4,330.75,7957730000
2017-06-01,329.45000000000005,333.34999999999997,321.15,323.65,9321710000
2017-06-02,324.45,325.99999999999994,317.85,325.99999999999994,10719890000
2017-06-05,326.05,328.40000000000003,322.5,325.25,5692130000
2017-06-06,324.05,325.85,321.65,321.75,3225560000
2017-06-07,321.75,323.49999999999994,320.55,320.55,5522070000
2017-06-08,321.5,324.65000000000003,320.0,322.5,8020970000
2017-06-09,322.24999999999994,326.25,321.20000000000005,326.25,7646790000
2017-06-13,326.25,327.5,322.5,322.5,6605560000
2017-06-14,322.85,322.85,316.6,320.0,8553950000
2017-06-15,318.50000000000006,319.7,308.90000000000003,319.5,43947310000
2017-06-16,319.15,320.9,314.0,319.5,28031570000
2017-06-19,319.40000000000003,319.5,315.25,316.09999999999997,9885680000
2017-06-20,316.6,319.5,313.25,319.5,20210020000
2017-06-21,318.25,319.45,315.75,316.7,5490500000
2017-06-22,315.75,320.5,312.7,319.5,18907740000
2017-06-23,319.40000000000003,320.85,315.9,320.0,14029650000
2017-06-26,320.59999999999997,322.5,317.45000000000005,317.45000000000005,4341440000
2017-06-27,317.2,317.9,314.6,316.90000000000003,13015450000
2017-06-28,315.5,319.0,314.05,319.0,9994450000
2017-06-29,319.1,320.15000000000003,316.84999999999997,319.5,9962510000
2017-06-30,318.55,322.5,317.95,320.0,9061350000
2017-07-03,319.6,322.1,319.34999999999997,321.5,5475580000
2017-07-04,322.15000000000003,324.74999999999994,321.25,322.0,4769990000
2017-07-05,321.1,322.8,319.3,320.0,6771590000
2017-07-06,320.25,321.25,316.8,319.34999999999997,6718440000
2017-07-07,318.25,320.75,317.3,318.4,5974550000
2017-07-10,318.50000000000006,320.99999999999994,317.55,319.0,5632190000
2017-07-11,319.65,320.15000000000003,315.85,319.34999999999997,5033990000
2017-07-12,319.34999999999997,322.5,317.5,320.0,10567520000
2017-07-13,319.75000000000006,321.40000000000003,318.0,318.55,5697050000
2017-07-14,318.35,320.05,318.35,319.0,4284020000
2017-07-17,319.15,320.45,317.5,319.34999999999997,4296700000
2017-07-18,318.95,319.54999999999995,315.15000000000003,317.5,7745060000
2017-07-19,317.25000000000006,320.5,315.55,320.5,5638590000
2017-07-20,320.7,326.9,319.1,324.5,10014490000
2017-07-21,324.4,325.3,318.05,318.65,5531340000
2017-07-24,318.0,319.5,315.55,317.5,7709970000
2017-07-25,317.5,318.0,315.2,317.5,9865560000
2017-07-26,317.15,318.70000000000005,316.00000000000006,318.0,4730320000
2017-07-27,318.84999999999997,319.8,316.65,317.04999999999995,6048940000
2017-07-28,317.0,317.0,303.84999999999997,304.5,41407730000
2017-07-31,305.65,305.75,294.05,298.45,15186110000
2017-08-01,298.99999999999994,303.45,296.7,300.25,8402900000
2017-08-02,301.0,310.75,300.0,308.55,13161380000
2017-08-03,308.49999999999994,314.3,307.05,309.3,8476040000
2017-08-04,308.55,309.15,303.15000000000003,304.09999999999997,6559440000
2017-08-07,304.95,310.54999999999995,304.35,310.54999999999995,5193470000
2017-08-08,311.0,314.75000000000006,310.09999999999997,310.3,14336060000
2017-08-09,309.80000000000007,313.90000000000003,306.5,309.95000000000005,13465190000
2017-08-10,309.9,310.9,301.15,303.40000000000003,7541640000
2017-08-11,302.00000000000006,304.25,297.0,300.0,10184880000
2017-08-14,301.25,304.6,300.75,302.5,3306080000
2017-08-15,302.59999999999997,306.5,300.8,305.1,6650330000
2017-08-16,305.0,306.0,300.45,301.85,5191230000
2017-08-17,301.0,302.5,300.0,300.0,3094130000
2017-08-18,299.5,300.0,295.5,297.25000000000006,6453350000
2017-08-21,298.2,298.7,296.15,296.25,3261780000
2017-08-22,297.35,297.75,296.2,297.0,1985250000
2017-08-23,297.1,302.4,295.0,302.4,6901450000
2017-08-24,302.45,305.25,301.4,304.6,5980250000
2017-08-25,304.8,307.2,299.5,301.0,9934910000
2017-08-28,301.65000000000003,301.65000000000003,298.35,300.85,5298830000
2017-08-29,299.95,301.95,297.84999999999997,299.95,6768140000
2017-08-30,300.35,324.85,299.95,324.0,34746910000
2017-08-31,325.0,326.5,320.55,322.8,17846210000
2017-09-01,323.49999999999994,334.15,316.55,317.25000000000006,31203250000
2017-09-04,315.1,317.85,308.15000000000003,308.15000000000003,20675370000
2017-09-05,308.35,310.19999999999993,298.5,300.5,27212370000
2017-09-06,300.0,303.6,296.5,301.0,15069150000
2017-09-07,301.25,305.0,300.5,300.5,8165130000
2017-09-08,301.1,309.25,300.5,308.0,12827310000
2017-09-11,310.0,312.85,306.75000000000006,310.54999999999995,13181660000
2017-09-12,311.0,321.34999999999997,310.05,318.65,20743670000
2017-09-13,318.65,324.2,311.95,311.95,21831290000
2017-09-14,313.0,316.75,311.0,314.45,9699470000
2017-09-15,313.90000000000003,318.95,308.0,308.0,14547470000
2017-09-18,310.54999999999995,312.4,309.95000000000005,311.35,5779730000
2017-09-19,311.35,313.70000000000005,306.85,309.4,9887480000
2017-09-20,309.9,309.95000000000005,305.5,309.0,12842060000
2017-09-21,308.90000000000003,309.75,306.3,308.15000000000003,11160850000
2017-09-22,307.8,309.7,305.25,306.45000000000005,11143710000
2017-09-25,306.7,313.95,305.95,312.7,11604850000
2017-09-26,313.05,314.25,310.54999999999995,311.65000000000003,13010550000
2017-09-27,311.65000000000003,313.75,307.85,308.15000000000003,11268570000
2017-09-28,309.0,311.20000000000005,308.25,309.55,7394570000
2017-09-29,310.25,311.25,307.95,307.95,4168900000
2017-10-02,308.49999999999994,310.84999999999997,306.2,307.2,10804930000
2017-10-03,307.75,310.0,307.05,308.05,5861660000
2017-10-04,306.0,307.95,306.0,307.0,5944340000
2017-10-05,307.25,307.3,303.55,306.0,12814350000
2017-10-06,306.3,310.5,306.3,307.25,18458440000
2017-10-09,307.95,309.5,306.75000000000006,307.85,6813410000
2017-10-10,308.05,309.0,306.55,307.90000000000003,6061150000
2017-10-11,308.45000000000005,308.55,305.9,305.9,14957370000
2017-10-12,305.79999999999995,307.8,305.5,306.0,7088630000
2017-10-13,306.7,307.45,304.2,305.0,6110830000
2017-10-16,305.65,307.49999999999994,304.85,305.75,6308590000
2017-10-17,305.85,306.09999999999997,301.45,303.0,5264980000
2017-10-18,303.9,305.25,301.15,301.15,5540460000
2017-10-19,302.04999999999995,303.40000000000003,301.0,301.04999999999995,7371390000
2017-10-20,302.00000000000006,303.5,301.04999999999995,301.25,5486710000
2017-10-23,302.45,303.45,301.0,301.25,4079550000
2017-10-24,301.25,305.2,300.75,305.2,5616210000
2017-10-25,306.09999999999997,307.0,302.15,302.15,7391110000
2017-10-26,303.1,303.40000000000003,301.1,301.1,5228600000
2017-10-27,302.25,304.2,301.75,302.45,6850200000
2017-10-30,303.0,303.45,301.15,301.15,5001110000
2017-10-31,302.15,302.90000000000003,300.0,300.0,6545270000
2017-11-01,301.04999999999995,303.74999999999994,299.55,299.75,7530390000
2017-11-02,299.95,300.15,296.75,298.8,6261530000
2017-11-03,298.75,301.85,297.5,297.5,7689080000
2017-11-07,299.65,305.0,298.5,303.74999999999994,16911380000
2017-11-08,302.55,304.45,300.5,300.5,7284310000
2017-11-09,301.4,312.05,300.6,306.34999999999997,31415920000
2017-11-10,306.8,306.8,300.5,300.55,10769150000
2017-11-13,300.5,303.6,300.05,300.05,7094890000
2017-11-14,299.55,300.8,294.0,294.0,24025980000
2017-11-15,293.45,295.05,277.45,277.45,29545350000
2017-11-16,276.95,277.45,250.49999999999997,260.25,113671220000
2017-11-17,262.5,269.0,260.55,266.9,40603970000
2017-11-20,266.75,273.75,265.55,269.9,24380870000
2017-11-21,271.0,272.50000000000006,263.3,266.0,22706150000
2017-11-22,266.9,266.9,261.0,264.5,12903780000
2017-11-23,263.5,264.5,258.7,261.1,8143100000
2017-11-24,260.7,267.5,260.7,266.9,18574440000
2017-11-27,266.6,267.15,261.8,263.35,7689640000
2017-11-28,263.3,267.25,261.95,264.0,10514360000
2017-11-29,264.9,264.9,261.0,261.0,6829760000
2017-11-30,261.65000000000003,261.65000000000003,251.95,253.89999999999995,19296970000
2017-12-01,255.45000000000002,259.7,250.55,258.0,25524210000
2017-12-04,256.55000000000007,258.1,254.55,254.99999999999997,10376730000
2017-12-05,254.55,256.55000000000007,252.95000000000002,254.3,7476980000
2017-12-06,253.95000000000002,259.15,253.20000000000002,257.5,8119390000
2017-12-07,258.4,258.4,254.4,255.15,9199410000
2017-12-08,255.15,257.35,253.29999999999998,253.29999999999998,6705350000
2017-12-11,254.3,256.5,253.54999999999995,256.1,14926690000
2017-12-12,256.75,257.0,254.2,256.25,9464440000
2017-12-13,254.55,256.25,250.49999999999997,250.49999999999997,24031720000
2017-12-14,250.75,254.3,244.75,252.0,34370400000
2017-12-15,251.50000000000003,252.49999999999997,249.5,250.0,13132150000
2017-12-18,251.0,252.45,248.5,249.35,10116840000
2017-12-19,249.55,250.49999999999997,241.85000000000002,242.00000000000003,20170420000
2017-12-20,240.75,241.74999999999997,228.55,229.54999999999998,56587310000
2017-12-21,229.0,230.45000000000002,221.04999999999998,226.74999999999997,47160080000
2017-12-22,227.20000000000002,236.0,225.45,232.75,31362250000
2017-12-25,234.45000000000002,236.5,231.49999999999997,236.5,8181230000
2017-12-26,236.45,236.90000000000003,233.55,234.25,8946090000
2017-12-27,234.0,245.25000000000003,232.50000000000003,237.25000000000003,42724620000
2017-12-28,237.54999999999998,238.95000000000002,231.1,234.8,18909720000
2017-12-29,235.0,238.60000000000002,232.84999999999997,236.6,11846280000
2018-01-03,236.64999999999998,247.5,236.1,247.5,17351060000
2018-01-04,247.5,251.35000000000002,245.55,250.25,18109880000
2018-01-05,251.4,251.4,247.54999999999998,251.0,9403260000
2018-01-09,251.95,259.35,251.6,254.0,32082650000
2018-01-10,254.99999999999997,256.5,252.0,252.54999999999995,23707190000
2018-01-11,252.49999999999997,253.50000000000006,248.54999999999998,252.49999999999997,22531410000
2018-01-12,253.0,255.24999999999994,250.4,254.79999999999998,16350360000
2018-01-15,256.1,258.95,254.05,254.05,12950920000
2018-01-16,254.99999999999997,255.15,251.29999999999998,254.5,15305000000
2018-01-17,253.05,258.5,251.4,256.94999999999993,23192990000
2018-01-18,256.75,258.75,252.25,253.0,22574540000
2018-01-19,254.45,254.65,245.5,248.25,19538840000
2018-01-22,248.89999999999998,251.25000000000003,248.05,250.7,11996060000
2018-01-23,250.75,251.25000000000003,245.55,248.89999999999998,14444060000
2018-01-24,248.10000000000002,248.35,244.39999999999998,245.1,14545340000
2018-01-25,245.5,252.25,245.05,249.5,29437540000
2018-01-26,249.05,249.3,243.55,246.75000000000003,16639130000
2018-01-29,245.95,247.95000000000002,243.70000000000002,245.0,11776860000
2018-01-30,244.55,247.5,243.20000000000002,244.00000000000006,10959050000
2018-01-31,244.75,247.0,243.25,247.0,9231420000
2018-02-01,246.70000000000002,250.45000000000005,245.25000000000003,246.9,23638640000
2018-02-02,247.0,248.35,243.75,246.0,17542490000
2018-02-05,244.15,246.25,242.64999999999998,245.40000000000003,13536350000
2018-02-06,242.00000000000003,244.10000000000002,234.0,235.1,47781510000
2018-02-07,237.85,239.75,236.1,238.05,14327120000
2018-02-08,238.15,244.20000000000002,236.15,237.54999999999998,31974490000
2018-02-09,235.0,237.45,233.0,235.35,28397130000
2018-02-12,237.7,238.95000000000002,234.75,235.60000000000002,17212890000
2018-02-13,235.95000000000002,238.75,235.25,238.35,12207000000
2018-02-14,238.55,241.34999999999997,236.05,238.5,17793030000
2018-02-15,240.0,240.0,236.6,236.75000000000003,20529160000
2018-02-16,236.85000000000002,239.0,236.79999999999998,238.5,10440810000
2018-02-19,237.75,238.90000000000006,236.15,237.25000000000003,6341120000
2018-02-20,237.3,239.75,236.79999999999998,238.7,7623350000
2018-02-21,238.25,245.85,238.05,244.5,35538170000
2018-02-22,242.79999999999998,264.75,242.79999999999998,258.75,71280420000
2018-02-26,264.85,279.15,262.75,273.15,103495950000
2018-02-27,273.59999999999997,274.45,266.75,269.0,43129190000
2018-02-28,268.05,270.25,263.05,263.8,55940220000
2018-03-01,263.05,265.85,261.5,262.5,25081050000
2018-03-02,263.8,269.95,260.5,262.04999999999995,24080610000
2018-03-05,263.5,267.09999999999997,260.09999999999997,262.3,19975150000
2018-03-06,263.25,268.45,262.65,265.0,21940900000
2018-03-07,263.74999999999994,273.90000000000003,263.2,273.5,37893290000
2018-03-09,272.7,282.95,271.65000000000003,281.3999999999999,34734430000
2018-03-12,285.05,288.2,278.5,278.55,32589190000
2018-03-13,278.85,281.3999999999999,274.59999999999997,279.0,28687530000
2018-03-14,277.7,279.90000000000003,267.5,267.7,30212110000
2018-03-15,268.3,271.15000000000003,265.95,269.2,33459930000
2018-03-16,269.0,270.95,266.75,267.4,37576330000
2018-03-19,269.5,270.7,267.0,267.0,12658970000
2018-03-20,267.90000000000003,269.80000000000007,263.3,269.5,19288980000
2018-03-21,270.25,272.50000000000006,265.85,270.0,30658230000
2018-03-22,271.40000000000003,271.40000000000003,266.55,270.0,27649420000
2018-03-23,267.0,267.90000000000003,264.5,266.40000000000003,17421750000
2018-03-26,266.2,266.2,254.95000000000002,254.95000000000002,33123020000
2018-03-27,256.85,260.95,255.24999999999994,258.99999999999994,21467510000
2018-03-28,256.7,257.9,252.75,254.99999999999997,16810600000
2018-03-29,255.54999999999998,260.5,255.54999999999998,255.75,20710280000
2018-03-30,257.5,258.3,256.1,258.3,4193540000
2018-04-02,258.0,259.7,255.7,255.7,12530820000
2018-04-03,255.59999999999997,265.5,253.84999999999997,261.5,42471760000
2018-04-04,263.2,263.2,260.5,261.85,19378720000
2018-04-05,263.45,269.75,262.65,269.75,67703760000
2018-04-06,268.0,277.75,267.95,277.0,84007570000
2018-04-09,276.0,276.25000000000006,242.5,252.0,117719370000
2018-04-10,250.0,258.95,246.09999999999997,254.55,83439090000
2018-04-11,254.55,257.95000000000005,247.05000000000004,252.35,43223020000
2018-04-12,254.6,257.4,252.54999999999995,254.65,21003970000
2018-04-13,254.90000000000003,257.5,250.6,254.35,27025650000
2018-04-16,250.04999999999998,260.95,250.0,258.95,28261520000
2018-04-17,267.45,267.7,259.7,260.85,34786470000
2018-04-18,262.2,267.45,261.0,265.0,24051110000
2018-04-19,265.3,267.5,259.85,262.5,21522020000
2018-04-20,262.25,266.0,260.5,264.45,15856560000
2018-04-23,263.5,265.0,262.55,265.0,20982100000
2018-04-24,265.0,269.5,264.0,265.0,26963840000
2018-04-25,263.74999999999994,264.5,261.4,264.35,14514260000
2018-04-26,265.0,266.75,260.40000000000003,262.0,19855440000
2018-04-27,262.75,264.0,260.85,262.84999999999997,13673820000
2018-04-30,263.6,269.84999999999997,263.25,269.84999999999997,13301570000
2018-05-02,267.95,270.7,265.4,267.0,15488420000
2018-05-03,266.9,268.3,263.05,263.05,11557270000
2018-05-04,264.85,265.55,263.25,263.74999999999994,8613650000
2018-05-07,265.5,266.5,263.6,263.84999999999997,13219540000
2018-05-08,262.84999999999997,264.75,254.25,263.5,20443090000
2018-05-10,265.5,265.85,261.2,261.25,15581900000
2018-05-11,261.95,263.5,260.2,261.90000000000003,20571320000
2018-05-14,262.15,263.65,260.85,262.5,19652910000
2018-05-15,261.25,261.85,255.54999999999998,257.5,39760920000
2018-05-16,256.5,258.2,255.79999999999998,256.6,21053480000
2018-05-17,257.8,259.75,256.1,256.1,34370490000
2018-05-18,257.35,257.95000000000005,254.99999999999997,256.0,21615830000
2018-05-21,256.55000000000007,259.45,256.4,257.8,17445590000
2018-05-22,258.3,258.3,256.6,256.94999999999993,11015980000
2018-05-23,256.5,258.3,255.75,255.75,14336830000
2018-05-24,256.5,257.95000000000005,255.79999999999998,256.05,15182700000
2018-05-25,256.5,257.45,253.84999999999997,255.3,16271680000
2018-05-28,255.7,257.5,255.4,257.25,8744700000
2018-05-29,256.6,257.5,254.79999999999998,256.4,18245310000
2018-05-30,256.5,258.25000000000006,255.7,256.7,31451320000
2018-05-31,257.25,258.1,249.45,249.45,127556320000
2018-06-01,237.45,241.15,237.0,237.0,78735380000
2018-06-04,238.20000000000002,239.4,234.20000000000005,235.15,30486540000
2018-06-05,235.8,238.00000000000003,235.05,237.20000000000005,19222000000
2018-06-06,237.0,238.45000000000002,235.25,236.24999999999997,16496550000
2018-06-07,237.25000000000003,237.25000000000003,234.04999999999998,234.04999999999998,18660120000
2018-06-08,233.5,233.65,226.5,226.55,41031590000
2018-06-11,227.7,228.29999999999998,222.5,225.70000000000005,19105330000
2018-06-13,224.25,226.35,223.15,223.75,25759980000
2018-06-14,223.75,225.99999999999997,222.85,223.25,17252480000
2018-06-15,224.05,225.25,222.55,222.55,23643230000
2018-06-18,222.55,231.6,222.2,230.54999999999998,38501220000
2018-06-19,230.0,230.4,225.95000000000002,225.95000000000002,27629400000
2018-06-20,227.7,236.0,227.7,236.0,32127790000
2018-06-21,236.0,238.90000000000006,233.55,234.8,28289840000
2018-06-22,236.45,237.65,232.45,233.0,19795690000
2018-06-25,234.65,236.35,232.79999999999998,233.5,17530440000
2018-06-26,234.29999999999998,235.89999999999998,233.55,234.5,13434240000
2018-06-27,235.2,237.94999999999996,233.75,236.75000000000003,21367130000
2018-06-28,237.0,243.35000000000002,236.75000000000003,239.14999999999998,29931750000
2018-06-29,240.0,244.45000000000002,240.0,240.04999999999998,20972020000
2018-07-02,239.6,242.2,237.05,241.65000000000003,24943340000
2018-07-03,241.70000000000002,243.6,240.95,241.9,13168400000
2018-07-04,242.89999999999998,244.00000000000006,241.29999999999998,242.79999999999998,11944910000
2018-07-05,242.00000000000003,243.65000000000003,241.60000000000002,243.3,12524260000
2018-07-06,243.3,246.0,242.00000000000003,242.5,14756910000
2018-07-09,244.00000000000006,246.95000000000002,243.65000000000003,246.95000000000002,14710180000
2018-07-10,247.15,247.35,244.20000000000002,245.14999999999998,12058850000
2018-07-11,243.6,244.20000000000002,241.9,243.0,13912910000
2018-07-12,242.54999999999998,244.20000000000002,239.4,241.54999999999998,12582100000
2018-07-13,242.34999999999997,248.75000000000006,241.4,248.75000000000006,26847860000
2018-07-16,248.75000000000006,249.89999999999998,246.8,247.0,20497200000
2018-07-17,246.85,247.25,243.0,243.6,12851730000
2018-07-18,243.55,245.14999999999998,242.4,242.64999999999998,8776450000
2018-07-19,243.15,243.89999999999998,237.25000000000003,239.20000000000002,19691340000
2018-07-20,239.70000000000002,243.45,236.85000000000002,241.25,15239130000
2018-07-23,240.9,244.9,240.9,241.2,7436910000
2018-07-24,242.34999999999997,242.34999999999997,239.55,241.1,10632880000
2018-07-25,238.5,239.95,235.8,239.75,15566050000
2018-07-26,240.25,241.15,237.65,237.89999999999998,8148640000
2018-07-27,238.5,239.75,237.05,239.1,6888160000
2018-07-30,238.90000000000006,240.35,237.65,239.85,7336410000
2018-07-31,238.10000000000002,241.4,238.10000000000002,241.4,9305960000
2018-08-01,240.75,244.3,240.35,241.4,13563150000
2018-08-02,241.4,242.30000000000004,237.25000000000003,237.89999999999998,9252880000
2018-08-03,238.4,238.5,234.70000000000002,236.75000000000003,10185690000
2018-08-06,237.05,238.15,233.95,234.04999999999998,10786720000
2018-08-07,234.5,236.75000000000003,232.79999999999998,234.0,8090770000
2018-08-08,233.24999999999997,234.1,226.5,228.44999999999996,30146560000
2018-08-09,226.85,226.85,211.04999999999998,225.54999999999998,62911480000
2018-08-10,225.45,225.65,214.20000000000002,216.85,29169930000
2018-08-13,213.0,218.9,212.54999999999998,214.75,21963280000
2018-08-14,216.14999999999998,218.5,213.35,218.2,15100150000
2018-08-15,217.04999999999998,219.45,215.75,217.0,12130540000
2018-08-16,218.0,219.4,217.39999999999998,219.4,7841670000
2018-08-17,218.75,219.45,216.5,218.54999999999998,8420680000
2018-08-20,219.05,221.45000000000002,219.05,220.75,6255760000
2018-08-21,221.00000000000003,221.99999999999997,218.54999999999998,220.75,7950990000
2018-08-22,220.05,221.00000000000003,213.95000000000002,214.99999999999997,23196160000
2018-08-23,214.50000000000003,214.99999999999997,205.34999999999997,206.95000000000002,33316520000
2018-08-24,206.50000000000003,207.6,200.9,205.1,32425410000
2018-08-27,206.45,210.75,206.2,210.75,13833320000
2018-08-28,211.49999999999994,211.49999999999994,207.5,207.64999999999998,10251730000
2018-08-29,208.0,209.95,205.34999999999997,209.95,12199610000
2018-08-30,210.0,210.85,205.5,206.1,12486160000
2018-08-31,205.55,207.75000000000003,204.25,207.0,14241380000
2018-09-03,206.50000000000003,207.54999999999998,205.25000000000003,206.45,6716220000
2018-09-04,207.0,208.65,204.3,204.6,10083340000
2018-09-05,204.6,205.55,200.1,200.1,13846920000
2018-09-06,200.29999999999995,201.74999999999997,197.15,197.5,19862000000
2018-09-07,198.00000000000003,199.75,195.15000000000003,196.64999999999998,16381190000
2018-09-10,196.75000000000003,197.4,192.10000000000005,193.0,22287820000
2018-09-11,193.1,195.50000000000006,191.7,195.0,20535740000
2018-09-12,196.0,199.0,195.15000000000003,198.00000000000003,17555880000
2018-09-13,198.5,208.40000000000003,198.04999999999998,202.4,37625190000
2018-09-14,202.5,204.9,198.3,200.25000000000006,25899610000
2018-09-17,200.25000000000006,202.15,199.04999999999998,200.2,13071920000
2018-09-18,199.55,206.0,199.55,205.9,17415010000
2018-09-19,206.74999999999994,208.99999999999997,205.34999999999997,206.40000000000003,19619610000
2018-09-20,206.9,210.0,204.5,205.55,35099600000
2018-09-21,206.25,211.0,204.04999999999995,211.0,17944510000
2018-09-24,209.5,212.25,207.8,209.55,22776370000
2018-09-25,210.20000000000002,211.25,207.5,208.0,10345900000
2018-09-26,208.5,208.65,205.00000000000006,205.9,17694320000
2018-09-27,205.9,208.44999999999996,202.25,206.50000000000003,24976480000
2018-09-28,208.0,208.0,202.34999999999997,203.79999999999998,22657560000
2018-10-01,204.6,205.05,200.70000000000002,201.54999999999998,13112240000
2018-10-02,203.00000000000003,203.35000000000002,200.59999999999997,201.85000000000002,9894130000
2018-10-03,201.85000000000002,204.75,200.9,203.55,16612190000
2018-10-04,203.45,204.95,198.15,199.5,21445400000
2018-10-05,199.4,200.0,196.7,197.89999999999998,13777860000
2018-10-08,198.04999999999998,199.0,194.1,196.05,15056980000
2018-10-09,196.5,198.3,191.99999999999997,191.99999999999997,22337310000
2018-10-10,192.75,193.3,188.8,190.64999999999998,20581840000
2018-10-11,186.95,189.29999999999998,182.9,188.5,45174210000
2018-10-12,190.0,191.99999999999997,186.85,189.75,21086340000
2018-10-15,190.85000000000002,194.0,189.50000000000003,192.45000000000005,16113400000
2018-10-16,192.3,194.75,188.04999999999998,191.99999999999997,25940890000
2018-10-17,193.35000000000002,194.35000000000002,190.05,192.3,19703850000
2018-10-18,191.89999999999998,192.49999999999997,188.70000000000002,189.65,11823560000
2018-10-19,189.9,189.9,184.25,184.45,19689400000
2018-10-22,184.45,185.15,179.3,180.7,26963850000
2018-10-23,179.7,181.9,176.0,181.00000000000003,24884710000
2018-10-24,181.5,185.7,179.25,184.25,28780230000
2018-10-25,181.4,182.6,180.15,181.75,11194100000
2018-10-26,180.55,181.10000000000002,178.1,178.70000000000002,14458280000
2018-10-29,178.15,183.50000000000003,178.15,182.0,12806770000
2018-10-30,181.45000000000002,183.35,180.05,183.0,11716220000
2018-10-31,183.8,185.25,182.9,182.9,14311030000
2018-11-01,183.45,183.45,179.25,181.00000000000003,17990650000
2018-11-02,181.125,181.75,180.20000000000002,180.65,11459220000
2018-11-06,181.00000000000003,183.1,180.7,180.75,15910200000
2018-11-07,180.0,190.95000000000002,178.64999999999998,190.95000000000002,58167200000
2018-11-08,191.5,193.7,188.97500000000002,190.15,36034700000
2018-11-09,189.375,190.4,185.5,187.85,20899340000
2018-11-12,188.5,192.49999999999997,188.5,190.9,19761240000
2018-11-13,190.02499999999998,195.75,188.67499999999998,192.20000000000002,32421450000
2018-11-14,191.5,192.84999999999997,189.0,190.75000000000006,17596900000
2018-11-15,191.92500000000004,197.0,190.825,196.4,32876180000
2018-11-16,197.59999999999997,197.79999999999998,194.37499999999997,195.8,19737790000
2018-11-19,195.8,197.5,192.49999999999997,194.0,12625230000
2018-11-20,193.6,193.6,186.72500000000002,187.14999999999998,20507410000
2018-11-21,186.075,188.39999999999998,184.32500000000002,186.10000000000002,23348180000
2018-11-22,187.10000000000002,188.85,186.05,186.5,13814970000
2018-11-23,186.05,186.85,183.575,185.3,12355030000
2018-11-26,185.1,185.825,177.75,183.475,31053560000
2018-11-27,183.50000000000003,185.99999999999997,182.525,184.15,12318760000
2018-11-28,184.8,188.425,184.075,187.9,15893200000
2018-11-29,188.0,191.675,187.5,190.15,21870920000
2018-11-30,188.8,189.225,185.525,186.5,12367990000
2018-12-03,187.52499999999998,190.85000000000002,187.5,188.0,13345570000
2018-12-04,187.9,188.95,184.775,184.95000000000002,18734290000
2018-12-05,183.775,185.3,182.6,184.975,16880750000
2018-12-06,183.625,184.2,181.25,183.55,12575580000
2018-12-07,183.92499999999998,185.2,182.375,182.77499999999998,17037480000
2018-12-10,181.95,183.45,180.5,180.5,11303680000
2018-12-11,181.62500000000003,181.775,179.7,180.025,10809270000
2018-12-12,180.725,181.25,179.17499999999998,181.25,12161040000
2018-12-13,181.20000000000002,181.4,179.54999999999998,180.4,7906700000
2018-12-14,179.79999999999998,180.35,177.775,179.975,12124480000
2018-12-17,179.5,184.74999999999997,179.425,181.7,20142510000
2018-12-18,180.5,181.25,178.2,181.00000000000003,16843810000
2018-12-19,179.5,182.70000000000002,178.5,181.5,12811780000
2018-12-20,181.075,181.125,178.5,179.35,23266560000
2018-12-21,179.0,180.45,176.225,176.225,18021720000
2018-12-24,177.07500000000002,178.2,173.1,173.6,22142880000
2018-12-25,172.39999999999998,172.50000000000003,165.25000000000003,170.87499999999997,26771770000
2018-12-26,171.97500000000002,173.475,170.025,172.275,17845840000
2018-12-27,174.25,174.525,170.24999999999997,170.24999999999997,20645200000
2018-12-28,170.97500000000002,172.15,168.85,169.55,20352030000
2019-01-03,169.52499999999998,171.8,168.3,171.04999999999998,9013110000
2019-01-04,171.2,173.1,171.1,173.1,8609390000
2019-01-08,173.5,174.975,172.35,174.20000000000002,11018110000
2019-01-09,175.00000000000003,175.7,174.225,175.00000000000003,12269360000
2019-01-10,175.00000000000003,175.3,173.25,175.225,12868910000
2019-01-11,175.6,177.175,174.79999999999998,175.925,15016080000
2019-01-14,175.00000000000003,176.67499999999998,174.025,176.5,9282210000
2019-01-15,176.67499999999998,179.0,176.575,177.32500000000002,13762220000
2019-01-16,178.0,178.64999999999998,176.85,178.25,8738100000
2019-01-17,178.4,178.9,177.775,178.525,8713650000
2019-01-18,179.02499999999998,185.5,179.02499999999998,185.5,34601560000
2019-01-21,185.89999999999998,188.14999999999998,184.02499999999998,184.45,23355290000
2019-01-22,184.25,186.6,183.025,185.5,21930220000
2019-01-23,185.7,188.425,185.1,187.67499999999998,23644490000
2019-01-24,188.0,189.9,183.70000000000002,184.625,38187530000
2019-01-25,185.1,185.875,183.2,184.8,16794490000
2019-01-28,185.075,187.125,183.575,184.70000000000002,17773950000
2019-01-29,184.70000000000002,187.35000000000002,183.55,187.10000000000002,13449140000
2019-01-30,186.925,187.5,185.99999999999997,187.4,9944890000
2019-01-31,188.25000000000003,189.475,187.125,188.85,13944430000
2019-02-01,188.04999999999998,190.2,187.77499999999998,189.575,16370750000
2019-02-04,189.85,192.10000000000005,189.75,191.725,14994430000
2019-02-05,192.225,192.49999999999997,190.425,191.05,12475430000
2019-02-06,191.05,191.05,188.04999999999998,188.04999999999998,15812430000
2019-02-07,187.85,187.85,184.74999999999997,185.05,14763560000
2019-02-08,184.25,186.55,183.8,185.65,12170460000
2019-02-11,185.525,188.07500000000002,185.525,188.0,10899170000
2019-02-12,188.97500000000002,190.32500000000002,188.425,189.50000000000003,13570850000
2019-02-13,189.975,190.02499999999998,184.64999999999998,184.92499999999998,20971120000
2019-02-14,182.0,182.325,178.07500000000002,180.20000000000002,36544690000
2019-02-15,180.875,183.04999999999998,180.57500000000002,183.0,14730840000
2019-02-18,183.50000000000003,184.5,180.325,181.65,12391770000
2019-02-19,181.75,183.475,180.025,181.225,10464070000
2019-02-20,181.025,182.70000000000002,181.025,182.1,7251600000
2019-02-21,182.6,182.6,179.075,180.325,13548950000
2019-02-22,180.35,181.4,179.54999999999998,180.4,8297490000
2019-02-25,181.125,181.975,179.54999999999998,181.20000000000002,10851070000
2019-02-26,180.775,181.325,178.875,179.0,13641460000
2019-02-27,179.75,180.17499999999998,178.25,179.775,16444960000
2019-02-28,179.6,180.725,178.8,179.5,10494720000
2019-03-01,180.0,180.47500000000002,179.5,180.15,9621840000
2019-03-04,180.15,180.775,179.375,179.85000000000002,7923610000
2019-03-05,179.5,179.5,176.4,176.5,18095820000
2019-03-06,176.0,177.475,175.875,177.475,10603290000
2019-03-07,176.77499999999998,177.275,175.55,176.1,11256550000
2019-03-11,175.7,177.49999999999997,175.4,176.85,13134140000
2019-03-12,177.25,179.22500000000002,176.85,178.25,13138370000
2019-03-13,177.625,182.75,177.55,181.7,20985720000
2019-03-14,181.67499999999998,184.0,180.10000000000002,181.075,18215810000
2019-03-15,181.5,186.95,180.35,186.95,36753850000
2019-03-18,185.1,186.075,183.55,184.6,25715580000
2019-03-19,184.85000000000002,185.0,183.29999999999998,183.85,9572490000
2019-03-20,183.775,184.25,183.025,183.45,14499060000
2019-03-21,183.975,184.8,181.52499999999998,182.575,19756270000
2019-03-22,182.75,182.75,179.64999999999998,180.0,13209080000
2019-03-25,179.25,182.025,178.35,181.65,14212080000
2019-03-26,181.62500000000003,182.5,181.025,181.25,11043820000
2019-03-27,181.00000000000003,181.75,179.75,179.75,7071180000
2019-03-28,180.025,180.5,179.75,180.0,5297950000
2019-03-29,180.5,182.2,177.775,178.22500000000002,20126600000
2019-04-01,179.375,181.25,178.8,180.975,12965960000
2019-04-02,181.00000000000003,182.25000000000003,179.85000000000002,181.00000000000003,10745160000
2019-04-03,181.575,183.32500000000002,181.55,183.04999999999998,20261430000
2019-04-04,182.77499999999998,183.04999999999998,181.55,182.5,6648290000
2019-04-05,182.5,183.04999999999998,180.65,181.6,9821600000
2019-04-08,181.9,182.77499999999998,180.875,181.5,10035560000
2019-04-09,181.7,182.5,181.4,181.4,18295280000
2019-04-10,181.4,189.95000000000002,166.05,184.425,63656110000
2019-04-11,184.425,185.54999999999998,182.70000000000002,183.475,13855500000
2019-04-12,183.2,183.70000000000002,180.65,181.275,12743380000
2019-04-15,182.125,182.275,179.22500000000002,179.85000000000002,15083520000
2019-04-16,180.05,180.75,178.375,180.4,16617900000
2019-04-17,180.47500000000002,181.075,179.35,179.5,10716660000
2019-04-18,179.35,180.10000000000002,178.5,180.05,12399230000
2019-04-19,180.10000000000002,180.5,179.0,179.05,4907200000
2019-04-22,179.975,180.20000000000002,178.875,178.92499999999998,6577080000
2019-04-23,179.375,179.825,176.025,176.65,24110830000
2019-04-24,175.82500000000002,178.85000000000002,174.27499999999998,178.85000000000002,24553760000
2019-04-25,178.5,179.0,176.35000000000002,176.87499999999997,13469280000
2019-04-26,176.87499999999997,177.04999999999998,175.5,177.04999999999998,11906750000
2019-04-29,176.97500000000002,178.5,176.42499999999998,177.15,7043190000
2019-04-30,178.25,178.25,175.75,177.49999999999997,12231660000
2019-05-02,177.425,178.875,176.75,177.70000000000002,5829590000
2019-05-03,178.25,179.925,177.875,178.9,8180590000
2019-05-06,176.75,178.8,176.75,178.8,5268260000
2019-05-07,178.29999999999998,180.47500000000002,177.875,177.875,9009900000
2019-05-08,178.15,178.64999999999998,177.29999999999998,177.29999999999998,6523260000
2019-05-10,177.275,178.1,175.35,175.975,9965060000
2019-05-13,175.95,176.95,174.875,174.875,9445640000
2019-05-14,175.35,175.95,174.54999999999998,174.65,10353790000
2019-05-15,175.00000000000003,176.4,174.075,175.475,18029810000
2019-05-16,175.82500000000002,176.24999999999997,174.79999999999998,174.79999999999998,8723780000
2019-05-17,175.10000000000002,175.82500000000002,174.27499999999998,175.5,8751790000
2019-05-20,175.52499999999998,175.82500000000002,174.875,174.95,6944110000
2019-05-21,174.975,175.72500000000002,174.5,174.5,8668980000
2019-05-22,175.00000000000003,176.65,174.17499999999998,175.925,10401610000
2019-05-23,175.5,194.25,175.15,193.75,105668120000
2019-05-24,195.50000000000006,199.225,185.6,185.99999999999997,134615810000
2019-05-27,185.99999999999997,189.725,185.95000000000002,188.04999999999998,19159470000
2019-05-28,188.45000000000002,190.64999999999998,182.67499999999998,182.67499999999998,39469860000
2019-05-29,183.15,184.675,181.15,184.0,32890430000
2019-05-30,184.2,185.89999999999998,181.5,183.50000000000003,30992120000
2019-05-31,182.1,183.525,180.27499999999998,183.525,15595550000
2019-06-03,182.475,186.72500000000002,181.25,184.9,37015240000
2019-06-04,185.0,187.7,184.2,185.89999999999998,19711250000
2019-06-05,187.0,196.0,185.4,193.50000000000003,88207510000
2019-06-06,193.525,196.85000000000005,192.025,194.85000000000002,34815800000
2019-06-07,195.0,195.975,193.50000000000003,195.0,16464710000
2019-06-10,195.275,198.20000000000002,195.1,197.24999999999997,22309060000
2019-06-11,197.5,205.725,196.27499999999998,200.0,75776060000
2019-06-13,200.07500000000005,203.25,198.925,203.25,24213910000
2019-06-14,202.75,204.5,201.60000000000005,201.60000000000005,19482200000
2019-06-17,201.74999999999997,204.65,200.59999999999997,202.425,18499440000
2019-06-18,202.5,203.325,200.15,202.2,18823990000
2019-06-19,201.99999999999994,203.30000000000004,200.175,201.15,17272360000
2019-06-20,201.74999999999997,203.00000000000003,200.42500000000004,202.075,30958520000
2019-06-21,197.5,201.0,197.37499999999997,201.0,31454450000
2019-06-24,199.95000000000002,206.425,199.24999999999997,203.625,39795090000
2019-06-25,203.45,204.5,201.0,202.875,19502910000
2019-06-26,202.75,204.125,201.25,201.3,14117000000
2019-06-27,201.525,202.29999999999998,200.25000000000006,200.64999999999995,14005770000
2019-06-28,201.25,202.17499999999995,199.35000000000002,199.4,10281340000
2019-07-01,200.95,203.5,199.77500000000003,201.25,20891210000
2019-07-02,201.9,202.675,200.75,202.5,10631460000
2019-07-03,201.60000000000005,203.00000000000003,201.12499999999997,202.925,11268790000
2019-07-04,203.075,210.97500000000002,202.625,206.975,74654900000
2019-07-05,207.32500000000002,208.17499999999998,206.35000000000005,206.775,40369620000
2019-07-08,206.25,214.625,203.57500000000002,212.75,88335210000
2019-07-09,212.75,216.72499999999997,211.75,215.65,55492090000
2019-07-10,216.475,221.99999999999997,215.52499999999998,219.64999999999995,84692430000
2019-07-11,220.75,225.0,216.225,219.99999999999994,84576050000
2019-07-12,219.02499999999998,222.25000000000003,212.70000000000002,219.99999999999994,66589810000
2019-07-15,220.725,223.95000000000002,218.2,219.94999999999996,43244330000
2019-07-16,219.975,220.20000000000002,214.89999999999995,215.05,28768430000
2019-07-17,214.99999999999997,217.45000000000002,212.05,212.225,31768990000
2019-07-18,211.97499999999997,214.37500000000003,210.04999999999998,210.9,35284090000
2019-07-19,212.25,214.25,211.0,212.0,19358720000
2019-07-22,212.75,219.5,210.20000000000002,217.025,52647920000
2019-07-23,217.97500000000002,219.99999999999994,216.1,216.14999999999998,25859010000
2019-07-24,217.29999999999998,218.29999999999995,213.1,214.75,21868240000
2019-07-25,214.99999999999997,218.45,212.60000000000002,215.75,22619620000
2019-07-26,215.275,216.1,212.75,213.49999999999997,21292670000
2019-07-29,213.84999999999997,215.5,212.35,214.05,13536160000
2019-07-30,214.50000000000003,215.3,212.825,214.0,10939130000
2019-07-31,214.125,214.75,212.50000000000003,212.50000000000003,14277630000
2019-08-01,211.97499999999997,213.9,211.25,212.675,17798840000
2019-08-02,209.97499999999997,211.0,207.15,210.075,62242000000
2019-08-05,209.7,214.20000000000002,207.5,207.725,29032060000
2019-08-06,208.44999999999996,209.55,207.25,208.0,19908100000
2019-08-07,208.025,209.1,203.75,204.25,34140210000
2019-08-08,205.425,207.45,200.625,205.00000000000006,58700620000
2019-08-09,204.5,204.5,202.29999999999998,203.00000000000003,15351250000
2019-08-12,203.45,204.75,202.625,203.00000000000003,14157810000
2019-08-13,203.025,203.27499999999998,199.42499999999998,201.1,27723910000
2019-08-14,201.60000000000005,201.77500000000003,194.60000000000002,195.05,31912630000
2019-08-15,196.0,196.825,192.45000000000005,193.14999999999998,30324310000
2019-08-16,194.07500000000002,195.32500000000005,190.5,190.5,21608420000
2019-08-19,191.75,192.875,190.7,191.82500000000002,23063280000
2019-08-20,191.65,197.59999999999997,191.65,196.6,39483860000
2019-08-21,197.0,198.77499999999995,195.70000000000002,196.64999999999998,20314050000
2019-08-22,196.64999999999998,196.90000000000003,192.84999999999997,192.84999999999997,17449850000
2019-08-23,193.0,193.87499999999997,189.725,190.525,25460990000
2019-08-26,189.50000000000003,191.97500000000002,188.85,190.29999999999998,18242990000
2019-08-27,190.725,191.89999999999998,189.425,191.89999999999998,19712780000
2019-08-28,192.20000000000002,192.57500000000002,190.425,192.35,15007890000
2019-08-29,192.225,194.9,191.35,192.9,24466780000
2019-08-30,192.65,193.95,191.425,193.4,22723510000
2019-09-02,193.4,198.4,193.04999999999998,197.02500000000003,30823490000
2019-09-03,197.225,198.675,194.55,196.0,23483670000
2019-09-04,197.02500000000003,215.475,196.875,214.55,172677690000
2019-09-05,215.75,219.99999999999994,208.25,210.025,114421060000
2019-09-06,210.49999999999997,212.825,207.75000000000003,209.75000000000003,35052460000
2019-09-09,210.72500000000002,211.65,207.04999999999998,207.5,23496310000
2019-09-10,207.875,214.15,206.22500000000002,213.25,58242810000
2019-09-11,213.975,215.24999999999994,211.79999999999998,213.49999999999997,34861520000
2019-09-12,213.0,216.5,212.29999999999998,214.37500000000003,35521630000
2019-09-13,214.4,215.72500000000002,211.49999999999994,212.50000000000003,20266140000
2019-09-16,213.45,213.92499999999998,210.4,213.35,19779010000
2019-09-17,213.0,213.95000000000002,210.6,211.70000000000002,23440700000
2019-09-18,211.67499999999995,214.6,211.1,212.775,26237130000
2019-09-19,212.80000000000004,213.49999999999997,211.27500000000003,212.275,19273210000
2019-09-20,212.0,212.575,209.4,212.0,18899390000
2019-09-23,211.9,212.95000000000002,209.4,210.35000000000002,12162500000
2019-09-24,211.0,217.49999999999997,210.35000000000002,210.375,60544100000
2019-09-25,210.0,212.375,207.575,211.49999999999994,22588880000
2019-09-26,211.04999999999998,216.0,210.62499999999997,214.6,33782810000
2019-09-27,214.75,214.89999999999995,213.15000000000003,213.475,9624050000
2019-09-30,213.7,213.825,210.025,212.97500000000005,15515520000
2019-10-01,212.725,214.075,211.49999999999994,211.49999999999994,9337040000
2019-10-02,211.49999999999994,212.50000000000003,206.475,206.55,25627160000
2019-10-03,206.57500000000002,207.85000000000002,202.17499999999995,204.5,41995900000
2019-10-04,205.39999999999995,206.45,203.27499999999998,203.75,15179030000
2019-10-07,204.75,208.20000000000002,203.4,207.32500000000002,17008110000
2019-10-08,207.7,207.7,203.27499999999998,203.27499999999998,19893050000
2019-10-09,203.30000000000004,206.50000000000003,203.30000000000004,203.99999999999997,14673630000
2019-10-10,204.04999999999995,206.74999999999994,203.325,206.74999999999994,13333850000
2019-10-11,207.12499999999997,211.97499999999997,206.975,209.62500000000003,34354720000
2019-10-14,209.7,210.9,207.525,208.74999999999997,12970040000
2019-10-15,208.74999999999997,209.72500000000002,206.50000000000003,208.5,15549760000
2019-10-16,209.35,210.79999999999998,208.62499999999994,209.9,11976390000
2019-10-17,209.875,210.82500000000002,208.525,210.025,8851320000
2019-10-18,210.0,215.5,209.4,214.0,34679150000
2019-10-21,214.89999999999995,220.29999999999998,214.6,218.2,49294400000
2019-10-22,219.85000000000002,219.85000000000002,216.59999999999997,218.5,23986860000
2019-10-23,218.275,218.29999999999995,211.39999999999998,216.0,52946890000
2019-10-24,215.95,215.95,212.65,214.27499999999998,28824840000
2019-10-25,214.3,216.5,211.87500000000003,214.925,30165350000
2019-10-28,215.4,217.70000000000002,213.275,214.125,22783580000
2019-10-29,214.125,215.3,212.97500000000005,215.3,14475340000
2019-10-30,215.75,219.375,214.72499999999994,217.49999999999997,35116580000
2019-10-31,217.94999999999996,218.8,213.49999999999997,215.45000000000002,28055700000
2019-11-01,215.37499999999997,216.65,214.1,215.72500000000002,16201530000
2019-11-05,218.5,220.5,217.0,220.12499999999997,30721450000
2019-11-06,220.12499999999997,223.39999999999998,219.0,221.00000000000003,89818010000
2019-11-07,220.17499999999995,223.75,218.02499999999998,221.5,50741450000
2019-11-08,220.82500000000002,231.25,219.05,230.0,100806820000
2019-11-11,230.375,236.7,228.375,234.75,95332660000
2019-11-12,234.97500000000002,240.0,232.975,235.0,75167860000
2019-11-13,234.175,240.0,229.75,236.64999999999998,71195710000
2019-11-14,237.5,239.4,232.32500000000005,235.32500000000002,47914520000
2019-11-15,235.29999999999998,235.72500000000002,232.65,234.60000000000002,23204580000
2019-11-18,233.77499999999998,236.1,230.7,231.0,24715930000
2019-11-19,231.3,234.75,230.5,232.3,22817710000
2019-11-20,230.7,232.25,228.67499999999998,230.0,25076850000
2019-11-21,229.50000000000003,231.875,227.8,229.97499999999997,21408010000
2019-11-22,230.175,231.79999999999998,229.60000000000002,230.95000000000002,14648100000
2019-11-25,231.14999999999998,232.95,230.5,231.25,10532000000
2019-11-26,231.49999999999997,231.82500000000002,228.525,229.375,21916290000
2019-11-27,229.35,230.0,228.77499999999998,229.0,10459450000
2019-11-28,229.04999999999998,229.67499999999995,226.5,227.14999999999998,18181300000
2019-11-29,226.79999999999998,228.4,225.45,226.65,20112070000
2019-12-02,227.5,228.14999999999995,223.825,224.57499999999996,25424410000
2019-12-03,224.32500000000002,224.825,220.075,221.225,29181220000
2019-12-04,220.65,223.92499999999998,219.525,222.97500000000002,20635620000
2019-12-05,223.425,224.22500000000002,221.34999999999994,223.575,11720720000
2019-12-06,223.575,226.375,223.1,226.375,16962870000
2019-12-09,226.35,227.25,224.07500000000002,227.25,18242500000
2019-12-10,226.10000000000002,228.25000000000003,224.825,225.85000000000002,17959850000
2019-12-11,225.925,227.42499999999998,225.5,226.52499999999998,12330540000
2019-12-12,226.775,227.25,225.37499999999997,226.775,16774560000
2019-12-13,227.375,232.79999999999998,227.00000000000003,231.75,43271730000
2019-12-16,231.89999999999998,234.92499999999998,231.75,232.55,27047280000
2019-12-17,233.10000000000002,233.925,232.10000000000002,232.75,14654050000
2019-12-18,232.7,235.0,230.95000000000002,234.60000000000002,22032700000
2019-12-19,234.20000000000005,236.07499999999996,230.0,232.57500000000002,34847580000
2019-12-20,233.04999999999998,233.475,230.54999999999998,231.49999999999997,17237600000
2019-12-23,231.525,233.275,231.525,232.52499999999998,11769950000
2019-12-24,233.4,233.525,231.49999999999997,231.75,9577350000
2019-12-25,231.99999999999997,232.42499999999998,229.65,229.9,12430690000
2019-12-26,229.97499999999997,230.80000000000004,229.35,230.0,10110880000
2019-12-27,230.5,230.85000000000002,228.77499999999998,229.39999999999998,15598600000
2019-12-30,229.95000000000002,230.95000000000002,229.32500000000002,229.50000000000003,11859280000
2020-01-03,230.725,231.7,229.97499999999997,231.20000000000002,11909550000
2020-01-06,230.54999999999998,230.97500000000002,229.65,230.54999999999998,8017580000
2020-01-08,231.05,235.0,231.0,232.62499999999997,28820270000
2020-01-09,234.14999999999998,236.5,232.875,235.37500000000003,29512690000
2020-01-10,235.75,239.45000000000002,235.02499999999998,238.00000000000003,29926040000
2020-01-13,238.5,241.25,238.05,240.30000000000004,32648660000
2020-01-14,240.75,242.12500000000006,235.50000000000003,236.3,39584050000
2020-01-15,236.1,240.75,233.5,234.02500000000003,59834060000
2020-01-16,235.1,239.12499999999997,235.0,239.12499999999997,30869390000
2020-01-17,239.04999999999998,240.99999999999997,238.5,240.175,28034470000
2020-01-20,241.22500000000002,244.20000000000002,240.0,240.07500000000002,44846630000
2020-01-21,240.07500000000002,251.25000000000003,237.07500000000002,249.05,156573160000
2020-01-22,249.5,251.25000000000003,244.42499999999998,244.85,51858400000
2020-01-23,242.975,247.25,240.99999999999997,242.5,43270260000
2020-01-24,243.85,245.57499999999996,240.0,240.0,39924570000
2020-01-27,237.5,238.35,231.25,234.1,50776730000
2020-01-28,235.60000000000002,236.475,232.125,236.0,26075830000
2020-01-29,236.75000000000003,238.90000000000006,235.0,237.7,34516560000
2020-01-30,236.625,238.675,235.05,235.225,22479350000
2020-01-31,237.05,237.79999999999998,231.99999999999997,231.99999999999997,30120300000
2020-02-03,230.0,232.82500000000002,229.175,230.74999999999997,29255480000
2020-02-04,231.79999999999998,237.17499999999998,231.65,236.275,38560410000
2020-02-05,236.625,240.875,235.125,238.4,39548110000
2020-02-06,240.0,241.74999999999997,238.55,240.375,30435590000
2020-02-07,240.2,241.15,237.0,240.45000000000002,17589390000
2020-02-10,240.99999999999997,242.5,237.0,237.0,34916240000
2020-02-11,238.00000000000003,238.95000000000002,237.1,237.20000000000005,28048400000
2020-02-12,237.5,240.25,237.25000000000003,239.35000000000002,19686100000
2020-02-13,238.90000000000006,241.8,237.925,240.0,28699430000
2020-02-14,240.525,241.25,238.675,239.42499999999998,11631800000
2020-02-17,240.47500000000002,240.9,239.4,240.47500000000002,9212240000
2020-02-18,239.625,239.97500000000002,236.0,236.02499999999998,23776690000
2020-02-19,237.1,237.89999999999998,236.4,237.35,13813580000
2020-02-20,238.00000000000003,238.925,237.54999999999998,237.54999999999998,12629910000
2020-02-21,236.875,240.49999999999997,236.0,239.8,19858660000
2020-02-25,236.85000000000002,241.375,236.1,236.475,53161810000
2020-02-26,235.25,238.7,232.6,236.15,52366390000
2020-02-27,234.72499999999997,235.64999999999998,226.55,226.95,46448270000
2020-02-28,221.00000000000003,222.47500000000002,212.14999999999998,216.65,89304060000
2020-03-02,220.85,222.2,213.075,214.99999999999997,64404120000
2020-03-03,218.64999999999998,220.95000000000005,214.17499999999998,216.275,50770690000
2020-03-04,214.17499999999998,219.0,213.49999999999997,215.775,28914560000
2020-03-05,217.875,218.9,214.625,215.35,25439920000
2020-03-06,213.0,213.0,204.17499999999998,206.1,62608260000
2020-03-10,185.5,198.5,173.9,187.25,101031410000
2020-03-11,191.5,191.5,180.85,181.775,58794660000
2020-03-12,174.975,174.975,153.67499999999998,155.60000000000002,147127700000
2020-03-13,158.775,164.975,156.0,157.875,130916070000
2020-03-16,151.65,154.725,143.775,150.75,118854640000
2020-03-17,151.1,157.20000000000002,144.525,148.675,90650580000
2020-03-18,145.5,146.95000000000002,138.0,140.69999999999996,90604990000
2020-03-19,142.5,153.25,139.275,152.85,101200110000
2020-03-20,155.82500000000002,165.125,155.45,157.5,117473160000
2020-03-23,150.25,162.37499999999997,150.25,158.00000000000003,80082710000
2020-03-24,165.125,167.475,162.0,164.4,63291310000
2020-03-25,168.0,177.425,158.5,164.0,131955800000
2020-03-26,163.47500000000002,167.0,160.49999999999997,162.5,64717070000
2020-03-27,164.75,164.75,154.275,155.5,60796540000
2020-03-30,153.7,158.975,149.1,158.25,78153550000
2020-03-31,161.725,163.47500000000002,158.975,162.99999999999997,72341470000
2020-04-01,158.20000000000002,161.9,157.79999999999998,160.15,57942320000
2020-04-02,163.85,164.975,155.875,160.875,83791020000
2020-04-03,160.0,162.99999999999997,159.125,160.39999999999998,69403500000
2020-04-06,162.5,169.3,161.85000000000002,168.35,85024250000
2020-04-07,170.75,176.0,170.125,171.85,129602330000
2020-04-08,171.85,175.00000000000003,169.6,175.00000000000003,62953000000
2020-04-09,178.02499999999998,184.70000000000002,176.87499999999997,182.0,126405020000
2020-04-10,181.00000000000003,183.9,177.49999999999997,182.95,63274590000
2020-04-13,182.87500000000003,185.625,179.075,179.5,70638440000
2020-04-14,182.0,182.25000000000003,175.975,177.07500000000002,58137130000
2020-04-15,175.6,175.925,165.87500000000003,166.2,89841270000
2020-04-16,167.45,172.32500000000002,163.5,170.0,87102260000
2020-04-17,174.0,174.0,170.0,171.5,40591000000
2020-04-20,169.5,171.375,168.0,169.025,40668330000
2020-04-21,166.54999999999998,166.9,163.20000000000002,165.5,60632240000
2020-04-22,164.75,170.85,163.55,170.0,55754430000
2020-04-23,171.25,172.275,169.10000000000002,171.35000000000002,43622580000
2020-04-24,170.475,170.8,168.0,168.525,35756070000
2020-04-27,168.5,170.42499999999998,168.25,169.5,22889990000
2020-04-28,169.375,175.00000000000003,168.925,172.50000000000003,56795800000
2020-04-29,173.75000000000003,176.14999999999998,173.25,175.975,38851640000
2020-04-30,178.0,179.17499999999998,173.79999999999998,174.5,44164690000
2020-05-04,172.50000000000003,175.5,170.525,174.3,32897410000
2020-05-05,176.325,178.275,175.79999999999998,177.375,29973320000
2020-05-06,177.475,179.47500000000002,176.525,176.55,33139220000
2020-05-07,177.25,179.7,176.87499999999997,177.65,26874870000
2020-05-08,178.05,178.92499999999998,175.25,176.87499999999997,27298050000
2020-05-12,176.8,177.55,175.5,175.925,20395570000
2020-05-13,175.00000000000003,175.20000000000002,171.025,171.025,34688080000
2020-05-14,170.20000000000002,172.50000000000003,169.57500000000002,171.55,28918490000
2020-05-15,173.1,174.25,171.07500000000002,171.07500000000002,21677280000
2020-05-18,173.1,175.225,172.50000000000003,174.95,25536360000
2020-05-19,175.5,177.15,173.35,174.15,30088980000
2020-05-20,173.975,176.175,173.15,176.04999999999998,27893940000
2020-05-21,176.3,177.1,173.925,174.79999999999998,34193070000
2020-05-22,173.5,174.4,172.64999999999998,173.35,21239030000
2020-05-25,174.025,175.45000000000002,174.025,175.025,11943430000
2020-05-26,175.9,177.85,175.3,175.5,28693510000
2020-05-27,175.45000000000002,178.25,175.25,176.95,36437990000
2020-05-28,177.975,180.3,177.04999999999998,179.85000000000002,40127180000
2020-05-29,179.5,181.55,176.5,181.55,41176300000
2020-06-01,182.1,183.65,181.35,183.2,38481470000
2020-06-02,183.70000000000002,185.875,183.25,185.875,46046810000
2020-06-03,186.3,189.9,186.25,189.9,45953780000
2020-06-04,189.35,189.50000000000003,184.0,185.75,48038880000
2020-06-05,186.55,188.375,185.95000000000002,187.97500000000002,31463070000
2020-06-08,188.75,189.725,187.0,188.475,36997900000
2020-06-09,189.0,189.175,185.825,188.5,27801740000
2020-06-10,188.85,189.07500000000002,186.82500000000002,187.9,22764120000
2020-06-11,186.35,186.4,182.2,183.725,36959020000
2020-06-15,180.75,185.25,179.15,184.22500000000002,28893720000
2020-06-16,185.99999999999997,187.14999999999998,184.0,184.4,25790530000
2020-06-17,184.6,185.79999999999998,182.25000000000003,182.5,24866380000
2020-06-18,182.14999999999998,182.475,179.15,179.5,32679350000
2020-06-19,180.6,181.75,176.275,176.275,53976150000
2020-06-22,177.0,178.74999999999997,176.14999999999998,177.825,36664210000
2020-06-23,177.725,179.4,177.15,177.70000000000002,20512740000
2020-06-25,175.52499999999998,178.0,174.875,178.0,26359740000
2020-06-26,177.9,178.5,175.20000000000002,175.75,19433400000
2020-06-29,175.875,177.55,174.225,177.425,19417280000
2020-06-30,177.1,177.75,174.6,175.25,21458800000
2020-07-02,175.65,177.9,175.65,177.04999999999998,21612520000
2020-07-03,177.575,178.475,176.9,178.35,16978650000
2020-07-06,179.875,180.79999999999998,179.0,180.4,25804320000
2020-07-07,179.975,180.0,178.275,178.675,21095430000
2020-07-08,178.525,178.74999999999997,176.375,177.55,28616380000
2020-07-09,178.2,178.2,175.00000000000003,175.875,25571990000
2020-07-10,174.7,176.275,174.3,176.175,21517570000
2020-07-13,176.8,176.97500000000002,174.775,175.00000000000003,21755330000
2020-07-14,175.05,175.275,170.9,174.57500000000002,37320990000
2020-07-15,175.00000000000003,175.275,173.7,174.975,20380650000
2020-07-16,173.79999999999998,174.7,173.12500000000003,174.05,14545360000
2020-07-17,174.075,174.4,173.02499999999998,174.0,15442940000
2020-07-20,174.0,185.675,173.25,185.5,107900140000
2020-07-21,185.75,193.6,185.75,190.35,140523650000
2020-07-22,189.92499999999998,191.75,187.6,189.45,50343730000
2020-07-23,190.725,191.025,185.79999999999998,187.325,37908140000
2020-07-24,187.45000000000002,190.12500000000003,185.6,189.75,29501100000
2020-07-27,190.5,197.5,190.22500000000002,196.05,90604760000
2020-07-28,196.5,197.57500000000002,193.7,194.525,32229060000
2020-07-29,194.1,196.475,192.49999999999997,196.2,40381380000
2020-07-30,192.49999999999997,195.575,191.25,193.04999999999998,45253480000
2020-07-31,192.20000000000002,194.49999999999997,192.20000000000002,193.77499999999998,28315540000
2020-08-03,194.175,200.67499999999998,193.80000000000004,200.625,66517620000
2020-08-04,201.0,203.52499999999995,199.24999999999997,201.92499999999998,43705150000
2020-08-05,202.64999999999998,203.625,190.54999999999998,192.75,187088610000
2020-08-06,192.79999999999998,193.9,187.14999999999998,189.15,85657880000
2020-08-07,189.1,189.70000000000002,182.97500000000002,183.60000000000002,100285270000
2020-08-10,183.50000000000003,185.25,182.55,183.775,40059580000
2020-08-11,183.25,187.275,183.025,184.64999999999998,59060670000
2020-08-12,185.85,188.5,184.675,188.39999999999998,39962170000
2020-08-13,187.95,189.92499999999998,187.275,188.2,34535440000
2020-08-14,188.9,189.225,186.375,188.6,25084530000
2020-08-17,189.25,190.5,186.85,188.04999999999998,36069770000
2020-08-18,187.875,188.67499999999998,185.85,186.775,19458890000
2020-08-19,186.6,188.29999999999998,186.225,187.225,18066600000
2020-08-20,186.62499999999997,186.72500000000002,183.55,184.85000000000002,29008710000
2020-08-21,185.05,185.5,180.37500000000003,181.8,34656660000
2020-08-24,182.29999999999998,183.29999999999998,180.025,181.575,41049570000
2020-08-25,181.6,182.29999999999998,178.25,179.25,36272520000
2020-08-26,178.95000000000002,180.4,176.8,180.325,31798930000
2020-08-27,180.25,181.85,179.75,180.45,22391500000
2020-08-28,180.775,181.375,179.0,179.75,15121180000
2020-08-31,180.3,180.975,175.275,176.87499999999997,29831200000
2020-09-01,177.175,180.42499999999998,176.85,180.325,24617740000
2020-09-02,180.5,180.79999999999998,175.79999999999998,177.775,29992580000
2020-09-03,177.67499999999998,178.1,174.625,175.4,34146140000
2020-09-04,174.925,177.0,174.025,176.67499999999998,20974240000
2020-09-07,176.24999999999997,177.225,175.42499999999998,176.04999999999998,14155070000
2020-09-08,176.24999999999997,176.42499999999998,172.50000000000003,174.125,26895620000
2020-09-09,174.15,175.3,173.54999999999998,175.15,14808510000
2020-09-10,175.25,177.425,173.075,175.75,24680060000
2020-09-11,176.2,177.2,175.45000000000002,177.1,13257920000
2020-09-14,177.65,179.375,177.39999999999998,179.0,24480920000
2020-09-15,179.15,181.25,178.175,180.925,24933190000
2020-09-16,181.20000000000002,181.72500000000002,178.425,178.975,22062020000
2020-09-17,178.05,178.85000000000002,176.725,178.525,24480770000
2020-09-18,178.8,179.0,176.275,177.45000000000002,22396030000
2020-09-21,177.375,177.375,172.75,174.27499999999998,27058740000
2020-09-22,174.17499999999998,175.575,171.5,173.17499999999998,51071170000
2020-09-23,173.0,174.37500000000003,171.5,171.77499999999998,27369640000
2020-09-24,170.7,173.0,170.1,171.375,35481010000
2020-09-25,171.70000000000002,171.95,169.55,171.125,18763710000
2020-09-28,171.275,172.95000000000002,170.85,172.475,18386560000
2020-09-29,172.50000000000003,174.4,168.15,172.9,33614040000
2020-09-30,172.725,173.75000000000003,171.35000000000002,172.375,19438520000
2020-10-01,173.22500000000002,173.525,170.75,171.25,14037380000
2020-10-02,168.7,169.5,167.54999999999998,169.17499999999998,19757220000
2020-10-05,169.75,169.9,168.0,168.75,14806130000
2020-10-06,168.725,170.325,168.47500000000002,168.95000000000002,14221960000
2020-10-07,168.99999999999997,169.75,165.95,167.02499999999998,23753780000
2020-10-08,167.0,167.525,165.275,166.975,18563020000
2020-10-09,167.375,167.375,165.025,166.025,13953360000
2020-10-12,165.97500000000002,167.7,165.575,166.15,13353250000
2020-10-13,165.9,166.9,164.575,165.2,12164670000
2020-10-14,164.82500000000002,166.475,164.025,166.125,12838710000
2020-10-15,165.6,165.92499999999998,162.025,163.275,25034160000
2020-10-16,162.99999999999997,163.375,160.025,160.1,19953610000
2020-10-19,160.60000000000002,161.475,158.125,158.62500000000003,21276610000
2020-10-20,159.0,169.9,157.5,169.45000000000002,107520980000
2020-10-21,169.79999999999998,173.35,166.625,168.0,91922600000
2020-10-22,167.0,173.9,166.25,173.2,65648000000
2020-10-23,173.05,175.72500000000002,171.35000000000002,173.925,39225860000
2020-10-26,173.625,173.64999999999998,169.42499999999998,170.575,26684250000
2020-10-27,170.8,172.125,167.0,167.175,23796420000
2020-10-28,167.175,167.175,161.0,161.12499999999997,35777770000
2020-10-29,161.85000000000002,165.5,160.25,163.79999999999998,39284930000
2020-10-30,162.37499999999997,166.1,161.1,163.325,30379460000
2020-11-02,163.15,164.575,160.49999999999997,164.325,24608640000
2020-11-03,165.0,166.475,163.52499999999998,164.77499999999998,34418860000
2020-11-05,167.1,168.95000000000002,165.77499999999998,168.225,40427060000
2020-11-06,167.85000000000002,168.625,166.0,168.025,23497920000
2020-11-09,169.5,173.1,168.125,171.95,65190950000
2020-11-10,171.9,174.17499999999998,170.82500000000002,173.2,36265150000
2020-11-11,173.54999999999998,176.1,170.6,170.7,59201710000
2020-11-12,170.0,183.025,169.25,179.675,108567640000
2020-11-13,179.64999999999998,185.25,178.725,183.0,107156980000
2020-11-16,184.74999999999997,186.5,183.025,185.99999999999997,87168040000
2020-11-17,185.95000000000002,186.225,179.5,181.00000000000003,67093790000
2020-11-18,180.05,183.39999999999998,177.175,180.25,42886420000
2020-11-19,180.25,181.325,178.45,180.5,27247570000
2020-11-20,180.5,184.22500000000002,180.25,182.725,34485610000
2020-11-23,183.35,185.0,181.275,182.65,31805190000
2020-11-24,183.475,184.975,182.175,184.675,31575580000
2020-11-25,184.70000000000002,185.75,182.225,184.1,51552500000
2020-11-26,184.32500000000002,187.20000000000002,183.0,185.0,71428160000
2020-11-27,185.5,191.0,183.92499999999998,188.825,110563390000
2020-11-30,188.525,189.25,185.025,186.05,44631670000
2020-12-01,186.925,189.125,186.35,188.5,29865660000
2020-12-02,187.75,190.25,187.35000000000002,189.85,33249460000
2020-12-03,189.95000000000002,192.15000000000003,186.7,188.77499999999998,46394130000
2020-12-04,189.2,190.5,188.5,189.175,39952560000
2020-12-07,189.0,189.92499999999998,187.225,187.45000000000002,25906660000
2020-12-08,187.42499999999998,189.0,185.25,187.4,26201790000
2020-12-09,187.65,189.70000000000002,186.25,186.6,31229180000
2020-12-10,187.125,190.7,186.15,190.15,47836870000
2020-12-11,190.375,191.14999999999998,188.5,189.725,35754990000
2020-12-14,190.75000000000006,193.475,187.5,189.15,63805610000
2020-12-15,188.525,190.2,188.04999999999998,188.825,39280020000
2020-12-16,189.125,192.49999999999997,188.5,191.57500000000002,64512440000
2020-12-17,191.75,194.70000000000002,190.02499999999998,191.75,48357600000
2020-12-18,190.75000000000006,191.82500000000002,189.125,190.75000000000006,29665660000
2020-12-21,189.8,190.22500000000002,182.575,185.89999999999998,58560480000
2020-12-22,184.5,187.7,183.775,186.025,27838570000
2020-12-23,186.47500000000002,190.725,185.775,189.725,33251380000
2020-12-24,190.75000000000006,191.35,188.35000000000002,189.15,17867390000
2020-12-25,189.2,190.375,189.0,189.75,9899430000
2020-12-28,191.5,191.57500000000002,189.50000000000003,190.05,18439690000
2020-12-29,190.9,191.1,187.325,188.77499999999998,16673280000
2020-12-30,189.45,190.9,187.5,189.475,17776870000
2021-01-04,190.5,192.6,189.0,189.625,23944330000
2021-01-05,189.625,193.0,189.275,192.225,28792370000
2021-01-06,192.9,192.975,190.25,191.17499999999998,25475760000
2021-01-08,192.57500000000002,195.475,192.225,194.70000000000002,39651860000
2021-01-11,193.725,200.25000000000006,192.05,199.45000000000002,60323050000
2021-01-12,200.225,202.75,198.75,200.875,50005080000
2021-01-13,201.0,202.29999999999998,197.54999999999998,198.675,37111550000
2021-01-14,198.94999999999996,200.49999999999997,196.3,199.375,26622860000
2021-01-15,198.675,207.2,196.0,197.79999999999998,84249390000
2021-01-18,196.875,197.20000000000005,193.77499999999998,195.8,39201640000
2021-01-19,197.35,197.37499999999997,192.75,193.225,33876040000
2021-01-20,193.4,194.55,193.0,193.95,24794300000
2021-01-21,194.9,194.95,188.95,189.35,37890030000
2021-01-22,188.25000000000003,188.70000000000002,185.4,186.85,33448360000
2021-01-25,188.0,189.50000000000003,187.025,188.6,25857840000
2021-01-26,187.75,189.125,186.75,188.6,18564990000
2021-01-27,189.0,189.425,185.1,185.32500000000002,24568050000
2021-01-28,185.0,186.6,182.0,185.45,34129890000
2021-01-29,184.675,184.775,182.75,183.175,22255430000
2021-02-01,184.0,185.725,183.175,184.725,20879260000
2021-02-02,185.5,187.65,184.25,184.725,27939660000
2021-02-03,185.7,186.875,183.75,185.0,22615290000
2021-02-04,184.6,187.0,184.6,186.89999999999998,18429970000
2021-02-05,187.275,190.375,186.57500000000002,189.425,29792610000
2021-02-08,190.1,191.7,190.1,191.425,20104930000
2021-02-09,191.99999999999997,192.125,187.95,189.025,25175230000
2021-02-10,189.25,190.35,186.4,186.85,16866700000
2021-02-11,187.0,188.65,186.17499999999998,187.35000000000002,12237700000
2021-02-12,186.57500000000002,188.45000000000002,184.725,188.425,20143020000
2021-02-15,189.2,190.725,188.75,190.4,21421400000
2021-02-16,190.75000000000006,191.125,188.5,189.45,15731190000
2021-02-17,189.275,191.5,186.89999999999998,188.39999999999998,23409080000
2021-02-18,188.67499999999998,188.67499999999998,183.775,184.70000000000002,25715150000
2021-02-19,184.02499999999998,187.325,183.575,186.89999999999998,20674660000
2021-02-22,187.325,188.125,184.85000000000002,186.75,10337580000
2021-02-24,185.99999999999997,187.9,185.54999999999998,187.4,16615080000
2021-02-25,187.75,190.5,186.62499999999997,187.075,36458160000
2021-02-26,186.4,188.6,184.8,185.37499999999997,33570090000
2021-03-01,186.275,187.3,186.075,186.925,14719430000
2021-03-02,186.47500000000002,188.65,185.625,188.025,19735210000
2021-03-03,188.85,190.425,186.5,187.225,25685690000
2021-03-04,187.4,188.77499999999998,184.25,184.875,31210100000
2021-03-05,185.825,188.0,184.825,187.95,25894490000
2021-03-09,188.2,193.175,187.97500000000002,192.32499999999996,40891710000
2021-03-10,191.5,195.45,190.425,191.54999999999998,26424890000
2021-03-11,192.35,193.275,189.07500000000002,191.325,24737460000
2021-03-12,191.4,191.47500000000002,189.875,190.875,12851650000
2021-03-15,191.5,194.0,191.025,192.84999999999997,22968780000
2021-03-16,192.45000000000005,194.60000000000002,191.5,193.82500000000002,19205050000
2021-03-17,193.55,194.125,189.225,191.075,26216840000
2021-03-18,191.65,192.25,187.225,188.04999999999998,26270740000
2021-03-19,188.25000000000003,190.15,187.10000000000002,189.25,27791790000
2021-03-22,189.39999999999998,193.0,188.6,190.79999999999995,29558520000
2021-03-23,190.45,191.45,188.125,189.0,22980950000
2021-03-24,189.95000000000002,190.97499999999997,189.07500000000002,189.575,13796240000
2021-03-25,189.60000000000002,190.825,188.35000000000002,190.25,13874130000
2021-03-26,190.5,192.3,190.5,191.89999999999998,12087100000
2021-03-29,191.65,194.49999999999997,190.675,193.925,25068860000
2021-03-30,194.75,199.67499999999998,194.25,199.3,36327050000
2021-03-31,199.575,214.45,199.24999999999997,213.57500000000002,183384400000
2021-04-01,214.99999999999997,218.175,211.49999999999994,212.9,93832880000
2021-04-02,214.05,215.875,210.35000000000002,214.27499999999998,38690610000
2021-04-05,214.3,222.14999999999998,213.625,221.875,71705980000
2021-04-06,222.42499999999998,224.675,214.15,214.50000000000003,96213900000
2021-04-07,214.50000000000003,221.99999999999997,213.37499999999994,220.5,56021740000
2021-04-08,221.9,224.9,219.32500000000002,220.27499999999998,50377450000
2021-04-09,220.29999999999998,220.725,217.0,218.75,30692520000
2021-04-12,218.07500000000005,222.5,216.75,220.1,27505520000
2021-04-13,221.34999999999994,227.5,220.82500000000002,227.40000000000003,55400560000
2021-04-14,228.6,235.89999999999998,228.125,233.8,83229210000
2021-04-15,229.50000000000003,233.525,228.225,231.775,39619790000
2021-04-16,233.77499999999998,237.7,232.82500000000002,237.37500000000006,52252950000
2021-04-19,238.00000000000003,239.0,231.75,232.10000000000002,53903270000
2021-04-20,233.375,240.99999999999997,229.62499999999997,234.125,136890110000
2021-04-21,233.82500000000002,239.75,232.475,239.29999999999995,67800970000
2021-04-22,240.0,241.34999999999997,236.1,240.0,57180210000
2021-04-23,240.8,257.5,240.47500000000002,256.8,192194760000
2021-04-26,258.99999999999994,260.8,252.05,256.575,107433310000
2021-04-27,256.575,258.84999999999997,254.4,256.475,59692860000
2021-04-28,258.5,258.6,250.7,251.65,72041480000
2021-04-29,253.1,256.2,247.25,250.04999999999998,66675490000
2021-04-30,249.125,258.4,247.775,258.0,73640960000
2021-05-04,259.45,274.5,258.6,273.475,144393170000
2021-05-05,274.15,278.27500000000003,267.65000000000003,270.625,76302090000
2021-05-06,271.0,274.22499999999997,267.825,271.425,37973130000
2021-05-07,272.475,272.75,262.1,263.625,56926980000
2021-05-10,265.0,265.975,251.1,254.47500000000002,64939230000
2021-05-11,253.50000000000006,258.2,247.5,247.9,87188320000
2021-05-12,249.25,250.49999999999997,242.02499999999998,243.025,85049780000
2021-05-13,243.625,256.3,242.85000000000002,255.275,78539940000
2021-05-14,256.5,257.75,248.0,250.375,55320760000
2021-05-17,251.62500000000006,251.675,238.82500000000002,239.8,105454970000
2021-05-18,240.75,242.89999999999998,228.0,228.35000000000002,218991330000
2021-05-19,225.99999999999997,237.1,220.55,226.5,347106250000
2021-05-20,227.45000000000002,233.35000000000002,223.85,231.6,144574730000
2021-05-21,232.20000000000002,232.20000000000002,225.79999999999998,228.025,84414040000
2021-05-24,229.04999999999998,230.375,225.725,227.075,52735090000
2021-05-25,227.25,228.27499999999998,225.75,226.79999999999998,43748190000
2021-05-26,227.97499999999994,238.85,227.57500000000005,237.42500000000004,170850510000
2021-05-27,237.1,245.95,234.1,243.47500000000002,189409920000
2021-05-28,244.45000000000002,245.45000000000002,239.14999999999998,241.975,54170000000
2021-05-31,242.00000000000003,244.85,242.00000000000003,243.75,38982240000
2021-06-01,244.5,250.25,243.75,247.74999999999997,100717070000
2021-06-02,248.0,249.72500000000002,244.3,249.6,59829540000
2021-06-03,250.475,251.475,244.575,246.92500000000004,60119670000
2021-06-04,247.175,247.22500000000005,239.29999999999995,243.075,78832000000
2021-06-07,242.00000000000003,245.3,241.525,243.975,32929330000
2021-06-08,243.025,250.49999999999997,242.95000000000002,250.0,77005920000
2021-06-09,250.32500000000002,255.975,250.125,255.82500000000002,77691190000
2021-06-10,256.0,256.8,250.15000000000003,251.29999999999998,51286000000
2021-06-11,252.125,254.79999999999998,249.7,252.02499999999995,45933680000
2021-06-14,252.45,253.72499999999997,248.99999999999997,249.675,30648930000
2021-06-15,250.0,251.475,244.025,245.825,57347290000
2021-06-16,245.87499999999997,248.10000000000002,239.47499999999997,241.9,71934460000
2021-06-17,240.92499999999998,243.6,238.90000000000006,242.30000000000004,60685940000
2021-06-18,242.2,242.4,236.0,236.725,73770400000
2021-06-21,235.95000000000002,242.5,233.5,241.32500000000002,58898120000
2021-06-22,242.52499999999995,243.15,239.5,241.12499999999997,39051460000
2021-06-23,241.675,243.05,239.67499999999998,241.12499999999997,28804040000
2021-06-24,241.95000000000005,246.07500000000002,240.2,242.5,52390430000
2021-06-25,243.25,244.7,241.525,243.17499999999998,21849120000
2021-06-28,244.17500000000004,248.62500000000003,231.65,248.05,57720800000
2021-06-29,247.525,248.0,240.75,243.3,52177930000
2021-06-30,244.00000000000006,244.9,238.00000000000003,242.375,75766760000
2021-07-01,242.825,245.5,242.45,244.575,40345760000
2021-07-02,244.5,245.05,242.75000000000003,243.85,21938710000
2021-07-05,244.5,253.875,243.55,252.725,65528040000
2021-07-06,253.6,254.37499999999997,245.52500000000006,247.40000000000006,62108580000
2021-07-07,248.45000000000002,249.65,245.325,247.0,48489490000
2021-07-08,245.5,245.825,242.00000000000003,243.47500000000002,45351200000
2021-07-09,244.00000000000006,245.87499999999997,242.1,244.975,34227330000
2021-07-12,245.87499999999997,246.49999999999997,242.775,244.45000000000002,31075510000
2021-07-13,244.975,245.275,240.60000000000005,241.12499999999997,36670960000
2021-07-14,235.29999999999998,237.37500000000006,234.60000000000002,236.54999999999998,39409070000
2021-07-15,236.5,239.24999999999997,234.39999999999998,235.95000000000002,38177880000
2021-07-16,235.95000000000002,238.75,235.29999999999998,236.24999999999997,33683490000
2021-07-19,235.50000000000003,236.07499999999996,228.425,230.0,63337240000
2021-07-20,230.54999999999998,232.62499999999997,229.0,231.25,36798070000
2021-07-21,231.25,235.0,230.05,234.65,24714140000
2021-07-22,235.02499999999998,237.05,232.975,233.8,29547310000
2021-07-23,234.525,235.225,232.65,233.67500000000004,24867690000
2021-07-26,232.55,233.925,231.625,232.9,32573620000
2021-07-27,232.375,233.475,230.0,231.17499999999998,47609430000
2021-07-28,231.7,240.75,231.14999999999998,240.0,61946180000
2021-07-29,240.9,245.0,239.225,241.8,58818250000
2021-07-30,241.8,244.22499999999997,238.35,242.30000000000004,78405080000
2021-08-02,244.5,247.0,242.925,243.925,53898020000
2021-08-03,244.125,246.425,240.49999999999997,244.975,33810770000
2021-08-04,245.5,245.9,244.22499999999997,245.625,27363820000
2021-08-05,245.97500000000002,249.97500000000002,245.0,248.40000000000003,40718290000
2021-08-06,248.62500000000003,251.62500000000006,246.825,249.72500000000002,44808670000
2021-08-09,248.99999999999997,257.25,247.0,255.02500000000003,60263650000
2021-08-10,256.575,260.625,255.5,259.25,58438970000
2021-08-11,259.5,265.675,257.875,265.6,67710700000
2021-08-12,265.75,267.0,259.05,260.375,59329300000
2021-08-13,260.34999999999997,263.35,256.475,257.22499999999997,34631080000
2021-08-16,256.475,262.1,255.325,261.925,30976730000
2021-08-17,261.5,265.45,260.6,261.925,51879880000
2021-08-18,263.2,263.975,255.675,255.95,36490990000
2021-08-19,255.07500000000002,255.10000000000002,249.125,252.39999999999998,66391340000
2021-08-20,252.02499999999995,255.5,247.9,253.425,43960290000
2021-08-23,256.5,257.075,254.675,256.5,22210540000
2021-08-24,256.925,258.7,252.85,255.325,34832630000
2021-08-25,255.325,256.45,252.0,255.42499999999995,25778320000
2021-08-26,254.975,255.42499999999995,248.99999999999997,250.225,30235820000
2021-08-27,251.35000000000002,254.37499999999997,248.5,254.02499999999998,32760020000
2021-08-30,254.05,261.25,254.05,260.75,51014370000
2021-08-31,261.75,264.975,260.875,263.45,72035330000
2021-09-01,264.975,266.075,262.04999999999995,266.0,39277270000
2021-09-02,266.65000000000003,267.5,260.75,262.22499999999997,37365780000
2021-09-03,262.5,264.5,259.25,262.0,43189030000
2021-09-06,263.125,272.7,262.5,270.45,67941420000
2021-09-07,271.84999999999997,274.20000000000005,265.25,268.2,54765000000
2021-09-08,269.45000000000005,272.0,264.6,268.925,50190650000
2021-09-09,268.725,268.725,261.375,261.95,46956130000
2021-09-10,263.25,266.125,258.8,259.75,35974380000
2021-09-13,261.3,262.75,259.5,262.75,30557760000
2021-09-14,262.925,263.74999999999994,256.375,257.475,45208440000
2021-09-15,257.5,262.425,255.62499999999997,260.6,57187640000
2021-09-16,260.275,261.95,255.65,258.175,41156670000
2021-09-17,258.45,259.5,256.0,257.0,37151220000
2021-09-20,254.99999999999997,255.24999999999994,247.0,249.89999999999998,46809920000
2021-09-21,251.50000000000003,253.525,247.27499999999995,250.32500000000002,42526390000
2021-09-22,252.49999999999997,255.75,249.5,254.07499999999996,44786380000
2021-09-23,255.10000000000002,256.52500000000003,250.75,253.975,38198850000
2021-09-24,253.35,255.62499999999997,251.9,254.625,25084550000
2021-09-27,256.55000000000007,261.75,255.5,261.725,42822290000
2021-09-28,262.04999999999995,265.55,252.75,254.27499999999998,78959040000
2021-09-29,253.50000000000006,257.975,252.325,254.79999999999998,35803390000
2021-09-30,256.5,261.1,255.7,258.35,70653200000
2021-10-01,256.0,257.5,254.15,257.42499999999995,31149940000
2021-10-04,257.2,262.0,254.7,258.4,64568670000
2021-10-05,259.575,269.97499999999997,257.9,269.175,92936250000
2021-10-06,269.9,274.5,263.55,270.8,127269990000
2021-10-07,272.50000000000006,275.5,268.55,271.40000000000003,74049560000
2021-10-08,271.75,273.75,269.15000000000003,272.97499999999997,52697970000
2021-10-11,274.37500000000006,282.70000000000005,273.65,280.95,118934990000
2021-10-12,279.075,279.75,276.025,276.95,52446470000
2021-10-13,277.5,278.25,271.7,275.55,59028170000
2021-10-14,276.875,279.99999999999994,272.8,276.85,68298000000
2021-10-15,277.55,278.725,274.75,277.99999999999994,33865940000
2021-10-18,277.95,279.12500000000006,275.3,278.825,28718880000
2021-10-19,280.8,287.47499999999997,279.025,287.0,102520900000
2021-10-20,286.0,287.5,281.225,283.04999999999995,69284200000
2021-10-21,280.52500000000003,282.5,273.15,275.8,72413390000
2021-10-22,276.05,279.5,271.02500000000003,272.0,65835260000
2021-10-25,273.975,281.00000000000006,269.725,280.84999999999997,64228310000
2021-10-26,282.35,282.35,277.77500000000003,279.85,56846650000
2021-10-27,276.35,279.99999999999994,274.625,275.3,55368660000
2021-10-28,274.72499999999997,276.42499999999995,265.4,268.825,76534200000
2021-10-29,267.3,267.95,259.99999999999994,263.65,93372230000
2021-11-01,263.74999999999994,267.75000000000006,261.59999999999997,267.7,58834370000
2021-11-02,268.15,268.59999999999997,261.8,264.1,56291490000
2021-11-03,262.25,264.92499999999995,258.99999999999994,264.425,47906350000
2021-11-05,262.475,264.3,260.7,264.075,31850440000
2021-11-08,265.5,266.85,259.325,261.85,47162750000
2021-11-09,261.5,261.85,254.99999999999997,257.59999999999997,63058750000
2021-11-10,256.90000000000003,258.325,250.0,250.125,73397730000
2021-11-11,250.975,257.42499999999995,250.25,256.25,74250150000
2021-11-12,256.55000000000007,257.7,247.85000000000002,251.45000000000002,92696270000
2021-11-15,251.525,261.55,250.84999999999997,259.45,87731940000
2021-11-16,260.65,261.225,254.05,255.20000000000005,51956540000
2021-11-17,254.5,259.8,254.425,257.825,37487760000
2021-11-18,257.675,265.05000000000007,252.65,262.75,88387770000
2021-11-19,265.0,266.2,250.62499999999997,252.475,127522960000
2021-11-22,250.75,251.80000000000004,240.15,242.02499999999998,122276130000
2021-11-23,240.39999999999998,250.0,235.125,249.375,105135770000
2021-11-24,250.65,251.825,244.62500000000003,246.75000000000003,47967190000
2021-11-25,247.775,248.47500000000002,243.35000000000002,243.95,34404540000
2021-11-26,238.5,239.95,232.6,232.9,87920040000
2021-11-29,238.00000000000003,240.275,232.62499999999997,236.875,86409470000
2021-11-30,232.84999999999997,240.0,232.20000000000002,235.975,85998990000
2021-12-01,238.675,242.975,236.0,237.89999999999998,73979600000
2021-12-02,238.00000000000003,245.40000000000003,238.00000000000003,244.65,63079060000
2021-12-03,246.29999999999998,246.32500000000002,240.9,243.05,41028580000
2021-12-06,243.89999999999998,246.09999999999997,237.17499999999998,240.04999999999998,44447040000
2021-12-07,240.04999999999998,243.37500000000003,235.50000000000003,241.9,66569670000
2021-12-08,243.0,245.9,233.275,236.275,63975270000
2021-12-09,236.675,239.67499999999998,232.35,234.575,51939810000
2021-12-10,235.2,235.50000000000003,229.07500000000002,229.67499999999995,73429100000
2021-12-13,230.22500000000002,231.17499999999998,212.35,214.65,140574070000
2021-12-14,214.45,222.75,195.45,222.2,153690120000
2021-12-15,222.5,224.4,217.29999999999998,223.975,61040650000
2021-12-16,224.00000000000003,233.55,223.975,231.20000000000002,88088510000
2021-12-17,230.02499999999998,236.64999999999998,228.175,234.525,65058510000
2021-12-20,232.475,232.975,226.74999999999997,231.82500000000002,66071540000
2021-12-21,232.79999999999998,237.37500000000006,230.29999999999998,236.7,55918320000
2021-12-22,236.5,240.97500000000002,234.75,237.875,59557760000
2021-12-23,237.875,240.99999999999997,234.87500000000003,236.0,37777400000
2021-12-24,236.625,236.725,231.025,235.45,35005460000
2021-12-27,235.07500000000002,240.25,235.05,238.65,47068130000
2021-12-28,239.1,242.25,238.375,241.975,48837170000
2021-12-29,242.075,242.89999999999998,238.79999999999998,242.15,28217600000
2021-12-30,242.12500000000006,243.075,239.625,240.97500000000002,30722500000
2022-01-03,241.525,247.475,241.525,247.25,27960480000
2022-01-04,247.25,249.35,245.3,248.5,29800590000
2022-01-05,248.5,249.32499999999996,235.875,236.79999999999998,47637800000
2022-01-06,237.5,242.5,235.25,242.22500000000002,39703020000
2022-01-10,243.42499999999998,246.32500000000002,241.1,244.75,34889740000
2022-01-11,244.975,252.0,243.37500000000003,251.29999999999998,47476640000
2022-01-12,251.025,254.3,249.375,250.55,48695880000
2022-01-13,250.49999999999997,251.2,229.2,235.37500000000003,173664060000
2022-01-14,236.875,239.95,219.2,232.05,195068910000
2022-01-17,232.50000000000003,234.125,224.29999999999998,232.50000000000003,106319310000
2022-01-18,232.67499999999995,233.475,215.35,218.175,157239850000
2022-01-19,215.225,232.50000000000003,205.625,226.375,149973430000
2022-01-20,225.075,234.1,224.02499999999998,227.075,102645960000
2022-01-21,225.5,231.25,218.8,219.675,80614890000
2022-01-24,221.975,222.42499999999998,197.75,205.9,217314170000
2022-01-25,204.975,213.49999999999997,203.00000000000003,212.675,139125830000
2022-01-26,212.70000000000002,213.875,202.75,206.45,174310560000
2022-01-27,203.99999999999997,220.6,203.325,215.5,150261730000
2022-01-28,216.5,221.275,213.22500000000002,216.97500000000002,75282580000
2022-01-31,217.29999999999998,221.99999999999997,214.99999999999997,218.9,94754810000
2022-02-01,219.0,220.47500000000002,211.07500000000002,213.475,94957500000
2022-02-02,214.6,216.125,209.4,212.0,67052680000
2022-02-03,210.20000000000002,211.725,203.99999999999997,206.22500000000002,67852200000
2022-02-04,208.0,210.62499999999997,203.625,206.25,66810070000
2022-02-07,206.0,208.20000000000002,202.875,205.5,51195960000
2022-02-08,205.5,211.15,204.42499999999998,211.025,97408520000
2022-02-09,211.67499999999995,214.99999999999997,210.27499999999998,213.7,119449850000
2022-02-10,213.7,214.50000000000003,208.25,209.5,104296570000
2022-02-11,208.5,210.24999999999997,200.49999999999997,202.5,102231000000
2022-02-14,200.025,202.75,193.175,201.425,144240050000
2022-02-15,201.65000000000003,209.475,201.65000000000003,209.42499999999998,97504270000
2022-02-16,210.175,216.89999999999998,210.0,214.625,121166540000
2022-02-17,214.50000000000003,214.75,204.3,205.92499999999998,115812590000
2022-02-18,206.725,209.4,194.1,196.45,135861470000
2022-02-21,195.75,201.0,146.0,160.60000000000002,472628730000
2022-02-22,159.87500000000003,172.9,144.8,171.07500000000002,417837380000
2022-02-24,152.55,152.55,81.94999999999999,100.5,425751480000
2022-02-25,100.99999999999997,113.475,91.25,100.55,220823080000
2022-03-24,90.50000000000001,108.85000000000001,79.975,95.0,130386410000
2022-03-25,98.5,99.02499999999999,85.5,87.50000000000001,71412430000
2022-03-28,87.72500000000001,88.475,82.5,84.25,37982400000
2022-03-29,84.35,89.725,81.1,82.5,58962780000
2022-03-30,87.75,87.75,84.72500000000001,85.775,40808550000
2022-03-31,86.77499999999999,99.6,86.77499999999999,99.00000000000001,183259810000
2022-04-01,102.50000000000003,119.22500000000001,99.47499999999998,112.5,242805450000
2022-04-04,115.1,125.75000000000001,112.5,125.5,300618160000
2022-04-05,129.0,131.8,109.0,115.40000000000002,361545810000
2022-04-06,110.10000000000001,117.5,106.1,109.75,149123410000
2022-04-07,109.89999999999999,115.57499999999999,109.89999999999999,114.04999999999998,80947840000
2022-04-08,115.47500000000001,116.39999999999999,110.025,111.80000000000001,55374580000
2022-04-11,109.99999999999997,113.15,107.0,107.49999999999999,58984520000
2022-04-12,108.5,108.5,100.75,105.55,72635470000
2022-04-13,107.225,108.07499999999999,104.15,105.67500000000001,36850630000
2022-04-14,106.125,106.5,99.52499999999999,99.67500000000001,44074690000
2022-04-15,99.55,103.1,95.525,100.625,63263340000
2022-04-18,101.375,102.50000000000003,95.1,95.125,43354960000
2022-04-19,95.0,95.0,89.30000000000001,93.475,63315550000
2022-04-20,94.0,96.775,91.12500000000001,96.475,60249050000
2022-04-21,96.15,96.39999999999999,93.57499999999999,94.9,29570020000
2022-04-22,94.0,98.0,93.39999999999999,94.05,31992480000
2022-04-25,92.99999999999999,93.5,90.15,90.775,30746060000
2022-04-26,91.25,97.82499999999999,90.60000000000001,95.625,59101750000
2022-04-27,95.975,100.5,94.5,99.5,77884190000
2022-04-28,100.5,101.975,95.14999999999999,95.57499999999999,71145610000
2022-04-29,97.5,101.94999999999999,96.39999999999999,100.475,102541110000
2022-05-04,100.425,102.475,97.60000000000001,97.94999999999999,41816660000
2022-05-05,98.875,99.57499999999999,98.0,98.975,19657730000
2022-05-06,98.75,98.75,96.22500000000002,97.4,21489100000
2022-05-11,97.22500000000001,98.75,95.875,96.52499999999999,24327270000
2022-05-12,96.5,96.875,91.725,92.77499999999999,26819880000
2022-05-13,94.25,94.475,92.3,93.25,15195650000
2022-05-16,94.25,95.725,93.25,94.9,20155060000
2022-05-17,95.90000000000002,97.4,95.05,96.65,26857050000
2022-05-18,97.22500000000001,99.6,95.99999999999999,95.99999999999999,37523870000
2022-05-19,95.99999999999999,96.90000000000002,94.55,95.85,19665300000
2022-05-20,96.475,96.95,93.625,94.375,20766170000
2022-05-23,94.875,95.42500000000001,92.525,92.85,18746790000
2022-05-24,92.625,94.4,90.50000000000001,93.52499999999999,26898460000
2022-05-25,94.0,94.69999999999999,92.5,94.05,20856780000
2022-05-26,94.35000000000001,95.39999999999998,93.175,94.0,32812530000
2022-05-27,94.4,94.4,92.75,92.99999999999999,19001020000
2022-05-30,93.475,93.8,91.325,91.5,25536330000
2022-05-31,91.22500000000001,91.95,90.52499999999999,91.55,14975090000
2022-06-01,91.2,92.94999999999999,90.50000000000001,92.47500000000001,24634200000
2022-06-02,92.175,92.5,89.575,89.675,30268790000
2022-06-03,89.675,90.475,87.125,87.75,30221140000
2022-06-06,87.8,88.4,86.0,87.075,20480150000
2022-06-07,87.075,87.10000000000001,84.775,86.05,26208780000
2022-06-08,86.32499999999999,88.475,85.625,86.7,26625180000
2022-06-09,86.97500000000001,87.075,84.875,85.15,16270650000
2022-06-10,85.15,85.95,84.75,85.0,16023640000
2022-06-14,84.95,88.25,83.75,87.475,32523270000
2022-06-15,87.60000000000001,89.85,87.60000000000001,88.0,35810820000
2022-06-16,88.425,89.175,87.50000000000001,88.975,31430570000
2022-06-17,89.0,91.05,88.575,89.5,39109430000
2022-06-20,90.225,94.275,90.0,93.7,48161610000
2022-06-21,94.5,94.85000000000001,91.0,91.02499999999999,47154370000
2022-06-22,90.475,92.55,89.05,92.55,39353840000
2022-06-23,92.4,94.85000000000001,91.375,92.925,51718500000
2022-06-24,93.57499999999999,93.925,91.625,92.99999999999999,26584940000
2022-06-27,92.94999999999999,95.85,92.75,95.5,47904940000
2022-06-28,95.90000000000002,97.64999999999999,94.1,96.5,53939280000
2022-06-29,96.72500000000002,96.72500000000002,92.925,93.52499999999999,36092380000
2022-06-30,93.5,94.75000000000001,88.0,88.9,57706770000
2022-07-01,88.5,91.25,86.575,87.525,33495700000
2022-07-04,88.80000000000001,92.75,88.80000000000001,92.75,41462620000
2022-07-05,92.77499999999999,95.5,92.47500000000001,93.925,61765120000
2022-07-06,93.05000000000001,95.5,92.925,93.60000000000001,31627190000
2022-07-07,94.0,94.4,92.5,93.67500000000001,22802910000
2022-07-08,94.25,94.69999999999999,93.10000000000001,94.14999999999999,18567480000
2022-07-11,93.25,94.35000000000001,91.35000000000001,91.625,23565200000
2022-07-12,91.80000000000001,92.37499999999999,90.25,90.825,30737190000
2022-07-13,91.64999999999999,92.14999999999999,88.85000000000001,89.42500000000001,24178060000
2022-07-14,89.5,91.0,88.675,88.74999999999999,22543310000
2022-07-15,89.32499999999999,90.325,88.4,89.92500000000001,23313250000
2022-07-18,90.325,91.17500000000001,89.37499999999999,90.39999999999999,19932630000
2022-07-19,90.44999999999999,92.075,89.14999999999999,92.025,30482030000
2022-07-20,92.6,93.72500000000001,91.02499999999999,91.14999999999999,32032280000
2022-07-21,91.14999999999999,91.575,89.37499999999999,90.9,24706290000
2022-07-22,90.85,92.825,90.675,91.95,23651040000
2022-07-25,91.75000000000001,93.375,91.35000000000001,92.55,21705100000
2022-07-26,92.85,93.85,92.55,93.15,22175340000
2022-07-27,93.15,94.25,92.0,92.25,26637330000
2022-07-28,92.94999999999999,93.175,91.375,92.5,16027750000
2022-07-29,92.75,92.99999999999999,91.75000000000001,92.925,16443340000
2022-08-01,92.97500000000001,93.075,90.775,90.775,19968420000
2022-08-02,90.75,91.35000000000001,89.92500000000001,90.05000000000001,21005520000
2022-08-03,90.175,90.75,89.0,89.0,19773650000
2022-08-04,89.42500000000001,90.425,89.025,89.725,15688910000
2022-08-05,90.075,90.125,87.27499999999999,88.1,25334270000
2022-08-08,89.25,89.97500000000001,88.275,88.275,23769680000
2022-08-09,88.55,89.675,87.675,89.6,18270560000
2022-08-10,89.37499999999999,90.625,88.925,90.35,18732570000
2022-08-11,90.50000000000001,90.85,88.775,89.25,18839050000
2022-08-12,89.25,90.0,88.4,89.77499999999999,14787610000
2022-08-15,89.6,90.425,88.95,90.0,17785520000
2022-08-16,90.35,90.65,89.575,90.325,17947720000
2022-08-17,90.52499999999999,92.5,90.52499999999999,90.9,41140760000
2022-08-18,90.95,91.5,90.10000000000001,90.7,15518100000
2022-08-19,90.95,90.95,89.575,90.0,17007850000
2022-08-22,89.875,90.55000000000001,89.37499999999999,90.2,16478320000
2022-08-23,90.025,91.825,90.025,91.64999999999999,22618070000
2022-08-24,91.925,92.2,90.75,91.375,17220450000
2022-08-25,91.4,92.0,90.50000000000001,90.72500000000001,15858930000
2022-08-26,90.52499999999999,91.475,90.50000000000001,91.2,10865740000
2022-08-29,91.2,93.44999999999999,90.9,93.25,26975340000
2022-08-30,93.75,94.9,92.8,93.975,50050500000
2022-08-31,95.725,97.85000000000001,94.625,96.72500000000002,77254320000
2022-09-01,96.72500000000002,98.42500000000003,95.625,97.64999999999999,48425110000
2022-09-02,98.25,100.9,97.5,100.45,78824930000
2022-09-05,100.99999999999997,103.45,98.79999999999998,103.35000000000002,72588640000
2022-09-06,102.69999999999997,104.0,97.525,99.55,99815170000
2022-09-07,99.55,102.3,98.5,99.39999999999999,57602340000
2022-09-08,99.45000000000003,100.5,98.0,98.25,48011240000
2022-09-09,99.10000000000001,99.75,98.3,99.30000000000001,30176260000
2022-09-12,98.77499999999999,101.39999999999999,98.15,100.65,48800820000
2022-09-13,101.17499999999998,101.925,99.55,99.72500000000001,46147680000
2022-09-14,99.5,100.525,98.25,100.22500000000001,44495730000
2022-09-15,100.14999999999998,100.75,99.45000000000003,100.175,32174240000
2022-09-16,100.0,100.97500000000002,99.10000000000001,99.7,38209990000
2022-09-19,99.5,100.35000000000001,99.175,99.375,24377640000
2022-09-20,99.375,99.85000000000001,89.75,92.25,131611280000
2022-09-21,85.0,91.5,84.025,87.15,97619590000
2022-09-22,87.3,91.55,87.175,89.75,57933190000
2022-09-23,89.5,89.85,84.25,85.07499999999999,61153970000
2022-09-26,82.5,83.87500000000001,75.95,76.87499999999999,131286950000
2022-09-27,78.975,80.7,76.97500000000001,79.325,75089350000
2022-09-28,79.00000000000001,80.75,75.3,77.575,62557770000
2022-09-29,77.925,78.39999999999999,72.525,74.85000000000001,73861410000
2022-09-30,75.275,75.875,71.125,74.65,129066780000
2022-10-03,75.2,79.2,74.05,78.625,74617600000
2022-10-04,79.425,79.55,75.05,76.5,72075030000
2022-10-05,76.4,76.475,73.27499999999999,76.0,53028510000
2022-10-06,76.375,77.375,75.2,75.7,30618670000
2022-10-07,75.50000000000001,75.55,72.0,72.125,42921860000
2022-10-10,70.125,75.3,69.4,74.6,57152160000
2022-10-11,75.0,76.775,73.725,76.125,41081160000
2022-10-12,76.225,76.95,75.325,76.15,27777060000
2022-10-13,76.425,77.5,75.42500000000001,76.375,27375990000
2022-10-14,77.0,77.0,74.25,76.0,42807260000
2022-10-17,76.05,79.475,75.8,78.975,45555320000
2022-10-18,79.375,81.925,78.05,78.65,77165600000
2022-10-19,78.65,79.75,77.625,79.175,71584820000
2022-10-20,79.5,81.42500000000001,78.925,80.30000000000001,59748230000
2022-10-21,80.325,81.325,79.05000000000001,80.9,42857760000
2022-10-24,81.25,82.15,79.39999999999999,80.4,45914800000
2022-10-25,80.275,83.8,80.125,82.75,63899670000
2022-10-26,82.775,84.7,82.15,83.77499999999999,51385960000
2022-10-27,83.95,84.975,83.05,84.175,49704700000
2022-10-28,83.92500000000001,85.0,82.5,84.575,45094060000
2022-10-31,84.575,85.72500000000001,83.8,84.2,33601460000
2022-11-01,84.575,84.95,83.9,84.225,23911860000
2022-11-02,84.25,84.39999999999999,81.125,82.0,32668910000
2022-11-03,82.0,82.45,80.55,82.0,28359950000
2022-11-07,82.925,84.425,82.425,84.3,47761910000
2022-11-08,84.49999999999999,87.125,83.5,86.25000000000001,69906900000
2022-11-09,86.0,87.025,82.6,82.95,62500760000
2022-11-10,83.675,86.8,83.27499999999999,86.45,90875410000
2022-11-11,86.675,86.97500000000001,84.89999999999999,85.80000000000001,47581650000
2022-11-14,86.125,88.55,85.35,87.125,56006780000
2022-11-15,87.3,88.275,81.575,84.025,78295580000
2022-11-16,84.75,86.0,84.55000000000001,85.4,34916710000
2022-11-17,85.625,86.55,84.8,85.57499999999999,31583680000
2022-11-18,85.69999999999999,85.925,84.60000000000001,85.17500000000001,23876860000
2022-11-21,85.325,85.325,83.5,84.39999999999999,31512770000
2022-11-22,84.05,85.15,83.97500000000001,84.95,23044230000
2022-11-23,85.0,85.95,84.49999999999999,85.3,23320040000
2022-11-24,85.5,86.075,84.925,85.17500000000001,21549630000
2022-11-25,85.05,85.45,84.72500000000001,84.89999999999999,14044570000
2022-11-28,84.325,84.72500000000001,83.85,84.25,21612920000
2022-11-29,84.55000000000001,84.75,84.175,84.575,13036460000
2022-11-30,84.875,84.875,84.075,84.7,10595530000
2022-12-01,84.95,85.25,84.15,84.675,15840890000
2022-12-02,84.575,84.575,83.95,84.15,14539920000
2022-12-05,84.2,86.27499999999999,83.92500000000001,84.89999999999999,48828260000
2022-12-06,85.325,85.625,78.5,83.55,67929000000
2022-12-07,82.875,84.825,81.55000000000001,84.0,92482960000
2022-12-08,84.425,84.72500000000001,83.14999999999999,83.55,25221280000
2022-12-09,83.55,84.225,83.075,83.575,19199450000
2022-12-12,83.575,83.9,83.05,83.45,16489960000
2022-12-13,83.77499999999999,83.77499999999999,82.925,83.14999999999999,17126460000
2022-12-14,83.14999999999999,83.225,81.60000000000001,82.07499999999999,25635080000
2022-12-15,81.725,82.10000000000001,80.225,80.625,36519070000
2022-12-16,80.525,81.44999999999999,80.4,80.9,17172300000
2022-12-19,80.64999999999999,81.2,80.05,80.14999999999999,24301520000
2022-12-20,80.0,82.45,79.39999999999999,82.125,34557050000
2022-12-21,82.425,82.67500000000001,81.05,81.89999999999999,21811800000
2022-12-22,82.15,85.9,81.60000000000001,85.22500000000001,91673740000
2022-12-23,85.22500000000001,85.75,84.49999999999999,84.65,40642620000
2022-12-26,85.02499999999999,86.0,84.775,85.52499999999999,40172900000
2022-12-27,85.9,86.675,84.7,85.0,44723620000
2022-12-28,84.975,85.22500000000001,81.1,82.375,148064800000
2022-12-29,82.5,83.35000000000001,81.825,83.05,38612470000
2022-12-30,83.27499999999999,83.6,81.75,81.94999999999999,51044760000
2023-01-03,81.775,82.5,81.725,82.22500000000001,21387320000
2023-01-04,82.2,82.62500000000001,81.89999999999999,82.15,12781350000
2023-01-05,82.475,82.475,81.175,81.60000000000001,15506460000
2023-01-06,81.775,81.775,80.85000000000001,81.025,16107440000
2023-01-09,81.35,82.67500000000001,81.15,82.3,39558910000
2023-01-10,82.0,82.2,81.49999999999999,81.825,17326130000
2023-01-11,81.625,83.8,81.60000000000001,83.4,52826330000
2023-01-12,83.87500000000001,83.9,82.6,82.925,30846440000
2023-01-13,82.875,84.10000000000001,82.325,83.225,41121110000
2023-01-16,83.6,85.72500000000001,83.575,85.64999999999999,59690630000
2023-01-17,85.75,85.85000000000001,83.5,83.55,51411590000
2023-01-18,83.6,84.8,83.27499999999999,83.64999999999999,31694090000
2023-01-19,83.55,84.10000000000001,82.52499999999999,83.25000000000001,40591550000
2023-01-20,83.45,83.675,82.62500000000001,83.575,19920510000
2023-01-23,83.85,84.39999999999999,83.5,84.10000000000001,27879310000
2023-01-24,84.225,84.49999999999999,82.9,82.95,27517030000
2023-01-25,83.0,83.75,81.65,83.14999999999999,45084280000
2023-01-26,83.325,83.675,82.775,83.0,18835500000
2023-01-27,82.775,83.425,82.72500000000001,82.925,21798590000
2023-01-30,82.75,85.12499999999999,82.35,83.97500000000001,74454490000
2023-01-31,84.35,84.89999999999999,83.95,84.75,38953660000
2023-02-01,84.75,86.97500000000001,84.49999999999999,85.57499999999999,89606360000
2023-02-02,85.975,86.25000000000001,84.025,85.12499999999999,52995290000
2023-02-03,85.0,85.325,83.19999999999999,84.575,46911780000
2023-02-06,84.575,85.80000000000001,84.3,85.64999999999999,49279660000
2023-02-07,85.10000000000001,86.75,84.39999999999999,85.5,91083520000
2023-02-08,85.6,86.4,84.775,85.10000000000001,47785530000
2023-02-09,85.15,85.4,84.49999999999999,84.975,29883080000
2023-02-10,85.07499999999999,85.07499999999999,84.525,84.72500000000001,17729810000
2023-02-13,84.8,85.12499999999999,83.87500000000001,84.15,23037000000
2023-02-14,84.15,84.25,82.0,84.2,41106970000
2023-02-15,83.175,83.425,79.65,80.19999999999999,66842640000
2023-02-16,80.97500000000001,81.775,79.05000000000001,80.0,57120540000
2023-02-17,79.975,80.625,79.275,79.925,31729180000
2023-02-20,80.225,81.675,79.52499999999999,81.075,38471580000
2023-02-21,81.1,83.325,81.1,82.0,52725820000
2023-02-22,82.0,82.22500000000001,81.47500000000001,81.7,13144380000
2023-02-24,81.75,82.2,80.47500000000001,81.025,23815610000
2023-02-27,80.75,82.925,80.625,82.07499999999999,34081850000
2023-02-28,82.07499999999999,83.075,81.7,82.3,30927870000
2023-03-01,82.52499999999999,83.45,82.3,83.25000000000001,39766570000
2023-03-02,83.225,83.625,81.175,82.02499999999999,40114090000
2023-03-03,82.17500000000001,83.0,81.925,82.925,22269580000
2023-03-06,83.25000000000001,84.05,83.14999999999999,83.85,30988050000
2023-03-07,84.05,84.325,83.375,83.82499999999999,24540500000
2023-03-09,83.92500000000001,84.175,83.27499999999999,83.4,21302840000
2023-03-10,83.125,83.14999999999999,82.02499999999999,82.45,33128700000
2023-03-13,82.75,83.375,81.7,82.275,32572820000
2023-03-14,82.475,83.225,81.975,82.75,25027810000
2023-03-15,82.9,83.375,81.775,82.3,36207950000
2023-03-16,82.2,82.52499999999999,81.44999999999999,82.125,22706260000
2023-03-17,82.475,84.0,82.25,83.45,71995700000
2023-03-20,86.525,95.94999999999999,85.9,94.97500000000001,673816380000
2023-03-21,94.97500000000001,96.72500000000002,90.175,91.375,402645950000
2023-03-22,91.25,92.99999999999999,90.675,92.025,100895830000
2023-03-23,92.0,92.77499999999999,90.25,90.775,64371940000
2023-03-24,91.05,91.2,88.625,89.5,126451050000
2023-03-27,89.92500000000001,92.37499999999999,89.575,91.69999999999999,90530560000
2023-03-28,91.9,92.6,90.425,91.5,50979060000
2023-03-29,91.925,92.32499999999999,90.875,91.69999999999999,54341980000
2023-03-30,91.69999999999999,92.225,91.25,91.80000000000001,33790680000
2023-03-31,92.0,92.1,89.32499999999999,90.7,68399730000
2023-04-03,90.925,100.14999999999998,90.15,99.55,401936830000
2023-04-04,100.0,104.60000000000001,98.975,101.84999999999998,485235360000
2023-04-05,102.02499999999998,102.125,93.55000000000001,94.475,545679830000
2023-04-06,94.25,95.875,93.05000000000001,93.85,146200110000
2023-04-07,94.0,94.45,93.39999999999999,94.14999999999999,59084420000
2023-04-10,94.825,95.37500000000003,94.25,95.2,88429850000
2023-04-11,95.45,95.7,91.725,92.89999999999999,139411100000
2023-04-12,93.05000000000001,94.0,92.35000000000001,93.275,59996750000
2023-04-13,93.52499999999999,94.12500000000001,92.42500000000001,93.2,53348300000
2023-04-14,93.125,93.7,92.025,93.475,42830640000
2023-04-17,94.1,97.24999999999999,93.7,96.55,192874350000
2023-04-18,96.57499999999999,97.275,95.39999999999998,97.05,97408530000
2023-04-19,97.60000000000001,99.375,94.25,96.57499999999999,218843130000
2023-04-20,97.09999999999998,101.82500000000002,96.52499999999999,100.14999999999998,250942300000
2023-04-21,100.22500000000001,101.55000000000001,99.30000000000001,100.97500000000002,103669270000
2023-04-24,100.575,103.20000000000002,99.55,100.05,167693220000
2023-04-25,100.32499999999997,100.9,98.025,98.825,137647520000
2023-04-26,99.10000000000001,104.425,98.89999999999999,103.69999999999999,323628380000
2023-04-27,104.25,113.95,104.075,112.32499999999999,703268100000
2023-04-28,112.5,114.75000000000001,108.74999999999999,111.1,468890990000
2023-05-02,111.50000000000001,114.375,105.475,109.4,370359620000
2023-05-03,109.32499999999999,109.32499999999999,104.0,104.775,295049720000
2023-05-04,105.5,106.74999999999999,103.025,105.475,197494540000
2023-05-05,105.64999999999999,108.97499999999998,104.49999999999999,105.3,237975820000
2023-05-08,105.975,106.57500000000002,103.37499999999997,103.45,99369090000
2023-05-10,103.8,110.89999999999999,103.75,110.50000000000001,286899450000
2023-05-11,110.50000000000001,112.27499999999999,106.1,108.325,314130370000
2023-05-12,108.02499999999999,109.6,107.05,108.55,135717700000
2023-05-15,109.99999999999997,112.45,109.05,112.4,137572710000
2023-05-16,112.7,113.44999999999999,110.05,111.64999999999999,137915570000
2023-05-17,111.85000000000001,117.425,110.575,116.72500000000001,435976470000
2023-05-18,117.25,120.725,114.04999999999998,116.05000000000001,501095260000
2023-05-19,115.175,118.2,114.04999999999998,115.65,221654100000
2023-05-22,116.975,117.4,113.05000000000001,114.425,171407150000
2023-05-23,115.74999999999999,119.00000000000001,114.0,118.3,303318930000
2023-05-24,119.00000000000001,120.35000000000001,116.45,118.12499999999999,292403010000
2023-05-25,118.0,118.75,114.4,116.10000000000001,254984630000
2023-05-26,115.57499999999999,118.2,114.4,116.25000000000001,221968570000
2023-05-29,117.44999999999999,117.94999999999999,114.625,116.025,219766510000
2023-05-30,114.25,115.97500000000001,111.4,112.42500000000001,232708260000
2023-05-31,111.80000000000001,112.37499999999997,109.77499999999999,110.99999999999999,176541100000
2023-06-01,111.25,111.80000000000001,106.325,107.125,194516060000
2023-06-02,102.50000000000003,113.75,101.14999999999999,113.15,622221870000
2023-06-05,113.50000000000001,115.14999999999999,108.5,109.525,299508140000
2023-06-06,109.14999999999998,113.125,107.3,111.67499999999998,214238630000
2023-06-07,111.69999999999999,116.225,111.6,114.80000000000001,360657810000
2023-06-08,114.575,115.85,113.37499999999999,113.75,169705790000
2023-06-09,114.12500000000001,115.37499999999999,113.25,113.925,118662100000
2023-06-13,115.05,116.65,114.07499999999997,115.1,184036000000
2023-06-14,115.60000000000001,116.15,114.6,115.25,104983450000
2023-06-15,115.175,115.5,113.8,115.25,108853080000
2023-06-16,115.3,115.825,113.425,114.875,110827410000
2023-06-19,114.625,115.3,113.9,114.425,87493720000
2023-06-20,114.07499999999997,114.5,111.825,113.475,114837810000
2023-06-21,113.475,115.0,112.625,113.87500000000001,90555920000
2023-06-22,113.52499999999999,114.07499999999997,104.49999999999999,111.64999999999999,123013090000
2023-06-23,110.99999999999999,112.625,108.0,109.99999999999997,209502100000
2023-06-26,111.375,111.74999999999999,107.125,109.4,190469340000
2023-06-27,109.675,110.775,108.05,109.05,128744440000
2023-06-28,109.225,109.75,108.0,108.375,77328860000
2023-06-29,108.25,109.75,107.75,109.025,96213400000
2023-06-30,109.05,109.675,108.22500000000001,108.425,50854820000
2023-07-03,108.97499999999998,110.44999999999999,108.375,110.44999999999999,113339920000
2023-07-04,110.7,113.475,110.35,112.14999999999999,217582380000
2023-07-05,112.625,113.325,111.02499999999999,112.2,99031940000
2023-07-06,112.25,112.77499999999999,111.475,112.075,97839470000
2023-07-07,112.225,112.55,110.125,112.42500000000001,84905710000
2023-07-10,113.39999999999999,115.125,113.10000000000001,115.05,139973490000
2023-07-11,115.1,117.25,114.25,116.8,258294440000
2023-07-12,117.17500000000001,117.425,115.1,115.99999999999999,151323980000
2023-07-13,116.15,116.75,114.5,115.37499999999999,96551450000
2023-07-14,115.32499999999999,116.85,114.69999999999999,116.375,86207880000
2023-07-17,115.27499999999999,116.72500000000001,114.575,116.15,85729720000
2023-07-18,116.35,118.37500000000001,116.10000000000001,117.69999999999999,158511580000
2023-07-19,118.05,118.175,116.39999999999999,116.75,83774130000
2023-07-20,117.0,117.05,113.55000000000001,113.8,135665750000
2023-07-21,114.0,115.57499999999999,113.8,115.175,81620190000
2023-07-24,115.60000000000001,116.45,115.075,116.125,58112240000
2023-07-25,116.45,117.05,115.89999999999999,116.55000000000001,62771810000
2023-07-26,116.55000000000001,117.80000000000001,116.05000000000001,117.44999999999999,91254990000
2023-07-27,117.77500000000002,126.5,117.725,125.5,514402230000
2023-07-28,125.62500000000001,126.425,123.175,125.39999999999999,227682280000
2023-07-31,126.75000000000003,129.75,126.19999999999999,129.07500000000002,254625420000
2023-08-01,129.49999999999997,129.99999999999997,127.075,128.15,195545800000
2023-08-02,128.15,128.425,126.7,128.0,98384100000
2023-08-03,127.75,136.55,127.075,135.35,425427190000
2023-08-04,135.5,137.75,129.70000000000002,132.625,392415670000
2023-08-07,133.1,135.20000000000002,128.15,130.375,205075020000
2023-08-08,130.04999999999998,133.3,127.0,133.3,221939250000
2023-08-09,133.525,134.825,131.2,132.725,121364110000
2023-08-10,133.6,144.0,132.625,142.75,649697540000
2023-08-11,142.70000000000002,144.1,140.4,141.5,248281190000
2023-08-14,143.375,143.95,136.35,137.29999999999998,303299500000
2023-08-15,136.0,139.95000000000002,135.275,135.975,192669990000
2023-08-16,136.675,137.025,131.275,133.87500000000003,222547540000
2023-08-17,135.04999999999998,140.4,132.775,139.225,204891540000
2023-08-18,139.95000000000002,141.6,138.025,139.79999999999998,196579970000
2023-08-21,140.65,141.20000000000002,138.575,139.35,103987910000
2023-08-22,139.25,139.5,137.525,138.67499999999998,97875470000
2023-08-23,139.075,139.075,133.85,135.09999999999997,160730700000
2023-08-24,136.0,138.25,134.525,138.12500000000003,101410180000
2023-08-25,138.07500000000002,140.225,137.5,139.275,112752270000
2023-08-28,139.825,142.5,139.75,142.17499999999998,138460850000
2023-08-29,142.17499999999998,143.2,140.25,141.20000000000002,125280620000
2023-08-30,141.875,141.875,139.25,140.50000000000003,85880150000
2023-08-31,140.925,145.875,140.75,144.125,264299810000
2023-09-01,144.04999999999998,144.95,142.87500000000003,143.95,87166090000
2023-09-04,144.975,146.925,144.45,146.475,138413570000
2023-09-05,146.4,146.57500000000002,143.5,144.975,150586110000
2023-09-06,144.975,144.975,141.575,142.575,98856220000
2023-09-07,142.5,143.57500000000002,135.375,137.725,231468320000
2023-09-08,138.35,138.70000000000002,133.67499999999998,135.95,162716390000
2023-09-11,135.25,137.725,132.6,133.32500000000002,171199450000
2023-09-12,134.65,137.10000000000002,133.5,136.77499999999998,131456480000
2023-09-13,137.0,137.875,132.775,133.35,108351140000
2023-09-14,133.525,134.1,129.625,133.025,162235590000
2023-09-15,133.32500000000002,135.9,132.45,135.425,111822750000
2023-09-18,136.225,136.875,133.35,134.35,95815130000
2023-09-19,134.35,134.35,128.15,128.35,203414590000
2023-09-20,128.1,129.99999999999997,124.525,127.7,231455670000
2023-09-21,127.45000000000002,128.35,122.57499999999999,123.0,165963860000
2023-09-22,123.55000000000001,126.24999999999999,122.39999999999999,125.62500000000001,147068200000
2023-09-25,126.0,126.75000000000003,124.27499999999999,125.6,84521590000
2023-09-26,125.325,128.575,123.4,127.49999999999999,132158130000
2023-09-27,128.0,129.42499999999998,126.7,128.075,92623270000
2023-09-28,128.1,129.925,127.2,129.025,104239250000
2023-09-29,129.525,130.5,127.75,128.5,96276770000
2023-10-02,128.75,129.35,126.0,126.55,87956350000
2023-10-03,126.30000000000001,126.9,124.47500000000001,125.95,91104920000
2023-10-04,125.55,126.9,124.0,124.44999999999999,73510180000
2023-10-05,124.39999999999998,125.125,123.14999999999999,123.97500000000001,75681230000
2023-10-06,124.9,125.85000000000001,123.19999999999999,125.75000000000001,78629930000
2023-10-09,126.85,127.925,126.175,127.35,135209930000
2023-10-10,127.25,127.62499999999997,126.24999999999999,126.7,62311940000
2023-10-11,127.0,127.35,123.70000000000003,124.22500000000001,87528150000
2023-10-12,124.22500000000001,125.975,123.75,125.875,63007420000
2023-10-13,125.52499999999999,128.2,125.2,126.9,81731370000
2023-10-16,127.45000000000002,130.7,127.2,129.9,120480210000
2023-10-17,129.85,132.375,129.25,130.975,139787150000
2023-10-18,131.275,131.975,128.79999999999998,130.6,91303270000
2023-10-19,130.25,131.95,129.325,130.84999999999997,68493140000
2023-10-20,131.125,131.125,128.64999999999998,129.97500000000002,88342450000
2023-10-23,130.3,131.50000000000003,129.82500000000002,130.55,63592440000
2023-10-24,130.475,133.82500000000002,129.925,133.075,107873830000
2023-10-25,133.05,134.35,131.50000000000003,131.975,94874290000
2023-10-26,132.375,132.7,127.49999999999999,127.75,158898870000
2023-10-27,128.15,128.5,124.75,126.64999999999999,140133650000
2023-10-30,126.4,127.45000000000002,125.475,125.8,52501880000
2023-10-31,125.5,127.05,124.49999999999999,126.575,79536410000
2023-11-01,126.725,127.72500000000001,125.6,126.0,71111550000
2023-11-02,126.30000000000001,126.675,124.60000000000001,125.275,64684470000
2023-11-03,125.275,125.6,123.47500000000001,124.49999999999999,65115380000
2023-11-06,124.675,126.85,124.525,126.82499999999999,40091670000
2023-11-07,126.77499999999998,127.72500000000001,125.52499999999999,125.85000000000001,65604210000
2023-11-08,125.90000000000002,127.225,125.275,126.07500000000002,62788560000
2023-11-09,126.07500000000002,126.325,124.7,125.02499999999999,52172840000
2023-11-10,125.45,125.72500000000001,124.22500000000001,124.525,55638390000
2023-11-13,124.55,125.0,123.52500000000002,123.87499999999999,54271410000
2023-11-14,123.5,123.5,120.05,120.525,123682620000
2023-11-15,120.45,123.125,120.275,122.175,84636010000
2023-11-16,122.25,122.87499999999999,120.49999999999999,120.75,42933720000
2023-11-17,120.725,122.19999999999999,119.7,121.925,59523010000
2023-11-20,122.25,122.975,121.1,122.075,42648690000
2023-11-21,121.7,122.75,121.27499999999999,122.39999999999999,34186540000
2023-11-22,122.5,126.0,122.425,126.0,94697980000
2023-11-23,126.0,126.5,124.3,124.55,56023260000
2023-11-24,124.65,125.8,123.55000000000001,124.22500000000001,61265260000
2023-11-27,124.42500000000001,124.975,121.25,121.5,69274040000
2023-11-28,122.125,122.15,118.89999999999999,120.64999999999999,75448550000
2023-11-29,120.80000000000001,121.47500000000001,119.30000000000001,119.5,43817200000
2023-11-30,119.35,119.75,117.5,119.425,72939750000
2023-12-01,119.39999999999999,120.625,117.6,118.05,60771530000
2023-12-04,117.97500000000001,117.97500000000001,112.34999999999998,112.725,110798930000
2023-12-05,113.3,114.5,111.64999999999999,114.425,98819340000
2023-12-06,114.4,114.825,109.725,110.35,129074380000
2023-12-07,110.75,114.325,110.125,112.3,148699410000
2023-12-08,112.5,113.19999999999999,110.625,111.64999999999999,64922050000
2023-12-11,111.825,112.97500000000001,109.80000000000003,110.225,105395810000
2023-12-12,110.25,114.475,110.25,111.74999999999999,141251240000
2023-12-13,111.35000000000001,113.925,110.84999999999998,113.925,75477780000
2023-12-14,114.4,115.74999999999999,112.025,112.99999999999999,93263860000
2023-12-15,112.89999999999999,118.1,112.42500000000001,117.425,129754540000
2023-12-18,117.9,119.64999999999998,116.52499999999999,117.30000000000001,101620620000
2023-12-19,116.2,117.85000000000001,115.35,117.75000000000001,75533400000
2023-12-20,117.75000000000001,118.37500000000001,116.25000000000001,116.52499999999999,54064580000
2023-12-21,116.5,117.25,113.75,114.675,96490640000
2023-12-22,114.925,116.52499999999999,114.07499999999997,114.875,101076090000
2023-12-25,115.25,116.15,113.975,115.97500000000001,62096410000
2023-12-26,115.7,116.325,114.825,115.8,62728940000
2023-12-27,115.94999999999999,115.97500000000001,114.1,114.375,59591860000
2023-12-28,114.77499999999999,114.95,113.22499999999998,113.475,52271220000
2023-12-29,113.65,115.25,113.25,113.39999999999999,54877170000
2024-01-03,113.57499999999999,115.2,113.55000000000001,115.125,36210160000
2024-01-04,115.125,115.97500000000001,114.85000000000001,115.55,29864140000
2024-01-05,115.5,120.275,115.40000000000002,120.0,152250320000
2024-01-08,120.24999999999999,124.49999999999999,120.075,124.27499999999999,179298410000
2024-01-09,124.57499999999997,124.7,122.35,123.5,88003570000
2024-01-10,123.5,124.25,121.17499999999998,122.175,70118070000
2024-01-11,122.5,126.675,121.37500000000001,125.95,186561810000
2024-01-12,126.30000000000001,126.75000000000003,124.60000000000001,125.125,64229710000
2024-01-15,125.275,125.975,123.6,124.3,63066930000
2024-01-16,124.35,125.85000000000001,122.67500000000003,124.925,74801180000
2024-01-17,125.2,126.7,124.7,124.975,89421770000
2024-01-18,125.0,125.375,122.425,122.57499999999999,77415460000
2024-01-19,122.825,124.20000000000002,122.02499999999998,122.75,71118740000
2024-01-22,123.0,124.925,122.125,124.175,48144060000
2024-01-23,124.37500000000003,124.75,122.62500000000001,122.975,50751410000
2024-01-24,123.1,123.97500000000001,120.1,120.85000000000001,106900820000
2024-01-25,121.00000000000001,122.3,120.175,121.975,64208690000
2024-01-26,121.975,122.9,120.575,120.75,53177610000
2024-01-29,120.92500000000001,122.275,120.87499999999999,121.82500000000002,43521480000
2024-01-30,122.00000000000003,123.92500000000001,121.925,122.62500000000001,85213070000
2024-01-31,122.95,123.45,122.05000000000001,122.87499999999999,59112840000
2024-02-01,123.30000000000001,124.25,122.5,123.125,68349610000
2024-02-02,123.125,123.19999999999999,121.7,122.19999999999999,44656830000
2024-02-05,122.19999999999999,123.175,121.67500000000001,122.275,48126380000
2024-02-06,122.325,122.70000000000002,121.025,121.89999999999999,49698230000
2024-02-07,122.00000000000003,123.9,121.8,123.45,118896510000
2024-02-08,123.6,124.94999999999999,121.15000000000002,121.3,142694950000
2024-02-09,121.37500000000001,122.475,120.4,121.65,59885640000
2024-02-12,122.175,122.9,121.89999999999999,122.325,54391690000
2024-02-13,122.67500000000003,123.45,121.00000000000001,121.975,80941840000
2024-02-14,122.3,123.04999999999998,121.75,122.5,115008520000
2024-02-15,122.55,122.72500000000001,121.3,121.925,77521350000
2024-02-16,122.075,124.05000000000001,120.275,121.25,210783070000
2024-02-19,121.8,125.24999999999999,121.225,124.7,295361530000
2024-02-20,124.875,124.875,116.45,117.875,461548220000
2024-02-21,118.0,119.25,113.95,115.5,320266570000
2024-02-22,115.675,117.77500000000002,114.52499999999999,115.94999999999999,146267900000
2024-02-26,119.25,119.25,117.125,118.0,118346630000
2024-02-27,118.05,118.42500000000001,116.275,116.92500000000001,83096510000
2024-02-28,117.0,117.77500000000002,115.875,116.55000000000001,71330480000
2024-02-29,116.62499999999999,117.85000000000001,115.85,117.125,95813610000
2024-03-01,117.14999999999999,119.95,116.8,118.27499999999999,226717350000
2024-03-04,118.94999999999999,119.35,118.32499999999999,118.89999999999999,78796360000
2024-03-05,119.05000000000001,119.15,117.27499999999998,117.525,76806770000
2024-03-06,117.64999999999999,118.35,117.0,117.19999999999999,61023230000
2024-03-07,117.475,117.85000000000001,115.99999999999999,116.55000000000001,63632030000
2024-03-11,117.02499999999999,117.5,116.025,116.65,59157950000
2024-03-12,116.7,117.0,115.32499999999999,116.975,61963820000
2024-03-13,117.0,117.625,116.39999999999999,116.92500000000001,58639050000
2024-03-14,116.875,117.14999999999999,115.05,115.45,66786660000
2024-03-15,115.22500000000001,116.3,115.22500000000001,115.97500000000001,55263590000
2024-03-18,116.05000000000001,116.825,114.275,114.35000000000001,90294130000
2024-03-19,114.375,114.925,110.99999999999999,111.825,180951130000
2024-03-20,112.1,112.625,110.65000000000002,112.34999999999998,103122460000
2024-03-21,112.5,113.44999999999999,111.375,112.37499999999997,87498170000
2024-03-22,112.4,113.22499999999998,109.75,111.50000000000001,126249960000
2024-03-25,111.50000000000001,113.44999999999999,110.8,113.19999999999999,79367550000
2024-03-26,113.425,113.70000000000002,112.52499999999999,112.875,49179190000
2024-03-27,112.7,113.37499999999999,111.95,112.97500000000001,63780330000
2024-03-28,113.325,113.8,112.6,112.89999999999999,53805310000
2024-03-29,113.175,115.05,112.75,114.625,82120300000
2024-04-01,115.5,116.7,114.72499999999998,116.475,114654010000
2024-04-02,116.52499999999999,119.075,115.175,118.15,174773110000
2024-04-03,118.175,119.975,117.30000000000001,118.35,190972940000
2024-04-04,118.575,121.75,118.025,119.7,218995360000
2024-04-05,119.85000000000001,120.6,118.94999999999999,119.375,93323900000
2024-04-08,119.2,120.97500000000002,119.2,120.125,92697120000
2024-04-09,120.625,120.625,117.64999999999999,118.32499999999999,113461490000
2024-04-10,118.39999999999999,119.05000000000001,117.05,118.7,82741090000
2024-04-11,119.00000000000001,119.25,117.875,118.42500000000001,61039820000
2024-04-12,118.575,120.82500000000002,118.32499999999999,119.30000000000001,103230780000
2024-04-15,119.775,120.375,118.2,118.675,88521310000
2024-04-16,118.7,119.60000000000001,117.82499999999999,118.575,75739620000
2024-04-17,118.97499999999998,119.15,117.6,118.60000000000002,62036080000
2024-04-18,118.85,119.52499999999999,118.60000000000002,119.125,50371790000
2024-04-19,119.125,120.175,119.025,119.47500000000001,76133160000
2024-04-22,119.62499999999999,120.49999999999999,119.10000000000001,120.475,91238080000
2024-04-23,120.55,121.42500000000001,117.80000000000001,118.37500000000001,146254700000
2024-04-24,118.5,118.97499999999998,115.74999999999999,116.975,126732160000
2024-04-25,116.875,119.30000000000001,116.62499999999999,118.05,110082120000
2024-04-26,118.60000000000002,119.10000000000001,117.27499999999998,117.64999999999999,71835210000
2024-04-29,116.55000000000001,118.47500000000001,116.175,117.475,57663940000
2024-04-30,117.425,117.94999999999999,116.65,116.825,27953080000
2024-05-02,117.05,117.4,115.8,116.125,45178390000
2024-05-03,116.125,116.25000000000001,114.85000000000001,114.97500000000001,54269470000
2024-05-06,115.05,115.42500000000001,114.17500000000001,115.0,56141390000
2024-05-07,115.0,115.675,114.69999999999999,115.2,41089550000
2024-05-08,115.625,115.875,115.14999999999999,115.22500000000001,30755750000
2024-05-10,115.45,115.925,115.3,115.40000000000002,21590670000
2024-05-13,115.55,116.57499999999999,114.825,115.5,68631910000
2024-05-14,115.55,115.7,114.4,115.3,48257220000
2024-05-15,115.32499999999999,116.3,115.1,116.025,64032590000
2024-05-16,116.39999999999999,116.975,115.875,115.94999999999999,70858380000
2024-05-17,116.225,116.35,115.1,115.37499999999999,48306970000
2024-05-20,115.875,115.875,112.34999999999998,112.875,96688120000
2024-05-21,112.875,113.50000000000001,111.07499999999999,112.45,77674730000
2024-05-22,112.45,113.22499999999998,112.00000000000001,112.5,36524430000
2024-05-23,112.25,113.625,111.375,112.6,59019030000
2024-05-24,112.6,116.39999999999999,109.99999999999997,110.05,229955770000
2024-05-27,110.75,112.37499999999997,102.2,105.10000000000001,396770460000
2024-05-28,105.55,106.85,102.72500000000001,104.27499999999999,202783360000
2024-05-29,104.60000000000001,105.425,102.75,105.05000000000003,102303560000
2024-05-30,105.24999999999999,105.55,100.675,101.05,191711860000
2024-05-31,101.05,101.725,97.5,98.825,234379330000
2024-06-03,99.65,100.24999999999999,94.325,99.425,236266840000
2024-06-04,99.175,101.875,98.32499999999999,101.84999999999998,200770900000
2024-06-05,102.25,103.425,99.65,100.35000000000001,188309720000
2024-06-06,100.14999999999998,101.1,99.5,100.14999999999998,71451140000
2024-06-07,100.625,103.75,100.4,101.99999999999999,162266660000
2024-06-10,103.14999999999999,104.10000000000001,100.35000000000001,101.7,170903380000
2024-06-11,101.39999999999999,101.8,97.5,99.10000000000001,185382120000
2024-06-13,94.475,100.99999999999997,93.175,100.82500000000002,147968770000
2024-06-14,100.99999999999997,101.7,99.52499999999999,100.6,84917750000
2024-06-17,101.17499999999998,103.075,100.375,101.975,129540690000
2024-06-18,101.99999999999999,102.67499999999998,97.925,99.375,138296810000
2024-06-19,99.325,99.55,94.77499999999999,96.22500000000002,166435080000
2024-06-20,96.5,98.65,94.12500000000001,97.925,171083410000
2024-06-21,98.125,99.075,96.7,97.30000000000001,66200500000
2024-06-24,97.22500000000001,98.94999999999999,96.5,97.725,79512760000
2024-06-25,98.1,102.4,97.07499999999999,102.35000000000001,168292330000
2024-06-26,102.6,108.675,102.15,108.25,418582100000
2024-06-27,108.6,108.80000000000001,105.375,106.30000000000001,286744260000
2024-06-28,106.25000000000001,108.4,105.275,105.69999999999999,178574210000
2024-07-01,105.825,106.97500000000001,103.625,106.55,173274700000
2024-07-02,106.59999999999998,106.82499999999999,105.0,105.05000000000003,56250780000
2024-07-03,105.0,105.92499999999998,101.3,101.82500000000002,118577570000
2024-07-04,101.84999999999998,104.75,101.27499999999999,102.525,145494940000
2024-07-05,102.95,103.95,100.6,101.35,93540060000
2024-07-08,101.50000000000001,102.85,98.79999999999998,99.65,87537340000
2024-07-15,100.0,100.05,91.65,92.95,97984027
2024-07-16,92.93,95.4,91.8,95.32,49545775
2024-07-17,95.6,96.69,93.1,93.72,33479366
2024-07-18,93.59,96.15,92.8,95.89,27363977
2024-07-19,95.89,97.66,95.0,96.33,25117590
2024-07-22,96.98,100.23,96.38,99.75,26731660
2024-07-23,99.5,101.55,98.67,100.75,34916676
2024-07-24,101.15,101.8,99.81,99.9,16873670
2024-07-25,99.7,99.89,97.82,99.2,17614359
2024-07-26,99.0,101.15,95.5,96.73,41361366
2024-07-29,96.56,96.56,93.01,93.4,28664465
2024-07-30,92.97,99.86,92.6,99.09,73201724
2024-07-31,99.2,99.99,97.1,97.82,58370837
2024-08-01,97.63,99.8,97.56,98.13,35091806
2024-08-02,98.06,98.81,96.7,97.69,27340356
2024-08-05,96.05,97.2,94.44,95.36,47447995
2024-08-06,96.4,97.55,95.39,96.21,28468044
2024-08-07,96.5,99.0,95.1,98.35,44522199
2024-08-08,98.36,99.21,96.06,96.85,25976954
2024-08-09,96.55,97.92,96.32,97.09,15863793
2024-08-12,96.99,98.49,96.41,98.03,26317982
2024-08-13,98.4,100.83,98.16,100.69,37675640
2024-08-14,100.75,102.0,99.37,99.81,42292473
2024-08-15,99.81,100.69,98.69,99.28,19823868
2024-08-16,99.28,99.67,97.76,97.85,22038938
2024-08-19,98.26,99.0,97.18,98.78,28501402
2024-08-20,98.92,100.49,98.43,99.47,32499931
2024-08-21,99.79,100.34,98.85,100.19,24777709
2024-08-22,100.44,100.67,94.61,96.64,46867989
2024-08-23,96.62,97.73,94.03,96.47,45268851
2024-08-26,98.36,99.3,97.29,99.09,28149127
2024-08-27,99.35,99.83,96.57,96.88,23726200
2024-08-28,97.07,97.32,95.0,97.02,23356646
2024-08-29,97.03,97.6,95.35,96.02,19550565
2024-08-30,96.06,96.32,91.0,91.48,41814880
2024-09-02,90.96,91.06,85.2,86.1,62710686
2024-09-03,86.47,89.06,84.14,86.23,54502607
2024-09-04,86.41,89.38,85.83,89.03,34345870
2024-09-05,89.04,90.08,86.79,87.2,35947788
2024-09-06,87.3,88.15,86.5,87.3,22257375
2024-09-09,87.63,91.0,87.56,90.9,30926870
2024-09-10,91.43,91.5,88.12,88.89,28602879
2024-09-11,88.7,89.48,86.84,87.2,22052986
2024-09-12,87.18,87.5,85.22,86.2,29269486
2024-09-13,85.75,87.42,83.81,87.14,49230480
2024-09-16,87.7,89.75,87.33,88.62,29728847
2024-09-17,88.67,90.39,87.81,90.1,20545189
2024-09-18,90.1,90.95,87.33,87.93,24057838
2024-09-19,88.06,89.36,87.61,88.53,20280841
2024-09-20,88.51,89.9,88.42,89.35,20224843
2024-09-23,89.7,92.37,89.56,91.96,36112072
2024-09-24,92.2,93.95,90.81,92.65,36591103
2024-09-25,92.76,94.6,90.31,90.83,47531119
2024-09-26,90.8,91.84,89.82,90.76,23843726
2024-09-27,90.94,91.5,90.31,90.57,19163617
2024-09-30,90.75,91.42,88.92,89.03,24733831
2024-10-01,89.05,89.08,86.37,87.52,38010697
2024-10-02,87.7,88.12,85.0,86.16,25194369
2024-10-03,85.9,87.49,84.69,87.23,32068134
2024-10-04,87.35,87.71,86.22,86.63,15793558
2024-10-07,86.8,87.1,85.37,86.43,17315416
2024-10-08,86.25,86.48,85.37,85.85,14046334
2024-10-09,85.71,89.9,85.13,89.79,38423173
2024-10-10,89.47,89.66,85.9,86.16,64088299
2024-10-11,86.18,86.31,85.2,85.61,17191954
2024-10-14,85.58,86.99,84.6,86.7,32158482
2024-10-15,86.49,87.17,86.21,86.67,17827200
2024-10-16,86.8,87.62,85.0,85.82,23580144
2024-10-17,85.78,86.07,84.8,85.09,15042763
2024-10-18,84.81,85.4,84.01,84.84,27465894
2024-10-21,84.98,85.21,84.42,84.71,12254782
2024-10-22,84.65,85.1,83.45,83.58,16817118
2024-10-23,83.41,84.98,81.84,82.22,39400102
2024-10-24,82.4,82.9,81.2,82.64,21044752
2024-10-25,82.66,83.3,79.67,79.89,45319475
2024-10-28,79.15,80.19,75.16,76.2,51210979
2024-10-29,76.33,78.08,74.9,77.45,33398253
2024-10-30,77.56,78.42,76.0,76.19,27658778
2024-10-31,75.91,76.47,74.73,75.25,26553420
2024-11-01,75.25,76.85,74.53,76.62,21291035
2024-11-05,77.69,78.2,76.86,77.38,15716693
2024-11-06,78.66,79.9,77.66,78.32,39313061
2024-11-07,78.29,79.31,76.53,79.1,42338206
2024-11-08,79.5,80.43,77.85,80.2,44654022
2024-11-11,81.1,82.16,80.5,81.58,47585502
2024-11-12,81.5,81.78,80.2,80.68,21662500
2024-11-13,80.64,81.4,79.33,79.41,23142380
2024-11-14,79.5,80.16,78.83,79.19,20672317
2024-11-15,79.1,80.61,78.88,80.59,16537426
2024-11-18,79.0,79.84,78.2,78.95,18906357
2024-11-19,78.96,79.47,76.57,77.06,25948089
2024-11-20,77.1,77.88,75.03,75.64,23271744
2024-11-21,75.77,76.3,74.03,76.3,33771142
2024-11-22,76.49,76.58,73.78,74.05,22691723
2024-11-25,74.15,74.36,69.83,70.11,59661785
2024-11-26,70.31,72.48,67.75,68.23,95529679
2024-11-27,68.49,70.07,65.67,70.02,68078498
2024-11-28,70.21,70.69,67.69,69.28,42364945
2024-11-29,69.53,70.48,68.8,69.5,31730166
2024-12-02,69.0,70.17,68.85,69.27,28741858
2024-12-03,69.27,69.34,67.0,67.28,24805958
2024-12-04,67.32,69.07,65.02,65.38,65948082
2024-12-05,65.35,67.21,64.3,66.95,55308081
2024-12-06,67.0,68.17,66.01,67.52,31484825
2024-12-09,67.94,68.8,67.54,68.1,18835357
2024-12-10,68.19,68.22,66.68,66.94,21687902
2024-12-11,66.94,67.85,66.49,67.81,18179072
2024-12-12,68.0,68.66,66.5,66.57,24618039
2024-12-13,66.45,67.0,65.73,66.38,18868781
2024-12-16,66.12,66.31,63.8,64.25,26327675
2024-12-17,64.22,64.79,63.67,64.21,16247676
2024-12-18,64.27,65.41,63.62,65.23,19808191
2024-12-19,65.45,66.27,64.85,65.95,29301766
2024-12-20,65.82,73.27,65.8,72.88,61175664
2024-12-23,73.68,74.8,72.98,74.19,36815537
2024-12-24,74.25,74.75,72.6,73.89,33315172
2024-12-25,73.73,76.85,73.03,76.53,53776399
2024-12-26,76.61,77.67,75.65,75.74,41480719
2024-12-27,75.97,76.99,75.52,76.49,22885289
2024-12-30,78.99,80.41,78.05,80.03,22006468
2025-01-03,80.51,80.63,77.5,77.78,20172875
2025-01-06,77.35,78.0,76.48,77.97,10880044
2025-01-08,78.04,79.2,77.9,78.64,10152728
2025-01-09,78.64,79.15,76.0,76.04,20988164
2025-01-10,76.39,79.5,75.54,79.28,37480644
2025-01-13,79.86,80.96,78.96,79.36,32791193
2025-01-14,79.5,82.45,78.51,81.27,36166249
2025-01-15,81.28,83.25,80.05,82.5,35684641
2025-01-16,82.8,85.21,81.5,84.56,55379727
2025-01-17,84.5,87.26,84.3,87.0,53652615
2025-01-20,88.5,88.75,85.36,86.17,41355718
2025-01-21,86.16,87.69,85.45,87.69,24127482
2025-01-22,87.82,88.25,85.65,86.01,29640595
2025-01-23,86.0,87.94,85.59,87.8,22917147
2025-01-24,88.25,88.66,86.49,87.54,28423166
2025-01-27,87.28,87.48,83.4,83.72,39470799
2025-01-28,83.48,84.88,82.32,84.66,34310455
2025-01-29,84.55,85.2,83.53,83.95,25708214
2025-01-30,84.0,84.4,82.77,83.85,26863409
2025-01-31,84.0,86.49,83.33,83.89,76054183
2025-02-03,84.0,84.45,81.3,81.96,40062337
2025-02-04,82.0,82.42,79.96,80.35,32273051
2025-02-05,80.35,82.88,79.05,82.09,36894812
2025-02-06,82.79,83.41,81.45,82.4,29310583
2025-02-07,82.3,82.97,80.74,81.19,31211060
2025-02-10,81.8,82.72,79.7,80.0,42254099
2025-02-11,80.24,82.11,80.07,82.11,27636653
2025-02-12,82.11,88.21,81.06,88.14,139119077
2025-02-13,88.59,89.87,85.06,89.54,141074899
2025-02-14,85.02,94.23,80.5,87.79,275071336
2025-02-17,90.44,98.77,90.04,98.76,342190022
2025-02-18,99.73,101.33,90.59,91.73,453800162
2025-02-19,92.9,94.97,90.73,94.5,189983768
2025-02-20,94.53,95.05,92.42,92.92,118970080
2025-02-21,92.61,93.58,90.74,92.36,94984522
2025-02-24,92.84,96.23,92.58,96.22,155021506
2025-02-25,96.45,97.44,93.4,93.68,198593547
2025-02-26,93.89,94.32,89.67,90.48,156378554
2025-02-27,90.47,91.82,89.05,89.3,104191752
2025-02-28,88.99,92.62,88.44,91.7,140903853
2025-03-03,90.49,91.75,88.12,90.77,104760894
2025-03-04,91.0,94.5,90.86,93.18,111086804
2025-03-05,93.3,93.49,90.38,90.52,100456586
2025-03-06,90.53,91.7,89.4,91.15,59628279
2025-03-07,91.18,93.81,88.5,91.07,159207500
2025-03-10,91.19,92.0,90.15,90.99,47162079
2025-03-11,91.29,91.86,89.5,90.7,64236484
2025-03-12,90.6,91.18,89.75,90.31,37364218
2025-03-13,90.01,91.67,87.6,89.86,114486726
2025-03-14,89.5,91.5,89.18,90.99,53064071
2025-03-17,92.5,93.75,91.2,92.6,84839865
2025-03-18,93.0,93.18,90.05,90.13,119458595
2025-03-19,90.38,91.25,89.3,90.65,58220298
2025-03-20,90.66,91.35,90.3,90.72,38329904
2025-03-21,90.62,91.33,89.58,89.82,43115370
2025-03-24,89.82,89.87,88.5,89.05,30074585
2025-03-25,88.82,91.45,87.74,90.99,71624735
2025-03-26,91.22,91.46,88.87,89.11,51942776
2025-03-27,89.02,89.9,87.0,87.07,60801126
2025-03-28,87.0,87.76,82.2,82.35,110478148
2025-03-31,80.0,83.54,79.38,81.96,70743388
2025-04-01,82.04,83.46,78.55,78.78,67192645
2025-04-02,78.78,80.62,78.31,79.88,59011465
2025-04-03,80.02,80.89,75.7,77.86,76035974
2025-04-04,78.5,78.66,72.08,72.25,112565622
2025-04-07,72.07,72.7,67.76,70.89,155853500
2025-04-08,71.66,72.64,67.51,67.76,103817837
2025-04-09,67.34,73.49,66.1,73.28,167028382
2025-04-10,73.67,74.41,71.74,72.2,82846689
2025-04-11,73.25,76.84,72.96,76.76,86278762
2025-04-14,78.2,78.29,75.09,75.5,62802061
2025-04-15,75.88,77.47,75.23,77.1,71186705
2025-04-16,76.85,80.18,76.34,79.73,95919691
2025-04-17,79.74,83.37,79.73,83.28,99044151
2025-04-18,82.0,84.18,80.61,83.3,112129272
2025-04-21,84.0,85.87,83.65,85.39,72097960
2025-04-22,85.52,88.1,84.41,86.32,109837031
2025-04-23,86.35,86.59,83.4,85.4,88164757
2025-04-24,85.4,86.97,84.93,85.52,57477105
2025-04-25,86.4,87.78,85.92,87.24,78570788
2025-04-28,87.93,109.04,85.9,98.55,631171764
2025-04-29,98.75,100.62,95.08,97.3,252702303
2025-04-30,97.4,98.41,94.71,98.1,131778296
2025-05-02,98.44,98.45,96.07,96.6,55606044
2025-05-05,97.5,97.7,95.56,96.19,63328346
2025-05-06,96.35,98.28,95.92,97.42,61119518
2025-05-07,97.6,98.35,96.8,97.64,48283001
2025-05-08,97.8,98.82,97.35,97.75,29363640
2025-05-12,99.6,100.33,98.74,99.72,56983616
2025-05-13,99.81,100.09,98.91,99.17,32895260
2025-05-14,99.18,99.66,96.5,97.0,41130665
2025-05-15,97.0,98.0,96.05,97.25,46345691
2025-05-16,97.26,98.12,94.35,97.19,79806290
2025-05-19,98.96,98.96,96.55,96.97,37716670
2025-05-20,97.21,97.32,96.1,96.3,23438344
2025-05-21,96.33,97.03,95.31,95.65,21913342
2025-05-22,95.87,96.68,94.24,95.18,56593274
2025-05-23,95.23,96.27,95.01,95.5,21179104
2025-05-26,95.5,95.5,91.34,92.25,71220223
2025-05-27,92.25,94.28,90.22,93.59,53752749
2025-05-28,93.77,95.85,93.73,95.78,53930012
2025-05-29,95.87,95.98,93.87,94.17,30980421
2025-05-30,94.17,96.64,93.11,93.9,82178565
2025-06-02,91.89,94.15,91.51,93.47,42956625
2025-06-03,93.49,95.5,93.48,95.41,42716344
2025-06-04,95.4,96.86,94.55,95.1,63941642
2025-06-05,95.12,96.1,95.12,95.44,24214002
2025-06-06,95.5,98.5,92.82,93.27,97289727
2025-06-09,93.8,94.57,93.03,94.27,38520607
2025-06-10,94.4,95.04,93.25,93.5,29780096
2025-06-11,93.5,94.37,93.13,93.44,29526966
2025-06-13,96.4,98.38,95.31,98.12,75885452
2025-06-16,99.2,99.33,96.02,96.69,74831587
2025-06-17,96.69,98.65,96.3,97.85,50032999
2025-06-18,98.1,98.56,96.9,97.37,39139929
2025-06-19,97.61,98.6,97.0,97.97,64410178
2025-06-20,98.0,102.24,97.86,101.75,183512858
2025-06-23,102.42,104.95,101.8,104.23,131509164
2025-06-24,104.5,106.77,104.11,106.45,106541757
2025-06-25,106.66,107.58,105.04,107.48,77325861
2025-06-26,107.48,107.76,106.04,106.46,64378367
2025-06-27,106.77,107.13,106.16,106.75,46503521
2025-06-30,107.3,107.6,105.3,106.22,92263872
2025-07-01,106.22,107.2,102.62,104.69,182689358
2025-07-02,105.0,105.16,101.31,102.57,158811790
2025-07-03,102.61,103.13,99.61,99.94,107546620
2025-07-04,99.86,100.96,98.31,99.38,105454601
2025-07-07,100.47,100.47,96.27,96.6,107383156
2025-07-08,96.2,97.48,94.03,94.38,166997625
2025-07-09,94.5,95.78,92.82,94.45,127771946
2025-07-10,93.05,95.05,93.05,93.46,167592383
2025-07-11,71.0,74.9,70.91,72.79,307746735
2025-07-14,72.68,75.3,71.27,74.91,146998763
2025-07-15,75.07,78.92,74.81,78.85,153609402
2025-07-16,79.0,80.83,78.73,79.38,140970732
2025-07-17,79.6,80.3,77.18,78.02,100506088
2025-07-18,78.02,81.25,78.0,81.0,80456193
2025-07-21,82.9,83.48,81.38,82.05,83220220
2025-07-22,82.24,82.72,81.22,82.51,44677931
2025-07-23,82.51,83.0,82.12,82.6,57834655
2025-07-24,82.73,83.15,81.77,82.28,51338713
2025-07-25,82.4,84.46,81.8,83.6,141893529
2025-07-28,83.41,83.6,78.77,79.59,217147752
2025-07-29,79.6,80.23,77.4,78.72,146226966
2025-07-30,78.71,79.49,77.77,78.19,52789325
2025-07-31,77.96,81.28,75.01,77.77,323128915
2025-08-01,78.0,78.5,76.26,76.68,81945601
2025-08-04,76.68,76.94,75.86,76.62,54432346
2025-08-05,76.91,78.98,75.96,78.85,140085182
2025-08-06,78.97,80.26,77.21,79.6,130062144
2025-08-07,79.96,80.67,78.82,79.6,124453062
2025-08-08,79.62,80.77,79.18,80.53,84610393
2025-08-11,81.2,81.93,79.0,79.52,108437874
2025-08-12,79.52,80.08,78.83,79.38,37509664
2025-08-13,79.38,80.07,78.9,78.98,33863429
2025-08-14,78.9,80.5,78.4,80.28,51511279
2025-08-15,80.4,80.68,79.65,80.28,40097115
2025-08-18,79.09,80.8,78.71,80.1,48411896
2025-08-19,80.72,81.08,79.17,79.51,38056400
2025-08-20,79.63,79.78,77.61,77.99,40821288
2025-08-21,78.0,78.4,76.4,76.63,45777515
2025-08-22,76.8,77.52,76.1,76.98,28407778
2025-08-25,76.93,77.08,75.4,76.32,38883157
2025-08-26,76.5,77.08,75.89,76.4,24463356
2025-08-27,76.4,76.97,76.07,76.55,25064470
2025-08-28,76.65,76.87,75.46,75.9,31098014
2025-08-29,76.04,76.15,74.6,75.15,43527262
2025-09-01,75.2,76.09,74.4,74.79,40713695
2025-09-02,74.94,74.97,73.56,74.02,44575355
2025-09-03,74.02,75.34,73.17,75.13,45145535
2025-09-04,75.1,75.96,74.61,75.74,49552606
2025-09-05,75.85,76.13,74.94,75.5,40701093
2025-09-08,75.68,76.05,74.85,75.23,31765976
2025-09-09,75.23,75.36,74.46,74.97,36297719
2025-09-10,74.83,75.0,73.9,74.1,30344127
2025-09-11,74.1,78.59,73.72,77.86,244182377
2025-09-12,77.86,78.15,75.35,75.86,168288339
2025-09-15,76.53,76.65,73.6,74.11,106676819
2025-09-16,74.0,75.5,72.5,72.97,170234984
2025-09-17,73.1,73.69,71.81,72.09,116632728
2025-09-18,72.2,72.88,71.1,71.83,129722877
2025-09-19,71.79,72.18,69.31,71.54,452776188
2025-09-22,71.82,72.15,70.01,70.94,138252439
2025-09-23,70.94,72.15,69.68,70.25,110811058
2025-09-24,70.25,71.28,69.88,70.78,87477449
2025-09-25,70.84,71.05,69.73,69.97,48973034
2025-09-26,70.0,70.19,67.84,69.19,150982234
2025-09-29,69.15,70.29,67.9,68.2,107407639
2025-09-30,68.22,68.99,67.5,68.16,101209379
2025-10-01,68.35,68.69,67.65,67.96,61679590
2025-10-02,67.96,68.07,67.34,67.49,61292832
2025-10-03,67.49,67.87,66.55,66.6,81108970
2025-10-06,66.59,67.95,66.11,67.52,102317619
2025-10-07,67.36,69.19,67.18,68.7,82681804
2025-10-08,68.7,69.15,64.87,66.04,165720130
2025-10-09,66.26,68.16,64.9,67.8,118288138
2025-10-10,67.8,67.81,66.83,67.0,66955921
2025-10-13,67.33,68.88,66.81,67.98,75396304
2025-10-14,68.05,68.3,66.91,67.25,44371188
2025-10-15,67.11,68.06,66.8,67.53,46675347
2025-10-16,67.53,71.38,67.22,71.24,144689520
2025-10-17,71.44,72.0,69.8,70.38,117563236
2025-10-20,71.08,71.26,70.4,70.69,60258345
2025-10-21,70.69,70.75,67.23,68.08,127092058
2025-10-22,68.09,68.94,66.74,67.13,70841565
2025-10-23,66.44,68.06,65.7,67.98,71309359
2025-10-24,68.0,69.4,66.89,67.28,100192359
2025-10-27,67.19,67.19,66.04,66.08,57617918
2025-10-28,66.23,68.28,65.85,68.1,68249283
2025-10-29,68.12,68.5,67.55,67.83,34241176
2025-10-30,67.83,69.18,67.6,68.82,59430799
2025-10-31,68.8,69.19,67.7,68.02,35669258
2025-11-03,68.35,69.0,68.31,68.66,19354940
2025-11-05,68.63,70.5,68.16,69.41,104576243
2025-11-06,69.39,70.28,68.7,69.63,56503919
2025-11-07,69.44,70.3,69.22,69.89,53708663
2025-11-10,70.22,70.78,69.6,69.96,52610424
2025-11-11,69.96,70.3,69.62,70.21,27746334
2025-11-12,70.25,70.26,68.83,69.25,38769530
2025-11-13,69.25,69.75,69.1,69.18,25910002
2025-11-14,69.18,69.47,68.34,68.64,30161156
2025-11-17,68.54,69.71,68.03,68.49,59558802
2025-11-18,68.5,69.78,67.63,69.02,83103750
2025-11-19,69.03,70.81,68.95,69.9,124548708
2025-11-20,69.91,71.88,69.51,71.86,107356729
2025-11-21,72.0,72.0,70.51,71.16,76243862
2025-11-24,71.83,72.6,70.94,71.29,70894812
2025-11-25,71.31,72.37,70.87,72.04,74577000
2025-11-26,72.05,72.1,71.3,71.5,32199503
2025-11-27,71.5,71.85,70.17,70.51,54007456
2025-11-28,70.51,73.33,70.34,72.85,130788627
2025-12-01,73.88,74.18,72.14,72.47,139601180
2025-12-02,72.31,72.69,71.53,71.96,63187874
2025-12-03,71.43,71.93,71.0,71.87,72315750
2025-12-04,72.11,72.76,72.0,72.16,42568645
2025-12-05,72.24,73.41,72.13,73.17,81774231
2025-12-08,73.2,73.52,72.1,72.22,67615625
2025-12-09,72.31,73.26,72.01,72.87,47449913
2025-12-10,72.97,73.19,72.19,72.68,42800562
2025-12-11,72.8,73.41,72.66,72.9,70507179
2025-12-12,72.88,73.11,71.54,71.62,75740303
2025-12-15,71.58,71.96,71.3,71.85,57439790
2025-12-16,71.95,72.4,71.8,72.1,51694527
2025-12-17,72.19,72.48,71.56,72.0,62494292
2025-12-18,72.1,73.57,71.97,73.32,124800206
2025-12-19,73.36,74.28,72.72,73.07,136119142
2025-12-22,73.17,73.33,71.03,71.19,97237119
2025-12-23,71.25,72.11,70.62,71.88,57546593
2025-12-24,71.92,72.2,71.37,71.6,38647750
2025-12-25,71.8,71.88,71.18,71.4,25762422
2025-12-26,71.4,73.1,71.3,72.92,72258291
2025-12-29,73.29,73.95,71.8,72.17,91335409
2025-12-30,72.08,72.57,72.08,72.22,40481842
2026-01-05,72.22,72.24,70.91,71.55,38134118
2026-01-06,71.65,71.84,71.4,71.5,17092027
2026-01-08,71.1,71.36,70.9,71.07,20999977
2026-01-09,71.13,71.67,71.09,71.22,16645611
2026-01-12,71.25,71.88,71.05,71.34,28565381
2026-01-13,71.35,71.56,70.76,71.16,32112758
2026-01-14,71.26,71.4,70.51,70.91,66380918
2026-01-15,71.05,71.48,70.85,71.13,38683220
2026-01-16,71.13,72.19,71.13,71.98,42039891
2026-01-19,72.09,72.45,71.65,71.91,40517566
2026-01-20,71.93,72.25,71.51,71.85,27362258
2026-01-21,71.84,72.87,71.63,72.72,50772163
2026-01-22,72.75,73.25,72.4,72.82,54525237
2026-01-23,72.84,73.36,72.51,73.12,32608329
2026-01-26,72.9,72.97,72.2,72.29,35219897
2026-01-27,72.4,73.2,72.06,72.92,33786003
2026-01-28,72.94,73.48,72.91,73.28,38768967
2026-01-29,73.4,78.08,73.23,77.75,245835104
2026-01-30,77.72,79.29,75.85,77.47,226918931
2026-02-02,78.5,82.39,77.88,82.25,307773301
2026-02-03,82.35,82.86,80.23,81.37,203671085
2026-02-04,81.48,83.475,81.0,82.26,228124229
2026-02-05,82.26,82.35,80.245,81.27,112690833
2026-02-06,81.27,83.8,81.205,83.2,172961252
2026-02-09,84.965,85.3,82.15,82.615,144080729
2026-02-10,82.7,84.24,82.51,83.48,103787347
2026-02-11,83.575,84.7,81.135,83.9,217442548
2026-02-12,84.02,84.395,83.405,83.965,64740190
2026-02-13,83.965,87.655,83.53,87.62,195369145
2026-02-16,87.85,89.37,87.015,87.795,170685922
2026-02-17,87.9,89.5,87.255,89.4,95901712
2026-02-18,89.345,89.95,86.2,87.375,191101617
2026-02-19,87.375,87.61,84.94,85.51,169009490
2026-02-20,85.5,88.89,84.76,88.88,218147842
2026-02-23,88.6,88.61,88.31,88.51,7640596
2026-02-24,88.54,88.8,86.71,87.38,89225698
2026-02-25,87.38,90.55,87.1,88.1,218882209
2026-02-26,88.0,88.4,87.055,87.32,55717258
2026-02-27,87.105,87.47,85.52,86.925,58866261
2026-03-02,86.0,86.315,84.63,85.045,55022910
2026-03-03,85.0,86.08,84.06,84.3,76364712
2026-03-04,84.4,84.925,83.7,83.8,40671900
2026-03-05,83.85,86.6,83.555,85.93,89704882
2026-03-06,85.85,86.68,85.575,86.02,39722553
2026-03-09,86.03,87.48,84.61,86.07,58760242
2026-03-10,86.08,86.67,85.26,85.51,32200726
2026-03-11,85.55,86.4,85.55,85.9,19207491
2026-03-12,85.8,86.1,85.31,85.69,18928981
2026-03-13,85.7,86.645,85.69,86.2,25304647
2026-03-16,86.55,88.165,86.14,86.45,70294001
2026-03-17,86.52,86.94,85.6,86.445,37124165
2026-03-18,86.62,87.195,86.11,86.445,42144730
2026-03-19,86.45,86.71,85.5,85.965,35329632
2026-03-20,86.17,86.85,85.725,85.905,35982247
2026-03-23,86.0,86.1,84.4,85.17,52634500
2026-03-24,85.3,85.775,84.82,85.56,30183167
2026-03-25,85.61,86.875,85.335,86.78,40484392
2026-03-26,86.8,87.28,84.24,84.52,79598838
2026-03-27,84.665,85.185,82.44,82.995,60715180
2026-03-30,83.405,84.63,81.92,83.39,64323489
2026-03-31,83.505,86.18,82.935,86.045,77288385
2026-04-01,86.045,88.145,85.505,88.135,96677530
2026-04-02,88.095,90.085,87.24,89.91,139430129
2026-04-03,89.91,92.065,89.685,91.66,163591619
2026-04-06,91.21,91.475,89.7,90.81,65847365
2026-04-07,91.0,91.96,90.245,91.15,47573852
2026-04-08,91.6,92.38,90.365,90.93,47357424
2026-04-09,91.005,91.25,89.46,90.145,68991397
2026-04-10,90.15,91.25,89.55,90.4,46029849
2026-04-13,90.84,92.485,90.84,91.955,69225123
2026-04-14,92.01,92.1,90.66,91.93,44231124
2026-04-15,91.93,93.875,91.295,93.75,74411883
2026-04-16,93.83,95.98,93.57,95.135,94595031
2026-04-17,95.135,95.875,94.04,95.405,61863216
2026-04-20,95.7,98.2,95.665,98.1,80142008
2026-04-21,98.2,98.82,93.555,95.81,114474008
2026-04-22,95.8,96.8,93.675,95.37,88932121
2026-04-23,95.37,95.37,93.83,94.02,43362908
2026-04-24,94.11,94.98,92.7,94.24,61834009
2026-04-27,94.135,94.73,93.24,93.31,27713211
2026-04-28,93.32,93.815,92.255,92.64,36838886
2026-04-29,92.64,93.72,87.51,92.86,170574330
2026-04-30,92.93,93.2,90.655,91.3,40005922
2026-05-01,91.445,91.685,91.155,91.295,3359704
2026-05-04,91.03,91.87,89.005,89.91,44371501
2026-05-05,89.92,92.2,89.145,92.1,48402231
2026-05-06,92.145,92.145,89.81,91.92,31403343
2026-05-07,91.855,93.34,91.32,92.495,35282083
2026-05-08,92.67,93.195,91.62,92.35,32035809
2026-05-11,92.57,93.3,92.43,92.795,16045520
2026-05-12,92.8,94.065,92.555,94.05,32779842
2026-05-13,94.06,94.07,93.13,93.495,17475441
2026-05-14,93.495,93.52,89.9,90.11,82507283
2026-05-15,90.15,90.57,89.1,89.79,50352953
2026-05-18,90.735,90.825,89.265,90.21,36057091
2026-05-19,90.215,90.585,89.81,89.99,14793597
2026-05-20,89.99,90.2,89.52,89.755,17655826
2026-05-21,89.86,90.46,88.05,89.7,48880957
2026-05-22,89.855,90.995,89.555,89.81,30402399
2026-05-25,89.74,90.155,85.6,86.65,105487501
2026-05-26,86.815,90.83,79.345,80.215,490814880
2026-05-27,80.04,81.405,75.475,81.225,310864257
2026-05-28,81.23,81.635,78.86,79.0,79125260
2026-05-29,79.255,79.795,77.7,78.965,70944097
2026-06-01,79.185,79.69,77.51,78.255,56203431
2026-06-02,78.255,78.475,77.65,77.82,51213408
2026-06-03,77.82,78.055,76.605,76.79,46748957
2026-06-04,76.785,77.4,75.88,76.425,55991451
2026-06-05,76.52,77.07,75.595,76.04,27282694
2026-06-08,76.055,76.87,74.615,74.705,53231706
2026-06-09,74.72,75.775,71.92,74.77,169301439
2026-06-10,74.965,75.43,73.1,74.66,43408422
2026-06-11,74.65,75.3,74.13,75.1,25070080
2026-06-12,75.1,75.975,75.01,75.81,8631237
2026-06-15,76.0,79.79,75.905,79.45,71929174
2026-06-16,79.51,79.79,76.72,78.545,69378028
2026-06-17,78.5,79.395,77.58,78.81,52373483
2026-06-18,78.81,78.88,75.615,76.58,79082392
2026-06-19,76.7,77.08,74.685,75.435,57471123
2026-06-22,75.355,75.71,69.525,71.055,139488635
2026-06-23,70.775,73.2,69.715,72.7,67225802
2026-06-24,72.795,73.73,70.52,71.455,91521064
2026-06-25,71.46,72.48,69.84,70.785,72250965
2026-06-26,70.79,73.465,69.645,71.67,97397407
2026-06-29,71.99,74.84,70.855,74.48,64386792
2026-06-30,74.39,75.99,73.155,73.825,65352594
2026-07-01,73.9,75.075,73.0,73.385,43775155
2026-07-02,73.495,73.57,70.63,71.17,52702402
2026-07-03,70.83,71.8,69.78,70.155,60831174
2026-07-06,70.57,70.64,62.33,64.185,577001747
2026-07-07,64.17,65.855,60.3,65.05,426225790
2026-07-08,65.05,65.5,63.605,64.605,97463933
2026-07-09,64.775,66.09,63.965,64.765,96765908
2026-07-10,64.99,65.55,64.08,64.32,58225708
2026-07-13,64.3,65.68,64.07,64.56,53292726
2026-07-14,64.75,65.31,64.4,65.0,28935669
2026-07-15,64.93,65.1,61.4,61.485,119953759
2026-07-16,61.65,61.65,57.1,57.175,242390377
2026-07-17,57.55,60.4,56.3,59.405,198499805
2026-07-20,52.02,57.2,50.79,55.885,256991090
2026-07-21,56.75,57.945,54.705,56.34,173707941
2026-07-22,56.51,58.99,55.615,57.67,105342577
2026-07-23,57.6,58.96,56.7,57.3,79415002
2026-07-24,57.32,59.865,56.165,59.3,143909609
2026-07-27,59.13,59.25,57.905,58.4,89155293
2026-07-28,58.4,58.9,55.845,56.675,97431318
2026-07-29,56.7,57.58,56.26,57.05,73664653
2026-07-30,57.05,58.415,56.2,56.335,84012770
2026-07-31,56.27,56.86,55.89,56.39,53789264
2026-08-03,56.5,57.705,56.285,57.565,51935545
2026-08-04,57.725,57.9,56.2,56.79,83095671
2026-08-05,56.79,57.29,56.195,56.82,78467047
2026-08-06,56.905,57.05,55.1,55.75,60748318
2026-08-07,55.75,56.28,55.1,55.55,60298494
2026-08-10,56.035,56.2,55.535,56.17,29630554
2026-08-11,56.195,58.86,56.09,58.46,191565147
2026-08-12,58.55,59.4,56.8,56.95,132833724
2026-08-13,57.0,57.475,55.43,55.495,76579800
2026-08-14,55.51,56.1,53.525,54.255,84410150
2026-08-17,54.255,54.36,52.11,52.17,74672482
2026-08-18,52.32,54.12,52.2,53.835,57756184
2026-08-19,53.9,54.46,52.85,53.88,40898676
2026-08-20,53.98,54.585,52.33,52.86,56725012
2026-08-21,53.025,53.49,52.56,53.075,26965247
2026-08-24,52.0,52.05,50.86,51.165,79500333
2026-08-25,51.26,52.23,50.55,51.445,92497229
2026-08-26,51.29,51.445,49.86,50.085,66488046
2026-08-27,50.0,51.145,49.56,50.79,64834676
2026-08-28,50.8,51.615,49.955,50.16,60328443
